n_number,serial_number,mfr_mdl_code,mfr,model,model_family,is_production_model,year_mfr,type_registrant,state,region,country,last_action_date,cert_issue_date,airworth_date,type_aircraft,type_engine,status_code,fract_owner
10000,10000,2130004,CIRRUS DESIGN CORP,SR22T,SR Series,1,,7,TN,3,US,20240823,20240823,,4,1,V,
1000V,0660,2130001,CIRRUS DESIGN CORP,SR22,SR Series,1,,7,GA,7,US,20250130,20250130,20050527,4,1,V,
100DG,9952,2130004,CIRRUS DESIGN CORP,SR22T,SR Series,1,2024,3,DE,1,US,20240801,20240801,20240528,4,1,V,
100FR,0770,2130001,CIRRUS DESIGN CORP,SR22,SR Series,1,2003,7,,8,DE,20240904,20240904,20031212,4,1,V,
100JB,10290,2130001,CIRRUS DESIGN CORP,SR22,SR Series,1,2024,7,SC,7,US,20241121,20241121,20241029,4,1,V,
100JC,1542,2130004,CIRRUS DESIGN CORP,SR22T,SR Series,1,2017,7,FL,7,US,20230122,20170620,20170511,4,1,V,
100MJ,2844,2130001,CIRRUS DESIGN CORP,SR22,SR Series,1,2007,7,AZ,4,US,20230902,20220930,20071204,4,1,V,
100PK,10294,2130004,CIRRUS DESIGN CORP,SR22T,SR Series,1,2024,3,NY,1,US,20260421,20260421,20241031,4,1,V,
100PX,0953,2130001,CIRRUS DESIGN CORP,SR22,SR Series,1,2004,7,TX,2,US,20230721,20130319,20040527,4,1,V,
100RZ,0034,2130004,CIRRUS DESIGN CORP,SR22T,SR Series,1,2010,3,VA,1,US,20230818,20190718,20100930,4,1,V,
100TL,0079,2130010,CIRRUS DESIGN CORP,SF50,Vision Jet,1,2018,7,AZ,4,US,20230701,20181218,20181005,4,5,V,
100WM,1268,2130001,CIRRUS DESIGN CORP,SR22,SR Series,1,,7,WY,S,US,20260528,20260528,20050112,4,1,V,
100XZ,10040,2130000,CIRRUS DESIGN CORP,SR20,SR Series,1,2024,7,WI,C,US,20240812,20240812,20240703,4,1,V,
100YW,2215,2130004,CIRRUS DESIGN CORP,SR22T,SR Series,1,2020,7,FL,7,US,20230421,20210227,20201207,4,1,V,
100YY,1183,2130000,CIRRUS DESIGN CORP,SR20,SR Series,1,2002,3,NV,4,US,20230421,20120216,20020322,4,1,V,
100YZ,0814,2130001,CIRRUS DESIGN CORP,SR22,SR Series,1,2004,7,FL,7,US,20230407,20141223,20040126,4,1,V,
100ZW,4086,2130001,CIRRUS DESIGN CORP,SR22,SR Series,1,2014,7,FL,7,US,20230428,20210309,20190813,4,1,V,
1011G,10795,2130001,CIRRUS DESIGN CORP,SR22,SR Series,1,2025,3,NV,4,US,20250801,20250801,20250713,4,1,V,
1014A,1646,2130004,CIRRUS DESIGN CORP,SR22T,SR Series,1,2017,7,,,,20250205,20250205,20171215,4,1,V,
1019P,1037,2130000,CIRRUS DESIGN CORP,SR20,SR Series,1,,7,TX,2,US,20230330,20230330,20000518,4,1,V,
101BE,3759,2130001,CIRRUS DESIGN CORP,SR22,SR Series,1,2011,7,FL,7,US,20230122,20110618,20110505,4,1,V,
101CD,0101,2130001,CIRRUS DESIGN CORP,SR22,SR Series,1,2001,3,FL,7,US,20230304,20080625,20011016,4,1,V,
101FK,3027,2130001,CIRRUS DESIGN CORP,SR22,SR Series,1,2008,3,WY,S,US,20260323,20260205,20080603,4,1,V,
101GW,2528,2130001,CIRRUS DESIGN CORP,SR22,SR Series,1,2007,7,TX,2,US,20230324,20201009,20070605,4,1,V,
101MR,1732,2130000,CIRRUS DESIGN CORP,SR20,SR Series,1,2006,7,VA,1,US,20240819,20240819,20061018,4,1,V,
101MW,2823,2130001,CIRRUS DESIGN CORP,SR22,SR Series,1,2007,7,CO,S,US,20230818,20080208,20071126,4,1,V,
101NS,1588,2130000,CIRRUS DESIGN CORP,SR20,SR Series,1,2005,1,VT,E,US,20230421,20180205,20051109,4,1,V,
101TP,10479,2130004,CIRRUS DESIGN CORP,SR22T,SR Series,1,2025,7,CA,4,US,20250306,20250306,20250131,4,1,V,
101VM,0109,2130001,CIRRUS DESIGN CORP,SR22,SR Series,1,2001,1,GA,7,US,20231020,20200414,20011025,4,1,V,
101XM,1226,2130001,CIRRUS DESIGN CORP,SR22,SR Series,1,2004,1,WI,C,US,20251122,20251122,20041216,4,1,V,
101ZA,10117,2130001,CIRRUS DESIGN CORP,SR22,SR Series,1,2024,3,DE,1,US,20240823,20240823,20240730,4,1,V,
1023M,0467,2130010,CIRRUS DESIGN CORP,SF50,Vision Jet,1,2023,3,MT,S,US,20260527,20260527,20230626,4,5,V,
102AR,0463,2130004,CIRRUS DESIGN CORP,SR22T,SR Series,1,2013,7,WY,S,US,20260518,20210517,20130227,4,1,V,
102CD,1016,2130000,CIRRUS DESIGN CORP,SR20,SR Series,1,2000,3,,8,GB,20231007,20200204,20000125,4,1,V,
102CJ,1237,2130000,CIRRUS DESIGN CORP,SR20,SR Series,1,2002,7,KY,3,US,20230718,20130221,20020911,4,1,V,
102DW,1750,2130001,CIRRUS DESIGN CORP,SR22,SR Series,1,2006,7,TN,3,US,20230223,20230223,20060104,4,1,V,
102GG,2730,2130000,CIRRUS DESIGN CORP,SR20,SR Series,1,2021,7,GA,7,US,20230607,20230607,20210719,4,1,V,
102HC,10285,2130004,CIRRUS DESIGN CORP,SR22T,SR Series,1,2024,7,WA,S,US,20250811,20250107,20241026,4,1,V,
102JL,0192,2130010,CIRRUS DESIGN CORP,SF50,Vision Jet,1,2020,7,WV,1,US,20260115,20260115,20200321,4,5,V,
102JS,9919,2130000,CIRRUS DESIGN CORP,SR20,SR Series,1,2024,1,PA,1,US,20260408,,20240506,4,1,R,
102KW,0755,2130001,CIRRUS DESIGN CORP,SR22,SR Series,1,2003,1,MD,1,US,20251121,20251121,20031201,4,1,V,
102LT,0288,2130001,CIRRUS DESIGN CORP,SR22,SR Series,1,2002,7,FL,7,US,20230304,20110701,20020801,4,1,V,
102PB,0321,2130001,CIRRUS DESIGN CORP,SR22,SR Series,1,,3,FL,7,US,20230512,20180511,20020828,4,1,V,
102SR,1864,2130001,CIRRUS DESIGN CORP,SR22,SR Series,1,2006,3,OK,2,US,20230310,20110817,20060322,4,1,V,
102TX,0412,2130004,CIRRUS DESIGN CORP,SR22T,SR Series,1,2012,3,DE,1,US,20241029,20241029,20241105,4,1,V,
102VA,10511,2130000,CIRRUS DESIGN CORP,SR20,SR Series,1,2025,7,TX,2,US,20250326,20250326,20250308,4,1,V,
103BK,10668,2130004,CIRRUS DESIGN CORP,SR22T,SR Series,1,2025,1,AR,2,US,20250809,20250809,20250620,4,1,V,
103C,0432,2130001,CIRRUS DESIGN CORP,SR22,SR Series,1,2002,1,FL,7,US,20250924,20221103,20021223,4,1,V,
103DM,0247,2130010,CIRRUS DESIGN CORP,SF50,Vision Jet,1,2021,4,TN,3,US,20230825,20220810,20210202,4,5,V,
103EE,2104,2130001,CIRRUS DESIGN CORP,SR22,SR Series,1,2006,4,UT,S,US,20240207,20240207,20060824,4,1,V,
103ER,2321,2130000,CIRRUS DESIGN CORP,SR20,SR Series,1,2016,7,MI,C,US,20230428,20180326,20160404,4,1,V,
103FD,9838,2130001,CIRRUS DESIGN CORP,SR22,SR Series,1,2024,7,FL,7,US,20251220,20251220,20240327,4,1,V,
103K,10193,2130004,CIRRUS DESIGN CORP,SR22T,SR Series,1,2023,3,,8,AT,20260807,20260807,20240911,4,1,V,
103LC,2281,2130004,CIRRUS DESIGN CORP,SR22T,SR Series,1,2021,3,WA,S,US,20231005,20210528,20210315,4,1,V,
103MK,1444,2130001,CIRRUS DESIGN CORP,SR22,SR Series,1,2005,3,DE,1,US,20230915,20101102,20050520,4,1,V,
103VA,10788,2130000,CIRRUS DESIGN CORP,SR20,SR Series,1,2025,7,TX,2,US,20250822,20250822,20250711,4,1,V,
104BZ,1219,2130001,CIRRUS DESIGN CORP,SR22,SR Series,1,2004,7,CA,4,US,20240218,20050124,20041214,4,1,V,
104ET,1024,2130001,CIRRUS DESIGN CORP,SR22,SR Series,1,2004,7,OH,C,US,20230915,20050131,20040728,4,1,V,
104GH,4087,2130001,CIRRUS DESIGN CORP,SR22,SR Series,1,2014,7,FL,7,US,20240502,20240502,20140515,4,1,V,
104KV,2683,2130000,CIRRUS DESIGN CORP,SR20,SR Series,1,2021,7,CA,4,US,20230519,20210603,20210310,4,1,V,
104SV,11053,2130004,CIRRUS DESIGN CORP,SR22T,SR Series,1,2025,7,NC,1,US,20260112,20260112,20251116,4,1,V,
104TQ,2304,2130001,CIRRUS DESIGN CORP,SR22,SR Series,1,2006,7,CA,4,US,20230825,20190805,20061223,4,1,V,
10502,10502,2130001,CIRRUS DESIGN CORP,SR22,SR Series,1,2025,7,NC,1,US,20260109,20260109,20250909,4,1,V,
1052A,1333,2130004,CIRRUS DESIGN CORP,SR22T,SR Series,1,2016,7,DE,1,US,20250302,20250302,20160511,4,1,V,
105CK,4399,2130001,CIRRUS DESIGN CORP,SR22,SR Series,1,2016,7,CA,4,US,20230915,20161110,20161011,4,1,V,
105GC,11013,2130004,CIRRUS DESIGN CORP,SR22T,SR Series,1,2025,8,MN,C,US,20250909,,20251120,4,1,M,
105HC,4777,2130001,CIRRUS DESIGN CORP,SR22,SR Series,1,2019,7,LA,2,US,20250117,20250117,20190416,4,1,V,
105KL,4461,2130001,CIRRUS DESIGN CORP,SR22,SR Series,1,2017,7,WI,C,US,20260318,20210626,20170315,4,1,V,
105LW,9852,2130004,CIRRUS DESIGN CORP,SR22T,SR Series,1,2024,7,SD,C,US,20240508,20240508,20240322,4,1,V,
105MU,2625,2130000,CIRRUS DESIGN CORP,SR20,SR Series,1,2020,5,WV,1,US,20230414,20210108,20201008,4,1,V,
105PK,9235,2130004,CIRRUS DESIGN CORP,SR22T,SR Series,1,2023,7,NM,2,US,20250904,20250904,20230512,4,1,V,
105TT,1867,2130001,CIRRUS DESIGN CORP,SR22,SR Series,1,2006,7,TX,2,US,20230122,20170519,20060323,4,1,V,
105WL,2210,2130001,CIRRUS DESIGN CORP,SR22,SR Series,1,2006,7,IA,3,US,20240216,20240216,20061019,4,1,V,
106CD,1015,2130000,CIRRUS DESIGN CORP,SR20,SR Series,1,2000,7,FL,7,US,20240520,20240520,20000119,4,1,V,
106EZ,2044,2130001,CIRRUS DESIGN CORP,SR22,SR Series,1,2006,4,NY,1,US,20240412,20201021,20060720,4,1,V,
106JS,1661,2130004,CIRRUS DESIGN CORP,SR22T,SR Series,1,2018,3,SD,C,US,20230207,20230207,20180105,4,1,V,
106LU,1501,2130000,CIRRUS DESIGN CORP,SR20,SR Series,1,2005,7,NC,1,US,20241207,20200625,20050309,4,1,V,
106MC,1877,2130004,CIRRUS DESIGN CORP,SR22T,SR Series,1,2019,7,DE,1,US,20250811,20250811,20190219,4,1,V,
106MU,2682,2130000,CIRRUS DESIGN CORP,SR20,SR Series,1,2021,5,WV,1,US,20230718,20220225,20210318,4,1,V,
106TJ,3592,2130001,CIRRUS DESIGN CORP,SR22,SR Series,1,2010,7,UT,S,US,20250430,20250430,20100114,4,1,V,
106TQ,2633,2130001,CIRRUS DESIGN CORP,SR22,SR Series,1,2007,1,NC,1,US,20231013,20200330,20070808,4,1,V,
107AJ,2671,2130001,CIRRUS DESIGN CORP,SR22,SR Series,1,2007,7,GA,7,US,20250421,20250421,20070904,4,1,V,
107AX,1519,2130004,CIRRUS DESIGN CORP,SR22T,SR Series,1,2017,7,WA,S,US,20230821,20230821,20170403,4,1,V,
107BB,1235,2130004,CIRRUS DESIGN CORP,SR22T,SR Series,1,2016,7,AZ,4,US,20240124,20240124,20160129,4,1,V,
107BC,3057,2130001,CIRRUS DESIGN CORP,SR22,SR Series,1,,7,TX,2,US,20251022,20220702,20080626,4,1,V,
107CB,3244,2130001,CIRRUS DESIGN CORP,SR22,SR Series,1,2008,3,DE,1,US,20230526,20150706,20080904,4,1,V,
107CD,1018,2130000,CIRRUS DESIGN CORP,SR20,SR Series,1,2000,1,PA,1,US,20240226,20240226,20000207,4,1,V,
107GK,0790,2130004,CIRRUS DESIGN CORP,SR22T,SR Series,1,2014,4,MA,E,US,20251107,20170209,20140530,4,1,V,
107MT,4846,2130001,CIRRUS DESIGN CORP,SR22,SR Series,1,,1,TX,2,US,20250218,20250218,20191002,4,1,V,
107MU,2784,2130000,CIRRUS DESIGN CORP,SR20,SR Series,1,2021,5,WV,1,US,20231013,20220528,20211221,4,1,V,
107MY,1751,2130004,CIRRUS DESIGN CORP,SR22T,SR Series,1,2018,7,NV,4,US,20250306,20190211,20180717,4,1,V,
107PB,2292,2130001,CIRRUS DESIGN CORP,SR22,SR Series,1,2006,7,NV,4,US,20240415,20240415,20061217,4,1,V,
107TQ,3996,2130001,CIRRUS DESIGN CORP,SR22,SR Series,1,2013,7,GA,7,US,20260811,20131119,20130913,4,1,V,
1086C,0462,2130001,CIRRUS DESIGN CORP,SR22,SR Series,1,2003,1,OH,C,US,20230915,20131121,20030326,4,1,V,
108EZ,2037,2130001,CIRRUS DESIGN CORP,SR22,SR Series,1,2006,7,MI,C,US,20251023,20251023,20060720,4,1,V,
108GP,1317,2130001,CIRRUS DESIGN CORP,SR22,SR Series,1,2005,7,AL,7,US,20230701,20151219,20050218,4,1,V,
108LC,0535,2130004,CIRRUS DESIGN CORP,SR22T,SR Series,1,2013,7,MA,E,US,20230707,20190115,20130612,4,1,V,
108LW,0872,2130004,CIRRUS DESIGN CORP,SR22T,SR Series,1,2014,7,NC,1,US,20240719,20240719,20140915,4,1,V,
108MG,9431,2130000,CIRRUS DESIGN CORP,SR20,SR Series,1,2023,7,FL,7,US,20231020,20231020,20230905,4,1,V,
108PJ,0808,2130010,CIRRUS DESIGN CORP,SF50,Vision Jet,1,,8,MN,C,US,20260506,,,4,5,M,
108VV,9909,2130004,CIRRUS DESIGN CORP,SR22T,SR Series,1,2024,7,PA,1,US,20240610,20240610,20240505,4,1,V,
1096W,9053,2130004,CIRRUS DESIGN CORP,SR22T,SR Series,1,2023,1,CA,4,US,20230525,20230517,20230203,4,1,V,
1098R,5010,2130001,CIRRUS DESIGN CORP,SR22,SR Series,1,2021,1,GA,7,US,20250627,20250627,20210302,4,1,V,
109FT,2025,2130001,CIRRUS DESIGN CORP,SR22,SR Series,1,2006,7,TX,2,US,20230930,20200128,20060628,4,1,V,
109KC,0665,2130010,CIRRUS DESIGN CORP,SF50,Vision Jet,1,2025,7,OR,S,US,20260122,20250723,20250619,4,5,V,
109MP,11905,2130001,CIRRUS DESIGN CORP,SR22,SR Series,1,,8,MN,C,US,20260721,,,4,1,M,
109SD,1857,2130004,CIRRUS DESIGN CORP,SR22T,SR Series,1,2019,1,NY,1,US,20260507,20260507,20190122,4,1,V,
109WK,1400,2130000,CIRRUS DESIGN CORP,SR20,SR Series,1,2004,7,PA,1,US,20230722,20220309,20040203,4,1,V,
10AC,8782,2130004,CIRRUS DESIGN CORP,SR22T,SR Series,1,2022,7,FL,7,US,20250919,20250617,20220821,4,1,V,
10B,8963,2130004,CIRRUS DESIGN CORP,SR22T,SR Series,1,2022,7,FL,7,US,20260428,20250408,20221229,4,1,V,
10BX,5003,2130001,CIRRUS DESIGN CORP,SR22,SR Series,1,2021,1,OH,C,US,20230505,20210421,20210202,4,1,V,
10CD,0350,2130004,CIRRUS DESIGN CORP,SR22T,SR Series,1,2012,3,DE,1,US,20230627,20230627,20170117,4,1,V,
10HQ,10243,2130004,CIRRUS DESIGN CORP,SR22T,SR Series,1,2024,7,FL,7,US,20241029,20241029,20241007,4,1,V,
10KK,8975,2130004,CIRRUS DESIGN CORP,SR22T,SR Series,1,2022,7,FL,7,US,20250430,20250430,20221214,4,1,V,
10MC,1084,2130001,CIRRUS DESIGN CORP,SR22,SR Series,1,2004,3,WY,S,US,20260223,20260223,20040914,4,1,V,
10PX,1453,2130004,CIRRUS DESIGN CORP,SR22T,SR Series,1,2016,7,WA,S,US,20241105,20241105,20210730,4,1,V,
10RA,5069,2130001,CIRRUS DESIGN CORP,SR22,SR Series,1,2021,7,NC,1,US,20240327,20221217,20210823,4,1,V,
10RD,9300,2130004,CIRRUS DESIGN CORP,SR22T,SR Series,1,2023,7,WY,S,US,20260526,20240109,20230621,4,1,V,
10UA,0188,2130004,CIRRUS DESIGN CORP,SR22T,SR Series,1,2011,7,WA,S,US,20250319,20250319,20110919,4,1,V,
10UW,11054,2130000,CIRRUS DESIGN CORP,SR20,SR Series,1,2025,4,AZ,4,US,20260109,20260109,20251110,4,1,V,
10VT,9482,2130004,CIRRUS DESIGN CORP,SR22T,SR Series,1,2023,7,GA,7,US,20250505,20250505,20230930,4,1,V,
10Z,2491,2130004,CIRRUS DESIGN CORP,SR22T,SR Series,1,2022,7,GA,7,US,20230811,20220625,20220106,4,1,V,
10ZW,0055,2130001,CIRRUS DESIGN CORP,SR22,SR Series,1,2001,1,ID,S,US,20230414,20210113,20210420,4,1,V,
11000,11000,2130004,CIRRUS DESIGN CORP,SR22T,SR Series,1,2025,7,VA,1,US,20260127,20260127,20251105,4,1,V,
1105Z,1684,2130004,CIRRUS DESIGN CORP,SR22T,SR Series,1,2018,7,TX,2,US,20230804,20220505,20180212,4,1,V,
1108C,2412,2130004,CIRRUS DESIGN CORP,SR22T,SR Series,1,2021,7,AL,7,US,20260513,20260220,20211015,4,1,V,
1108T,2114,2130000,CIRRUS DESIGN CORP,SR20,SR Series,1,2011,1,FL,7,US,20240312,20240312,20111004,4,1,V,
110BW,1538,2130000,CIRRUS DESIGN CORP,SR20,SR Series,1,,4,FL,7,US,20260227,20260227,20050720,4,1,V,
110DK,10414,2130004,CIRRUS DESIGN CORP,SR22T,SR Series,1,2025,7,CO,S,US,20250412,20250412,20250106,4,1,V,
110FL,2813,2130001,CIRRUS DESIGN CORP,SR22,SR Series,1,2007,7,OH,C,US,20230122,20140625,20071114,4,1,V,
110GK,4508,2130001,CIRRUS DESIGN CORP,SR22,SR Series,1,2017,7,MS,2,US,20230707,20220103,20170801,4,1,V,
110MT,10677,2130004,CIRRUS DESIGN CORP,SR22T,SR Series,1,2025,5,TN,3,US,20250707,20250707,20250515,4,1,V,
110MV,1521,2130004,CIRRUS DESIGN CORP,SR22T,SR Series,1,2017,7,MA,E,US,20230122,20170502,20170410,4,1,V,
110MX,0096,2130004,CIRRUS DESIGN CORP,SR22T,SR Series,1,2011,3,WI,C,US,20230122,20170327,20110330,4,1,V,
110TA,2015,2130001,CIRRUS DESIGN CORP,SR22,SR Series,1,,7,AZ,4,US,20260414,20260414,20060620,4,1,V,
110VT,2151,2130004,CIRRUS DESIGN CORP,SR22T,SR Series,1,2020,7,PA,1,US,20240112,20240112,20200817,4,1,V,
110WF,2621,2130001,CIRRUS DESIGN CORP,SR22,SR Series,1,2007,7,WY,S,US,20260518,20220817,20140702,4,1,V,
110WK,2115,2130000,CIRRUS DESIGN CORP,SR20,SR Series,1,2011,8,MN,C,US,20240613,20240613,20111005,4,1,V,
1110V,10006,2130004,CIRRUS DESIGN CORP,SR22T,SR Series,1,2024,7,KS,3,US,20240709,20240709,20240621,4,1,V,
1118P,11092,2130004,CIRRUS DESIGN CORP,SR22T,SR Series,1,2025,7,GA,7,US,20260203,20260203,20251204,4,1,V,
1119C,0487,2130001,CIRRUS DESIGN CORP,SR22,SR Series,1,2003,3,ND,C,US,20230428,20180328,20030324,4,1,V,
111AN,0459,2130010,CIRRUS DESIGN CORP,SF50,Vision Jet,1,2023,7,,,,20251007,20251007,20231024,4,5,V,
111CD,8863,2130004,CIRRUS DESIGN CORP,SR22T,SR Series,1,2022,7,MT,S,US,20260519,20230914,20221018,4,1,V,
111DU,3138,2130001,CIRRUS DESIGN CORP,SR22,SR Series,1,2008,7,DE,1,US,20230428,20180315,20090326,4,1,V,
111ET,3270,2130001,CIRRUS DESIGN CORP,SR22,SR Series,1,2008,7,CO,S,US,20230825,20130813,20080918,4,1,V,
111HT,0232,2130001,CIRRUS DESIGN CORP,SR22,SR Series,1,2002,1,,,,20250808,20250808,20020607,4,1,V,
111MH,9070,2130004,CIRRUS DESIGN CORP,SR22T,SR Series,1,2023,3,CA,4,US,20240918,20230510,20230227,4,1,V,
111MU,11397,2130001,CIRRUS DESIGN CORP,SR22,SR Series,1,2026,8,MN,C,US,20260317,,20260511,4,1,M,
111N,10694,2130004,CIRRUS DESIGN CORP,SR22T,SR Series,1,2025,7,NY,1,US,20250703,20250703,20250608,4,1,V,
111NE,2784,2130001,CIRRUS DESIGN CORP,SR22,SR Series,1,2007,3,OK,2,US,20230825,20130829,20071031,4,1,V,
111RT,1156,2130000,CIRRUS DESIGN CORP,SR20,SR Series,1,2001,7,UT,S,US,20251206,20251206,20011109,4,1,V,
111TN,0347,2130010,CIRRUS DESIGN CORP,SF50,Vision Jet,1,2022,7,IN,C,US,20230307,20230307,20220418,4,5,V,
111TT,0830,2130001,CIRRUS DESIGN CORP,SR22,SR Series,1,2004,7,IL,C,US,20230722,20230722,20040317,4,1,V,
1123X,1214,2130001,CIRRUS DESIGN CORP,SR22,SR Series,1,,3,DE,1,US,20241230,20241017,20041212,4,1,V,
1124L,0711,2130004,CIRRUS DESIGN CORP,SR22T,SR Series,1,2014,7,NV,4,US,20251020,20250822,20140211,4,1,V,
1127G,2440,2130004,CIRRUS DESIGN CORP,SR22T,SR Series,1,,7,CO,S,US,20230722,20220326,,4,1,V,
1127R,1510,2130001,CIRRUS DESIGN CORP,SR22,SR Series,1,2005,7,MN,C,US,20240207,20240207,20180525,4,1,V,
1128R,2338,2130004,CIRRUS DESIGN CORP,SR22T,SR Series,1,2021,7,CA,4,US,20230308,20230308,20210630,4,1,V,
112CD,11457,2130001,CIRRUS DESIGN CORP,SR22,SR Series,1,,3,DE,1,US,20260706,20260706,,4,1,V,
112CK,0445,2130010,CIRRUS DESIGN CORP,SF50,Vision Jet,1,2023,7,LA,2,US,20251104,20251104,20230329,4,5,V,
112FS,9497,2130004,CIRRUS DESIGN CORP,SR22T,SR Series,1,2023,7,CA,4,US,20231214,20231214,20231015,4,1,V,
112LF,1393,2130004,CIRRUS DESIGN CORP,SR22T,SR Series,1,2016,7,NC,1,US,20230408,20230408,20160719,4,1,V,
112LJ,10353,2130004,CIRRUS DESIGN CORP,SR22T,SR Series,1,2024,1,LA,2,US,20250113,20250113,20241201,4,1,V,
112MK,9282,2130004,CIRRUS DESIGN CORP,SR22T,SR Series,1,2023,7,MT,S,US,20260524,20260524,20230612,4,1,V,
112NR,0227,2130004,CIRRUS DESIGN CORP,SR22T,SR Series,1,2011,7,CO,S,US,20230421,20210218,20111201,4,1,V,
112PJ,1540,2130004,CIRRUS DESIGN CORP,SR22T,SR Series,1,2017,7,TX,2,US,20230309,20230309,20170523,4,1,V,
112SK,4821,2130001,CIRRUS DESIGN CORP,SR22,SR Series,1,2019,3,DE,1,US,20230512,20210512,20190916,4,1,V,
112TD,10470,2130004,CIRRUS DESIGN CORP,SR22T,SR Series,1,2025,7,MT,S,US,20251108,20251108,20250219,4,1,V,
112TR,3669,2130001,CIRRUS DESIGN CORP,SR22,SR Series,1,2010,1,CA,4,US,20230125,20230125,20100627,4,1,V,
112WG,9785,2130004,CIRRUS DESIGN CORP,SR22T,SR Series,1,2024,7,CA,4,US,20250314,20240425,20240210,4,1,V,
113BB,2722,2130000,CIRRUS DESIGN CORP,SR20,SR Series,1,2021,7,CA,4,US,20260112,20260112,20210602,4,1,V,
113DS,4977,2130001,CIRRUS DESIGN CORP,SR22,SR Series,1,2020,7,TN,3,US,20231107,20231107,20201124,4,1,V,
113ED,4620,2130001,CIRRUS DESIGN CORP,SR22,SR Series,1,2018,7,TN,3,US,20230717,20230717,20180320,4,1,V,
113GS,0934,2130001,CIRRUS DESIGN CORP,SR22,SR Series,1,2004,7,KY,3,US,20230603,20210805,20040519,4,1,V,
113HS,0484,2130004,CIRRUS DESIGN CORP,SR22T,SR Series,1,2013,7,MO,3,US,20230317,20170927,20130329,4,1,V,
113JV,0283,2130004,CIRRUS DESIGN CORP,SR22T,SR Series,1,2012,7,OK,2,US,20230421,20120215,20120123,4,1,V,
113KK,4724,2130001,CIRRUS DESIGN CORP,SR22,SR Series,1,2018,7,NH,E,US,20241212,20190118,20181119,4,1,V,
113MR,0070,2130004,CIRRUS DESIGN CORP,SR22T,SR Series,1,2010,3,CA,4,US,20241002,20241002,20101229,4,1,V,
113WG,1496,2130004,CIRRUS DESIGN CORP,SR22T,SR Series,1,2017,7,IN,C,US,20230616,20211022,20170208,4,1,V,
1144G,2592,2130000,CIRRUS DESIGN CORP,SR20,SR Series,1,2020,7,TX,2,US,20230317,20200930,20200729,4,1,V,
1149C,0464,2130001,CIRRUS DESIGN CORP,SR22,SR Series,1,2003,1,PA,1,US,20231020,20060518,20030305,4,1,V,
114BS,1192,2130000,CIRRUS DESIGN CORP,SR20,SR Series,1,2002,7,WA,S,US,20230728,20081103,20020427,4,1,V,
114CA,11535,2130000,CIRRUS DESIGN CORP,SR20,SR Series,1,,8,MN,C,US,20260612,,,4,1,M,
114CN,3805,2130001,CIRRUS DESIGN CORP,SR22,SR Series,1,,7,DE,1,US,20230607,20230607,20111020,4,1,V,
114DA,8969,2130004,CIRRUS DESIGN CORP,SR22T,SR Series,1,2022,7,OH,C,US,20260116,20260116,20221206,4,1,V,
114DB,2330,2130004,CIRRUS DESIGN CORP,SR22T,SR Series,1,2021,7,WY,S,US,20230610,20210901,20210608,4,1,V,
114DE,1381,2130004,CIRRUS DESIGN CORP,SR22T,SR Series,1,2016,7,DE,1,US,20230930,20200124,20160629,4,1,V,
114LL,0726,2130010,CIRRUS DESIGN CORP,SF50,Vision Jet,1,2026,7,FL,7,US,20260506,20260130,20260112,4,5,V,
114LM,0520,2130004,CIRRUS DESIGN CORP,SR22T,SR Series,1,2013,7,DE,1,US,20241108,20201007,20180924,4,1,V,
114ML,0739,2130001,CIRRUS DESIGN CORP,SR22,SR Series,1,2003,3,FL,7,US,20231013,20170313,20031115,4,1,V,
114RG,1991,2130004,CIRRUS DESIGN CORP,SR22T,SR Series,1,2019,7,MT,S,US,20251010,20251010,20190923,4,1,V,
114RJ,10773,2130004,CIRRUS DESIGN CORP,SR22T,SR Series,1,2025,7,CA,4,US,20250902,20250902,20250702,4,1,V,
114WG,8512,2130004,CIRRUS DESIGN CORP,SR22T,SR Series,1,2022,7,CA,4,US,20241123,20241123,20220207,4,1,V,
11532,11532,2130004,CIRRUS DESIGN CORP,SR22T,SR Series,1,,8,MN,C,US,20260611,,,4,1,M,
1154Z,1747,2130001,CIRRUS DESIGN CORP,SR22,SR Series,1,2005,1,,,,20230421,20210210,20060104,4,1,V,
1158C,0776,2130001,CIRRUS DESIGN CORP,SR22,SR Series,1,2003,1,MA,E,US,20230701,20151212,20031215,4,1,V,
115AP,8565,2130000,CIRRUS DESIGN CORP,SR20,SR Series,1,2022,7,NY,1,US,20260718,20260718,20220317,4,1,V,
115AV,9250,2130000,CIRRUS DESIGN CORP,SR20,SR Series,1,2023,7,OH,C,US,20260603,20260114,20230521,4,1,V,
115C,1279,2130001,CIRRUS DESIGN CORP,SR22,SR Series,1,2005,7,MI,C,US,20250520,20080724,20050121,4,1,V,
115CD,2862,2130001,CIRRUS DESIGN CORP,SR22,SR Series,1,2007,7,AR,2,US,20230122,20170628,20071213,4,1,V,
115CN,3806,2130001,CIRRUS DESIGN CORP,SR22,SR Series,1,,7,FL,7,US,20240307,20221231,20111021,4,1,V,
115DJ,1037,2130001,CIRRUS DESIGN CORP,SR22,SR Series,1,2004,7,OH,C,US,20230915,20221129,20040805,4,1,V,
115ES,1951,2130004,CIRRUS DESIGN CORP,SR22T,SR Series,1,2019,7,TX,2,US,20240530,20240530,20190722,4,1,V,
115JB,11004,2130004,CIRRUS DESIGN CORP,SR22T,SR Series,1,2025,7,TX,2,US,20251218,20251218,20251020,4,1,V,
115ML,3564,2130001,CIRRUS DESIGN CORP,SR22,SR Series,1,2009,7,TX,2,US,20230718,20190209,20091110,4,1,V,
115MM,4997,2130001,CIRRUS DESIGN CORP,SR22,SR Series,1,2021,7,CA,4,US,20230505,20210406,20210122,4,1,V,
115SP,4385,2130001,CIRRUS DESIGN CORP,SR22,SR Series,1,2016,5,MN,C,US,20231007,20170224,20160907,4,1,V,
116AC,9346,2130004,CIRRUS DESIGN CORP,SR22T,SR Series,1,2023,7,CA,4,US,20230921,20230921,20230720,4,1,V,
116DE,1934,2130004,CIRRUS DESIGN CORP,SR22T,SR Series,1,2019,7,FL,7,US,20230310,20200815,20190611,4,1,V,
116KW,0732,2130001,CIRRUS DESIGN CORP,SR22,SR Series,1,2003,7,DE,1,US,20240318,20170201,20160302,4,1,V,
116PB,0116,2130010,CIRRUS DESIGN CORP,SF50,Vision Jet,1,2019,7,NJ,1,US,20251113,20251113,20190503,4,5,V,
116PS,0472,2130010,CIRRUS DESIGN CORP,SF50,Vision Jet,1,2023,7,AZ,4,US,20230829,20230829,20230713,4,5,V,
117AK,0100,2130004,CIRRUS DESIGN CORP,SR22T,SR Series,1,2011,7,WI,C,US,20230707,20220111,20110228,4,1,V,
117BK,4999,2130001,CIRRUS DESIGN CORP,SR22,SR Series,1,2021,7,FL,7,US,20260309,20240116,20210121,4,1,V,
117CK,9480,2130004,CIRRUS DESIGN CORP,SR22T,SR Series,1,,7,WY,S,US,20260518,20231125,,4,1,V,
117ES,8531,2130004,CIRRUS DESIGN CORP,SR22T,SR Series,1,2022,7,IL,C,US,20250418,20250418,20220222,4,1,V,
117FD,9081,2130001,CIRRUS DESIGN CORP,SR22,SR Series,1,2023,1,FL,7,US,20230626,20230626,20230215,4,1,V,
117G,3464,2130001,CIRRUS DESIGN CORP,SR22,SR Series,1,2009,7,NM,2,US,20230428,20210318,20090710,4,1,V,
117HC,10640,2130001,CIRRUS DESIGN CORP,SR22,SR Series,1,2025,7,FL,7,US,20250610,20250610,20250514,4,1,V,
117KC,4536,2130001,CIRRUS DESIGN CORP,SR22,SR Series,1,2017,7,NY,1,US,20230519,20230115,20171010,4,1,V,
117KD,1072,2130000,CIRRUS DESIGN CORP,SR20,SR Series,1,2000,3,FL,7,US,20230421,20210216,20000929,4,1,V,
117LF,2148,2130000,CIRRUS DESIGN CORP,SR20,SR Series,1,2012,7,OH,C,US,20260812,20260812,20120426,4,1,V,
117M,9249,2130001,CIRRUS DESIGN CORP,SR22,SR Series,1,2023,7,DE,1,US,20230817,20230816,20230522,4,1,V,
117ME,9221,2130004,CIRRUS DESIGN CORP,SR22T,SR Series,1,2023,3,DE,1,US,20240611,20230526,20230518,4,1,V,
117R,2321,2130004,CIRRUS DESIGN CORP,SR22T,SR Series,1,2021,7,DE,1,US,20230701,20211201,20210506,4,1,V,
117SM,9072,2130001,CIRRUS DESIGN CORP,SR22,SR Series,1,2023,7,NC,1,US,20250516,20250516,20230201,4,1,V,
118AL,1476,2130004,CIRRUS DESIGN CORP,SR22T,SR Series,1,2017,7,MI,C,US,20241018,20241018,20170105,4,1,V,
118AR,3772,2130001,CIRRUS DESIGN CORP,SR22,SR Series,1,2011,3,FL,7,US,20230816,20230816,20110711,4,1,V,
118CH,4097,2130001,CIRRUS DESIGN CORP,SR22,SR Series,1,2014,1,AZ,4,US,20230707,20190107,20140611,4,1,V,
118EB,1990,2130004,CIRRUS DESIGN CORP,SR22T,SR Series,1,2019,7,KY,3,US,20240426,20240426,20190919,4,1,V,
118EV,1272,2130004,CIRRUS DESIGN CORP,SR22T,SR Series,1,2016,7,CO,S,US,20230804,20160502,20160308,4,1,V,
118GC,1912,2130001,CIRRUS DESIGN CORP,SR22,SR Series,1,2006,3,ID,S,US,20231020,20060515,20060421,4,1,V,
118GS,0884,2130001,CIRRUS DESIGN CORP,SR22,SR Series,1,2004,1,SC,7,US,20260722,20260722,20040413,4,1,V,
118HH,4427,2130001,CIRRUS DESIGN CORP,SR22,SR Series,1,2016,7,VT,E,US,20230930,20170105,20161209,4,1,V,
118MX,0723,2130004,CIRRUS DESIGN CORP,SR22T,SR Series,1,2014,7,,8,DE,20230922,20221208,20140225,4,1,V,
118PG,2905,2130001,CIRRUS DESIGN CORP,SR22,SR Series,1,2008,3,OK,2,US,20230825,20130826,20080107,4,1,V,
118WH,4914,2130001,CIRRUS DESIGN CORP,SR22,SR Series,1,2020,7,NH,E,US,20230922,20221220,20200526,4,1,V,
1199Z,0404,2130004,CIRRUS DESIGN CORP,SR22T,SR Series,1,2012,7,PA,1,US,20231012,20231012,20121101,4,1,V,
119AL,3896,2130001,CIRRUS DESIGN CORP,SR22,SR Series,1,,3,,8,GB,20240611,20200605,20121114,4,1,V,
119AN,2547,2130000,CIRRUS DESIGN CORP,SR20,SR Series,1,2020,7,VA,1,US,20260112,20260112,20200310,4,1,V,
119BK,1853,2130004,CIRRUS DESIGN CORP,SR22T,SR Series,1,2019,3,DE,1,US,20260429,20260429,20190116,4,1,V,
119G,9191,2130004,CIRRUS DESIGN CORP,SR22T,SR Series,1,2023,7,DE,1,US,20240918,20240918,20230419,4,1,V,
119LK,4366,2130001,CIRRUS DESIGN CORP,SR22,SR Series,1,2016,7,MN,C,US,20230825,20160817,20160621,4,1,V,
119MK,2084,2130000,CIRRUS DESIGN CORP,SR20,SR Series,1,2011,7,FL,7,US,20250121,20250121,20110523,4,1,V,
119PT,9398,2130004,CIRRUS DESIGN CORP,SR22T,SR Series,1,2023,7,IN,C,US,20231103,20231103,20230819,4,1,V,
119RP,2457,2130000,CIRRUS DESIGN CORP,SR20,SR Series,1,2018,7,CA,4,US,20230818,20220730,20180827,4,1,V,
119WJ,3978,2130001,CIRRUS DESIGN CORP,SR22,SR Series,1,,7,MO,3,US,20240530,20240530,20130813,4,1,V,
119WZ,0414,2130001,CIRRUS DESIGN CORP,SR22,SR Series,1,2002,7,IA,3,US,20230707,20130111,20021209,4,1,V,
11AL,0398,2130010,CIRRUS DESIGN CORP,SF50,Vision Jet,1,2022,7,MO,3,US,20260604,20260604,20221031,4,5,V,
11CT,4960,2130001,CIRRUS DESIGN CORP,SR22,SR Series,1,2020,7,CA,4,US,20230414,20210121,20201102,4,1,V,
11DF,10337,2130001,CIRRUS DESIGN CORP,SR22,SR Series,1,2024,7,PA,1,US,20250102,20250102,20241124,4,1,V,
11ES,9177,2130004,CIRRUS DESIGN CORP,SR22T,SR Series,1,2023,7,MI,C,US,20230712,20230616,20230411,4,1,V,
11JF,10554,2130004,CIRRUS DESIGN CORP,SR22T,SR Series,1,2025,7,WA,S,US,20250403,20250403,20250315,4,1,V,
11KM,9436,2130004,CIRRUS DESIGN CORP,SR22T,SR Series,1,2023,1,TX,2,US,20240306,20231028,20230915,4,1,V,
11MR,9859,2130004,CIRRUS DESIGN CORP,SR22T,SR Series,1,2024,7,FL,7,US,20250728,20250728,20240324,4,1,V,
11MU,1831,2130004,CIRRUS DESIGN CORP,SR22T,SR Series,1,2018,1,AZ,4,US,20250401,20250401,20181212,4,1,V,
11MZ,0108,2130001,CIRRUS DESIGN CORP,SR22,SR Series,1,2001,3,FL,7,US,20250820,20250417,20011022,4,1,V,
11NR,2464,2130004,CIRRUS DESIGN CORP,SR22T,SR Series,1,2021,7,AZ,4,US,20250712,20250712,20211206,4,1,V,
11PN,1445,2130004,CIRRUS DESIGN CORP,SR22T,SR Series,1,2016,4,IL,C,US,20230405,20230405,20160920,4,1,V,
11PR,2307,2130001,CIRRUS DESIGN CORP,SR22,SR Series,1,,7,CA,4,US,20260112,20260112,20061228,4,1,V,
11PS,10497,2130000,CIRRUS DESIGN CORP,SR20,SR Series,1,2025,7,MN,C,US,20250707,20250707,20250214,4,1,V,
11SD,4957,2130001,CIRRUS DESIGN CORP,SR22,SR Series,1,2020,5,TX,2,US,20240307,20210125,20201027,4,1,V,
11SM,9573,2130004,CIRRUS DESIGN CORP,SR22T,SR Series,1,2023,1,WA,S,US,20250608,20240104,20231129,4,1,V,
11SU,2359,2130000,CIRRUS DESIGN CORP,SR20,SR Series,1,2017,5,UT,S,US,20231013,20200303,20170622,4,1,V,
11TT,0703,2130010,CIRRUS DESIGN CORP,SF50,Vision Jet,1,,7,FL,7,US,20251231,20251231,,4,5,V,
11W,0262,2130001,CIRRUS DESIGN CORP,SR22,SR Series,1,2002,7,FL,7,US,20250116,20141007,20020710,4,1,V,
11WK,0856,2130004,CIRRUS DESIGN CORP,SR22T,SR Series,1,2014,1,CA,4,US,20230215,20230215,20140821,4,1,V,
11WZ,8640,2130000,CIRRUS DESIGN CORP,SR20,SR Series,1,2022,7,WY,S,US,20231207,20230328,20220514,4,1,V,
11XT,1103,2130000,CIRRUS DESIGN CORP,SR20,SR Series,1,2000,1,MD,1,US,20230825,20160830,20001222,4,1,V,
1201M,8510,2130004,CIRRUS DESIGN CORP,SR22T,SR Series,1,2022,3,UT,S,US,20230930,20230111,20220209,4,1,V,
1206D,2211,2130004,CIRRUS DESIGN CORP,SR22T,SR Series,1,2020,3,MS,2,US,20230421,20210218,20201203,4,1,V,
1207C,0455,2130001,CIRRUS DESIGN CORP,SR22,SR Series,1,2003,3,MD,1,US,20230526,20031016,20030319,4,1,V,
120A,10297,2130004,CIRRUS DESIGN CORP,SR22T,SR Series,1,2024,7,TX,2,US,20260121,20260121,20241101,4,1,V,
120AC,10575,2130004,CIRRUS DESIGN CORP,SR22T,SR Series,1,2025,7,WY,S,US,20250609,20250609,20250326,4,1,V,
120JF,1981,2130004,CIRRUS DESIGN CORP,SR22T,SR Series,1,2019,7,OR,S,US,20230131,20200102,20190913,4,1,V,
120MT,0785,2130010,CIRRUS DESIGN CORP,SF50,Vision Jet,1,,7,UT,S,US,20260716,20260716,,4,5,V,
120MX,2281,2130000,CIRRUS DESIGN CORP,SR20,SR Series,1,2015,3,WY,S,US,20260205,20260205,20150309,4,1,V,
120TK,2156,2130000,CIRRUS DESIGN CORP,SR20,SR Series,1,2012,3,NC,1,US,20230603,20120802,20120720,4,1,V,
120TN,10067,2130004,CIRRUS DESIGN CORP,SR22T,SR Series,1,2024,7,FL,7,US,20241019,20241019,20240721,4,1,V,
120WP,1630,2130001,CIRRUS DESIGN CORP,SR22,SR Series,1,2005,4,NJ,1,US,20230505,20210408,20051004,4,1,V,
1213V,8981,2130001,CIRRUS DESIGN CORP,SR22,SR Series,1,2022,7,AR,2,US,20230321,20230321,20221211,4,1,V,
1215C,9776,2130004,CIRRUS DESIGN CORP,SR22T,SR Series,1,2024,7,OH,C,US,20240311,20240311,20240218,4,1,V,
1216N,0549,2130001,CIRRUS DESIGN CORP,SR22,SR Series,1,2003,3,KS,3,US,20230122,20200325,20030511,4,1,V,
1218M,10774,2130004,CIRRUS DESIGN CORP,SR22T,SR Series,1,2025,7,CA,4,US,20250821,20250821,20250712,4,1,V,
1218P,1677,2130000,CIRRUS DESIGN CORP,SR20,SR Series,1,2006,7,ND,C,US,20250805,20250805,20060615,4,1,V,
1219S,1219,2130004,CIRRUS DESIGN CORP,SR22T,SR Series,1,2015,3,DE,1,US,20230717,20230717,20151218,4,1,V,
121AB,10279,2130004,CIRRUS DESIGN CORP,SR22T,SR Series,1,2024,7,NY,1,US,20241209,20241209,20241029,4,1,V,
121AC,1812,2130004,CIRRUS DESIGN CORP,SR22T,SR Series,1,2018,4,TX,2,US,20241209,20241209,20181022,4,1,V,
121BR,1697,2130001,CIRRUS DESIGN CORP,SR22,SR Series,1,,4,CO,S,US,20230930,20230111,20051128,4,1,V,
121CD,9888,2130004,CIRRUS DESIGN CORP,SR22T,SR Series,1,2024,7,GA,7,US,20250122,20240729,20240420,4,1,V,
121DA,2383,2130004,CIRRUS DESIGN CORP,SR22T,SR Series,1,2021,7,MO,3,US,20230701,20211217,20210826,4,1,V,
121EP,2812,2130001,CIRRUS DESIGN CORP,SR22,SR Series,1,2007,7,WY,S,US,20260518,20220215,20071114,4,1,V,
121GA,1443,2130001,CIRRUS DESIGN CORP,SR22,SR Series,1,2005,1,IL,C,US,20230512,20150508,20050519,4,1,V,
121HC,0277,2130001,CIRRUS DESIGN CORP,SR22,SR Series,1,2002,3,DE,1,US,20250827,20250827,20020723,4,1,V,
121HT,0794,2130001,CIRRUS DESIGN CORP,SR22,SR Series,1,2004,3,WY,S,US,20260205,20260205,20040106,4,1,V,
121JB,2484,2130004,CIRRUS DESIGN CORP,SR22T,SR Series,1,2021,7,,,,20250823,20250823,20211227,4,1,V,
121KP,8955,2130004,CIRRUS DESIGN CORP,SR22T,SR Series,1,2022,3,ID,S,US,20230313,20230313,20221127,4,1,V,
121LW,0362,2130004,CIRRUS DESIGN CORP,SR22T,SR Series,1,,7,AR,2,US,20240710,20240710,,4,1,V,
121PC,10932,2130004,CIRRUS DESIGN CORP,SR22T,SR Series,1,2025,3,TX,2,US,20251109,20251109,20250914,4,1,V,
121PW,10747,2130001,CIRRUS DESIGN CORP,SR22,SR Series,1,2025,7,CT,E,US,20251112,20250724,20250619,4,1,V,
121RB,5079,2130001,CIRRUS DESIGN CORP,SR22,SR Series,1,2021,7,OH,C,US,20250820,20250820,20210914,4,1,V,
121RT,0323,2130010,CIRRUS DESIGN CORP,SF50,Vision Jet,1,2021,7,TN,3,US,20240226,20220708,20211211,4,5,V,
121TX,0157,2130010,CIRRUS DESIGN CORP,SF50,Vision Jet,1,2019,7,TX,2,US,20230814,20191210,20191030,4,5,V,
121YZ,1948,2130001,CIRRUS DESIGN CORP,SR22,SR Series,1,,7,MN,C,US,20250909,20230215,20060509,4,1,V,
1220K,1840,2130001,CIRRUS DESIGN CORP,SR22,SR Series,1,2006,7,GA,7,US,20230324,20201027,20060302,4,1,V,
1221Z,5106,2130001,CIRRUS DESIGN CORP,SR22,SR Series,1,2021,3,,,,20250421,20250421,20211119,4,1,V,
1223A,2922,2130001,CIRRUS DESIGN CORP,SR22,SR Series,1,2008,7,NV,4,US,20250225,20250225,20080125,4,1,V,
1224N,10308,2130001,CIRRUS DESIGN CORP,SR22,SR Series,1,2024,7,PA,1,US,20241126,20241126,20241103,4,1,V,
1225P,2257,2130001,CIRRUS DESIGN CORP,SR22,SR Series,1,2006,7,,,,20230307,20230307,20061127,4,1,V,
1227W,1522,2130004,CIRRUS DESIGN CORP,SR22T,SR Series,1,2017,1,CA,4,US,20240228,20240228,20170411,4,1,V,
122AJ,1547,2130001,CIRRUS DESIGN CORP,SR22,SR Series,1,2005,3,CA,4,US,20230505,20180417,20050803,4,1,V,
122AR,4838,2130001,CIRRUS DESIGN CORP,SR22,SR Series,1,2019,7,TX,2,US,20230915,20191122,20191017,4,1,V,
122AS,3391,2130001,CIRRUS DESIGN CORP,SR22,SR Series,1,2009,3,FL,7,US,20231128,20090610,20090226,4,1,V,
122BM,4459,2130001,CIRRUS DESIGN CORP,SR22,SR Series,1,2017,7,CA,4,US,20250702,20250702,20170316,4,1,V,
122CD,10860,2130001,CIRRUS DESIGN CORP,SR22,SR Series,1,2025,7,NY,1,US,20250925,20250925,20250817,4,1,V,
122CG,0098,2130001,CIRRUS DESIGN CORP,SR22,SR Series,1,2001,7,SC,7,US,20250327,20250327,20011008,4,1,V,
122CL,2108,2130001,CIRRUS DESIGN CORP,SR22,SR Series,1,2006,7,CO,S,US,20230818,20160715,20061118,4,1,V,
122CV,0450,2130001,CIRRUS DESIGN CORP,SR22,SR Series,1,2003,1,TN,3,US,20230527,20200617,20030318,4,1,V,
122D,0762,2130010,CIRRUS DESIGN CORP,SF50,Vision Jet,1,2026,7,MT,S,US,20260629,20260429,20260422,4,5,V,
122DR,1824,2130004,CIRRUS DESIGN CORP,SR22T,SR Series,1,2018,3,DE,1,US,20230519,20210610,20181127,4,1,V,
122DZ,1465,2130000,CIRRUS DESIGN CORP,SR20,SR Series,1,2004,1,IA,3,US,20251210,20200903,20040928,4,1,V,
122EC,10267,2130004,CIRRUS DESIGN CORP,SR22T,SR Series,1,2024,7,ID,S,US,20241130,20241130,20241013,4,1,V,
122EP,4138,2130001,CIRRUS DESIGN CORP,SR22,SR Series,1,2014,7,LA,2,US,20230915,20191118,20141022,4,1,V,
122ES,4188,2130001,CIRRUS DESIGN CORP,SR22,SR Series,1,2015,4,GA,7,US,20241127,20241121,20150331,4,1,V,
122FA,1452,2130000,CIRRUS DESIGN CORP,SR20,SR Series,1,2004,7,NH,E,US,20230710,20230710,20040818,4,1,V,
122G,0009,2130001,CIRRUS DESIGN CORP,SR22,SR Series,1,2001,1,AZ,4,US,20230310,20010612,20160928,4,1,V,
122GH,0175,2130001,CIRRUS DESIGN CORP,SR22,SR Series,1,2002,1,UT,S,US,20231209,20231209,20020321,4,1,V,
122HB,1762,2130001,CIRRUS DESIGN CORP,SR22,SR Series,1,,1,AZ,4,US,20250326,20230831,20060109,4,1,V,
122HD,4921,2130001,CIRRUS DESIGN CORP,SR22,SR Series,1,2020,7,CA,4,US,20230310,20200822,20200625,4,1,V,
122JK,0473,2130004,CIRRUS DESIGN CORP,SR22T,SR Series,1,2013,7,MT,S,US,20240801,20240801,20130318,4,1,V,
122JR,9060,2130004,CIRRUS DESIGN CORP,SR22T,SR Series,1,2023,1,NH,E,US,20230427,20230427,20230205,4,1,V,
122KM,0036,2130001,CIRRUS DESIGN CORP,SR22,SR Series,1,2001,3,CA,4,US,20230526,20180717,20010612,4,1,V,
122MB,8607,2130004,CIRRUS DESIGN CORP,SR22T,SR Series,1,2022,3,CA,4,US,20230915,20221119,20220428,4,1,V,
122MG,1250,2130001,CIRRUS DESIGN CORP,SR22,SR Series,1,2005,3,DE,1,US,20250428,20250428,20050104,4,1,V,
122MT,1856,2130004,CIRRUS DESIGN CORP,SR22T,SR Series,1,2019,7,OH,C,US,20250929,20250929,20190123,4,1,V,
122MX,2347,2130000,CIRRUS DESIGN CORP,SR20,SR Series,1,2017,7,WV,1,US,20260217,20260217,20240612,4,1,V,
122PB,2797,2130001,CIRRUS DESIGN CORP,SR22,SR Series,1,2007,3,UT,S,US,20240214,20240214,20071108,4,1,V,
122RS,3241,2130001,CIRRUS DESIGN CORP,SR22,SR Series,1,2008,7,AZ,4,US,20230720,20230720,20080828,4,1,V,
122SM,1658,2130004,CIRRUS DESIGN CORP,SR22T,SR Series,1,2018,7,DE,1,US,20230512,20180530,20180103,4,1,V,
122SP,11005,2130004,CIRRUS DESIGN CORP,SR22T,SR Series,1,2025,7,TX,2,US,20251209,20251209,20251018,4,1,V,
122SZ,1834,2130004,CIRRUS DESIGN CORP,SR22T,SR Series,1,2018,4,WY,S,US,20260316,20260316,20181218,4,1,V,
122VA,0163,2130004,CIRRUS DESIGN CORP,SR22T,SR Series,1,2011,1,LA,2,US,20230825,20190815,20110819,4,1,V,
122VS,4155,2130001,CIRRUS DESIGN CORP,SR22,SR Series,1,2014,7,FL,7,US,20240115,20240115,20141219,4,1,V,
122ZM,1760,2130004,CIRRUS DESIGN CORP,SR22T,SR Series,1,2018,7,IL,C,US,20230610,20180928,20180726,4,1,V,
122ZT,4882,2130001,CIRRUS DESIGN CORP,SR22,SR Series,1,2020,3,DE,1,US,20231007,20200211,20200206,4,1,V,
1231B,2166,2130004,CIRRUS DESIGN CORP,SR22T,SR Series,1,2020,4,MN,C,US,20260720,20260720,20200910,4,1,V,
123AN,1379,2130000,CIRRUS DESIGN CORP,SR20,SR Series,1,2003,3,WY,S,US,20260205,20260205,20031119,4,1,V,
123BM,3513,2130001,CIRRUS DESIGN CORP,SR22,SR Series,1,2009,7,CT,E,US,20251104,20251104,20090929,4,1,V,
123CG,1317,2130000,CIRRUS DESIGN CORP,SR20,SR Series,1,2003,7,WI,C,US,20240823,20240823,20030424,4,1,V,
123DH,2064,2130004,CIRRUS DESIGN CORP,SR22T,SR Series,1,2020,7,IA,3,US,20260215,20260215,20200130,4,1,V,
123DV,1313,2130001,CIRRUS DESIGN CORP,SR22,SR Series,1,2005,3,NV,4,US,20260127,20260127,20240613,4,1,V,
123ET,9990,2130000,CIRRUS DESIGN CORP,SR20,SR Series,1,2024,8,DE,1,US,20250724,20250724,20240602,4,1,V,
123FU,0385,2130004,CIRRUS DESIGN CORP,SR22T,SR Series,1,2012,7,AZ,4,US,20230616,20121023,20121002,4,1,V,
123HB,0510,2130001,CIRRUS DESIGN CORP,SR22,SR Series,1,2003,7,WY,S,US,20260521,20210528,20030408,4,1,V,
123KE,9613,2130004,CIRRUS DESIGN CORP,SR22T,SR Series,1,2023,1,FL,7,US,20240118,20240118,20231212,4,1,V,
123PC,2110,2130004,CIRRUS DESIGN CORP,SR22T,SR Series,1,2020,7,,,,20240717,20230926,20200519,4,1,V,
123VG,0383,2130001,CIRRUS DESIGN CORP,SR22,SR Series,1,2002,7,AR,2,US,20230407,20230407,20190808,4,1,V,
123VP,1914,2130004,CIRRUS DESIGN CORP,SR22T,SR Series,1,2019,3,WY,S,US,20260204,20260204,20190507,4,1,V,
123X,10327,2130004,CIRRUS DESIGN CORP,SR22T,SR Series,1,2024,7,WA,S,US,20250127,20250127,20241107,4,1,V,
123XA,10787,2130004,CIRRUS DESIGN CORP,SR22T,SR Series,1,2025,7,AZ,4,US,20251223,20250821,20250718,4,1,V,
123XC,0345,2130001,CIRRUS DESIGN CORP,SR22,SR Series,1,2002,7,IL,C,US,20230721,20061207,20021008,4,1,V,
123ZM,2348,2130000,CIRRUS DESIGN CORP,SR20,SR Series,1,2017,7,WA,S,US,20230308,20230308,20170316,4,1,V,
1244C,1953,2130004,CIRRUS DESIGN CORP,SR22T,SR Series,1,2019,1,DE,1,US,20230427,20230427,20190718,4,1,V,
1249C,1268,2130000,CIRRUS DESIGN CORP,SR20,SR Series,1,2003,7,WI,C,US,20230922,20050311,20030113,4,1,V,
124CB,1415,2130004,CIRRUS DESIGN CORP,SR22T,SR Series,1,2016,1,CA,4,US,20230909,20191023,20160810,4,1,V,
124CR,2003,2130000,CIRRUS DESIGN CORP,SR20,SR Series,1,,3,DE,1,US,20230610,20120907,,4,1,V,
124EC,1995,2130001,CIRRUS DESIGN CORP,SR22,SR Series,1,2006,7,LA,2,US,20231018,20060629,20060605,4,1,V,
124FB,8891,2130004,CIRRUS DESIGN CORP,SR22T,SR Series,1,2022,7,FL,7,US,20251212,20251212,20221019,4,1,V,
124JF,1251,2130001,CIRRUS DESIGN CORP,SR22,SR Series,1,2005,7,,,,20251120,20251120,20050105,4,1,V,
124JM,9865,2130004,CIRRUS DESIGN CORP,SR22T,SR Series,1,2024,4,TX,2,US,20260530,20260530,20240324,4,1,V,
124JW,10791,2130000,CIRRUS DESIGN CORP,SR20,SR Series,1,2025,7,TN,3,US,20250822,20250822,20250718,4,1,V,
124KG,0352,2130010,CIRRUS DESIGN CORP,SF50,Vision Jet,1,2022,7,FL,7,US,20240611,20220809,20220428,4,5,V,
124KW,1566,2130001,CIRRUS DESIGN CORP,SR22,SR Series,1,2005,3,DE,1,US,20230610,20180926,20050818,4,1,V,
124LZ,1125,2130004,CIRRUS DESIGN CORP,SR22T,SR Series,1,2015,3,CA,4,US,20230701,20211228,20150921,4,1,V,
124MB,10310,2130001,CIRRUS DESIGN CORP,SR22,SR Series,1,2024,7,CT,E,US,20250108,20250108,20241105,4,1,V,
124MW,0256,2130010,CIRRUS DESIGN CORP,SF50,Vision Jet,1,2021,1,TX,2,US,20240412,20240412,20210324,4,5,V,
124PK,10169,2130004,CIRRUS DESIGN CORP,SR22T,SR Series,1,2024,7,AL,7,US,20251030,20251030,20240830,4,1,V,
124RK,0989,2130004,CIRRUS DESIGN CORP,SR22T,SR Series,1,2015,7,AZ,4,US,20250316,20180823,20150225,4,1,V,
124RR,2745,2130000,CIRRUS DESIGN CORP,SR20,SR Series,1,2021,7,FL,7,US,20240313,20240313,20210817,4,1,V,
124SF,4621,2130001,CIRRUS DESIGN CORP,SR22,SR Series,1,2018,8,TN,3,US,20240131,20221015,20180326,4,1,V,
124SP,9554,2130001,CIRRUS DESIGN CORP,SR22,SR Series,1,2023,5,MN,C,US,20240110,20240110,20231127,4,1,V,
124TB,10556,2130001,CIRRUS DESIGN CORP,SR22,SR Series,1,2025,7,MI,C,US,20250509,20250509,20250317,4,1,V,
124TS,0205,2130010,CIRRUS DESIGN CORP,SF50,Vision Jet,1,2020,7,CO,S,US,20230310,20200810,20200608,4,5,V,
124VB,3762,2130001,CIRRUS DESIGN CORP,SR22,SR Series,1,2011,7,CA,4,US,20230515,20220909,20110620,4,1,V,
124VL,2224,2130000,CIRRUS DESIGN CORP,SR20,SR Series,1,2013,1,VA,1,US,20240319,20240318,20130313,4,1,V,
1256,1205,2130001,CIRRUS DESIGN CORP,SR22,SR Series,1,2004,1,OK,2,US,20260402,20260402,20041202,4,1,V,
125BR,1221,2130001,CIRRUS DESIGN CORP,SR22,SR Series,1,2004,7,FL,7,US,20230407,20201229,20041215,4,1,V,
125CA,9922,2130001,CIRRUS DESIGN CORP,SR22,SR Series,1,2024,7,LA,2,US,20251226,20251226,20240614,4,1,V,
125FD,9082,2130001,CIRRUS DESIGN CORP,SR22,SR Series,1,2023,7,LA,2,US,20250403,20250403,20230223,4,1,V,
125LC,0100,2130001,CIRRUS DESIGN CORP,SR22,SR Series,1,,7,GA,7,US,20230915,20221117,20011009,4,1,V,
125ME,0688,2130010,CIRRUS DESIGN CORP,SF50,Vision Jet,1,2025,7,WY,S,US,20250923,20250923,20250829,4,5,V,
125RL,2335,2130004,CIRRUS DESIGN CORP,SR22T,SR Series,1,2021,3,DE,1,US,20251201,20210610,20210527,4,1,V,
125SF,1593,2130000,CIRRUS DESIGN CORP,SR20,SR Series,1,2005,1,MA,E,US,20230902,20160915,20051212,4,1,V,
125TG,11747,2130004,CIRRUS DESIGN CORP,SR22T,SR Series,1,,8,MN,C,US,20260724,,,4,1,M,
125V,9198,2130000,CIRRUS DESIGN CORP,SR20,SR Series,1,2023,7,OK,2,US,20230626,20230626,20230420,4,1,V,
1265C,1291,2130000,CIRRUS DESIGN CORP,SR20,SR Series,1,2003,3,IL,C,US,20230707,20190115,20030216,4,1,V,
1268C,1283,2130000,CIRRUS DESIGN CORP,SR20,SR Series,1,2003,1,RI,E,US,20230818,20220709,20030211,4,1,V,
12690,11464,2130004,CIRRUS DESIGN CORP,SR22T,SR Series,1,,8,MN,C,US,20260305,,,4,1,M,
126AB,1036,2130001,CIRRUS DESIGN CORP,SR22,SR Series,1,2004,3,NY,1,US,20231007,20070206,20040805,4,1,V,
126CD,10672,2130000,CIRRUS DESIGN CORP,SR20,SR Series,1,2025,8,MN,C,US,20251211,20251211,20250528,4,1,V,
126GE,1796,2130001,CIRRUS DESIGN CORP,SR22,SR Series,1,2006,7,NY,1,US,20251002,20251002,20060201,4,1,V,
126MX,0119,2130004,CIRRUS DESIGN CORP,SR22T,SR Series,1,,1,CA,4,US,20260702,20260702,20110413,4,1,V,
12747,4680,2130001,CIRRUS DESIGN CORP,SR22,SR Series,1,2018,7,FL,7,US,20230322,20230322,20180820,4,1,V,
127BM,9543,2130004,CIRRUS DESIGN CORP,SR22T,SR Series,1,2023,7,UT,S,US,20240208,20240208,20231105,4,1,V,
127CA,9815,2130004,CIRRUS DESIGN CORP,SR22T,SR Series,1,2024,8,MN,C,US,20250204,20241001,20240229,4,1,V,
127CD,1027,2130000,CIRRUS DESIGN CORP,SR20,SR Series,1,2000,7,,,,20260417,20260312,20000331,4,1,V,
127DC,3802,2130001,CIRRUS DESIGN CORP,SR22,SR Series,1,2011,7,TN,3,US,20230401,20111109,20111017,4,1,V,
127DF,2096,2130004,CIRRUS DESIGN CORP,SR22T,SR Series,1,2020,7,TX,2,US,20240726,20240701,20200325,4,1,V,
127J,8946,2130004,CIRRUS DESIGN CORP,SR22T,SR Series,1,2022,7,GA,7,US,20230426,20230313,20221130,4,1,V,
127KA,0751,2130010,CIRRUS DESIGN CORP,SF50,Vision Jet,1,2026,7,GA,7,US,20260624,20260624,20260319,4,5,V,
127RH,9592,2130004,CIRRUS DESIGN CORP,SR22T,SR Series,1,2023,7,MT,S,US,20231220,20231220,20231210,4,1,V,
127RP,0785,2130004,CIRRUS DESIGN CORP,SR22T,SR Series,1,,7,KY,3,US,20230906,20230906,20140515,4,1,V,
127SK,0226,2130001,CIRRUS DESIGN CORP,SR22,SR Series,1,2002,3,OH,C,US,20230818,20220713,20020518,4,1,V,
127SW,9640,2130004,CIRRUS DESIGN CORP,SR22T,SR Series,1,2023,7,DE,1,US,20240121,20240121,20231223,4,1,V,
127TS,1679,2130004,CIRRUS DESIGN CORP,SR22T,SR Series,1,2018,7,PA,1,US,20250209,20250209,20180212,4,1,V,
127VT,0197,2130004,CIRRUS DESIGN CORP,SR22T,SR Series,1,2011,7,MT,S,US,20260215,20260215,20110823,4,1,V,
1281,1581,2130000,CIRRUS DESIGN CORP,SR20,SR Series,1,2005,7,MI,C,US,20250312,20250312,20051013,4,1,V,
1281F,9379,2130001,CIRRUS DESIGN CORP,SR22,SR Series,1,2023,7,NC,1,US,20240322,20240322,20230810,4,1,V,
1284C,1321,2130000,CIRRUS DESIGN CORP,SR20,SR Series,1,2003,1,FL,7,US,20260518,20260518,20030604,4,1,V,
1287C,1311,2130000,CIRRUS DESIGN CORP,SR20,SR Series,1,2003,3,DE,1,US,20231020,20040302,20030414,4,1,V,
128BV,2060,2130001,CIRRUS DESIGN CORP,SR22,SR Series,1,2006,1,WI,C,US,20230930,20230101,20060804,4,1,V,
128CD,1024,2130000,CIRRUS DESIGN CORP,SR20,SR Series,1,2000,7,MT,S,US,20230722,20220325,20000316,4,1,V,
128CW,3949,2130001,CIRRUS DESIGN CORP,SR22,SR Series,1,2013,4,DE,1,US,20241108,20181017,20130603,4,1,V,
128DB,1892,2130004,CIRRUS DESIGN CORP,SR22T,SR Series,1,2019,7,CA,4,US,20230407,20201208,20190402,4,1,V,
128FA,1470,2130000,CIRRUS DESIGN CORP,SR20,SR Series,1,2004,7,SC,7,US,20250819,20240824,20040929,4,1,V,
128FT,3116,2130001,CIRRUS DESIGN CORP,SR22,SR Series,1,2008,7,CO,S,US,20230505,20210408,20080707,4,1,V,
128JF,1316,2130000,CIRRUS DESIGN CORP,SR20,SR Series,1,2003,1,VA,1,US,20230304,20030612,20030417,4,1,V,
128PF,0218,2130001,CIRRUS DESIGN CORP,SR22,SR Series,1,2002,3,NM,2,US,20230122,20200508,20020508,4,1,V,
128PP,2043,2130004,CIRRUS DESIGN CORP,SR22T,SR Series,1,2019,4,MN,C,US,20231021,20231021,20191216,4,1,V,
128RE,11003,2130000,CIRRUS DESIGN CORP,SR20,SR Series,1,2025,7,TX,2,US,20251210,20251210,20251029,4,1,V,
128V,9974,2130000,CIRRUS DESIGN CORP,SR20,SR Series,1,2024,7,OK,2,US,20240717,20240717,20240601,4,1,V,
128W,10928,2130004,CIRRUS DESIGN CORP,SR22T,SR Series,1,,8,MT,S,US,20251212,20251212,,4,1,V,
128WC,2473,2130000,CIRRUS DESIGN CORP,SR20,SR Series,1,2019,7,TX,2,US,20250514,20250514,20190225,4,1,V,
1290C,0512,2130001,CIRRUS DESIGN CORP,SR22,SR Series,1,2003,7,NV,4,US,20250318,20250318,20030411,4,1,V,
1293C,0565,2130001,CIRRUS DESIGN CORP,SR22,SR Series,1,2003,7,TX,2,US,20250508,20250508,20030531,4,1,V,
1297L,0713,2130001,CIRRUS DESIGN CORP,SR22,SR Series,1,2003,7,VA,1,US,20240326,20221222,20031023,4,1,V,
129BC,0818,2130004,CIRRUS DESIGN CORP,SR22T,SR Series,1,,7,DE,1,US,20240906,20230516,20140723,4,1,V,
129CB,11171,2130004,CIRRUS DESIGN CORP,SR22T,SR Series,1,2026,7,FL,7,US,20260405,20260405,20260130,4,1,V,
129CD,11408,2130004,CIRRUS DESIGN CORP,SR22T,SR Series,1,2026,8,MN,C,US,20260327,,20260523,4,1,M,
129DM,1325,2130004,CIRRUS DESIGN CORP,SR22T,SR Series,1,2016,7,DE,1,US,20260226,20240711,20160502,4,1,V,
129GP,1366,2130001,CIRRUS DESIGN CORP,SR22,SR Series,1,2005,7,LA,2,US,20260526,20130709,20050323,4,1,V,
129J,9599,2130004,CIRRUS DESIGN CORP,SR22T,SR Series,1,2023,7,AZ,4,US,20240110,20240110,20231208,4,1,V,
129KA,0580,2130010,CIRRUS DESIGN CORP,SF50,Vision Jet,1,2024,7,GA,7,US,20260624,20241009,20240918,4,5,V,
129PL,0651,2130004,CIRRUS DESIGN CORP,SR22T,SR Series,1,2013,7,CA,4,US,20230603,20210825,20131115,4,1,V,
129SR,1884,2130001,CIRRUS DESIGN CORP,SR22,SR Series,1,,3,DE,1,US,20230701,20211229,,4,1,V,
129TJ,0712,2130004,CIRRUS DESIGN CORP,SR22T,SR Series,1,2014,7,WV,1,US,20231209,20231209,20140211,4,1,V,
12A,11431,2130004,CIRRUS DESIGN CORP,SR22T,SR Series,1,2026,8,MN,C,US,20260327,,20260522,4,1,M,
12AN,10051,2130000,CIRRUS DESIGN CORP,SR20,SR Series,1,2024,7,OK,2,US,20240917,20240917,20240731,4,1,V,
12CD,1890,2130000,CIRRUS DESIGN CORP,SR20,SR Series,1,2008,1,TX,2,US,20230512,20180517,20080115,4,1,V,
12CZ,10201,2130004,CIRRUS DESIGN CORP,SR22T,SR Series,1,2024,7,CA,4,US,20241211,20241211,20240919,4,1,V,
12EB,0185,2130010,CIRRUS DESIGN CORP,SF50,Vision Jet,1,2020,3,WY,S,US,20260128,20260126,20200303,4,5,V,
12ED,11420,2130001,CIRRUS DESIGN CORP,SR22,SR Series,1,2026,8,MN,C,US,20260319,,20260522,4,1,M,
12EN,10837,2130001,CIRRUS DESIGN CORP,SR22,SR Series,1,2025,4,VA,1,US,20250915,20250915,20250804,4,1,V,
12FZ,1670,2130000,CIRRUS DESIGN CORP,SR20,SR Series,1,2006,1,TX,2,US,20230421,20210223,20060614,4,1,V,
12GT,1438,2130004,CIRRUS DESIGN CORP,SR22T,SR Series,1,2016,7,PA,1,US,20230603,20210821,20160913,4,1,V,
12LC,3952,2130001,CIRRUS DESIGN CORP,SR22,SR Series,1,2013,7,MA,E,US,20230818,20130725,20130612,4,1,V,
12ND,11652,2130004,CIRRUS DESIGN CORP,SR22T,SR Series,1,,8,MN,C,US,20260731,,,4,1,M,
12PT,8544,2130001,CIRRUS DESIGN CORP,SR22,SR Series,1,2022,7,DE,1,US,20230403,20221101,20220302,4,1,V,
12TF,1336,2130004,CIRRUS DESIGN CORP,SR22T,SR Series,1,2016,7,NY,1,US,20230729,20230121,20160516,4,1,V,
12VJ,0299,2130010,CIRRUS DESIGN CORP,SF50,Vision Jet,1,2021,3,CA,4,US,20251023,20240424,20211006,4,5,V,
12WB,9981,2130001,CIRRUS DESIGN CORP,SR22,SR Series,1,2024,4,MO,3,US,20251021,20251021,20240612,4,1,V,
12ZG,2600,2130000,CIRRUS DESIGN CORP,SR20,SR Series,1,2020,7,UT,S,US,20260305,20260305,20200824,4,1,V,
12ZZ,0728,2130004,CIRRUS DESIGN CORP,SR22T,SR Series,1,2014,7,OR,S,US,20230922,20161201,20140228,4,1,V,
1303A,3712,2130001,CIRRUS DESIGN CORP,SR22,SR Series,1,,3,FL,7,US,20240424,20240424,20101228,4,1,V,
1303H,3945,2130001,CIRRUS DESIGN CORP,SR22,SR Series,1,2013,7,VA,1,US,20230414,20180108,20130520,4,1,V,
130MB,1516,2130000,CIRRUS DESIGN CORP,SR20,SR Series,1,2005,7,VA,1,US,20250301,20250301,20050510,4,1,V,
130MH,0235,2130010,CIRRUS DESIGN CORP,SF50,Vision Jet,1,2020,1,AZ,4,US,20230722,20220301,20201219,4,5,V,
130RG,4432,2130001,CIRRUS DESIGN CORP,SR22,SR Series,1,2016,3,TX,2,US,20251214,20251214,20161215,4,1,V,
130WM,0096,2130010,CIRRUS DESIGN CORP,SF50,Vision Jet,1,2019,7,DE,1,US,20260628,20260628,20190116,4,5,V,
1314C,0502,2130001,CIRRUS DESIGN CORP,SR22,SR Series,1,2003,4,OH,C,US,20230616,20061128,20030408,4,1,V,
131AM,2865,2130001,CIRRUS DESIGN CORP,SR22,SR Series,1,2007,4,TX,2,US,20230719,20230131,20071213,4,1,V,
131CD,1031,2130000,CIRRUS DESIGN CORP,SR20,SR Series,1,2000,3,WY,S,US,20260128,20260127,20000418,4,1,V,
131DX,2059,2130004,CIRRUS DESIGN CORP,SR22T,SR Series,1,2020,1,,,,20251103,20251103,20200122,4,1,V,
131EA,2239,2130001,CIRRUS DESIGN CORP,SR22,SR Series,1,2006,7,GA,7,US,20230623,20181116,20061109,4,1,V,
131EG,1248,2130000,CIRRUS DESIGN CORP,SR20,SR Series,1,2002,3,IL,C,US,20230929,20080403,20020920,4,1,V,
131HF,1525,2130004,CIRRUS DESIGN CORP,SR22T,SR Series,1,2017,7,DE,1,US,20260721,20260721,20170410,4,1,V,
131JK,11264,2130004,CIRRUS DESIGN CORP,SR22T,SR Series,1,2026,7,AR,2,US,20260523,20260523,20260314,4,1,V,
131KM,10657,2130001,CIRRUS DESIGN CORP,SR22,SR Series,1,2025,7,NJ,1,US,20250614,20250614,20250516,4,1,V,
131LT,0300,2130004,CIRRUS DESIGN CORP,SR22T,SR Series,1,2012,7,NM,2,US,20260411,20260411,20120229,4,1,V,
131MG,2830,2130001,CIRRUS DESIGN CORP,SR22,SR Series,1,2007,1,IL,C,US,20230818,20080107,20071128,4,1,V,
131SR,1887,2130001,CIRRUS DESIGN CORP,SR22,SR Series,1,2006,7,WY,S,US,20260518,20210427,20060403,4,1,V,
131TJ,3449,2130001,CIRRUS DESIGN CORP,SR22,SR Series,1,2009,7,WY,S,US,20230902,20160921,20090622,4,1,V,
131VA,10577,2130000,CIRRUS DESIGN CORP,SR20,SR Series,1,2025,3,UT,S,US,20250512,20250512,20250322,4,1,V,
1322L,0022,2130001,CIRRUS DESIGN CORP,SR22,SR Series,1,2001,4,TX,2,US,20230818,20060208,20010518,4,1,V,
1326C,2140,2130004,CIRRUS DESIGN CORP,SR22T,SR Series,1,2020,1,FL,7,US,20230317,20200917,20200721,4,1,V,
132CD,10703,2130004,CIRRUS DESIGN CORP,SR22T,SR Series,1,2025,8,UT,S,US,20250707,20250707,20250531,4,1,V,
132CP,1715,2130000,CIRRUS DESIGN CORP,SR20,SR Series,1,2006,7,TX,2,US,20230122,20200603,20060821,4,1,V,
132G,8913,2130004,CIRRUS DESIGN CORP,SR22T,SR Series,1,2022,1,WA,S,US,20230304,20230304,20221102,4,1,V,
132JM,10631,2130001,CIRRUS DESIGN CORP,SR22,SR Series,1,2025,3,UT,S,US,20250703,20250605,20250516,4,1,V,
132JS,9900,2130000,CIRRUS DESIGN CORP,SR20,SR Series,1,2024,7,MT,S,US,20240610,20240610,20240428,4,1,V,
132MD,10846,2130001,CIRRUS DESIGN CORP,SR22,SR Series,1,2025,3,FL,7,US,20250923,20250923,20250810,4,1,V,
132RF,0298,2130001,CIRRUS DESIGN CORP,SR22,SR Series,1,2002,1,NJ,1,US,20230627,20200617,20020815,4,1,V,
132RW,10362,2130004,CIRRUS DESIGN CORP,SR22T,SR Series,1,2024,7,MT,S,US,20250126,20250126,20241219,4,1,V,
132TD,10896,2130004,CIRRUS DESIGN CORP,SR22T,SR Series,1,2025,7,GA,7,US,20251208,20251006,20250911,4,1,V,
132TT,1196,2130000,CIRRUS DESIGN CORP,SR20,SR Series,1,2002,3,CA,4,US,20230401,20171114,20020523,4,1,V,
132V,10625,2130000,CIRRUS DESIGN CORP,SR20,SR Series,1,2025,7,OK,2,US,20250610,20250610,20250505,4,1,V,
132VA,10590,2130000,CIRRUS DESIGN CORP,SR20,SR Series,1,2025,1,IL,C,US,20250910,20250910,20250401,4,1,V,
132WW,8608,2130004,CIRRUS DESIGN CORP,SR22T,SR Series,1,2022,7,CA,4,US,20230315,20230315,20220414,4,1,V,
1333F,1715,2130001,CIRRUS DESIGN CORP,SR22,SR Series,1,2005,1,TX,2,US,20230922,20131211,20051205,4,1,V,
1336C,0483,2130001,CIRRUS DESIGN CORP,SR22,SR Series,1,2003,3,NC,1,US,20230122,20200604,20030314,4,1,V,
133CD,1025,2130000,CIRRUS DESIGN CORP,SR20,SR Series,1,2000,7,,8,DE,20241115,20241115,20000323,4,1,V,
133G,0135,2130004,CIRRUS DESIGN CORP,SR22T,SR Series,1,2011,7,DE,1,US,20250123,20240611,20110427,4,1,V,
133MC,2054,2130000,CIRRUS DESIGN CORP,SR20,SR Series,1,2010,3,MI,C,US,20230512,20210503,20100716,4,1,V,
1347C,0536,2130001,CIRRUS DESIGN CORP,SR22,SR Series,1,2003,3,VA,1,US,20230616,20031112,20030502,4,1,V,
134AJ,1511,2130001,CIRRUS DESIGN CORP,SR22,SR Series,1,2005,1,WA,S,US,20240318,20240318,20050706,4,1,V,
134CK,3690,2130001,CIRRUS DESIGN CORP,SR22,SR Series,1,2010,1,VA,1,US,20240602,20240602,20101117,4,1,V,
134PG,1935,2130000,CIRRUS DESIGN CORP,SR20,SR Series,1,2008,1,IL,C,US,20260630,,20080325,4,1,R,
134SR,1894,2130001,CIRRUS DESIGN CORP,SR22,SR Series,1,2006,1,FL,7,US,20231020,20060505,20060405,4,1,V,
134TC,4808,2130001,CIRRUS DESIGN CORP,SR22,SR Series,1,2019,7,OK,2,US,20230902,20190906,20190725,4,1,V,
1358C,0529,2130001,CIRRUS DESIGN CORP,SR22,SR Series,1,2003,2,ND,C,US,20250806,20250806,20030515,4,1,V,
135CD,11250,2130004,CIRRUS DESIGN CORP,SR22T,SR Series,1,2026,1,NV,4,US,20260610,,20260307,4,1,R,
135DT,2690,2130001,CIRRUS DESIGN CORP,SR22,SR Series,1,2007,7,UT,S,US,20240918,20240918,20070914,4,1,V,
135JS,9204,2130000,CIRRUS DESIGN CORP,SR20,SR Series,1,2023,7,IL,C,US,20230806,20230806,20230423,4,1,V,
135JT,11496,2130004,CIRRUS DESIGN CORP,SR22T,SR Series,1,,8,MN,C,US,20260303,,,4,1,M,
135KD,3452,2130001,CIRRUS DESIGN CORP,SR22,SR Series,1,2009,3,DE,1,US,20241211,20241211,20191204,4,1,V,
135MP,9615,2130001,CIRRUS DESIGN CORP,SR22,SR Series,1,2023,7,TX,2,US,20251010,20251010,20231220,4,1,V,
135RP,3586,2130001,CIRRUS DESIGN CORP,SR22,SR Series,1,,7,WY,S,US,20260518,20230421,20091221,4,1,V,
135SR,1898,2130001,CIRRUS DESIGN CORP,SR22,SR Series,1,2006,1,SC,7,US,20260112,20260112,20060410,4,1,V,
1360C,0518,2130001,CIRRUS DESIGN CORP,SR22,SR Series,1,2003,7,GA,7,US,20230122,20170512,20030419,4,1,V,
1368C,0538,2130001,CIRRUS DESIGN CORP,SR22,SR Series,1,2003,4,CA,4,US,20230414,20150129,20030503,4,1,V,
1368V,0394,2130010,CIRRUS DESIGN CORP,SF50,Vision Jet,1,2022,7,PA,1,US,20230223,20230223,20221020,4,5,V,
136AK,3510,2130001,CIRRUS DESIGN CORP,SR22,SR Series,1,2010,3,CA,4,US,20230520,20200414,20100517,4,1,V,
136AS,2237,2130004,CIRRUS DESIGN CORP,SR22T,SR Series,1,2020,7,WA,S,US,20240117,20240117,20201223,4,1,V,
136HH,4865,2130001,CIRRUS DESIGN CORP,SR22,SR Series,1,2019,8,MN,C,US,20240613,20240613,20191216,4,1,V,
136KA,0624,2130004,CIRRUS DESIGN CORP,SR22T,SR Series,1,2013,4,CA,4,US,20230818,20190722,20131015,4,1,V,
136M,8833,2130004,CIRRUS DESIGN CORP,SR22T,SR Series,1,2022,7,TX,2,US,20241130,20241130,20221001,4,1,V,
136RW,2064,2130000,CIRRUS DESIGN CORP,SR20,SR Series,1,2010,7,MT,S,US,20250924,20250924,20101130,4,1,V,
1372Z,0123,2130010,CIRRUS DESIGN CORP,SF50,Vision Jet,1,2019,7,AR,2,US,20230825,20190805,20190618,4,5,V,
1379C,0541,2130001,CIRRUS DESIGN CORP,SR22,SR Series,1,,7,TN,3,US,20250814,20250814,20030514,4,1,V,
137LU,1021,2130001,CIRRUS DESIGN CORP,SR22,SR Series,1,2004,3,OK,2,US,20230317,20110901,20040727,4,1,V,
137PE,0008,2130001,CIRRUS DESIGN CORP,SR22,SR Series,1,2001,7,CA,4,US,20230616,20051102,20010426,4,1,V,
137SR,1916,2130001,CIRRUS DESIGN CORP,SR22,SR Series,1,,1,IN,C,US,20260513,20260416,20060425,4,1,V,
137TM,2202,2130004,CIRRUS DESIGN CORP,SR22T,SR Series,1,2020,7,UT,S,US,20260601,20260601,20201112,4,1,V,
1382C,0534,2130001,CIRRUS DESIGN CORP,SR22,SR Series,1,2003,7,OK,2,US,20230407,20171206,20030509,4,1,V,
1383Z,2224,2130004,CIRRUS DESIGN CORP,SR22T,SR Series,1,2020,4,CA,4,US,20230428,20210309,20201214,4,1,V,
1384M,9178,2130004,CIRRUS DESIGN CORP,SR22T,SR Series,1,2023,7,FL,7,US,20260506,20240909,20230331,4,1,V,
138CD,11179,2130004,CIRRUS DESIGN CORP,SR22T,SR Series,1,2026,7,FL,7,US,20260425,20260425,20260131,4,1,V,
138CK,3492,2130001,CIRRUS DESIGN CORP,SR22,SR Series,1,2009,7,NC,1,US,20230411,20230118,20090807,4,1,V,
138CR,1584,2130001,CIRRUS DESIGN CORP,SR22,SR Series,1,2005,7,WY,S,US,20260524,20210522,20050831,4,1,V,
138LA,11499,2130004,CIRRUS DESIGN CORP,SR22T,SR Series,1,,8,MN,C,US,20260508,,,4,1,M,
138MC,4755,2130001,CIRRUS DESIGN CORP,SR22,SR Series,1,2019,7,MA,E,US,20240804,20230814,20190225,4,1,V,
138MF,1938,2130000,CIRRUS DESIGN CORP,SR20,SR Series,1,2008,7,FL,7,US,20241007,20241007,20170612,4,1,V,
139CD,0820,2130001,CIRRUS DESIGN CORP,SR22,SR Series,1,,8,MN,C,US,20260515,20240719,20041221,4,1,N,
139JM,2742,2130001,CIRRUS DESIGN CORP,SR22,SR Series,1,,7,DE,1,US,20230610,20210916,20110120,4,1,V,
139K,2338,2130000,CIRRUS DESIGN CORP,SR20,SR Series,1,2016,7,VA,1,US,20231013,20200302,20161116,4,1,V,
139LC,1769,2130004,CIRRUS DESIGN CORP,SR22T,SR Series,1,2018,3,,8,IE,20230628,20180917,20180816,4,1,V,
13AN,10064,2130000,CIRRUS DESIGN CORP,SR20,SR Series,1,2024,7,OK,2,US,20240913,20240913,20240707,4,1,V,
13BC,0140,2130010,CIRRUS DESIGN CORP,SF50,Vision Jet,1,2019,7,DE,1,US,20250917,20250917,20190826,4,5,V,
13ET,1633,2130004,CIRRUS DESIGN CORP,SR22T,SR Series,1,2017,7,WI,C,US,20230407,20171226,20171128,4,1,V,
13JA,0631,2130010,CIRRUS DESIGN CORP,SF50,Vision Jet,1,2025,7,FL,7,US,20250808,20250808,20250303,4,5,V,
13KH,10650,2130000,CIRRUS DESIGN CORP,SR20,SR Series,1,2025,7,CA,4,US,20260331,20250610,20250509,4,1,V,
13LJ,2135,2130004,CIRRUS DESIGN CORP,SR22T,SR Series,1,2020,7,TN,3,US,20230701,20211203,20211228,4,1,V,
13LX,0749,2130010,CIRRUS DESIGN CORP,SF50,Vision Jet,1,2026,7,NE,3,US,20260324,20260324,20260316,4,5,V,
13ME,10661,2130004,CIRRUS DESIGN CORP,SR22T,SR Series,1,2025,7,TX,2,US,20250708,20250708,20250511,4,1,V,
13ML,2573,2130001,CIRRUS DESIGN CORP,SR22,SR Series,1,2007,7,TN,3,US,20230122,20140618,20070619,4,1,V,
13MY,2778,2130000,CIRRUS DESIGN CORP,SR20,SR Series,1,2021,3,UT,S,US,20230930,20230117,20211029,4,1,V,
13PY,3872,2130001,CIRRUS DESIGN CORP,SR22,SR Series,1,2012,1,FL,7,US,20230610,20120918,20120917,4,1,V,
13QA,2099,2130004,CIRRUS DESIGN CORP,SR22T,SR Series,1,2020,7,CA,4,US,20230315,20230315,20200322,4,1,V,
13UR,11039,2130004,CIRRUS DESIGN CORP,SR22T,SR Series,1,2025,7,,8,DE,20260729,20260729,20251107,4,1,V,
13VE,0068,2130010,CIRRUS DESIGN CORP,SF50,Vision Jet,1,2018,7,AZ,4,US,20251007,20251007,20180807,4,5,V,
13VJ,0296,2130010,CIRRUS DESIGN CORP,SF50,Vision Jet,1,2021,1,TX,2,US,20250319,20241003,20210924,4,5,V,
1403C,0519,2130001,CIRRUS DESIGN CORP,SR22,SR Series,1,2003,1,CA,4,US,20231020,20070524,20030425,4,1,V,
1408W,4243,2130001,CIRRUS DESIGN CORP,SR22,SR Series,1,2015,7,CA,4,US,20230818,20190718,20150901,4,1,V,
1408X,0051,2130010,CIRRUS DESIGN CORP,SF50,Vision Jet,1,2018,7,FL,7,US,20241223,20180628,20180510,4,5,V,
140AF,1709,2130000,CIRRUS DESIGN CORP,SR20,SR Series,1,2006,5,MI,C,US,20230512,20200415,20060817,4,1,V,
140BV,3780,2130001,CIRRUS DESIGN CORP,SR22,SR Series,1,2011,3,FL,7,US,20230506,20230506,20110805,4,1,V,
140CD,1023,2130000,CIRRUS DESIGN CORP,SR20,SR Series,1,2001,8,TN,3,US,20260515,20220131,20230113,4,1,N,
140DK,2029,2130000,CIRRUS DESIGN CORP,SR20,SR Series,1,2009,7,NY,1,US,20230721,20130327,20090827,4,1,V,
1416C,1198,2130004,CIRRUS DESIGN CORP,SR22T,SR Series,1,2015,4,PA,1,US,20230811,20160616,20151211,4,1,V,
1416R,4975,2130001,CIRRUS DESIGN CORP,SR22,SR Series,1,2020,7,VA,1,US,20230421,20210212,20201123,4,1,V,
141EC,2556,2130001,CIRRUS DESIGN CORP,SR22,SR Series,1,2007,3,TX,2,US,20230526,20210731,20081226,4,1,V,
141HT,2219,2130001,CIRRUS DESIGN CORP,SR22,SR Series,1,2006,7,MI,C,US,20240113,20240113,20061117,4,1,V,
141JW,0058,2130004,CIRRUS DESIGN CORP,SR22T,SR Series,1,2010,1,MS,2,US,20231020,20140403,20101214,4,1,V,
141KJ,0832,2130004,CIRRUS DESIGN CORP,SR22T,SR Series,1,2014,3,DE,1,US,20250710,20250710,20140730,4,1,V,
141KT,8537,2130004,CIRRUS DESIGN CORP,SR22T,SR Series,1,2022,7,NC,1,US,20230825,20220818,20220228,4,1,V,
141PG,1921,2130000,CIRRUS DESIGN CORP,SR20,SR Series,1,2008,1,CA,4,US,20230526,20180717,20080225,4,1,V,
1423C,1318,2130000,CIRRUS DESIGN CORP,SR20,SR Series,1,2003,1,MI,C,US,20230324,20030709,20030512,4,1,V,
142BK,11508,2130001,CIRRUS DESIGN CORP,SR22,SR Series,1,,3,DE,1,US,20260804,20260804,,4,1,V,
142C,4714,2130001,CIRRUS DESIGN CORP,SR22,SR Series,1,2018,7,AR,2,US,20250201,20250201,20181024,4,1,V,
142CW,1911,2130001,CIRRUS DESIGN CORP,SR22,SR Series,1,2006,3,MO,3,US,20231020,20140402,20060420,4,1,V,
142D,4587,2130001,CIRRUS DESIGN CORP,SR22,SR Series,1,2017,8,TN,3,US,20230406,20220111,20171109,4,1,V,
142DB,1894,2130004,CIRRUS DESIGN CORP,SR22T,SR Series,1,2019,7,TN,3,US,20231224,20200305,20190328,4,1,V,
142JM,0334,2130010,CIRRUS DESIGN CORP,SF50,Vision Jet,1,2022,7,FL,7,US,20230825,20220826,20220120,4,5,V,
142P,10220,2130004,CIRRUS DESIGN CORP,SR22T,SR Series,1,2024,7,OH,C,US,20241010,20241010,20240925,4,1,V,
142RD,10361,2130004,CIRRUS DESIGN CORP,SR22T,SR Series,1,2024,7,FL,7,US,20250114,20250114,20241213,4,1,V,
142SF,1527,2130000,CIRRUS DESIGN CORP,SR20,SR Series,1,,7,AZ,4,US,20230908,20230908,20050607,4,1,V,
142WA,9788,2130004,CIRRUS DESIGN CORP,SR22T,SR Series,1,2024,7,AR,2,US,20240324,20240319,20240223,4,1,V,
1432C,1332,2130000,CIRRUS DESIGN CORP,SR20,SR Series,1,2003,3,TN,3,US,20230405,20230405,20030524,4,1,V,
1439,9266,2130004,CIRRUS DESIGN CORP,SR22T,SR Series,1,2023,7,NH,E,US,20230909,20230909,20230601,4,1,V,
143C,3224,2130001,CIRRUS DESIGN CORP,SR22,SR Series,1,2008,7,FL,7,US,20240814,20240119,20080827,4,1,V,
143CD,11353,2130000,CIRRUS DESIGN CORP,SR20,SR Series,1,2026,8,MN,C,US,20260224,,20260426,4,1,M,
143FL,11180,2130004,CIRRUS DESIGN CORP,SR22T,SR Series,1,2026,7,MI,C,US,20260407,20260407,20260129,4,1,V,
143MD,10440,2130004,CIRRUS DESIGN CORP,SR22T,SR Series,1,2025,7,FL,7,US,20250715,20250715,20250125,4,1,V,
143PM,2085,2130004,CIRRUS DESIGN CORP,SR22T,SR Series,1,2020,7,CA,4,US,20251130,20251130,20200316,4,1,V,
143RJ,1276,2130000,CIRRUS DESIGN CORP,SR20,SR Series,1,2003,7,MO,3,US,20230701,20211220,20030211,4,1,V,
143RS,2219,2130004,CIRRUS DESIGN CORP,SR22T,SR Series,1,2020,7,FL,7,US,20230428,20210305,20201210,4,1,V,
143SB,2219,2130000,CIRRUS DESIGN CORP,SR20,SR Series,1,2012,7,,,,20230328,20210510,20121217,4,1,V,
143SG,11514,2130004,CIRRUS DESIGN CORP,SR22T,SR Series,1,,8,MN,C,US,20260422,,,4,1,M,
143TE,1884,2130000,CIRRUS DESIGN CORP,SR20,SR Series,1,2007,1,,,,20230922,20161223,20071126,4,1,V,
143WW,1734,2130004,CIRRUS DESIGN CORP,SR22T,SR Series,1,2018,1,CO,S,US,20240324,20240324,20180425,4,1,V,
1446C,0480,2130001,CIRRUS DESIGN CORP,SR22,SR Series,1,2003,7,MA,E,US,20230616,20181022,20030315,4,1,V,
1447C,0498,2130001,CIRRUS DESIGN CORP,SR22,SR Series,1,2003,7,DE,1,US,20230603,20210816,20030329,4,1,V,
144TE,2507,2130001,CIRRUS DESIGN CORP,SR22,SR Series,1,2007,7,IL,C,US,20230526,20070912,20070530,4,1,V,
1457C,0547,2130001,CIRRUS DESIGN CORP,SR22,SR Series,1,2003,3,AL,7,US,20230122,20140507,20030528,4,1,V,
145AJ,2082,2130001,CIRRUS DESIGN CORP,SR22,SR Series,1,2006,4,WA,S,US,20230211,20230211,20060829,4,1,V,
145AW,1402,2130000,CIRRUS DESIGN CORP,SR20,SR Series,1,2004,1,OH,C,US,20260314,20260314,20040203,4,1,V,
145CD,1020,2130000,CIRRUS DESIGN CORP,SR20,SR Series,1,,1,NY,1,US,20240702,20240702,,4,1,V,
145EJ,3383,2130001,CIRRUS DESIGN CORP,SR22,SR Series,1,,1,MA,E,US,20230728,20220430,20090528,4,1,V,
145PG,1916,2130000,CIRRUS DESIGN CORP,SR20,SR Series,1,2008,1,RI,E,US,20230825,20130820,20080219,4,1,V,
145SR,9010,2130001,CIRRUS DESIGN CORP,SR22,SR Series,1,2022,7,AR,2,US,20230329,20230329,20221227,4,1,V,
1463C,1356,2130000,CIRRUS DESIGN CORP,SR20,SR Series,1,2003,1,CA,4,US,20230929,20110126,20030924,4,1,V,
1468C,0574,2130001,CIRRUS DESIGN CORP,SR22,SR Series,1,2003,1,WY,S,US,20260215,20260215,20030610,4,1,V,
146AF,8727,2130001,CIRRUS DESIGN CORP,SR22,SR Series,1,,7,SC,7,US,20260303,20230123,,4,1,V,
146DM,10233,2130001,CIRRUS DESIGN CORP,SR22,SR Series,1,2024,7,WY,S,US,20260518,20241028,20241005,4,1,V,
146GS,2393,2130001,CIRRUS DESIGN CORP,SR22,SR Series,1,2007,7,SC,7,US,20230902,20220908,20070307,4,1,V,
146JJ,1265,2130000,CIRRUS DESIGN CORP,SR20,SR Series,1,2002,7,WY,S,US,20260518,20220801,20020930,4,1,V,
146SB,2574,2130001,CIRRUS DESIGN CORP,SR22,SR Series,1,2007,7,VA,1,US,20251202,20220202,20070621,4,1,V,
146WT,0324,2130001,CIRRUS DESIGN CORP,SR22,SR Series,1,2002,7,NE,3,US,20250407,20250407,20250507,4,1,V,
147GT,1069,2130001,CIRRUS DESIGN CORP,SR22,SR Series,1,2004,7,LA,2,US,20251023,20251023,20040902,4,1,V,
147KB,1869,2130001,CIRRUS DESIGN CORP,SR22,SR Series,1,2006,3,DE,1,US,20260113,20260113,20060322,4,1,V,
147LD,0937,2130001,CIRRUS DESIGN CORP,SR22,SR Series,1,2004,3,DE,1,US,20230804,20190524,20040517,4,1,V,
147LK,1687,2130001,CIRRUS DESIGN CORP,SR22,SR Series,1,2005,3,WY,S,US,20260205,20260205,20051123,4,1,V,
147MD,10839,2130001,CIRRUS DESIGN CORP,SR22,SR Series,1,2025,7,FL,7,US,20251223,20250822,20250809,4,1,V,
147PB,1291,2130001,CIRRUS DESIGN CORP,SR22,SR Series,1,2005,3,DE,1,US,20230804,20220514,20050127,4,1,V,
147PG,1918,2130000,CIRRUS DESIGN CORP,SR20,SR Series,1,2008,3,MN,C,US,20230222,20230222,20080220,4,1,V,
147S,8699,2130000,CIRRUS DESIGN CORP,SR20,SR Series,1,2022,7,OH,C,US,20230929,20230117,20220712,4,1,V,
147VC,0689,2130001,CIRRUS DESIGN CORP,SR22,SR Series,1,2003,3,DE,1,US,20250908,20250908,20030924,4,1,V,
147WL,1454,2130001,CIRRUS DESIGN CORP,SR22,SR Series,1,2005,7,CA,4,US,20230915,20100126,20050523,4,1,V,
1487C,0571,2130001,CIRRUS DESIGN CORP,SR22,SR Series,1,2003,1,TX,2,US,20230922,20191212,20030604,4,1,V,
148BD,0369,2130004,CIRRUS DESIGN CORP,SR22T,SR Series,1,,7,CO,S,US,20250702,20250702,20120917,4,1,V,
148CD,1044,2130000,CIRRUS DESIGN CORP,SR20,SR Series,1,2000,3,OK,2,US,20230804,20190506,20000616,4,1,V,
148CP,1994,2130004,CIRRUS DESIGN CORP,SR22T,SR Series,1,2019,1,OH,C,US,20240829,20240829,20190925,4,1,V,
148CZ,3888,2130001,CIRRUS DESIGN CORP,SR22,SR Series,1,2012,7,CA,4,US,20230804,20220514,20121101,4,1,V,
148LC,0048,2130004,CIRRUS DESIGN CORP,SR22T,SR Series,1,2010,7,NC,1,US,20260221,20240510,20101230,4,1,V,
148MB,10291,2130001,CIRRUS DESIGN CORP,SR22,SR Series,1,2024,1,NJ,1,US,20241123,20241123,20241030,4,1,V,
148MD,1480,2130004,CIRRUS DESIGN CORP,SR22T,SR Series,1,2017,7,GA,7,US,20251027,20251027,20170110,4,1,V,
148SW,0987,2130001,CIRRUS DESIGN CORP,SR22,SR Series,1,2004,1,TN,3,US,20260401,20260401,20040622,4,1,V,
148TS,1451,2130001,CIRRUS DESIGN CORP,SR22,SR Series,1,2005,7,SC,7,US,20230530,20230530,20050520,4,1,V,
1490C,0507,2130001,CIRRUS DESIGN CORP,SR22,SR Series,1,2003,7,IL,C,US,20230924,20230924,20030412,4,1,V,
1492C,0567,2130001,CIRRUS DESIGN CORP,SR22,SR Series,1,2003,7,IN,C,US,20230909,20221027,20030603,4,1,V,
1495T,11029,2130004,CIRRUS DESIGN CORP,SR22T,SR Series,1,2025,7,MD,1,US,20251218,20251218,20251105,4,1,V,
149CK,3388,2130001,CIRRUS DESIGN CORP,SR22,SR Series,1,2009,7,WY,S,US,20260518,20211129,20090715,4,1,V,
149D,0835,2130001,CIRRUS DESIGN CORP,SR22,SR Series,1,2004,1,MD,1,US,20250401,20230510,20211102,4,1,V,
149VB,0097,2130010,CIRRUS DESIGN CORP,SF50,Vision Jet,1,2019,7,FL,7,US,20250220,20250220,20190926,4,5,V,
14AN,10065,2130000,CIRRUS DESIGN CORP,SR20,SR Series,1,2024,7,OK,2,US,20240913,20240913,20240716,4,1,V,
14BW,0547,2130010,CIRRUS DESIGN CORP,SF50,Vision Jet,1,2024,7,NC,1,US,20250709,20240705,20240426,4,5,V,
14DH,3000,2130001,CIRRUS DESIGN CORP,SR22,SR Series,1,2008,1,WA,S,US,20240321,20240320,20080416,4,1,V,
14JT,0129,2130010,CIRRUS DESIGN CORP,SF50,Vision Jet,1,2019,7,OK,2,US,20241022,20230418,20190712,4,5,V,
14KE,3252,2130001,CIRRUS DESIGN CORP,SR22,SR Series,1,2008,7,AZ,4,US,20230930,20200131,20080910,4,1,V,
14MK,1801,2130001,CIRRUS DESIGN CORP,SR22,SR Series,1,2006,1,NH,E,US,20260605,20260605,20120608,4,1,V,
14MS,11592,2130000,CIRRUS DESIGN CORP,SR20,SR Series,1,,8,MN,C,US,20260608,,,4,1,M,
14PG,1852,2130004,CIRRUS DESIGN CORP,SR22T,SR Series,1,2019,7,TX,2,US,20230706,20230706,20190116,4,1,V,
14SU,2360,2130000,CIRRUS DESIGN CORP,SR20,SR Series,1,2017,5,UT,S,US,20231013,20200306,20170627,4,1,V,
14VH,1115,2130000,CIRRUS DESIGN CORP,SR20,SR Series,1,2001,7,WY,S,US,20260518,20220816,20010123,4,1,V,
14VJ,0218,2130010,CIRRUS DESIGN CORP,SF50,Vision Jet,1,2020,7,DE,1,US,20230401,20201103,20200812,4,5,V,
14WH,3109,2130001,CIRRUS DESIGN CORP,SR22,SR Series,1,,7,AZ,4,US,20230603,20210805,20080630,4,1,V,
14WK,1758,2130000,CIRRUS DESIGN CORP,SR20,SR Series,1,2006,7,MT,S,US,20241003,20241003,20061121,4,1,V,
1501C,0528,2130001,CIRRUS DESIGN CORP,SR22,SR Series,1,2003,7,UT,S,US,20250128,20250128,20030507,4,1,V,
1508K,0042,2130004,CIRRUS DESIGN CORP,SR22T,SR Series,1,2010,7,NY,1,US,20230804,20220527,20101029,4,1,V,
150BH,0255,2130010,CIRRUS DESIGN CORP,SF50,Vision Jet,1,2021,3,FL,7,US,20230519,20210629,20210323,4,5,V,
150G,10723,2130004,CIRRUS DESIGN CORP,SR22T,SR Series,1,2025,7,GA,7,US,20250707,20250707,20250605,4,1,V,
150SA,1863,2130000,CIRRUS DESIGN CORP,SR20,SR Series,1,2007,7,FL,7,US,20260424,20200928,20071008,4,1,V,
150ZZ,2609,2130001,CIRRUS DESIGN CORP,SR22,SR Series,1,2007,3,,8,GB,20250826,20250826,20070717,4,1,V,
151AL,11110,2130004,CIRRUS DESIGN CORP,SR22T,SR Series,1,2025,3,DE,1,US,20260113,20260113,20251210,4,1,V,
151CG,0344,2130001,CIRRUS DESIGN CORP,SR22,SR Series,1,2002,3,DE,1,US,20231007,20170217,20021008,4,1,V,
151JC,11027,2130004,CIRRUS DESIGN CORP,SR22T,SR Series,1,2025,8,MA,E,US,20251215,20251215,20251101,4,1,V,
151SR,2151,2130001,CIRRUS DESIGN CORP,SR22,SR Series,1,2006,7,CO,S,US,20241213,,20060926,4,1,V,
151TC,2120,2130004,CIRRUS DESIGN CORP,SR22T,SR Series,1,2020,7,GA,7,US,20240802,20200720,20200603,4,1,V,
1527C,0564,2130001,CIRRUS DESIGN CORP,SR22,SR Series,1,2003,7,IA,3,US,20230915,20191105,20030531,4,1,V,
152CD,2894,2130001,CIRRUS DESIGN CORP,SR22,SR Series,1,2007,7,AL,7,US,20230922,20191231,20071227,4,1,V,
152JT,0751,2130004,CIRRUS DESIGN CORP,SR22T,SR Series,1,2014,7,NC,1,US,20230804,20190517,20140331,4,1,V,
152SB,1146,2130001,CIRRUS DESIGN CORP,SR22,SR Series,1,2004,4,AR,2,US,20230922,20221207,20041029,4,1,V,
152SD,3304,2130001,CIRRUS DESIGN CORP,SR22,SR Series,1,2008,4,PA,1,US,20240610,20240610,20081014,4,1,V,
152SR,1940,2130001,CIRRUS DESIGN CORP,SR22,SR Series,1,2006,1,NE,3,US,20240627,20240627,20060507,4,1,V,
152TC,0959,2130001,CIRRUS DESIGN CORP,SR22,SR Series,1,,7,TN,3,US,20260423,20260423,20040603,4,1,V,
152WK,1436,2130001,CIRRUS DESIGN CORP,SR22,SR Series,1,2005,1,RI,E,US,20240516,20240516,20050511,4,1,V,
15317,2444,2130004,CIRRUS DESIGN CORP,SR22T,SR Series,1,2021,7,TX,2,US,20230922,20230921,20211124,4,1,V,
1531C,0568,2130001,CIRRUS DESIGN CORP,SR22,SR Series,1,,7,OH,C,US,20240420,20240420,20030530,4,1,V,
1539C,0545,2130001,CIRRUS DESIGN CORP,SR22,SR Series,1,2003,1,OR,S,US,20230401,20201121,20030508,4,1,V,
153BW,1997,2130001,CIRRUS DESIGN CORP,SR22,SR Series,1,2006,7,AL,7,US,20230603,20120822,20060605,4,1,V,
153CD,1052,2130000,CIRRUS DESIGN CORP,SR20,SR Series,1,2000,3,NV,4,US,20230122,20200507,20000722,4,1,V,
153CK,3451,2130001,CIRRUS DESIGN CORP,SR22,SR Series,1,2009,1,FL,7,US,20230728,20220421,20090706,4,1,V,
153E,2415,2130001,CIRRUS DESIGN CORP,SR22,SR Series,1,2007,7,,8,DE,20230621,20230621,20070319,4,1,V,
153JS,8788,2130000,CIRRUS DESIGN CORP,SR20,SR Series,1,2022,1,GA,7,US,20260411,,20220826,4,1,R,
153SR,1962,2130001,CIRRUS DESIGN CORP,SR22,SR Series,1,2006,3,OK,2,US,20230901,20110829,20060516,4,1,V,
1540C,1518,2130001,CIRRUS DESIGN CORP,SR22,SR Series,1,2005,3,UT,S,US,20230818,20130708,20050708,4,1,V,
1547C,0573,2130001,CIRRUS DESIGN CORP,SR22,SR Series,1,2003,1,TX,2,US,20230902,20220916,20030606,4,1,V,
1549H,4030,2130001,CIRRUS DESIGN CORP,SR22,SR Series,1,,7,NC,1,US,20230401,20201104,20131224,4,1,V,
154CR,1273,2130004,CIRRUS DESIGN CORP,SR22T,SR Series,1,2016,7,CA,4,US,20230825,20190821,20160317,4,1,V,
154CS,0915,2130001,CIRRUS DESIGN CORP,SR22,SR Series,1,2004,7,NY,1,US,20230304,20050613,20040429,4,1,V,
154JN,0126,2130001,CIRRUS DESIGN CORP,SR22,SR Series,1,2001,3,FL,7,US,20230825,20220816,20011211,4,1,V,
154LS,1240,2130001,CIRRUS DESIGN CORP,SR22,SR Series,1,2004,1,TX,2,US,20230930,20200108,20041221,4,1,V,
154S,10517,2130000,CIRRUS DESIGN CORP,SR20,SR Series,1,2025,7,NC,1,US,20250326,20250326,20250305,4,1,V,
154SD,1197,2130000,CIRRUS DESIGN CORP,SR20,SR Series,1,2002,1,FL,7,US,20231020,20110420,20020515,4,1,V,
154WF,1638,2130000,CIRRUS DESIGN CORP,SR20,SR Series,1,2006,5,MI,C,US,20230512,20200415,20060321,4,1,V,
154WP,1954,2130004,CIRRUS DESIGN CORP,SR22T,SR Series,1,2019,7,TX,2,US,20260516,20260516,20190718,4,1,V,
155AJ,2439,2130001,CIRRUS DESIGN CORP,SR22,SR Series,1,2007,3,,8,AT,20230811,20220615,20070414,4,1,V,
155CD,1058,2130000,CIRRUS DESIGN CORP,SR20,SR Series,1,2000,1,AR,2,US,20230222,20230222,20000815,4,1,V,
155HR,2971,2130001,CIRRUS DESIGN CORP,SR22,SR Series,1,,3,OK,2,US,20230701,20151212,,4,1,V,
155KM,0027,2130004,CIRRUS DESIGN CORP,SR22T,SR Series,1,2010,1,CA,4,US,20230122,20200505,20100916,4,1,V,
155MV,1101,2130004,CIRRUS DESIGN CORP,SR22T,SR Series,1,2015,7,ME,E,US,20240307,20240307,20150930,4,1,V,
155SG,0160,2130010,CIRRUS DESIGN CORP,SF50,Vision Jet,1,2019,7,GA,7,US,20231029,20231029,20191108,4,5,V,
155SR,1924,2130001,CIRRUS DESIGN CORP,SR22,SR Series,1,2006,1,OR,S,US,20230623,20121106,20060427,4,1,V,
155TH,1965,2130001,CIRRUS DESIGN CORP,SR22,SR Series,1,2006,7,TN,3,US,20230324,20100609,20060516,4,1,V,
155VJ,0155,2130010,CIRRUS DESIGN CORP,SF50,Vision Jet,1,2019,7,DE,1,US,20230819,20210727,20191023,4,5,V,
156AK,1609,2130004,CIRRUS DESIGN CORP,SR22T,SR Series,1,2017,7,DE,1,US,20260612,20260612,20170929,4,1,V,
156CD,11354,2130000,CIRRUS DESIGN CORP,SR20,SR Series,1,2026,8,MN,C,US,20260224,,20260425,4,1,M,
156CS,1685,2130000,CIRRUS DESIGN CORP,SR20,SR Series,1,2006,5,MI,C,US,20230512,20200415,20060711,4,1,V,
156KT,1624,2130000,CIRRUS DESIGN CORP,SR20,SR Series,1,2006,7,GA,7,US,20250617,20250414,20060214,4,1,V,
1570C,0569,2130001,CIRRUS DESIGN CORP,SR22,SR Series,1,2003,4,SC,7,US,20260216,20260216,20030604,4,1,V,
157AT,4157,2130001,CIRRUS DESIGN CORP,SR22,SR Series,1,2014,4,CA,4,US,20230512,20210519,20141219,4,1,V,
157CD,1061,2130000,CIRRUS DESIGN CORP,SR20,SR Series,1,2000,7,NV,4,US,20240814,20240814,20000826,4,1,V,
157D,10402,2130004,CIRRUS DESIGN CORP,SR22T,SR Series,1,2025,7,CA,4,US,20250214,20250214,20250102,4,1,V,
157ES,4386,2130001,CIRRUS DESIGN CORP,SR22,SR Series,1,2016,3,DE,1,US,20230902,20160906,20160906,4,1,V,
157JH,4873,2130001,CIRRUS DESIGN CORP,SR22,SR Series,1,2019,7,AR,2,US,20230930,20200124,20191219,4,1,V,
157PG,11064,2130004,CIRRUS DESIGN CORP,SR22T,SR Series,1,2025,7,MT,S,US,20260117,20260117,20251122,4,1,V,
157SR,9024,2130001,CIRRUS DESIGN CORP,SR22,SR Series,1,2022,7,OR,S,US,20260811,20250520,20221228,4,1,V,
157TX,1669,2130001,CIRRUS DESIGN CORP,SR22,SR Series,1,2005,1,TX,2,US,20230505,20150420,20051102,4,1,V,
157V,1472,2130001,CIRRUS DESIGN CORP,SR22,SR Series,1,2005,7,TX,2,US,20250319,20150202,20050610,4,1,V,
157WF,1392,2130004,CIRRUS DESIGN CORP,SR22T,SR Series,1,2016,7,DE,1,US,20230421,20210211,20160720,4,1,V,
158B,2831,2130001,CIRRUS DESIGN CORP,SR22,SR Series,1,2007,7,ME,E,US,20230122,20170525,20071128,4,1,V,
158CD,11269,2130000,CIRRUS DESIGN CORP,SR20,SR Series,1,2026,7,KS,3,US,20260602,20260602,20260315,4,1,V,
159CD,1063,2130000,CIRRUS DESIGN CORP,SR20,SR Series,1,,7,GA,7,US,20240531,20240531,20000831,4,1,V,
159CS,3410,2130001,CIRRUS DESIGN CORP,SR22,SR Series,1,2009,3,UT,S,US,20230122,20140520,20090916,4,1,V,
159HA,1459,2130001,CIRRUS DESIGN CORP,SR22,SR Series,1,2005,7,TN,3,US,20251105,20251105,20050524,4,1,V,
159PG,1943,2130000,CIRRUS DESIGN CORP,SR20,SR Series,1,2008,3,MN,C,US,20230222,20230222,20080331,4,1,V,
159SR,2170,2130001,CIRRUS DESIGN CORP,SR22,SR Series,1,2006,4,CA,4,US,20260311,20260311,20061004,4,1,V,
15BM,3300,2130001,CIRRUS DESIGN CORP,SR22,SR Series,1,2008,7,CA,4,US,20250914,20250914,20081009,4,1,V,
15C,0601,2130010,CIRRUS DESIGN CORP,SF50,Vision Jet,1,2024,7,AR,2,US,20241214,20241214,20241122,4,5,V,
15CX,0451,2130001,CIRRUS DESIGN CORP,SR22,SR Series,1,2003,4,IL,C,US,20230722,20190315,20030316,4,1,V,
15DD,11478,2130001,CIRRUS DESIGN CORP,SR22,SR Series,1,,8,MN,C,US,20260420,,,4,1,M,
15DR,0394,2130001,CIRRUS DESIGN CORP,SR22,SR Series,1,2002,3,VA,1,US,20230707,20021231,20021116,4,1,V,
15EU,11379,2130004,CIRRUS DESIGN CORP,SR22T,SR Series,1,2026,8,MN,C,US,20260127,,20260516,4,1,M,
15GH,11388,2130001,CIRRUS DESIGN CORP,SR22,SR Series,1,2026,8,MN,C,US,20260126,,20260607,4,1,M,
15KD,2159,2130000,CIRRUS DESIGN CORP,SR20,SR Series,1,2012,7,PA,1,US,20231020,20200415,20120611,4,1,V,
15KM,2776,2130000,CIRRUS DESIGN CORP,SR20,SR Series,1,2021,7,TX,2,US,20240805,20240106,20211026,4,1,V,
15LH,4715,2130001,CIRRUS DESIGN CORP,SR22,SR Series,1,2018,3,NV,4,US,20231121,20231121,20181024,4,1,V,
15RG,0277,2130010,CIRRUS DESIGN CORP,SF50,Vision Jet,1,2021,7,MI,C,US,20230307,20230307,20210702,4,5,V,
15RT,0001,2130005,CIRRUS DESIGN CORP,SRT,SR Series,0,2020,8,MN,C,US,20240513,20240513,20250311,4,1,V,
15RU,0766,2130010,CIRRUS DESIGN CORP,SF50,Vision Jet,1,2026,3,NV,4,US,20260518,20260518,20260430,4,5,V,
15RX,1164,2130001,CIRRUS DESIGN CORP,SR22,SR Series,1,2004,7,OH,C,US,20240723,20240723,20041109,4,1,V,
15SU,2361,2130000,CIRRUS DESIGN CORP,SR20,SR Series,1,2017,5,UT,S,US,20231013,20200303,20170629,4,1,V,
15TG,8528,2130004,CIRRUS DESIGN CORP,SR22T,SR Series,1,2022,3,UT,S,US,20230722,20220321,20220203,4,1,V,
15VE,3954,2130001,CIRRUS DESIGN CORP,SR22,SR Series,1,2013,7,MS,2,US,20230930,20200127,20130621,4,1,V,
15VS,11458,2130004,CIRRUS DESIGN CORP,SR22T,SR Series,1,,8,MN,C,US,20260218,,,4,1,M,
15ZR,0628,2130004,CIRRUS DESIGN CORP,SR22T,SR Series,1,2013,7,GA,7,US,20240818,20240818,20131022,4,1,V,
1607L,0456,2130010,CIRRUS DESIGN CORP,SF50,Vision Jet,1,2023,7,NV,4,US,20260204,20260204,20230607,4,5,V,
160CP,1751,2130000,CIRRUS DESIGN CORP,SR20,SR Series,1,2006,7,MT,S,US,20250417,20240417,20061201,4,1,V,
160EU,0759,2130001,CIRRUS DESIGN CORP,SR22,SR Series,1,2003,7,GA,7,US,20230122,20200326,20031203,4,1,V,
160PG,2995,2130001,CIRRUS DESIGN CORP,SR22,SR Series,1,2008,1,AL,7,US,20230616,20121017,20080410,4,1,V,
160SR,2161,2130001,CIRRUS DESIGN CORP,SR22,SR Series,1,2006,3,WY,S,US,20230816,20230816,20060927,4,1,V,
1618A,9918,2130004,CIRRUS DESIGN CORP,SR22T,SR Series,1,2024,7,CA,4,US,20240611,20240611,20240522,4,1,V,
161CD,2088,2130004,CIRRUS DESIGN CORP,SR22T,SR Series,1,2020,7,IN,C,US,20240608,20240608,20200312,4,1,V,
161JK,2462,2130001,CIRRUS DESIGN CORP,SR22,SR Series,1,2007,7,FL,7,US,20230718,20220212,20070509,4,1,V,
161JW,0762,2130004,CIRRUS DESIGN CORP,SR22T,SR Series,1,,7,OR,S,US,20231105,20231105,20140421,4,1,V,
161KT,1144,2130000,CIRRUS DESIGN CORP,SR20,SR Series,1,2001,4,CA,4,US,20230530,20230530,20010413,4,1,V,
161SR,2120,2130001,CIRRUS DESIGN CORP,SR22,SR Series,1,2006,3,OR,S,US,20230616,20181027,20060912,4,1,V,
1620B,11275,2130004,CIRRUS DESIGN CORP,SR22T,SR Series,1,2026,7,NY,1,US,20260711,20260711,20260317,4,1,V,
1625C,0584,2130001,CIRRUS DESIGN CORP,SR22,SR Series,1,2003,7,WI,C,US,20230915,20161105,20030613,4,1,V,
16298,0837,2130010,CIRRUS DESIGN CORP,SF50,Vision Jet,1,,8,MN,C,US,20260714,,,4,5,M,
162AK,9975,2130000,CIRRUS DESIGN CORP,SR20,SR Series,1,2024,7,FL,7,US,20251112,20251112,20240603,4,1,V,
162B,10375,2130004,CIRRUS DESIGN CORP,SR22T,SR Series,1,2024,7,GA,7,US,20250123,20250123,20241216,4,1,V,
162CD,1066,2130000,CIRRUS DESIGN CORP,SR20,SR Series,1,,1,TX,2,US,20230819,20230819,20000913,4,1,V,
162CF,10769,2130004,CIRRUS DESIGN CORP,SR22T,SR Series,1,2025,4,VT,E,US,20250806,20250806,20250627,4,1,V,
162JB,8579,2130004,CIRRUS DESIGN CORP,SR22T,SR Series,1,2022,7,MS,2,US,20260123,20260123,20220321,4,1,V,
162SR,2088,2130001,CIRRUS DESIGN CORP,SR22,SR Series,1,2006,7,CA,4,US,20250203,20230128,20061227,4,1,V,
1636J,4541,2130001,CIRRUS DESIGN CORP,SR22,SR Series,1,2017,7,TN,3,US,20230930,20230122,20171017,4,1,V,
1636Z,8590,2130001,CIRRUS DESIGN CORP,SR22,SR Series,1,2022,1,SC,7,US,20251119,20251119,20220404,4,1,V,
163CD,1067,2130000,CIRRUS DESIGN CORP,SR20,SR Series,1,2000,7,MI,C,US,20230512,20180502,20000915,4,1,V,
163RW,2160,2130000,CIRRUS DESIGN CORP,SR20,SR Series,1,2012,3,NV,4,US,20250122,20120920,20120801,4,1,V,
163SD,0662,2130004,CIRRUS DESIGN CORP,SR22T,SR Series,1,2013,7,MT,S,US,20230804,20220510,20131210,4,1,V,
164BB,1128,2130001,CIRRUS DESIGN CORP,SR22,SR Series,1,2004,1,NC,1,US,20241125,20150805,20041018,4,1,V,
164CA,11674,2130000,CIRRUS DESIGN CORP,SR20,SR Series,1,,8,MN,C,US,20260811,,,4,1,M,
164CD,1069,2130000,CIRRUS DESIGN CORP,SR20,SR Series,1,2000,4,GA,7,US,20240920,20240920,20000925,4,1,V,
164CP,0891,2130004,CIRRUS DESIGN CORP,SR22T,SR Series,1,2014,7,ND,C,US,20230811,20190612,20141008,4,1,V,
164CT,1267,2130004,CIRRUS DESIGN CORP,SR22T,SR Series,1,2016,7,GA,7,US,20230122,20200515,20160310,4,1,V,
164KF,1320,2130004,CIRRUS DESIGN CORP,SR22T,SR Series,1,2016,7,WY,S,US,20260518,20230525,20160428,4,1,V,
164KX,1064,2130004,CIRRUS DESIGN CORP,SR22T,SR Series,1,2015,7,NC,1,US,20230223,20230223,20150629,4,1,V,
164TB,2094,2130004,CIRRUS DESIGN CORP,SR22T,SR Series,1,2020,1,FL,7,US,20250917,20220920,20200305,4,1,V,
165CD,1070,2130000,CIRRUS DESIGN CORP,SR20,SR Series,1,2000,1,CA,4,US,20230122,20170522,20000928,4,1,V,
165FD,10565,2130001,CIRRUS DESIGN CORP,SR22,SR Series,1,2025,1,NY,1,US,20250429,20250429,20250320,4,1,V,
165JB,10237,2130004,CIRRUS DESIGN CORP,SR22T,SR Series,1,2024,7,OH,C,US,20241106,20241106,20241006,4,1,V,
165LM,0960,2130004,CIRRUS DESIGN CORP,SR22T,SR Series,1,2014,7,OH,C,US,20231203,20231129,20141230,4,1,V,
165LR,0632,2130004,CIRRUS DESIGN CORP,SR22T,SR Series,1,,3,DE,1,US,20260404,20260404,20131029,4,1,V,
165MW,1420,2130004,CIRRUS DESIGN CORP,SR22T,SR Series,1,2016,7,CO,S,US,20240504,20220517,20160816,4,1,V,
165SR,1941,2130001,CIRRUS DESIGN CORP,SR22,SR Series,1,2006,7,VA,1,US,20240120,20240120,20060508,4,1,V,
1663C,0585,2130001,CIRRUS DESIGN CORP,SR22,SR Series,1,2003,7,AZ,4,US,20230728,20040120,20030617,4,1,V,
1665C,0587,2130001,CIRRUS DESIGN CORP,SR22,SR Series,1,2003,3,KY,3,US,20230414,20120130,20030618,4,1,V,
166BG,9505,2130004,CIRRUS DESIGN CORP,SR22T,SR Series,1,2023,3,KS,3,US,20260215,20260215,20231022,4,1,V,
166CA,11117,2130004,CIRRUS DESIGN CORP,SR22T,SR Series,1,2026,7,GA,7,US,20260310,20260310,20260105,4,1,V,
166MD,10260,2130001,CIRRUS DESIGN CORP,SR22,SR Series,1,2024,7,PA,1,US,20241223,20241223,20241014,4,1,V,
166PG,1948,2130000,CIRRUS DESIGN CORP,SR20,SR Series,1,2008,7,FL,7,US,20240320,20240319,20080414,4,1,V,
166R,9995,2130000,CIRRUS DESIGN CORP,SR20,SR Series,1,2024,7,FL,7,US,20241001,20240925,20240610,4,1,V,
166RT,2687,2130001,CIRRUS DESIGN CORP,SR22,SR Series,1,2007,1,GA,7,US,20260512,,20070911,4,1,R,
166SM,9461,2130004,CIRRUS DESIGN CORP,SR22T,SR Series,1,2023,1,,,,20251015,,20231003,4,1,R,
166SR,1764,2130000,CIRRUS DESIGN CORP,SR20,SR Series,1,2007,7,NC,1,US,20230519,20120608,20070123,4,1,V,
166TR,0264,2130001,CIRRUS DESIGN CORP,SR22,SR Series,1,2002,1,MN,C,US,20230610,20180908,20020717,4,1,V,
1678,11447,2130001,CIRRUS DESIGN CORP,SR22,SR Series,1,2026,8,MN,C,US,20260303,,20260604,4,1,M,
167AJ,1515,2130004,CIRRUS DESIGN CORP,SR22T,SR Series,1,2017,1,TX,2,US,20230401,20171122,20170327,4,1,V,
167CA,11191,2130001,CIRRUS DESIGN CORP,SR22,SR Series,1,2026,7,FL,7,US,20260414,20260414,20260213,4,1,V,
167CD,1073,2130000,CIRRUS DESIGN CORP,SR20,SR Series,1,,3,WY,S,US,20260206,20260206,20000930,4,1,V,
167CT,2959,2130001,CIRRUS DESIGN CORP,SR22,SR Series,1,2008,1,CA,4,US,20230804,20190521,20080313,4,1,V,
167JC,9410,2130004,CIRRUS DESIGN CORP,SR22T,SR Series,1,2023,3,UT,S,US,20241004,20241004,20230827,4,1,V,
167KM,10462,2130004,CIRRUS DESIGN CORP,SR22T,SR Series,1,2025,1,,,,20250314,20250314,20250227,4,1,V,
167LR,0667,2130010,CIRRUS DESIGN CORP,SF50,Vision Jet,1,2025,8,MN,C,US,20260512,20260512,20250626,4,5,V,
167SP,3580,2130001,CIRRUS DESIGN CORP,SR22,SR Series,1,2009,4,NH,E,US,20230811,20190627,20091230,4,1,V,
167WP,11541,2130000,CIRRUS DESIGN CORP,SR20,SR Series,1,,8,MN,C,US,20260325,,,4,1,M,
1681T,4081,2130001,CIRRUS DESIGN CORP,SR22,SR Series,1,2014,7,DE,1,US,20230407,20201228,20140428,4,1,V,
168AG,10211,2130004,CIRRUS DESIGN CORP,SR22T,SR Series,1,2024,7,CA,4,US,20250706,20241025,20240927,4,1,V,
168CD,1079,2130000,CIRRUS DESIGN CORP,SR20,SR Series,1,2000,7,MT,S,US,20230610,20210927,20001031,4,1,V,
168CM,2588,2130000,CIRRUS DESIGN CORP,SR20,SR Series,1,2020,7,IN,C,US,20260311,20231015,20200625,4,1,V,
168DJ,9347,2130000,CIRRUS DESIGN CORP,SR20,SR Series,1,2023,1,OH,C,US,20250626,20250626,20230721,4,1,V,
168H,0204,2130010,CIRRUS DESIGN CORP,SF50,Vision Jet,1,2020,1,OH,C,US,20250707,20250707,20200528,4,5,V,
168MC,9483,2130000,CIRRUS DESIGN CORP,SR20,SR Series,1,2023,7,GA,7,US,20231113,20231113,20231014,4,1,V,
168MP,2692,2130001,CIRRUS DESIGN CORP,SR22,SR Series,1,2007,7,WY,S,US,20260518,20211206,20070912,4,1,V,
168PS,9173,2130004,CIRRUS DESIGN CORP,SR22T,SR Series,1,2023,7,KS,3,US,20230726,20230726,20230406,4,1,V,
168SR,1747,2130000,CIRRUS DESIGN CORP,SR20,SR Series,1,2006,3,WI,C,US,20230922,20230922,20061115,4,1,V,
169BB,1791,2130004,CIRRUS DESIGN CORP,SR22T,SR Series,1,2018,1,NY,1,US,20230626,20230626,20180912,4,1,V,
169CD,1077,2130000,CIRRUS DESIGN CORP,SR20,SR Series,1,,4,AZ,4,US,20230122,20200228,20001028,4,1,V,
169DW,1523,2130001,CIRRUS DESIGN CORP,SR22,SR Series,1,2005,7,PA,1,US,20230616,20211014,20050719,4,1,V,
169LC,10856,2130000,CIRRUS DESIGN CORP,SR20,SR Series,1,2025,7,WY,S,US,20251020,20251020,20250816,4,1,V,
169MR,1331,2130004,CIRRUS DESIGN CORP,SR22T,SR Series,1,2016,3,NM,2,US,20230707,20220111,20160504,4,1,V,
169SR,1767,2130000,CIRRUS DESIGN CORP,SR20,SR Series,1,2007,7,TX,2,US,20250804,20070228,20070123,4,1,V,
16AT,0150,2130010,CIRRUS DESIGN CORP,SF50,Vision Jet,1,2019,7,,,,20230226,20230226,20191009,4,5,V,
16BS,11372,2130000,CIRRUS DESIGN CORP,SR20,SR Series,1,2026,8,MN,C,US,20260223,,20260506,4,1,M,
16BT,9928,2130000,CIRRUS DESIGN CORP,SR20,SR Series,1,2024,1,TX,2,US,20240701,20240701,20240507,4,1,V,
16EU,11380,2130004,CIRRUS DESIGN CORP,SR22T,SR Series,1,2026,8,MN,C,US,20260127,,20260516,4,1,M,
16HB,0757,2130001,CIRRUS DESIGN CORP,SR22,SR Series,1,2003,4,MI,C,US,20240114,20240114,,4,1,V,
16KE,2091,2130000,CIRRUS DESIGN CORP,SR20,SR Series,1,2011,7,OH,C,US,20230215,20230215,20110803,4,1,V,
16MT,2058,2130004,CIRRUS DESIGN CORP,SR22T,SR Series,1,2020,7,SC,7,US,20250629,20250629,20200128,4,1,V,
16MY,10476,2130004,CIRRUS DESIGN CORP,SR22T,SR Series,1,2025,3,CA,4,US,20250728,20250306,20250208,4,1,V,
16VJ,0232,2130010,CIRRUS DESIGN CORP,SF50,Vision Jet,1,2020,7,DE,1,US,20230414,20210127,20201028,4,5,V,
16WD,4552,2130001,CIRRUS DESIGN CORP,SR22,SR Series,1,2017,7,GA,7,US,20240620,20230901,20171107,4,1,V,
16YZ,2075,2130004,CIRRUS DESIGN CORP,SR22T,SR Series,1,2020,7,NC,1,US,20230901,20230309,20200217,4,1,V,
170CD,1076,2130000,CIRRUS DESIGN CORP,SR20,SR Series,1,2000,7,WI,C,US,20250117,20250117,20001013,4,1,V,
170DL,2017,2130001,CIRRUS DESIGN CORP,SR22,SR Series,1,2006,7,FL,7,US,20230728,20160422,20060621,4,1,V,
170EJ,3604,2130001,CIRRUS DESIGN CORP,SR22,SR Series,1,2010,7,VT,E,US,20230922,20221220,20100120,4,1,V,
170PG,1961,2130000,CIRRUS DESIGN CORP,SR20,SR Series,1,2008,7,TX,2,US,20260110,20260110,20080421,4,1,V,
170SG,4122,2130001,CIRRUS DESIGN CORP,SR22,SR Series,1,2014,3,OK,2,US,20231013,20170310,20140904,4,1,V,
170SR,2456,2130001,CIRRUS DESIGN CORP,SR22,SR Series,1,2007,7,DE,1,US,20230512,20070921,20070424,4,1,V,
17113,3851,2130001,CIRRUS DESIGN CORP,SR22,SR Series,1,2012,7,FL,7,US,20260522,20190201,20120502,4,1,V,
1713H,0944,2130004,CIRRUS DESIGN CORP,SR22T,SR Series,1,2014,4,MN,C,US,20230208,20230208,20141219,4,1,V,
171CD,1080,2130000,CIRRUS DESIGN CORP,SR20,SR Series,1,2000,1,WA,S,US,20260513,20260513,20001028,4,1,V,
171FR,11212,2130004,CIRRUS DESIGN CORP,SR22T,SR Series,1,2026,7,NJ,1,US,20260422,20260422,20260213,4,1,V,
171HT,1613,2130001,CIRRUS DESIGN CORP,SR22,SR Series,1,2005,1,NV,4,US,20240722,20240722,20050927,4,1,V,
171HZ,2022,2130004,CIRRUS DESIGN CORP,SR22T,SR Series,1,2019,7,IL,C,US,20260810,20260810,20191106,4,1,V,
171JH,0276,2130010,CIRRUS DESIGN CORP,SF50,Vision Jet,1,2021,7,DE,1,US,20260128,20240813,20210709,4,5,V,
171MA,1398,2130001,CIRRUS DESIGN CORP,SR22,SR Series,1,2005,7,CA,4,US,20231030,20161031,20050418,4,1,V,
171SR,2422,2130001,CIRRUS DESIGN CORP,SR22,SR Series,1,,7,,,,20260108,20260108,20070327,4,1,V,
171TD,4973,2130001,CIRRUS DESIGN CORP,SR22,SR Series,1,2020,7,TN,3,US,20250128,20250128,20201022,4,1,V,
171TS,2900,2130001,CIRRUS DESIGN CORP,SR22,SR Series,1,2008,7,OR,S,US,20250904,20210104,20080108,4,1,V,
171TT,11251,2130000,CIRRUS DESIGN CORP,SR20,SR Series,1,2026,7,NV,4,US,20260513,20260513,20260307,4,1,V,
171TX,0203,2130004,CIRRUS DESIGN CORP,SR22T,SR Series,1,2011,1,CA,4,US,20250327,20250327,20110829,4,1,V,
171VT,0142,2130001,CIRRUS DESIGN CORP,SR22,SR Series,1,2002,1,CO,S,US,20230519,20180604,20020128,4,1,V,
1724X,4090,2130001,CIRRUS DESIGN CORP,SR22,SR Series,1,2014,7,NY,1,US,20240920,20240920,20140528,4,1,V,
173AE,0524,2130010,CIRRUS DESIGN CORP,SF50,Vision Jet,1,2024,7,PA,1,US,20240213,20240213,20240131,4,5,V,
173CB,1877,2130001,CIRRUS DESIGN CORP,SR22,SR Series,1,2006,7,IN,C,US,20230930,20100402,20060329,4,1,V,
173CD,1051,2130000,CIRRUS DESIGN CORP,SR20,SR Series,1,2000,3,CA,4,US,20230818,20220720,20000718,4,1,V,
173CK,1727,2130004,CIRRUS DESIGN CORP,SR22T,SR Series,1,2018,7,CA,4,US,20230714,20230714,20180523,4,1,V,
173JB,0807,2130010,CIRRUS DESIGN CORP,SF50,Vision Jet,1,,8,MN,C,US,20260414,,,4,5,M,
173KH,1191,2130001,CIRRUS DESIGN CORP,SR22,SR Series,1,2004,7,GA,7,US,20230304,20200728,20041123,4,1,V,
173SR,1925,2130001,CIRRUS DESIGN CORP,SR22,SR Series,1,2006,7,TX,2,US,20230421,20210208,20060502,4,1,V,
173WM,1739,2130000,CIRRUS DESIGN CORP,SR20,SR Series,1,,5,MI,C,US,20230512,20170511,20061024,4,1,V,
174CD,11643,2130000,CIRRUS DESIGN CORP,SR20,SR Series,1,,8,MN,C,US,20260706,,,4,1,M,
174DL,2437,2130001,CIRRUS DESIGN CORP,SR22,SR Series,1,2007,1,MI,C,US,20230902,20190903,20070409,4,1,V,
174GL,10740,2130004,CIRRUS DESIGN CORP,SR22T,SR Series,1,,7,IL,C,US,20260428,20250724,,4,1,V,
174MH,9038,2130004,CIRRUS DESIGN CORP,SR22T,SR Series,1,2023,7,KY,3,US,20230504,20230418,20230109,4,1,V,
174MP,11519,2130004,CIRRUS DESIGN CORP,SR22T,SR Series,1,,8,MN,C,US,20260203,,,4,1,M,
174SK,1741,2130004,CIRRUS DESIGN CORP,SR22T,SR Series,1,2018,7,MD,1,US,20230621,20230621,20180614,4,1,V,
174YM,3644,2130001,CIRRUS DESIGN CORP,SR22,SR Series,1,2010,3,,8,GB,20240912,20240912,20200608,4,1,V,
175CD,1065,2130000,CIRRUS DESIGN CORP,SR20,SR Series,1,2000,1,NC,1,US,20230505,20150424,20000913,4,1,V,
175DS,10257,2130001,CIRRUS DESIGN CORP,SR22,SR Series,1,2024,7,TN,3,US,20241106,20241106,20241022,4,1,V,
175DY,3608,2130001,CIRRUS DESIGN CORP,SR22,SR Series,1,2010,7,DE,1,US,20230811,20220629,20100127,4,1,V,
175MH,9467,2130001,CIRRUS DESIGN CORP,SR22,SR Series,1,2023,7,MT,S,US,20240111,20240111,20231006,4,1,V,
175PG,1963,2130000,CIRRUS DESIGN CORP,SR20,SR Series,1,2008,7,TX,2,US,20231203,20231130,20080421,4,1,V,
175US,0570,2130001,CIRRUS DESIGN CORP,SR22,SR Series,1,,7,OK,2,US,20240125,20240125,20030603,4,1,V,
1767P,0133,2130004,CIRRUS DESIGN CORP,SR22T,SR Series,1,2011,4,NY,1,US,20230718,20220216,20110421,4,1,V,
176BS,0234,2130010,CIRRUS DESIGN CORP,SF50,Vision Jet,1,2020,7,ID,S,US,20251205,20251205,20201118,4,5,V,
176CF,3757,2130001,CIRRUS DESIGN CORP,SR22,SR Series,1,,7,IA,3,US,20240724,20240724,20110420,4,1,V,
176KM,1851,2130004,CIRRUS DESIGN CORP,SR22T,SR Series,1,2019,3,TN,3,US,20230811,20190626,20190115,4,1,V,
176PS,2249,2130001,CIRRUS DESIGN CORP,SR22,SR Series,1,2006,3,CA,4,US,20230610,20210913,20061127,4,1,V,
176Q,1898,2130004,CIRRUS DESIGN CORP,SR22T,SR Series,1,2019,3,CA,4,US,20251103,20251103,20190404,4,1,V,
176WE,1283,2130004,CIRRUS DESIGN CORP,SR22T,SR Series,1,2016,7,OR,S,US,20260628,20260628,20160324,4,1,V,
1776M,1394,2130001,CIRRUS DESIGN CORP,SR22,SR Series,1,2005,7,VA,1,US,20250125,20250125,20050406,4,1,V,
1776X,9492,2130004,CIRRUS DESIGN CORP,SR22T,SR Series,1,2023,7,CA,4,US,20231207,20231130,20231019,4,1,V,
177LN,0207,2130010,CIRRUS DESIGN CORP,SF50,Vision Jet,1,2020,7,WY,S,US,20260518,20210726,20200625,4,5,V,
177PT,2861,2130001,CIRRUS DESIGN CORP,SR22,SR Series,1,2007,1,OH,C,US,20230519,20210619,20071207,4,1,V,
1783J,3293,2130001,CIRRUS DESIGN CORP,SR22,SR Series,1,2008,3,WA,S,US,20230818,20230818,20250801,4,1,V,
178AT,9813,2130004,CIRRUS DESIGN CORP,SR22T,SR Series,1,2024,1,FL,7,US,20240504,20240504,20240324,4,1,V,
178CA,11194,2130004,CIRRUS DESIGN CORP,SR22T,SR Series,1,2026,4,FL,7,US,20260418,20260418,20260131,4,1,V,
1798Z,11602,2130004,CIRRUS DESIGN CORP,SR22T,SR Series,1,,8,MN,C,US,20260702,,,4,1,M,
179CD,1081,2130000,CIRRUS DESIGN CORP,SR20,SR Series,1,2000,7,IN,C,US,20230414,20040624,20001028,4,1,V,
179JD,1527,2130004,CIRRUS DESIGN CORP,SR22T,SR Series,1,2017,3,DE,1,US,20260205,20260205,20170418,4,1,V,
179MR,2480,2130000,CIRRUS DESIGN CORP,SR20,SR Series,1,2019,3,TX,2,US,20250522,20250522,20190327,4,1,V,
17CX,0017,2130010,CIRRUS DESIGN CORP,SF50,Vision Jet,1,2017,7,FL,7,US,20230421,20210220,20170825,4,5,V,
17DA,10329,2130004,CIRRUS DESIGN CORP,SR22T,SR Series,1,2024,7,WY,S,US,20250117,20250117,20241117,4,1,V,
17DT,1974,2130004,CIRRUS DESIGN CORP,SR22T,SR Series,1,2019,7,IN,C,US,20231211,20231211,20190904,4,1,V,
17EC,11421,2130004,CIRRUS DESIGN CORP,SR22T,SR Series,1,2026,8,MN,C,US,20260227,,20260520,4,1,M,
17EU,11409,2130004,CIRRUS DESIGN CORP,SR22T,SR Series,1,2026,8,MN,C,US,20260128,,20260530,4,1,M,
17JG,4771,2130001,CIRRUS DESIGN CORP,SR22,SR Series,1,2019,8,FL,7,US,20250911,20240416,20190326,4,1,N,
17JT,11736,2130004,CIRRUS DESIGN CORP,SR22T,SR Series,1,,8,MN,C,US,20260609,,,4,1,M,
17KD,2065,2130004,CIRRUS DESIGN CORP,SR22T,SR Series,1,2020,4,FL,7,US,20241107,20241107,20200130,4,1,V,Y
17KE,1358,2130001,CIRRUS DESIGN CORP,SR22,SR Series,1,2005,1,WA,S,US,20230603,20210828,20050318,4,1,V,
17SN,0115,2130001,CIRRUS DESIGN CORP,SR22,SR Series,1,2001,7,TX,2,US,20230722,20130311,20011101,4,1,V,
17SU,2363,2130000,CIRRUS DESIGN CORP,SR20,SR Series,1,2017,5,UT,S,US,20231013,20200303,20170717,4,1,V,
17UK,0200,2130001,CIRRUS DESIGN CORP,SR22,SR Series,1,2002,3,WY,S,US,20260205,20260205,20020410,4,1,V,
17YP,8761,2130000,CIRRUS DESIGN CORP,SR20,SR Series,1,2022,7,GA,7,US,20230506,20230506,20220805,4,1,V,
17ZC,2370,2130000,CIRRUS DESIGN CORP,SR20,SR Series,1,2017,7,FL,7,US,20260114,20230517,20170823,4,1,V,
1808C,0532,2130010,CIRRUS DESIGN CORP,SF50,Vision Jet,1,2024,1,WI,C,US,20240314,20240314,20240226,4,5,V,
180BZ,0714,2130001,CIRRUS DESIGN CORP,SR22,SR Series,1,2003,7,MA,E,US,20240307,20240307,20031027,4,1,V,
1810A,2491,2130000,CIRRUS DESIGN CORP,SR20,SR Series,1,2019,7,OK,2,US,20230811,20190624,20190508,4,1,V,
1818C,0820,2130010,CIRRUS DESIGN CORP,SF50,Vision Jet,1,,8,MN,C,US,20260515,,,4,5,M,
181BC,11143,2130004,CIRRUS DESIGN CORP,SR22T,SR Series,1,2026,7,OH,C,US,20260320,20260320,20260110,4,1,V,
181CC,2017,2130004,CIRRUS DESIGN CORP,SR22T,SR Series,1,2019,7,LA,2,US,20230421,20210225,20191031,4,1,V,
181CD,1083,2130000,CIRRUS DESIGN CORP,SR20,SR Series,1,2000,7,FL,7,US,20230519,20180628,20001103,4,1,V,
181DB,2212,2130004,CIRRUS DESIGN CORP,SR22T,SR Series,1,2020,7,NC,1,US,20230428,20210304,20201208,4,1,V,
181JS,9232,2130000,CIRRUS DESIGN CORP,SR20,SR Series,1,2023,4,TN,3,US,20250530,20250527,20230512,4,1,V,
181JW,3591,2130001,CIRRUS DESIGN CORP,SR22,SR Series,1,2009,7,CO,S,US,20230317,20170928,20091223,4,1,V,
181MC,4720,2130001,CIRRUS DESIGN CORP,SR22,SR Series,1,2018,7,NY,1,US,20250401,20250401,20181109,4,1,V,
181MK,1105,2130004,CIRRUS DESIGN CORP,SR22T,SR Series,1,2015,3,OH,C,US,20250124,20250124,20150731,4,1,V,
181SP,9121,2130004,CIRRUS DESIGN CORP,SR22T,SR Series,1,2023,7,IL,C,US,20250114,20250114,20240527,4,1,V,
181SR,11391,2130004,CIRRUS DESIGN CORP,SR22T,SR Series,1,,8,MN,C,US,20260316,,,4,1,M,
181W,0675,2130004,CIRRUS DESIGN CORP,SR22T,SR Series,1,2013,7,AR,2,US,20230902,20190909,20131219,4,1,V,
181WT,0638,2130001,CIRRUS DESIGN CORP,SR22,SR Series,1,2003,7,NC,1,US,20230930,20230112,20030728,4,1,V,
1822F,10270,2130004,CIRRUS DESIGN CORP,SR22T,SR Series,1,2024,7,FL,7,US,20241130,20241130,20241015,4,1,V,
183BM,4080,2130001,CIRRUS DESIGN CORP,SR22,SR Series,1,2014,3,OK,2,US,20230505,20180411,20140501,4,1,V,
183CA,11195,2130004,CIRRUS DESIGN CORP,SR22T,SR Series,1,2026,7,GA,7,US,20260316,20260316,20260208,4,1,V,
183CD,0921,2130001,CIRRUS DESIGN CORP,SR22,SR Series,1,2004,1,,,,20240517,20240517,20040506,4,1,V,
183CS,2031,2130000,CIRRUS DESIGN CORP,SR20,SR Series,1,2009,7,NY,1,US,20250812,20220706,20230925,4,1,V,
183CW,11238,2130000,CIRRUS DESIGN CORP,SR20,SR Series,1,2026,7,TX,2,US,20260508,20260508,20260228,4,1,V,
183DA,1349,2130000,CIRRUS DESIGN CORP,SR20,SR Series,1,2003,4,CA,4,US,20231013,20200324,20030918,4,1,V,
183KS,1891,2130004,CIRRUS DESIGN CORP,SR22T,SR Series,1,2019,7,TX,2,US,20251118,20251118,20190401,4,1,V,
183PH,0062,2130004,CIRRUS DESIGN CORP,SR22T,SR Series,1,2010,7,NC,1,US,20241216,20221112,20101230,4,1,V,
183SF,1737,2130004,CIRRUS DESIGN CORP,SR22T,SR Series,1,2018,7,CO,S,US,20230902,20220921,20180611,4,1,V,
183SR,10401,2130004,CIRRUS DESIGN CORP,SR22T,SR Series,1,2025,7,AZ,4,US,20250324,20250324,20250103,4,1,V,
183V,3125,2130001,CIRRUS DESIGN CORP,SR22,SR Series,1,2008,7,OH,C,US,20230922,20221210,20080710,4,1,V,
183X,1479,2130004,CIRRUS DESIGN CORP,SR22T,SR Series,1,2017,7,IA,3,US,20240508,20230426,20170111,4,1,V,
184AS,0585,2130010,CIRRUS DESIGN CORP,SF50,Vision Jet,1,2024,7,NV,4,US,20260309,20260309,20241010,4,5,V,
184CC,8648,2130000,CIRRUS DESIGN CORP,SR20,SR Series,1,2022,3,TX,2,US,20251231,20221208,20220512,4,1,V,
184KT,0477,2130001,CIRRUS DESIGN CORP,SR22,SR Series,1,2003,7,TX,2,US,20230818,20220702,20030311,4,1,V,
184MC,0962,2130004,CIRRUS DESIGN CORP,SR22T,SR Series,1,2014,7,TX,2,US,20240103,20200707,20141230,4,1,V,
184MG,1676,2130004,CIRRUS DESIGN CORP,SR22T,SR Series,1,2018,7,FL,7,US,20230520,20230520,20180131,4,1,V,
184PD,1571,2130000,CIRRUS DESIGN CORP,SR20,SR Series,1,,1,,,,20230915,20221108,20050920,4,1,V,
184PK,2802,2130001,CIRRUS DESIGN CORP,SR22,SR Series,1,2007,7,MT,S,US,20240119,20240119,20071109,4,1,V,
184PM,1234,2130004,CIRRUS DESIGN CORP,SR22T,SR Series,1,2016,1,TX,2,US,20230707,20190128,20160125,4,1,V,
1854,0292,2130010,CIRRUS DESIGN CORP,SF50,Vision Jet,1,2021,7,NJ,1,US,20240528,20240528,20210915,4,5,V,
1856T,4279,2130001,CIRRUS DESIGN CORP,SR22,SR Series,1,2015,4,CA,4,US,20230818,20160712,20151130,4,1,V,
1857,1298,2130000,CIRRUS DESIGN CORP,SR20,SR Series,1,2003,1,CA,4,US,20250826,20030411,20030223,4,1,V,
1860,0263,2130010,CIRRUS DESIGN CORP,SF50,Vision Jet,1,2021,7,UT,S,US,20231217,20231217,20210428,4,5,V,
1862B,3753,2130001,CIRRUS DESIGN CORP,SR22,SR Series,1,2011,7,MI,C,US,20260804,20260804,20110331,4,1,V,
186CD,1094,2130000,CIRRUS DESIGN CORP,SR20,SR Series,1,2000,7,MN,C,US,20250304,20250304,20001204,4,1,V,
186CG,1443,2130004,CIRRUS DESIGN CORP,SR22T,SR Series,1,2016,7,FL,7,US,20230825,20190805,20160927,4,1,V,
186CK,3441,2130001,CIRRUS DESIGN CORP,SR22,SR Series,1,2009,1,WA,S,US,20240624,20240621,20090609,4,1,V,
186PG,1939,2130000,CIRRUS DESIGN CORP,SR20,SR Series,1,2008,1,CA,4,US,20251202,,20080328,4,1,R,
186SB,8810,2130000,CIRRUS DESIGN CORP,SR20,SR Series,1,2022,7,FL,7,US,20260520,20240515,20220911,4,1,V,
187AJ,4356,2130001,CIRRUS DESIGN CORP,SR22,SR Series,1,2016,7,OK,2,US,20260722,20260722,20160613,4,1,V,
187PH,2081,2130000,CIRRUS DESIGN CORP,SR20,SR Series,1,2011,1,PA,1,US,20230414,20210125,20110421,4,1,V,
187SR,1950,2130001,CIRRUS DESIGN CORP,SR22,SR Series,1,2006,7,TX,2,US,20230401,20201121,20060511,4,1,V,
1880,0110,2130001,CIRRUS DESIGN CORP,SR22,SR Series,1,2001,7,TX,2,US,20230623,20181128,20011026,4,1,V,
188AJ,10762,2130004,CIRRUS DESIGN CORP,SR22T,SR Series,1,2025,7,PA,1,US,20250810,20250810,20250710,4,1,V,
188CT,2983,2130001,CIRRUS DESIGN CORP,SR22,SR Series,1,,3,GA,7,US,20230909,20101026,,4,1,V,
188G,3102,2130001,CIRRUS DESIGN CORP,SR22,SR Series,1,,1,IL,C,US,20230519,20210626,,4,1,V,
188JR,2298,2130000,CIRRUS DESIGN CORP,SR20,SR Series,1,2015,7,GA,7,US,20250630,20250630,20151001,4,1,V,
188LS,8933,2130004,CIRRUS DESIGN CORP,SR22T,SR Series,1,2022,7,FL,7,US,20230328,20230328,20221123,4,1,V,
188MA,3096,2130001,CIRRUS DESIGN CORP,SR22,SR Series,1,2008,7,CO,S,US,20241129,20160106,20080627,4,1,V,
188MH,0499,2130004,CIRRUS DESIGN CORP,SR22T,SR Series,1,2013,7,NM,2,US,20230610,20210907,20130420,4,1,V,
188T,10073,2130000,CIRRUS DESIGN CORP,SR20,SR Series,1,2024,7,FL,7,US,20250507,20250507,20240714,4,1,V,
18916,2075,2130001,CIRRUS DESIGN CORP,SR22,SR Series,1,2006,7,WY,S,US,20260518,20240708,20101125,4,1,V,
189BL,0278,2130010,CIRRUS DESIGN CORP,SF50,Vision Jet,1,2021,4,NY,1,US,20230603,20210805,20210715,4,5,V,
189FG,4378,2130001,CIRRUS DESIGN CORP,SR22,SR Series,1,2016,7,WA,S,US,20230930,20230114,20160808,4,1,V,
189MC,0045,2130004,CIRRUS DESIGN CORP,SR22T,SR Series,1,2010,7,DE,1,US,20241024,20241018,20101203,4,1,V,
189PG,1896,2130000,CIRRUS DESIGN CORP,SR20,SR Series,1,2008,3,OK,2,US,20231017,20111027,20080115,4,1,V,
189PW,1964,2130004,CIRRUS DESIGN CORP,SR22T,SR Series,1,2019,7,CO,S,US,20230503,20230503,20190820,4,1,V,
189ST,11452,2130004,CIRRUS DESIGN CORP,SR22T,SR Series,1,,8,MN,C,US,20260410,,,4,1,M,
189WM,2507,2130000,CIRRUS DESIGN CORP,SR20,SR Series,1,2019,7,NC,1,US,20251103,20251103,20190730,4,1,V,
18AS,9059,2130004,CIRRUS DESIGN CORP,SR22T,SR Series,1,2023,7,PA,1,US,20230911,20230911,20230222,4,1,V,
18AV,4729,2130001,CIRRUS DESIGN CORP,SR22,SR Series,1,2018,7,NY,1,US,20230718,20190206,20181129,4,1,V,
18BC,10119,2130004,CIRRUS DESIGN CORP,SR22T,SR Series,1,2024,7,WI,C,US,20250512,20250512,20240803,4,1,V,
18CK,1581,2130004,CIRRUS DESIGN CORP,SR22T,SR Series,1,2017,7,TX,2,US,20250523,20250523,20170809,4,1,V,
18CY,1740,2130004,CIRRUS DESIGN CORP,SR22T,SR Series,1,2018,7,FL,7,US,20230902,20190905,20180621,4,1,V,
18DN,0096,2130001,CIRRUS DESIGN CORP,SR22,SR Series,1,2001,7,UT,S,US,20230317,20110914,20031008,4,1,V,
18EU,11416,2130004,CIRRUS DESIGN CORP,SR22T,SR Series,1,2026,8,MN,C,US,20260127,,20260603,4,1,M,
18FM,0511,2130010,CIRRUS DESIGN CORP,SF50,Vision Jet,1,2023,4,TN,3,US,20250805,20240118,20231215,4,5,V,
18GK,2225,2130000,CIRRUS DESIGN CORP,SR20,SR Series,1,2013,7,MN,C,US,20240320,20200812,20130325,4,1,V,
18JX,0056,2130010,CIRRUS DESIGN CORP,SF50,Vision Jet,1,2018,7,TX,2,US,20230603,20180823,20180606,4,5,V,
18PY,8856,2130004,CIRRUS DESIGN CORP,SR22T,SR Series,1,2022,7,GA,7,US,20260219,20230216,20220930,4,1,V,
18SA,1401,2130001,CIRRUS DESIGN CORP,SR22,SR Series,1,2005,7,OH,C,US,20240305,20240301,20050419,4,1,V,
18SY,10038,2130004,CIRRUS DESIGN CORP,SR22T,SR Series,1,2024,7,WI,C,US,20260203,20260203,20240712,4,1,V,
18WD,4513,2130001,CIRRUS DESIGN CORP,SR22,SR Series,1,2017,1,PA,1,US,20260601,20260601,20170801,4,1,V,
18WG,4250,2130001,CIRRUS DESIGN CORP,SR22,SR Series,1,2015,7,TX,2,US,20260207,20260207,20150925,4,1,V,
18XJ,0584,2130010,CIRRUS DESIGN CORP,SF50,Vision Jet,1,2024,7,TX,2,US,20260210,20241108,20241014,4,5,V,
18YF,0403,2130010,CIRRUS DESIGN CORP,SF50,Vision Jet,1,2022,7,TX,2,US,20230318,20230318,20221122,4,5,V,
190BM,9381,2130000,CIRRUS DESIGN CORP,SR20,SR Series,1,2023,7,UT,S,US,20230929,20230929,20230816,4,1,V,
190CD,1099,2130000,CIRRUS DESIGN CORP,SR20,SR Series,1,2000,1,WA,S,US,20250703,20210128,20001214,4,1,V,
190CE,10748,2130000,CIRRUS DESIGN CORP,SR20,SR Series,1,2025,7,WI,C,US,20260301,20260301,20250619,4,1,V,
190CT,2461,2130000,CIRRUS DESIGN CORP,SR20,SR Series,1,2018,7,FL,7,US,20240517,20240517,20181022,4,1,V,
190JH,3660,2130001,CIRRUS DESIGN CORP,SR22,SR Series,1,2010,3,OK,2,US,20230915,20191122,20100609,4,1,V,
190SR,2641,2130001,CIRRUS DESIGN CORP,SR22,SR Series,1,2007,7,LA,2,US,20230122,20200505,20070814,4,1,V,
191AH,2354,2130004,CIRRUS DESIGN CORP,SR22T,SR Series,1,2021,3,DE,1,US,20250624,20250523,20210712,4,1,V,
191BS,2733,2130001,CIRRUS DESIGN CORP,SR22,SR Series,1,2007,1,MT,S,US,20240720,20240720,20071004,4,1,V,
191BW,1577,2130000,CIRRUS DESIGN CORP,SR20,SR Series,1,2005,7,CA,4,US,20230922,20221214,20051012,4,1,V,
191CD,1100,2130000,CIRRUS DESIGN CORP,SR20,SR Series,1,2000,1,NY,1,US,20230122,20170620,20001214,4,1,V,
191DD,2471,2130000,CIRRUS DESIGN CORP,SR20,SR Series,1,2019,7,WY,S,US,20241122,20241122,20190214,4,1,V,
191JB,1396,2130004,CIRRUS DESIGN CORP,SR22T,SR Series,1,2016,3,MD,1,US,20231214,20231214,20160725,4,1,V,
191JG,1699,2130000,CIRRUS DESIGN CORP,SR20,SR Series,1,2006,5,MI,C,US,20230512,20200415,20060718,4,1,V,
191KM,0017,2130001,CIRRUS DESIGN CORP,SR22,SR Series,1,,3,KS,3,US,20230902,20220924,20010509,4,1,V,
191LN,1548,2130000,CIRRUS DESIGN CORP,SR20,SR Series,1,2005,7,MI,C,US,20230612,20230612,20050811,4,1,V,
191SR,10019,2130004,CIRRUS DESIGN CORP,SR22T,SR Series,1,2024,7,UT,S,US,20260213,20260213,20240618,4,1,V,
191WL,1098,2130004,CIRRUS DESIGN CORP,SR22T,SR Series,1,2015,7,CA,4,US,20230122,20170615,20150805,4,1,V,
191WT,11057,2130004,CIRRUS DESIGN CORP,SR22T,SR Series,1,2025,7,GA,7,US,20260211,20260211,20251115,4,1,V,
1923P,4610,2130001,CIRRUS DESIGN CORP,SR22,SR Series,1,2018,7,MN,C,US,20230505,20180411,20180308,4,1,V,
1924W,9493,2130004,CIRRUS DESIGN CORP,SR22T,SR Series,1,2023,7,IL,C,US,20240101,20240101,20231005,4,1,V,
192BC,10246,2130004,CIRRUS DESIGN CORP,SR22T,SR Series,1,2024,1,AR,2,US,20260511,,20241006,4,1,R,
192BS,2753,2130001,CIRRUS DESIGN CORP,SR22,SR Series,1,,7,FL,7,US,20250916,20250916,20071017,4,1,V,
192BW,1625,2130000,CIRRUS DESIGN CORP,SR20,SR Series,1,2006,1,CT,E,US,20230804,20190521,20060313,4,1,V,
192PG,1923,2130000,CIRRUS DESIGN CORP,SR20,SR Series,1,2008,1,VA,1,US,20230722,20160323,20080225,4,1,V,
192TM,1578,2130000,CIRRUS DESIGN CORP,SR20,SR Series,1,2005,4,AR,2,US,20230610,20150904,20051014,4,1,V,
1931M,10392,2130004,CIRRUS DESIGN CORP,SR22T,SR Series,1,2024,7,CO,S,US,20260707,20260707,20241220,4,1,V,
193KC,8857,2130001,CIRRUS DESIGN CORP,SR22,SR Series,1,2022,7,MO,3,US,20230223,20230223,20221003,4,1,V,
193SR,2663,2130001,CIRRUS DESIGN CORP,SR22,SR Series,1,2007,3,MO,3,US,20260414,20260414,20070828,4,1,V,
193WT,1165,2130000,CIRRUS DESIGN CORP,SR20,SR Series,1,2002,1,IN,C,US,20230324,20201019,20020105,4,1,V,
194CD,1027,2130001,CIRRUS DESIGN CORP,SR22,SR Series,1,2004,7,LA,2,US,20230505,20070917,20040802,4,1,V,
194CM,1882,2130001,CIRRUS DESIGN CORP,SR22,SR Series,1,2006,7,MN,C,US,20230825,20190821,20060329,4,1,V,
194CP,3059,2130001,CIRRUS DESIGN CORP,SR22,SR Series,1,2008,3,NM,2,US,20230623,20211105,20080710,4,1,V,
194DC,0794,2130004,CIRRUS DESIGN CORP,SR22T,SR Series,1,2014,7,TN,3,US,20230129,20230129,20140605,4,1,V,
194LG,2179,2130001,CIRRUS DESIGN CORP,SR22,SR Series,1,2006,7,FL,7,US,20240417,20240417,20061004,4,1,V,
1951G,0630,2130001,CIRRUS DESIGN CORP,SR22,SR Series,1,2003,3,IA,3,US,20230512,20210528,20030723,4,1,V,
1952K,0147,2130001,CIRRUS DESIGN CORP,SR22,SR Series,1,2002,3,TN,3,US,20230414,20210111,20020202,4,1,V,
1957C,0514,2130004,CIRRUS DESIGN CORP,SR22T,SR Series,1,2013,7,CA,4,US,20240122,20200107,20130508,4,1,V,
195CD,1089,2130000,CIRRUS DESIGN CORP,SR20,SR Series,1,2000,7,IN,C,US,20240419,20240419,20001118,4,1,V,
195CS,9464,2130004,CIRRUS DESIGN CORP,SR22T,SR Series,1,2023,7,WI,C,US,20240515,20240515,20230930,4,1,V,
195MB,11066,2130004,CIRRUS DESIGN CORP,SR22T,SR Series,1,2025,7,UT,S,US,20260612,20260612,20251130,4,1,V,
195WP,10407,2130004,CIRRUS DESIGN CORP,SR22T,SR Series,1,2025,7,GA,7,US,20250222,20250222,20250106,4,1,V,
1963E,3082,2130001,CIRRUS DESIGN CORP,SR22,SR Series,1,2008,4,VA,1,US,20230930,20230109,20080620,4,1,V,
1963M,0355,2130001,CIRRUS DESIGN CORP,SR22,SR Series,1,2002,7,CA,4,US,20241218,20221005,20021022,4,1,V,
1966,10676,2130000,CIRRUS DESIGN CORP,SR20,SR Series,1,2025,7,NC,1,US,20250624,20250624,20250531,4,1,V,
1966M,5142,2130001,CIRRUS DESIGN CORP,SR22,SR Series,1,2021,4,NC,1,US,20240223,20240223,20211227,4,1,V,
1969P,2481,2130001,CIRRUS DESIGN CORP,SR22,SR Series,1,2007,7,TN,3,US,20250623,20241030,20070510,4,1,V,
196AM,1105,2130000,CIRRUS DESIGN CORP,SR20,SR Series,1,2000,3,DE,1,US,20230414,20060706,20001228,4,1,V,
196MC,2071,2130000,CIRRUS DESIGN CORP,SR20,SR Series,1,2010,1,TN,3,US,20250515,20250515,20101028,4,1,V,
196SR,2750,2130001,CIRRUS DESIGN CORP,SR22,SR Series,1,2007,7,DE,1,US,20260805,20260805,20071025,4,1,V,
196T,0003,2130006,CIRRUS DESIGN CORP,SR10,SR Series,0,2025,8,MN,C,US,20260717,20260717,20250605,4,1,V,
1970,0063,2130001,CIRRUS DESIGN CORP,SR22,SR Series,1,2001,7,FL,7,US,20260320,20260320,20010720,4,1,V,
1971C,10363,2130004,CIRRUS DESIGN CORP,SR22T,SR Series,1,2024,7,MO,3,US,20250113,20250113,20241212,4,1,V,
1974B,1233,2130000,CIRRUS DESIGN CORP,SR20,SR Series,1,2002,3,WI,C,US,20250708,20160414,20250711,4,1,V,
1974G,1297,2130004,CIRRUS DESIGN CORP,SR22T,SR Series,1,,7,KY,3,US,20230124,20230115,20160412,4,1,V,
1975,2375,2130004,CIRRUS DESIGN CORP,SR22T,SR Series,1,2021,7,FL,7,US,20250904,20250813,20210831,4,1,V,
1975P,9016,2130004,CIRRUS DESIGN CORP,SR22T,SR Series,1,2022,7,ID,S,US,20230922,20230922,20221226,4,1,V,
1978R,9327,2130001,CIRRUS DESIGN CORP,SR22,SR Series,1,2023,7,NY,1,US,20230913,20230913,20230706,4,1,V,
1978W,5009,2130001,CIRRUS DESIGN CORP,SR22,SR Series,1,2021,7,MA,E,US,20230512,20210505,20210302,4,1,V,
197CM,1723,2130004,CIRRUS DESIGN CORP,SR22T,SR Series,1,2018,7,CA,4,US,20250712,20250712,20180517,4,1,V,
197CP,3056,2130001,CIRRUS DESIGN CORP,SR22,SR Series,1,2008,7,GA,7,US,20230930,20200108,20080616,4,1,V,
197LL,0197,2130010,CIRRUS DESIGN CORP,SF50,Vision Jet,1,2020,7,TX,2,US,20260516,20260516,20200401,4,5,V,
197SR,2547,2130001,CIRRUS DESIGN CORP,SR22,SR Series,1,2007,7,OK,2,US,20250620,20250620,20070615,4,1,V,
1984M,4218,2130001,CIRRUS DESIGN CORP,SR22,SR Series,1,2015,7,CA,4,US,20230414,20210114,20150617,4,1,V,
1986P,2207,2130004,CIRRUS DESIGN CORP,SR22T,SR Series,1,2020,7,,,,20250305,20220209,20201123,4,1,V,
198SR,2679,2130001,CIRRUS DESIGN CORP,SR22,SR Series,1,2007,7,LA,2,US,20230401,20201103,20070910,4,1,V,
1993B,2111,2130004,CIRRUS DESIGN CORP,SR22T,SR Series,1,2020,4,CA,4,US,20240718,20240307,20200526,4,1,V,
199BB,0647,2130010,CIRRUS DESIGN CORP,SF50,Vision Jet,1,2025,7,AZ,4,US,20250612,20250612,20250425,4,5,V,
199DV,1770,2130004,CIRRUS DESIGN CORP,SR22T,SR Series,1,2018,3,NE,3,US,20230610,20180926,20180802,4,1,V,
199E,10600,2130004,CIRRUS DESIGN CORP,SR22T,SR Series,1,2025,7,CA,4,US,20250508,20250508,20250406,4,1,V,
199EE,1091,2130004,CIRRUS DESIGN CORP,SR22T,SR Series,1,2015,7,NY,1,US,20250915,20250915,20150716,4,1,V,
199GK,2644,2130001,CIRRUS DESIGN CORP,SR22,SR Series,1,2007,7,CA,4,US,20230718,20190214,20091117,4,1,V,
199MG,10265,2130004,CIRRUS DESIGN CORP,SR22T,SR Series,1,2024,3,MA,E,US,20250113,20250113,20241018,4,1,V,
199PC,10277,2130001,CIRRUS DESIGN CORP,SR22,SR Series,1,2024,7,FL,7,US,20241108,20241108,20241023,4,1,V,
199TB,2109,2130004,CIRRUS DESIGN CORP,SR22T,SR Series,1,2020,7,TX,2,US,20230324,20201009,20200518,4,1,V,
199US,9944,2130001,CIRRUS DESIGN CORP,SR22,SR Series,1,2024,1,CA,4,US,20260131,20241106,20240519,4,1,V,
199VJ,0199,2130010,CIRRUS DESIGN CORP,SF50,Vision Jet,1,2020,7,MA,E,US,20230610,20210907,20200408,4,5,V,
199WF,0720,2130004,CIRRUS DESIGN CORP,SR22T,SR Series,1,2014,7,CA,4,US,20230519,20210617,20140226,4,1,V,
199ZZ,2542,2130001,CIRRUS DESIGN CORP,SR22,SR Series,1,2007,3,OK,2,US,20260209,20260209,20070606,4,1,V,
19CG,1568,2130004,CIRRUS DESIGN CORP,SR22T,SR Series,1,2017,7,GA,7,US,20230915,20221111,20170717,4,1,V,
19CT,4642,2130001,CIRRUS DESIGN CORP,SR22,SR Series,1,2018,7,CA,4,US,20240130,20231117,20180524,4,1,V,
19DW,1686,2130004,CIRRUS DESIGN CORP,SR22T,SR Series,1,2018,3,DE,1,US,20260218,20260218,20180124,4,1,V,
19DZ,9280,2130004,CIRRUS DESIGN CORP,SR22T,SR Series,1,2023,4,CA,4,US,20251110,20251110,20230609,4,1,V,
19EA,11241,2130004,CIRRUS DESIGN CORP,SR22T,SR Series,1,2026,7,MT,S,US,20260512,20260512,20260227,4,1,V,
19EM,10863,2130004,CIRRUS DESIGN CORP,SR22T,SR Series,1,2025,3,DE,1,US,20250910,20250910,20250824,4,1,V,
19JM,3382,2130001,CIRRUS DESIGN CORP,SR22,SR Series,1,,3,FL,7,US,20230519,20180625,20090528,4,1,V,
19KE,2194,2130004,CIRRUS DESIGN CORP,SR22T,SR Series,1,2020,7,NM,2,US,20260630,20260630,20201022,4,1,V,
19LJ,9116,2130004,CIRRUS DESIGN CORP,SR22T,SR Series,1,2023,7,TN,3,US,20240306,20230424,20230311,4,1,V,
19PM,9027,2130001,CIRRUS DESIGN CORP,SR22,SR Series,1,2022,4,IN,C,US,20240917,20240207,20221229,4,1,V,
19QT,0593,2130001,CIRRUS DESIGN CORP,SR22,SR Series,1,2003,7,FL,7,US,20230414,20120111,20030624,4,1,V,
19RM,2631,2130001,CIRRUS DESIGN CORP,SR22,SR Series,1,2007,3,CA,4,US,20230818,20130729,20070810,4,1,V,
19RW,8656,2130004,CIRRUS DESIGN CORP,SR22T,SR Series,1,2022,7,DE,1,US,20250625,,20220525,4,1,V,
19SK,10862,2130001,CIRRUS DESIGN CORP,SR22,SR Series,1,2025,7,PA,1,US,20251008,20251008,20250820,4,1,V,
19SU,2364,2130000,CIRRUS DESIGN CORP,SR20,SR Series,1,2017,5,UT,S,US,20231013,20200303,20170720,4,1,V,
19SY,8858,2130004,CIRRUS DESIGN CORP,SR22T,SR Series,1,2022,1,FL,7,US,20230531,20230531,20221007,4,1,V,
19TR,4601,2130001,CIRRUS DESIGN CORP,SR22,SR Series,1,2018,7,TX,2,US,20240706,20240706,20180130,4,1,V,
19VJ,0236,2130010,CIRRUS DESIGN CORP,SF50,Vision Jet,1,2020,1,TX,2,US,20250119,20250119,20201116,4,5,V,
19ZC,0109,2130010,CIRRUS DESIGN CORP,SF50,Vision Jet,1,2019,7,DE,1,US,20240307,20240307,20190329,4,5,V,
1AY,5031,2130001,CIRRUS DESIGN CORP,SR22,SR Series,1,2021,7,NH,E,US,20230526,20210715,20210422,4,1,V,
1CJ,1941,2130004,CIRRUS DESIGN CORP,SR22T,SR Series,1,2019,7,TX,2,US,20240827,20220909,20190626,4,1,V,
1EL,0386,2130010,CIRRUS DESIGN CORP,SF50,Vision Jet,1,2022,7,TX,2,US,20240104,20230214,20220919,4,5,V,
1GT,0746,2130010,CIRRUS DESIGN CORP,SF50,Vision Jet,1,2026,7,NH,E,US,20260531,20260531,20260313,4,5,V,
1KL,0829,2130010,CIRRUS DESIGN CORP,SF50,Vision Jet,1,,8,MN,C,US,20260714,,,4,5,M,
1PL,1687,2130004,CIRRUS DESIGN CORP,SR22T,SR Series,1,2018,7,NC,1,US,20250217,20250217,20180221,4,1,V,
1SJ,4493,2130001,CIRRUS DESIGN CORP,SR22,SR Series,1,2017,7,,,,20250724,20250205,20170420,4,1,V,
1UR,101,2130010,CIRRUS DESIGN CORP,SF50,Vision Jet,1,2019,7,PA,1,US,20230202,20230202,20190205,4,5,V,
1WA,0550,2130010,CIRRUS DESIGN CORP,SF50,Vision Jet,1,2024,7,TX,2,US,20260215,20260215,20240502,4,5,V,
2000M,1475,2130001,CIRRUS DESIGN CORP,SR22,SR Series,1,,7,GA,7,US,20230512,20230512,20050616,4,1,V,
2007,9384,2130004,CIRRUS DESIGN CORP,SR22T,SR Series,1,2023,7,WA,S,US,20231021,20231021,20230810,4,1,V,
200AR,1122,2130001,CIRRUS DESIGN CORP,SR22,SR Series,1,2004,7,FL,7,US,20230728,20190415,20041012,4,1,V,
200DR,4860,2130001,CIRRUS DESIGN CORP,SR22,SR Series,1,2019,1,VA,1,US,20230930,20230117,20191119,4,1,V,
200EU,1517,2130000,CIRRUS DESIGN CORP,SR20,SR Series,1,2005,3,WY,S,US,20260206,20260206,20050510,4,1,V,
200GR,1300,2130000,CIRRUS DESIGN CORP,SR20,SR Series,1,,3,FL,7,US,20250604,20250604,20130205,4,1,V,
200HC,3286,2130001,CIRRUS DESIGN CORP,SR22,SR Series,1,2008,7,OH,C,US,20230915,20221130,20080926,4,1,V,
200LB,0209,2130001,CIRRUS DESIGN CORP,SR22,SR Series,1,2002,1,PR,7,RQ,20250318,20250318,20020419,4,1,V,
200PK,11260,2130000,CIRRUS DESIGN CORP,SR20,SR Series,1,2026,7,NY,1,US,20260602,20260602,20260311,4,1,V,
201AH,0498,2130004,CIRRUS DESIGN CORP,SR22T,SR Series,1,2013,7,MT,S,US,20230825,20190812,20130420,4,1,V,
201FD,10391,2130004,CIRRUS DESIGN CORP,SR22T,SR Series,1,2025,7,FL,7,US,20250317,20250317,20250105,4,1,V,
2026A,11729,2130004,CIRRUS DESIGN CORP,SR22T,SR Series,1,,8,MN,C,US,20260813,,,4,1,M,
202B,10730,2130004,CIRRUS DESIGN CORP,SR22T,SR Series,1,2025,7,TX,2,US,20260126,20260126,20250618,4,1,V,
202CD,0002,2130006,CIRRUS DESIGN CORP,SR10,SR Series,0,2024,8,MN,C,US,20240122,,20250818,4,1,M,
202CM,1684,2130001,CIRRUS DESIGN CORP,SR22,SR Series,1,2005,7,PA,1,US,20230401,20201107,20051115,4,1,V,
202FD,10394,2130004,CIRRUS DESIGN CORP,SR22T,SR Series,1,2025,7,MN,C,US,20250227,20250227,20250102,4,1,V,
202JT,0230,2130001,CIRRUS DESIGN CORP,SR22,SR Series,1,2002,7,IN,C,US,20230623,20181108,20020606,4,1,V,
202SR,11394,2130004,CIRRUS DESIGN CORP,SR22T,SR Series,1,2026,8,MN,C,US,20260316,,20260531,4,1,M,
202TK,11088,2130000,CIRRUS DESIGN CORP,SR20,SR Series,1,2025,7,MO,3,US,20260209,20260209,20251126,4,1,V,
203CD,1451,2130000,CIRRUS DESIGN CORP,SR20,SR Series,1,2004,3,DE,1,US,20230902,20190911,20040818,4,1,V,
203FD,10395,2130004,CIRRUS DESIGN CORP,SR22T,SR Series,1,2025,1,FL,7,US,20250224,20250224,20250102,4,1,V,
203LT,2479,2130000,CIRRUS DESIGN CORP,SR20,SR Series,1,2019,1,PA,1,US,20230314,20230314,20190319,4,1,V,
203RF,0453,2130001,CIRRUS DESIGN CORP,SR22,SR Series,1,2003,7,SD,C,US,20260721,20030905,20030310,4,1,V,
2041C,9047,2130004,CIRRUS DESIGN CORP,SR22T,SR Series,1,2023,7,AZ,4,US,20250610,20230508,20230126,4,1,V,
204BR,0248,2130001,CIRRUS DESIGN CORP,SR22,SR Series,1,2002,4,FL,7,US,20230414,20020710,20070823,4,1,V,
204CD,11182,2130004,CIRRUS DESIGN CORP,SR22T,SR Series,1,2026,1,TN,3,US,20260407,20260407,20260130,4,1,V,
204DL,1942,2130000,CIRRUS DESIGN CORP,SR20,SR Series,1,2008,7,MD,1,US,20231011,20180110,20150616,4,1,V,
204DR,0004,2130006,CIRRUS DESIGN CORP,SR10,SR Series,0,2025,8,MN,C,US,20260717,20260717,20250603,4,1,V,
204HS,0099,2130010,CIRRUS DESIGN CORP,SF50,Vision Jet,1,2019,7,CT,E,US,20230401,20211014,20190130,4,5,V,
204NG,2271,2130000,CIRRUS DESIGN CORP,SR20,SR Series,1,2014,7,MD,1,US,20230623,20181103,20141107,4,1,V,
204RE,1429,2130000,CIRRUS DESIGN CORP,SR20,SR Series,1,2004,7,MT,S,US,20250821,20250821,20040714,4,1,V,
204RM,2295,2130000,CIRRUS DESIGN CORP,SR20,SR Series,1,2015,7,CA,4,US,20230304,20200724,20150916,4,1,V,
204VT,1605,2130000,CIRRUS DESIGN CORP,SR20,SR Series,1,2006,7,HI,4,US,20241107,20150904,20060118,4,1,V,
2050D,1191,2130000,CIRRUS DESIGN CORP,SR20,SR Series,1,2002,3,NM,2,US,20231007,20170224,20020427,4,1,V,
205AS,9344,2130004,CIRRUS DESIGN CORP,SR22T,SR Series,1,2023,4,AL,7,US,20251218,20251218,20230422,4,1,V,
205CD,9145,2130004,CIRRUS DESIGN CORP,SR22T,SR Series,1,2023,3,CA,4,US,20240111,20240111,20230329,4,1,V,
205EC,2127,2130000,CIRRUS DESIGN CORP,SR20,SR Series,1,2012,7,IL,C,US,20260317,20260317,20120222,4,1,V,
205LB,2216,2130000,CIRRUS DESIGN CORP,SR20,SR Series,1,2012,7,OH,C,US,20231020,20170413,20121029,4,1,V,
205SC,10630,2130004,CIRRUS DESIGN CORP,SR22T,SR Series,1,2025,7,ND,C,US,20250614,20250614,20250424,4,1,V,
205WH,2051,2130004,CIRRUS DESIGN CORP,SR22T,SR Series,1,2020,3,CA,4,US,20230428,20210309,20200122,4,1,V,
206SM,0171,2130004,CIRRUS DESIGN CORP,SR22T,SR Series,1,2011,7,MS,2,US,20250809,20250809,20110927,4,1,V,
2075T,1075,2130000,CIRRUS DESIGN CORP,SR20,SR Series,1,2000,7,AR,2,US,20230825,20220809,20150710,4,1,V,
207AE,9820,2130004,CIRRUS DESIGN CORP,SR22T,SR Series,1,2024,7,ME,E,US,20240425,20240425,20240312,4,1,V,
207DV,0183,2130001,CIRRUS DESIGN CORP,SR22,SR Series,1,2002,4,MI,C,US,20230701,20181221,20020328,4,1,V,
207SL,10939,2130000,CIRRUS DESIGN CORP,SR20,SR Series,1,2025,4,ME,E,US,20251216,20251216,20251003,4,1,V,
207WM,3360,2130001,CIRRUS DESIGN CORP,SR22,SR Series,1,2008,7,FL,7,US,20240829,20150724,20081120,4,1,V,Y
208CD,1074,2130000,CIRRUS DESIGN CORP,SR20,SR Series,1,2000,7,OH,C,US,20260426,20260426,20001007,4,1,V,
208GT,1621,2130000,CIRRUS DESIGN CORP,SR20,SR Series,1,2006,7,OH,C,US,20231013,20090416,20060216,4,1,V,
208LG,1566,2130000,CIRRUS DESIGN CORP,SR20,SR Series,1,2005,4,TX,2,US,20230610,20051021,20050916,4,1,V,
209JA,4309,2130001,CIRRUS DESIGN CORP,SR22,SR Series,1,2016,1,CA,4,US,20240613,20240613,20160226,4,1,V,
209ME,2366,2130004,CIRRUS DESIGN CORP,SR22T,SR Series,1,2021,7,MT,S,US,20251217,20251217,20210812,4,1,V,
20AY,2585,2130000,CIRRUS DESIGN CORP,SR20,SR Series,1,2020,7,GA,7,US,20240724,20240724,20200716,4,1,V,
20BK,11527,2130000,CIRRUS DESIGN CORP,SR20,SR Series,1,,8,MN,C,US,20260223,,,4,1,M,
20CA,4844,2130001,CIRRUS DESIGN CORP,SR22,SR Series,1,2019,5,CA,4,US,20230922,20191206,20191024,4,1,V,
20CD,1006,2130000,CIRRUS DESIGN CORP,SR20,SR Series,1,1999,1,NC,1,US,20230616,20211004,19990723,4,1,V,
20CV,1532,2130000,CIRRUS DESIGN CORP,SR20,SR Series,1,2005,1,DE,1,US,20230610,20210922,20050606,4,1,V,
20EF,2700,2130000,CIRRUS DESIGN CORP,SR20,SR Series,1,2021,7,MT,S,US,20260220,20260220,20210405,4,1,V,
20KK,0676,2130004,CIRRUS DESIGN CORP,SR22T,SR Series,1,2013,7,NY,1,US,20230421,20210201,20131220,4,1,V,
20L,3195,2130001,CIRRUS DESIGN CORP,SR22,SR Series,1,2008,7,KY,3,US,20260701,20260701,20080808,4,1,V,
20ML,1945,2130004,CIRRUS DESIGN CORP,SR22T,SR Series,1,2019,7,NJ,1,US,20230215,20230215,20190710,4,1,V,
20PN,2352,2130000,CIRRUS DESIGN CORP,SR20,SR Series,1,2017,7,AZ,4,US,20230414,20210125,20170330,4,1,V,
20PY,2318,2130004,CIRRUS DESIGN CORP,SR22T,SR Series,1,2021,4,CA,4,US,20260305,20260305,20210504,4,1,V,
20PZ,0775,2130004,CIRRUS DESIGN CORP,SR22T,SR Series,1,2014,7,OR,S,US,20260716,20161012,20140505,4,1,V,
20TT,2497,2130000,CIRRUS DESIGN CORP,SR20,SR Series,1,2019,1,WI,C,US,20230818,20190726,20190614,4,1,V,
20TW,0090,2130010,CIRRUS DESIGN CORP,SF50,Vision Jet,1,2018,7,DE,1,US,20250618,20250618,20181206,4,5,V,
20UF,8757,2130000,CIRRUS DESIGN CORP,SR20,SR Series,1,2022,7,FL,7,US,20230516,20230130,20220805,4,1,V,
20WS,1406,2130000,CIRRUS DESIGN CORP,SR20,SR Series,1,2004,4,AZ,4,US,20240606,20240606,20040210,4,1,V,
20XH,10538,2130000,CIRRUS DESIGN CORP,SR20,SR Series,1,2025,7,GA,7,US,20260109,20260109,20250312,4,1,V,
210AL,0549,2130004,CIRRUS DESIGN CORP,SR22T,SR Series,1,2013,7,DE,1,US,20260106,20180711,20130715,4,1,V,
210CA,9466,2130004,CIRRUS DESIGN CORP,SR22T,SR Series,1,2023,7,PA,1,US,20240104,20231105,20231001,4,1,V,
210CB,10411,2130004,CIRRUS DESIGN CORP,SR22T,SR Series,1,2025,1,CA,4,US,20250228,20250228,20250115,4,1,V,
210JE,4323,2130001,CIRRUS DESIGN CORP,SR22,SR Series,1,2016,1,FL,7,US,20260601,20160511,20160325,4,1,V,
210TA,9077,2130001,CIRRUS DESIGN CORP,SR22,SR Series,1,2023,7,FL,7,US,20231116,20231114,20230219,4,1,V,
2113Q,4710,2130001,CIRRUS DESIGN CORP,SR22,SR Series,1,2018,7,MD,1,US,20230718,20220217,20181016,4,1,V,
211AC,4787,2130001,CIRRUS DESIGN CORP,SR22,SR Series,1,2019,3,LA,2,US,20230726,20230726,20190520,4,1,V,
211AL,8985,2130004,CIRRUS DESIGN CORP,SR22T,SR Series,1,2022,7,OR,S,US,20230324,20230324,20221217,4,1,V,
211AW,1278,2130001,CIRRUS DESIGN CORP,SR22,SR Series,1,2005,1,MA,E,US,20240101,20110811,20050124,4,1,V,
211CK,1025,2130004,CIRRUS DESIGN CORP,SR22T,SR Series,1,2015,4,AR,2,US,20230512,20150506,20150415,4,1,V,
211CM,1692,2130001,CIRRUS DESIGN CORP,SR22,SR Series,1,2005,3,DE,1,US,20230722,20081212,20051121,4,1,V,
211FA,2735,2130000,CIRRUS DESIGN CORP,SR20,SR Series,1,2021,7,FL,7,US,20240704,20240704,20210802,4,1,V,
211FD,10396,2130004,CIRRUS DESIGN CORP,SR22T,SR Series,1,2025,7,UT,S,US,20250307,20250307,20250102,4,1,V,
211LH,1831,2130001,CIRRUS DESIGN CORP,SR22,SR Series,1,2006,1,CT,E,US,20251108,20251108,20060223,4,1,V,
211PF,8721,2130004,CIRRUS DESIGN CORP,SR22T,SR Series,1,2022,7,CO,S,US,20230909,20221022,20220701,4,1,V,
211RC,0805,2130010,CIRRUS DESIGN CORP,SF50,Vision Jet,1,,8,MN,C,US,20260309,,,4,5,M,
211RV,2236,2130004,CIRRUS DESIGN CORP,SR22T,SR Series,1,2020,3,UT,S,US,20230414,20210113,20201222,4,1,V,
211SE,2208,2130001,CIRRUS DESIGN CORP,SR22,SR Series,1,2006,3,OK,2,US,20230722,20160305,20061020,4,1,V,
211SJ,2451,2130000,CIRRUS DESIGN CORP,SR20,SR Series,1,2018,3,ME,E,US,20250519,20250519,20180613,4,1,V,
211TM,3572,2130001,CIRRUS DESIGN CORP,SR22,SR Series,1,,3,GA,7,US,20251119,20251119,20091125,4,1,V,
2120M,2478,2130000,CIRRUS DESIGN CORP,SR20,SR Series,1,2019,3,HI,4,US,20230728,20190425,20190312,4,1,V,
2121C,0756,2130010,CIRRUS DESIGN CORP,SF50,Vision Jet,1,2026,7,,8,DE,20260724,20260625,20260330,4,5,V,
212BK,3558,2130001,CIRRUS DESIGN CORP,SR22,SR Series,1,2009,7,NJ,1,US,20230421,20210204,20091221,4,1,V,
212CD,1108,2130000,CIRRUS DESIGN CORP,SR20,SR Series,1,2000,1,IN,C,US,20230310,20200831,20001227,4,1,V,
212DM,11158,2130004,CIRRUS DESIGN CORP,SR22T,SR Series,1,2026,8,MN,C,US,20251113,,20260114,4,1,M,
212DS,9539,2130004,CIRRUS DESIGN CORP,SR22T,SR Series,1,2023,4,CA,4,US,20260430,20240103,20231104,4,1,V,
212FA,2736,2130000,CIRRUS DESIGN CORP,SR20,SR Series,1,2021,7,CA,4,US,20230830,20230830,20210730,4,1,V,
212LC,2323,2130000,CIRRUS DESIGN CORP,SR20,SR Series,1,2016,7,NY,1,US,20230407,20201201,20160601,4,1,V,
212LL,1236,2130004,CIRRUS DESIGN CORP,SR22T,SR Series,1,2016,7,TX,2,US,20230701,20211204,20160202,4,1,V,
212LV,1547,2130000,CIRRUS DESIGN CORP,SR20,SR Series,1,2005,2,DE,1,US,20230122,20200521,20050811,4,1,V,
212MM,0403,2130001,CIRRUS DESIGN CORP,SR22,SR Series,1,2002,4,MD,1,US,20230825,20030213,20021123,4,1,V,
212PF,2285,2130000,CIRRUS DESIGN CORP,SR20,SR Series,1,2015,1,NC,1,US,20230310,20200808,20150527,4,1,V,
212R,11176,2130004,CIRRUS DESIGN CORP,SR22T,SR Series,1,2026,3,MA,E,US,20260612,20260612,20260213,4,1,V,
212RR,2357,2130004,CIRRUS DESIGN CORP,SR22T,SR Series,1,2021,7,DE,1,US,20230616,20211004,20210714,4,1,V,
212SR,1871,2130001,CIRRUS DESIGN CORP,SR22,SR Series,1,2006,7,AZ,4,US,20260526,20260526,20060326,4,1,V,
212TX,11523,2130004,CIRRUS DESIGN CORP,SR22T,SR Series,1,,8,MN,C,US,20260605,,,4,1,M,
212WP,0485,2130010,CIRRUS DESIGN CORP,SF50,Vision Jet,1,2023,7,DE,1,US,20231101,20231101,20230921,4,5,V,
212WV,8950,2130004,CIRRUS DESIGN CORP,SR22T,SR Series,1,2022,1,OH,C,US,20230523,20230523,20221121,4,1,V,
213AG,11548,2130004,CIRRUS DESIGN CORP,SR22T,SR Series,1,,8,MN,C,US,20260622,,,4,1,M,
213AR,0623,2130004,CIRRUS DESIGN CORP,SR22T,SR Series,1,2013,7,CA,4,US,20230517,20230517,20131021,4,1,V,
213BA,9907,2130000,CIRRUS DESIGN CORP,SR20,SR Series,1,2024,7,NC,1,US,20241122,20241122,20240503,4,1,V,
213CA,4094,2130001,CIRRUS DESIGN CORP,SR22,SR Series,1,2014,8,NV,4,US,20240822,20240821,20140605,4,1,V,
213CD,1111,2130000,CIRRUS DESIGN CORP,SR20,SR Series,1,2000,1,CA,4,US,20230718,20190225,20010111,4,1,V,
213CF,8557,2130001,CIRRUS DESIGN CORP,SR22,SR Series,1,2022,1,NC,1,US,20230909,20221017,20220311,4,1,V,
213CG,1409,2130004,CIRRUS DESIGN CORP,SR22T,SR Series,1,2016,7,TN,3,US,20230909,20161005,20160803,4,1,V,
213CP,3142,2130001,CIRRUS DESIGN CORP,SR22,SR Series,1,2008,1,MI,C,US,20230519,20120601,20080718,4,1,V,
213JW,1089,2130001,CIRRUS DESIGN CORP,SR22,SR Series,1,2004,3,MA,E,US,20230519,20040924,20040915,4,1,V,
213KS,1490,2130004,CIRRUS DESIGN CORP,SR22T,SR Series,1,2017,7,WA,S,US,20250923,20250923,20170126,4,1,V,
213KT,11576,2130004,CIRRUS DESIGN CORP,SR22T,SR Series,1,,8,MN,C,US,20260630,,,4,1,M,
213LM,9458,2130004,CIRRUS DESIGN CORP,SR22T,SR Series,1,2023,7,FL,7,US,20231102,20231102,20230927,4,1,V,
213ML,4886,2130001,CIRRUS DESIGN CORP,SR22,SR Series,1,2020,7,LA,2,US,20250522,20250505,20200217,4,1,V,
213MP,10767,2130001,CIRRUS DESIGN CORP,SR22,SR Series,1,2025,7,GA,7,US,20250814,20250814,20250709,4,1,V,
213PG,8702,2130001,CIRRUS DESIGN CORP,SR22,SR Series,1,2022,3,TN,3,US,20250718,20240604,20230914,4,1,V,
213RJ,0737,2130001,CIRRUS DESIGN CORP,SR22,SR Series,1,2003,7,DE,1,US,20231109,20231108,20031113,4,1,V,
213SE,2391,2130001,CIRRUS DESIGN CORP,SR22,SR Series,1,,3,,8,DE,20230603,20180820,20110826,4,1,V,
213SR,2100,2130001,CIRRUS DESIGN CORP,SR22,SR Series,1,2006,1,VA,1,US,20240609,20240609,20060828,4,1,V,
213TB,1056,2130001,CIRRUS DESIGN CORP,SR22,SR Series,1,,1,FL,7,US,20230603,20210803,20040825,4,1,V,
213WD,1121,2130001,CIRRUS DESIGN CORP,SR22,SR Series,1,2004,4,PA,1,US,20230804,20220524,20041012,4,1,V,
214BB,0085,2130001,CIRRUS DESIGN CORP,SR22,SR Series,1,2001,4,CT,E,US,20240604,20200130,20010829,4,1,V,
214BR,2318,2130001,CIRRUS DESIGN CORP,SR22,SR Series,1,2007,1,CT,E,US,20260706,20250523,20070110,4,1,V,
214CD,1113,2130000,CIRRUS DESIGN CORP,SR20,SR Series,1,2001,7,GA,7,US,20230825,20160826,20010116,4,1,V,
214CL,3830,2130001,CIRRUS DESIGN CORP,SR22,SR Series,1,2012,3,DE,1,US,20240503,20240503,20120131,4,1,V,
214CP,3146,2130001,CIRRUS DESIGN CORP,SR22,SR Series,1,,3,MS,2,US,20230519,20080929,,4,1,V,
214CT,3584,2130001,CIRRUS DESIGN CORP,SR22,SR Series,1,2009,7,WY,S,US,20260518,20220706,20091215,4,1,V,
214DJ,0746,2130001,CIRRUS DESIGN CORP,SR22,SR Series,1,2003,3,OK,2,US,20230310,20110817,20031121,4,1,V,
214JG,2048,2130001,CIRRUS DESIGN CORP,SR22,SR Series,1,,7,WY,S,US,20260518,20240610,20060724,4,1,V,
214MW,0840,2130004,CIRRUS DESIGN CORP,SR22T,SR Series,1,2014,3,WY,S,US,20260130,20260130,20140801,4,1,V,
214SQ,2527,2130000,CIRRUS DESIGN CORP,SR20,SR Series,1,2019,7,MN,C,US,20240513,20240513,20191126,4,1,V,
214TW,1225,2130001,CIRRUS DESIGN CORP,SR22,SR Series,1,2004,3,,,,20230310,20100624,20041216,4,1,V,
214TX,4066,2130001,CIRRUS DESIGN CORP,SR22,SR Series,1,2014,1,TX,2,US,20231020,20140430,20140326,4,1,V,
214V,0211,2130010,CIRRUS DESIGN CORP,SF50,Vision Jet,1,2020,7,MA,E,US,20230317,20200914,20200717,4,5,V,
214VQ,3808,2130001,CIRRUS DESIGN CORP,SR22,SR Series,1,2011,7,FL,7,US,20230804,20160516,20111031,4,1,V,
214WF,0918,2130004,CIRRUS DESIGN CORP,SR22T,SR Series,1,2014,3,OH,C,US,20230718,20220212,20141114,4,1,V,
214ZA,1338,2130004,CIRRUS DESIGN CORP,SR22T,SR Series,1,2016,7,,,,20250922,20250922,20160512,4,1,V,
215AE,11463,2130004,CIRRUS DESIGN CORP,SR22T,SR Series,1,,8,MN,C,US,20260402,,,4,1,M,
215AL,11061,2130001,CIRRUS DESIGN CORP,SR22,SR Series,1,2025,7,VA,1,US,20260112,20260112,20251112,4,1,V,
215CD,1114,2130000,CIRRUS DESIGN CORP,SR20,SR Series,1,2001,7,WY,S,US,20260518,20220309,20010118,4,1,V,
215CP,1741,2130000,CIRRUS DESIGN CORP,SR20,SR Series,1,2006,7,TX,2,US,20250319,20250319,20061102,4,1,V,
215EB,9766,2130001,CIRRUS DESIGN CORP,SR22,SR Series,1,2024,7,PA,1,US,20240219,20240219,20240121,4,1,V,
215EM,2453,2130001,CIRRUS DESIGN CORP,SR22,SR Series,1,,7,MN,C,US,20230915,20221115,20070425,4,1,V,
215FJ,1742,2130004,CIRRUS DESIGN CORP,SR22T,SR Series,1,2018,7,MO,3,US,20230505,20210417,20180614,4,1,V,
215GP,0331,2130004,CIRRUS DESIGN CORP,SR22T,SR Series,1,2012,7,MT,S,US,20230623,20211129,20120604,4,1,V,
215JG,0486,2130004,CIRRUS DESIGN CORP,SR22T,SR Series,1,2013,7,OK,2,US,20241119,20241119,20130401,4,1,V,
215JP,2493,2130001,CIRRUS DESIGN CORP,SR22,SR Series,1,2007,7,NV,4,US,20240320,20240320,20070517,4,1,V,
215ME,9528,2130000,CIRRUS DESIGN CORP,SR20,SR Series,1,2023,3,ME,E,US,20231221,20231221,20231109,4,1,V,
215RR,1448,2130001,CIRRUS DESIGN CORP,SR22,SR Series,1,2005,1,PA,1,US,20230930,20170130,20050523,4,1,V,
215SR,1680,2130000,CIRRUS DESIGN CORP,SR20,SR Series,1,2006,7,GA,7,US,20230127,20230127,20060616,4,1,V,
215TT,0458,2130004,CIRRUS DESIGN CORP,SR22T,SR Series,1,2013,7,TX,2,US,20230701,20211202,20130307,4,1,V,
215VS,1334,2130000,CIRRUS DESIGN CORP,SR20,SR Series,1,2003,1,LA,2,US,20251217,20251217,20030528,4,1,V,
216BD,1550,2130004,CIRRUS DESIGN CORP,SR22T,SR Series,1,2017,7,CO,S,US,20230310,20170817,20170606,4,1,V,
216CW,0258,2130010,CIRRUS DESIGN CORP,SF50,Vision Jet,1,2021,7,IL,C,US,20230526,20210710,20210406,4,5,V,
216DE,0174,2130010,CIRRUS DESIGN CORP,SF50,Vision Jet,1,2020,7,NV,4,US,20231007,20200224,20200107,4,5,V,
216DH,4270,2130001,CIRRUS DESIGN CORP,SR22,SR Series,1,2015,7,DE,1,US,20250319,20231024,20151116,4,1,V,
216DK,2150,2130000,CIRRUS DESIGN CORP,SR20,SR Series,1,2012,3,NH,E,US,20230825,20130823,20120327,4,1,V,
216GL,1733,2130004,CIRRUS DESIGN CORP,SR22T,SR Series,1,2018,7,SD,C,US,20260607,20260607,20180605,4,1,V,
216HB,10274,2130004,CIRRUS DESIGN CORP,SR22T,SR Series,1,2024,7,GA,7,US,20241123,20241123,20241018,4,1,V,
216L,1111,2130001,CIRRUS DESIGN CORP,SR22,SR Series,1,2004,1,NC,1,US,20260129,20240606,20041006,4,1,V,
216MM,11278,2130000,CIRRUS DESIGN CORP,SR20,SR Series,1,2026,7,CA,4,US,20260618,20260618,20260328,4,1,V,
216N,3117,2130001,CIRRUS DESIGN CORP,SR22,SR Series,1,2008,7,ND,C,US,20230603,20150811,20080707,4,1,V,
216PB,10924,2130001,CIRRUS DESIGN CORP,SR22,SR Series,1,2025,7,TX,2,US,20251103,20251103,20250912,4,1,V,
216SY,1280,2130004,CIRRUS DESIGN CORP,SR22T,SR Series,1,2016,3,NY,1,US,20260530,20260530,20160317,4,1,V,
217BB,1036,2130000,CIRRUS DESIGN CORP,SR20,SR Series,1,2000,1,MA,E,US,20230526,20210702,20000515,4,1,V,
217CB,0208,2130010,CIRRUS DESIGN CORP,SF50,Vision Jet,1,2020,1,VA,1,US,20250605,20250605,20200626,4,5,V,
217CD,1091,2130000,CIRRUS DESIGN CORP,SR20,SR Series,1,2000,1,KY,3,US,20230811,20160610,20001127,4,1,V,
217CE,3812,2130001,CIRRUS DESIGN CORP,SR22,SR Series,1,2011,4,TX,2,US,20240821,20240821,20111116,4,1,V,
217CP,3147,2130001,CIRRUS DESIGN CORP,SR22,SR Series,1,,7,NC,1,US,20230825,20220831,,4,1,V,
217CT,1475,2130004,CIRRUS DESIGN CORP,SR22T,SR Series,1,2017,4,DE,1,US,20260812,20260812,20170104,4,1,V,
217ET,3637,2130001,CIRRUS DESIGN CORP,SR22,SR Series,1,2010,3,OK,2,US,20230310,20110815,20100415,4,1,V,
217GM,3688,2130001,CIRRUS DESIGN CORP,SR22,SR Series,1,2010,1,TX,2,US,20250131,20240513,20100920,4,1,V,
217JF,0932,2130004,CIRRUS DESIGN CORP,SR22T,SR Series,1,2014,7,MA,E,US,20230728,20220409,20141218,4,1,V,
217JH,1320,2130000,CIRRUS DESIGN CORP,SR20,SR Series,1,2003,4,FL,7,US,20230122,20030512,20030422,4,1,V,
217JK,1901,2130004,CIRRUS DESIGN CORP,SR22T,SR Series,1,2019,7,NC,1,US,20230520,20230520,20190410,4,1,V,
217MC,11173,2130000,CIRRUS DESIGN CORP,SR20,SR Series,1,2026,7,FL,7,US,20260730,20260706,20260210,4,1,V,
217SK,0817,2130004,CIRRUS DESIGN CORP,SR22T,SR Series,1,2014,7,TX,2,US,20260710,20260710,20140709,4,1,V,
217SL,4539,2130001,CIRRUS DESIGN CORP,SR22,SR Series,1,2017,7,LA,2,US,20230304,20200707,20171010,4,1,V,
217SR,2118,2130001,CIRRUS DESIGN CORP,SR22,SR Series,1,2006,3,OK,2,US,20230728,20190412,20060901,4,1,V,
217SW,10680,2130000,CIRRUS DESIGN CORP,SR20,SR Series,1,2025,7,CA,4,US,20250725,20250725,20250531,4,1,V,
217SY,1595,2130004,CIRRUS DESIGN CORP,SR22T,SR Series,1,2017,1,KS,3,US,20260413,,20170524,4,1,R,
217TJ,2291,2130001,CIRRUS DESIGN CORP,SR22,SR Series,1,2006,7,NC,1,US,20230407,20141209,20061214,4,1,V,
217TR,0162,2130010,CIRRUS DESIGN CORP,SF50,Vision Jet,1,2019,7,AR,2,US,20260701,20260701,20191122,4,5,V,
217Y,1629,2130004,CIRRUS DESIGN CORP,SR22T,SR Series,1,2017,7,TX,2,US,20230608,20210130,20171116,4,1,V,
218BJ,2030,2130004,CIRRUS DESIGN CORP,SR22T,SR Series,1,2019,1,CA,4,US,20260614,,20191206,4,1,R,
218CD,1123,2130000,CIRRUS DESIGN CORP,SR20,SR Series,1,2001,1,CT,E,US,20240404,20240209,20010212,4,1,V,
218DF,1688,2130000,CIRRUS DESIGN CORP,SR20,SR Series,1,2006,3,KY,3,US,20230930,20170112,20060712,4,1,V,
218DP,1800,2130001,CIRRUS DESIGN CORP,SR22,SR Series,1,2006,7,PA,1,US,20230909,20101020,20060202,4,1,V,
218EM,2511,2130001,CIRRUS DESIGN CORP,SR22,SR Series,1,2007,7,FL,7,US,20260222,20111110,20111116,4,1,V,
218GC,11680,2130000,CIRRUS DESIGN CORP,SR20,SR Series,1,,8,MN,C,US,20260731,,,4,1,M,
218HG,1632,2130004,CIRRUS DESIGN CORP,SR22T,SR Series,1,2017,7,AZ,4,US,20230317,20200915,20171130,4,1,V,
218HL,1310,2130004,CIRRUS DESIGN CORP,SR22T,SR Series,1,2016,7,TX,2,US,20230603,20180825,20160421,4,1,V,
218HP,0121,2130010,CIRRUS DESIGN CORP,SF50,Vision Jet,1,2019,7,MN,C,US,20230818,20190723,20190605,4,5,V,
218JC,0490,2130010,CIRRUS DESIGN CORP,SF50,Vision Jet,1,2023,7,TN,3,US,20231125,20231125,20231011,4,5,V,
218JS,8551,2130000,CIRRUS DESIGN CORP,SR20,SR Series,1,2022,7,CA,4,US,20230902,20220909,20220307,4,1,V,
218LJ,2673,2130001,CIRRUS DESIGN CORP,SR22,SR Series,1,2007,1,TX,2,US,20230317,20200924,20070904,4,1,V,
218LM,0501,2130001,CIRRUS DESIGN CORP,SR22,SR Series,1,2003,1,SD,C,US,20230519,20210626,20030403,4,1,V,
218MN,2499,2130000,CIRRUS DESIGN CORP,SR20,SR Series,1,2019,7,MN,C,US,20260609,20200127,20200127,4,1,V,
218PM,0201,2130001,CIRRUS DESIGN CORP,SR22,SR Series,1,2002,7,CO,S,US,20230324,20020626,20020412,4,1,V,
218RH,2352,2130004,CIRRUS DESIGN CORP,SR22T,SR Series,1,2021,7,DE,1,US,20230623,20211119,20210705,4,1,V,
218RW,2066,2130004,CIRRUS DESIGN CORP,SR22T,SR Series,1,2020,7,NV,4,US,20230707,20220110,20200207,4,1,V,
218SR,2074,2130001,CIRRUS DESIGN CORP,SR22,SR Series,1,2006,7,ND,C,US,20251031,20210115,20060807,4,1,V,
218SY,1720,2130004,CIRRUS DESIGN CORP,SR22T,SR Series,1,2018,7,MT,S,US,20230922,20221230,20180510,4,1,V,
218VB,1378,2130004,CIRRUS DESIGN CORP,SR22T,SR Series,1,2016,1,TN,3,US,20230421,20210218,20160627,4,1,V,
218WT,4036,2130001,CIRRUS DESIGN CORP,SR22,SR Series,1,2014,7,NC,1,US,20230428,20210306,20140207,4,1,V,
218X,1134,2130001,CIRRUS DESIGN CORP,SR22,SR Series,1,2004,1,OH,C,US,20250614,20250614,20041022,4,1,V,
219CD,1124,2130000,CIRRUS DESIGN CORP,SR20,SR Series,1,2001,7,FL,7,US,20230818,20190718,20010220,4,1,V,
219CP,1750,2130000,CIRRUS DESIGN CORP,SR20,SR Series,1,2006,1,VA,1,US,20260228,20260228,20061114,4,1,V,
219CT,2021,2130004,CIRRUS DESIGN CORP,SR22T,SR Series,1,2019,7,NE,3,US,20230922,20191219,20191015,4,1,V,
219EL,1781,2130000,CIRRUS DESIGN CORP,SR20,SR Series,1,2007,1,CA,4,US,20251106,20250513,20070223,4,1,V,
219MR,1782,2130000,CIRRUS DESIGN CORP,SR20,SR Series,1,2007,7,FL,7,US,20260401,20210227,20070222,4,1,V,
219PM,2756,2130001,CIRRUS DESIGN CORP,SR22,SR Series,1,2007,3,DE,1,US,20230722,20190308,20071019,4,1,V,
219RS,2086,2130004,CIRRUS DESIGN CORP,SR22T,SR Series,1,2020,7,CA,4,US,20230610,20210920,20200312,4,1,V,
219SE,1879,2130004,CIRRUS DESIGN CORP,SR22T,SR Series,1,2019,7,DE,1,US,20250612,20250612,20190226,4,1,V,
219SY,1890,2130004,CIRRUS DESIGN CORP,SR22T,SR Series,1,2019,7,PA,1,US,20250108,20250108,20190328,4,1,V,
219TW,0862,2130004,CIRRUS DESIGN CORP,SR22T,SR Series,1,2014,7,MT,S,US,20230930,20200116,20140908,4,1,V,
21AY,0283,2130010,CIRRUS DESIGN CORP,SF50,Vision Jet,1,2021,1,TN,3,US,20260727,,20210806,4,5,7,
21BQ,1284,2130004,CIRRUS DESIGN CORP,SR22T,SR Series,1,2016,3,CA,4,US,20230407,20201204,20160318,4,1,V,
21CB,4683,2130001,CIRRUS DESIGN CORP,SR22,SR Series,1,2018,7,TX,2,US,20260715,20260715,20180828,4,1,V,
21DC,4632,2130001,CIRRUS DESIGN CORP,SR22,SR Series,1,2018,7,NY,1,US,20230603,20180814,20180423,4,1,V,
21EF,2562,2130000,CIRRUS DESIGN CORP,SR20,SR Series,1,2020,7,NJ,1,US,20230122,20200630,20200512,4,1,V,
21EQ,1457,2130001,CIRRUS DESIGN CORP,SR22,SR Series,1,2005,7,CT,E,US,20230922,20221230,20050531,4,1,V,
21EU,2242,2130004,CIRRUS DESIGN CORP,SR22T,SR Series,1,2021,7,FL,7,US,20260801,20260801,20210114,4,1,V,
21FK,9811,2130004,CIRRUS DESIGN CORP,SR22T,SR Series,1,2024,3,PA,1,US,20240424,20240424,20240308,4,1,V,
21FP,9826,2130001,CIRRUS DESIGN CORP,SR22,SR Series,1,2024,7,IA,3,US,20241023,20240826,20240307,4,1,V,
21GT,4450,2130001,CIRRUS DESIGN CORP,SR22,SR Series,1,2017,7,PA,1,US,20230510,20230510,20170215,4,1,V,
21JZ,1907,2130004,CIRRUS DESIGN CORP,SR22T,SR Series,1,2019,7,NV,4,US,20230830,20230830,20190422,4,1,V,
21KT,10245,2130001,CIRRUS DESIGN CORP,SR22,SR Series,1,2024,4,IL,C,US,20241104,20241104,20241009,4,1,V,
21LX,10998,2130004,CIRRUS DESIGN CORP,SR22T,SR Series,1,2025,7,TN,3,US,20251130,20251130,20251019,4,1,V,
21LZ,0267,2130001,CIRRUS DESIGN CORP,SR22,SR Series,1,,3,OK,2,US,20260302,20260302,20020717,4,1,V,
21PK,2121,2130004,CIRRUS DESIGN CORP,SR22T,SR Series,1,2020,7,NV,4,US,20260126,20260126,20200610,4,1,V,
21SM,0086,2130010,CIRRUS DESIGN CORP,SF50,Vision Jet,1,2018,7,AZ,4,US,20230824,20230824,20181116,4,5,V,
21SU,2365,2130000,CIRRUS DESIGN CORP,SR20,SR Series,1,2017,5,UT,S,US,20230310,20170821,20170726,4,1,V,
21TE,0964,2130001,CIRRUS DESIGN CORP,SR22,SR Series,1,2004,3,CA,4,US,20230616,20081119,20191206,4,1,V,
21UB,9608,2130004,CIRRUS DESIGN CORP,SR22T,SR Series,1,2023,7,TX,2,US,20240121,20240121,20231208,4,1,V,
21UK,2311,2130001,CIRRUS DESIGN CORP,SR22,SR Series,1,,3,NV,4,US,20260302,20260302,,4,1,V,
21VJ,0240,2130010,CIRRUS DESIGN CORP,SF50,Vision Jet,1,2020,7,TX,2,US,20240822,20240822,20201208,4,5,V,
21WE,3370,2130001,CIRRUS DESIGN CORP,SR22,SR Series,1,2009,1,WA,S,US,20230828,20230828,20090514,4,1,V,
21XJ,2019,2130000,CIRRUS DESIGN CORP,SR20,SR Series,1,2009,4,WA,S,US,20231213,20231213,20090408,4,1,V,
21YY,1664,2130001,CIRRUS DESIGN CORP,SR22,SR Series,1,2005,3,IA,3,US,20230616,20071107,20051101,4,1,V,
21ZE,1372,2130000,CIRRUS DESIGN CORP,SR20,SR Series,1,2003,1,CA,4,US,20230526,20210716,20031017,4,1,V,
220,0177,2130001,CIRRUS DESIGN CORP,SR22,SR Series,1,2002,3,DE,1,US,20230915,20161109,20020323,4,1,V,
220AD,3697,2130001,CIRRUS DESIGN CORP,SR22,SR Series,1,2010,3,WY,S,US,20260204,20260204,20100527,4,1,V,
220AM,3635,2130001,CIRRUS DESIGN CORP,SR22,SR Series,1,2010,1,OH,C,US,20240724,20240724,20100413,4,1,V,
220CD,0019,2130001,CIRRUS DESIGN CORP,SR22,SR Series,1,,7,MT,S,US,20230505,20150415,,4,1,V,
220CT,0104,2130004,CIRRUS DESIGN CORP,SR22T,SR Series,1,,8,MN,C,US,20130321,,,4,1,V,
220EB,10325,2130001,CIRRUS DESIGN CORP,SR22,SR Series,1,2024,7,MA,E,US,20250122,20250122,20241114,4,1,V,
220GK,3437,2130001,CIRRUS DESIGN CORP,SR22,SR Series,1,2009,7,OH,C,US,20230304,20090616,20090526,4,1,V,
220KM,1536,2130004,CIRRUS DESIGN CORP,SR22T,SR Series,1,2017,7,WA,S,US,20250618,20250618,20170503,4,1,V,
220LA,9230,2130004,CIRRUS DESIGN CORP,SR22T,SR Series,1,2023,7,TX,2,US,20230608,20230608,20230524,4,1,V,
220MC,11307,2130000,CIRRUS DESIGN CORP,SR20,SR Series,1,2026,3,DE,1,US,20260602,20260602,20260407,4,1,V,
220MR,3779,2130001,CIRRUS DESIGN CORP,SR22,SR Series,1,2011,3,OK,2,US,20230304,20110729,20110727,4,1,V,
220PK,0004,2130004,CIRRUS DESIGN CORP,SR22T,SR Series,1,2010,8,TN,3,US,20250625,20220127,20120406,4,1,V,
220RG,10182,2130004,CIRRUS DESIGN CORP,SR22T,SR Series,1,2024,7,TN,3,US,20250527,20250527,20240831,4,1,V,
220SQ,11124,2130004,CIRRUS DESIGN CORP,SR22T,SR Series,1,2026,7,WY,S,US,20260128,20260128,20260107,4,1,V,
220SR,0391,2130001,CIRRUS DESIGN CORP,SR22,SR Series,1,2002,7,NH,E,US,20250710,20250710,20021122,4,1,V,
220TH,1574,2130000,CIRRUS DESIGN CORP,SR20,SR Series,1,2005,7,TX,2,US,20260617,20100122,20051013,4,1,V,
220VA,11192,2130004,CIRRUS DESIGN CORP,SR22T,SR Series,1,2026,7,SD,C,US,20260428,20260428,20260220,4,1,V,
220VF,1622,2130004,CIRRUS DESIGN CORP,SR22T,SR Series,1,2017,7,TN,3,US,20231115,20231115,20171031,4,1,V,
22126,10017,2130004,CIRRUS DESIGN CORP,SR22T,SR Series,1,2024,7,KY,3,US,20240712,20240712,20240613,4,1,V,
2214X,1319,2130000,CIRRUS DESIGN CORP,SR20,SR Series,1,2003,7,FL,7,US,20251120,20250224,20030502,4,1,V,
2215C,9416,2130004,CIRRUS DESIGN CORP,SR22T,SR Series,1,2023,7,CO,S,US,20231023,20231023,20230905,4,1,V,
22182,0525,2130010,CIRRUS DESIGN CORP,SF50,Vision Jet,1,2024,7,TX,2,US,20260528,20260304,20240207,4,5,V,
221AL,8538,2130004,CIRRUS DESIGN CORP,SR22T,SR Series,1,2022,7,MI,C,US,20230210,20220309,20220228,4,1,V,
221AW,0758,2130001,CIRRUS DESIGN CORP,SR22,SR Series,1,,4,CA,4,US,20230909,20191031,20031208,4,1,V,
221AX,10007,2130004,CIRRUS DESIGN CORP,SR22T,SR Series,1,2024,7,AZ,4,US,20250212,20240709,20240612,4,1,V,
221BM,1901,2130001,CIRRUS DESIGN CORP,SR22,SR Series,1,2006,7,DE,1,US,20231020,20060503,20060412,4,1,V,
221CD,0093,2130001,CIRRUS DESIGN CORP,SR22,SR Series,1,2001,1,MN,C,US,20260505,20200807,20010921,4,1,V,
221CE,0021,2130004,CIRRUS DESIGN CORP,SR22T,SR Series,1,,7,GA,7,US,20230909,20191008,20100914,4,1,V,
221CL,2298,2130004,CIRRUS DESIGN CORP,SR22T,SR Series,1,2021,7,WY,S,US,20260518,20211210,20210419,4,1,V,
221ED,8774,2130001,CIRRUS DESIGN CORP,SR22,SR Series,1,2022,7,VA,1,US,20230211,20230211,20220811,4,1,V,
221EG,2475,2130004,CIRRUS DESIGN CORP,SR22T,SR Series,1,2022,7,WA,S,US,20230718,20220217,20220110,4,1,V,
221FD,10398,2130004,CIRRUS DESIGN CORP,SR22T,SR Series,1,2025,7,CO,S,US,20250414,20250414,20250107,4,1,V,
221FS,10514,2130004,CIRRUS DESIGN CORP,SR22T,SR Series,1,2025,7,FL,7,US,20260411,20260411,20250306,4,1,V,
221GC,8984,2130004,CIRRUS DESIGN CORP,SR22T,SR Series,1,2022,7,SC,7,US,20250929,20250929,20221213,4,1,V,
221GT,1150,2130004,CIRRUS DESIGN CORP,SR22T,SR Series,1,2015,7,MT,S,US,20230616,20151022,20150928,4,1,V,
221GW,0381,2130001,CIRRUS DESIGN CORP,SR22,SR Series,1,,7,FL,7,US,20230811,20220617,,4,1,V,
221JA,2416,2130001,CIRRUS DESIGN CORP,SR22,SR Series,1,2007,7,FL,7,US,20230922,20221231,20070319,4,1,V,
221KD,10950,2130004,CIRRUS DESIGN CORP,SR22T,SR Series,1,2025,7,MI,C,US,20251216,20251216,20250916,4,1,V,
221KT,10347,2130004,CIRRUS DESIGN CORP,SR22T,SR Series,1,2024,7,CA,4,US,20260210,20250102,20241130,4,1,V,
221PG,2256,2130004,CIRRUS DESIGN CORP,SR22T,SR Series,1,2021,7,MD,1,US,20230505,20210429,20210208,4,1,V,
221PH,4872,2130001,CIRRUS DESIGN CORP,SR22,SR Series,1,2019,7,FL,7,US,20260513,20230213,20191219,4,1,V,
221PL,9609,2130004,CIRRUS DESIGN CORP,SR22T,SR Series,1,2023,7,TX,2,US,20260620,20260620,20231208,4,1,V,
221RP,0878,2130001,CIRRUS DESIGN CORP,SR22,SR Series,1,2004,4,CA,4,US,20230922,20161202,20040408,4,1,V,
221SF,2266,2130004,CIRRUS DESIGN CORP,SR22T,SR Series,1,2021,7,NY,1,US,20230512,20210505,20210222,4,1,V,
221SR,10750,2130001,CIRRUS DESIGN CORP,SR22,SR Series,1,2025,3,UT,S,US,20260707,20260707,20250628,4,1,V,
221TR,2659,2130000,CIRRUS DESIGN CORP,SR20,SR Series,1,2021,7,TX,2,US,20230930,20230116,20210126,4,1,V,
221TT,2248,2130004,CIRRUS DESIGN CORP,SR22T,SR Series,1,2021,8,MN,3,US,20230406,,20260201,4,1,V,
221TV,11128,2130000,CIRRUS DESIGN CORP,SR20,SR Series,1,2026,8,MN,C,US,20251027,,20260104,4,1,M,
221TX,2468,2130001,CIRRUS DESIGN CORP,SR22,SR Series,1,2007,7,MT,S,US,20250107,20250107,20070430,4,1,V,
221VC,9989,2130004,CIRRUS DESIGN CORP,SR22T,SR Series,1,2024,7,NM,2,US,20260115,20260115,20240607,4,1,V,
221VL,11405,2130004,CIRRUS DESIGN CORP,SR22T,SR Series,1,2026,8,MN,C,US,20260226,,20260521,4,1,M,
2222S,9579,2130004,CIRRUS DESIGN CORP,SR22T,SR Series,1,2023,7,DE,1,US,20240116,20240116,20231201,4,1,V,
2225,4614,2130001,CIRRUS DESIGN CORP,SR22,SR Series,1,2018,7,VA,1,US,20230330,20230330,20180328,4,1,V,
222AE,9978,2130000,CIRRUS DESIGN CORP,SR20,SR Series,1,2024,7,TX,2,US,20240710,20240710,20240529,4,1,V,
222AH,10382,2130004,CIRRUS DESIGN CORP,SR22T,SR Series,1,2024,7,FL,7,US,20251205,20251205,20241221,4,1,V,
222AL,8520,2130004,CIRRUS DESIGN CORP,SR22T,SR Series,1,2022,4,OH,C,US,20230902,20220921,20220211,4,1,V,
222BA,0263,2130004,CIRRUS DESIGN CORP,SR22T,SR Series,1,2011,7,WA,S,US,20230519,20210602,20111228,4,1,V,
222BG,1095,2130001,CIRRUS DESIGN CORP,SR22,SR Series,1,2004,1,CA,4,US,20230718,20160224,20040917,4,1,V,
222BT,4726,2130001,CIRRUS DESIGN CORP,SR22,SR Series,1,2018,7,FL,7,US,20230512,20210517,20181120,4,1,V,
222BU,11318,2130001,CIRRUS DESIGN CORP,SR22,SR Series,1,2026,7,MN,C,US,20260715,20260715,20260408,4,1,V,
222CF,1736,2130004,CIRRUS DESIGN CORP,SR22T,SR Series,1,2018,7,TX,2,US,20231201,20210121,20180606,4,1,V,
222CN,0843,2130010,CIRRUS DESIGN CORP,SF50,Vision Jet,1,,8,MN,C,US,20260717,,,4,5,M,
222DD,1745,2130004,CIRRUS DESIGN CORP,SR22T,SR Series,1,2018,3,NV,4,US,20230122,20200601,20180626,4,1,V,
222DQ,8768,2130004,CIRRUS DESIGN CORP,SR22T,SR Series,1,2022,7,MT,S,US,20230217,20230217,20220810,4,1,V,
222DV,0168,2130004,CIRRUS DESIGN CORP,SR22T,SR Series,1,2011,7,TN,3,US,20240920,20240920,20110629,4,1,V,
222ED,1103,2130001,CIRRUS DESIGN CORP,SR22,SR Series,1,2004,3,NV,4,US,20230728,20190408,20040924,4,1,V,
222FC,0384,2130010,CIRRUS DESIGN CORP,SF50,Vision Jet,1,2022,3,WY,S,US,20260211,20260211,20220914,4,5,V,
222HD,10256,2130004,CIRRUS DESIGN CORP,SR22T,SR Series,1,2024,7,MA,E,US,20250827,20250827,20241017,4,1,V,
222HS,9462,2130004,CIRRUS DESIGN CORP,SR22T,SR Series,1,2023,7,FL,7,US,20231129,20231129,20230928,4,1,V,
222HW,1163,2130000,CIRRUS DESIGN CORP,SR20,SR Series,1,2001,7,WY,S,US,20260209,20260106,20011129,4,1,V,
222LD,1838,2130001,CIRRUS DESIGN CORP,SR22,SR Series,1,2006,7,SC,7,US,20230324,20230324,20060301,4,1,V,
222RP,0564,2130010,CIRRUS DESIGN CORP,SF50,Vision Jet,1,2024,7,FL,7,US,20240724,20240724,20240717,4,5,V,
222RQ,0264,2130004,CIRRUS DESIGN CORP,SR22T,SR Series,1,2011,7,NV,4,US,20260724,20260724,20111229,4,1,V,
222RT,1702,2130004,CIRRUS DESIGN CORP,SR22T,SR Series,1,2018,7,DE,1,US,20260327,20260327,20180228,4,1,V,
222SR,0858,2130001,CIRRUS DESIGN CORP,SR22,SR Series,1,,7,GA,7,US,20230421,20210211,20040329,4,1,V,
222TN,1356,2130004,CIRRUS DESIGN CORP,SR22T,SR Series,1,2016,7,CO,S,US,20230902,20220914,20160606,4,1,V,
222VH,1972,2130004,CIRRUS DESIGN CORP,SR22T,SR Series,1,2019,7,ID,S,US,20251202,20251202,20190828,4,1,V,
222WM,9057,2130004,CIRRUS DESIGN CORP,SR22T,SR Series,1,2023,7,NC,1,US,20260618,20260618,20230112,4,1,V,
222XJ,4325,2130001,CIRRUS DESIGN CORP,SR22,SR Series,1,2016,2,ND,C,US,20231115,20231115,20160405,4,1,V,
222XT,0313,2130010,CIRRUS DESIGN CORP,SF50,Vision Jet,1,2021,7,CA,4,US,20230728,20220407,20211116,4,5,V,
222YY,1458,2130001,CIRRUS DESIGN CORP,SR22,SR Series,1,2005,7,CT,E,US,20230930,20230121,20050527,4,1,V,
222YZ,2495,2130000,CIRRUS DESIGN CORP,SR20,SR Series,1,2019,7,OR,S,US,20240526,20190716,20190531,4,1,V,
223AT,0318,2130010,CIRRUS DESIGN CORP,SF50,Vision Jet,1,2021,8,TN,3,US,20230804,20220511,20211130,4,5,V,
223BM,4285,2130001,CIRRUS DESIGN CORP,SR22,SR Series,1,2015,7,WA,S,US,20251215,20251215,20151209,4,1,V,
223CH,10848,2130004,CIRRUS DESIGN CORP,SR22T,SR Series,1,2025,3,NC,1,US,20250922,20250922,20250807,4,1,V,
223CP,1738,2130000,CIRRUS DESIGN CORP,SR20,SR Series,1,2006,1,TX,2,US,20230721,20190308,20061031,4,1,V,
223CW,1699,2130004,CIRRUS DESIGN CORP,SR22T,SR Series,1,2018,7,MN,C,US,20230414,20210107,20180321,4,1,V,
223DF,8927,2130004,CIRRUS DESIGN CORP,SR22T,SR Series,1,2022,7,CO,S,US,20230306,20230306,20221113,4,1,V,
223DJ,10815,2130000,CIRRUS DESIGN CORP,SR20,SR Series,1,2025,7,NY,1,US,20250909,20250909,20250801,4,1,V,
223ER,2658,2130001,CIRRUS DESIGN CORP,SR22,SR Series,1,2007,7,CA,4,US,20230317,20170926,20070821,4,1,V,
223FD,9162,2130001,CIRRUS DESIGN CORP,SR22,SR Series,1,2023,7,,,,20230713,20230713,20230330,4,1,V,
223FS,10536,2130004,CIRRUS DESIGN CORP,SR22T,SR Series,1,2025,7,FL,7,US,20260425,20260425,20250312,4,1,V,
223GB,8638,2130001,CIRRUS DESIGN CORP,SR22,SR Series,1,2022,7,PA,1,US,20230915,20221129,20220510,4,1,V,
223GK,8764,2130001,CIRRUS DESIGN CORP,SR22,SR Series,1,2022,7,FL,7,US,20230909,20221005,20220806,4,1,V,
223HH,2212,2130001,CIRRUS DESIGN CORP,SR22,SR Series,1,2006,7,OK,2,US,20230519,20120611,20061025,4,1,V,
223HM,11390,2130004,CIRRUS DESIGN CORP,SR22T,SR Series,1,2026,1,NY,1,US,20260813,,20260517,4,1,R,
223MK,1003,2130001,CIRRUS DESIGN CORP,SR22,SR Series,1,2004,1,WA,S,US,20230505,20040903,20040701,4,1,V,
223MR,1760,2130001,CIRRUS DESIGN CORP,SR22,SR Series,1,2006,7,NY,1,US,20230122,20060407,20060109,4,1,V,
223RW,3442,2130001,CIRRUS DESIGN CORP,SR22,SR Series,1,2010,1,,,,20230603,20210816,20100111,4,1,V,
223TF,3814,2130001,CIRRUS DESIGN CORP,SR22,SR Series,1,2011,7,IA,3,US,20230310,20200801,20111118,4,1,V,
223TN,2698,2130001,CIRRUS DESIGN CORP,SR22,SR Series,1,2007,3,OK,2,US,20230623,20071022,20220609,4,1,V,
223TS,4788,2130001,CIRRUS DESIGN CORP,SR22,SR Series,1,2019,7,FL,7,US,20250311,20250311,20190520,4,1,V,
223TX,2494,2130001,CIRRUS DESIGN CORP,SR22,SR Series,1,2007,7,LA,2,US,20240821,20240821,20070524,4,1,V,
223VB,2054,2130004,CIRRUS DESIGN CORP,SR22T,SR Series,1,2020,7,AZ,4,US,20250127,20250127,20200123,4,1,V,
223WT,0744,2130004,CIRRUS DESIGN CORP,SR22T,SR Series,1,2014,7,ID,S,US,20260604,20260514,20140320,4,1,V,
223WY,0033,2130010,CIRRUS DESIGN CORP,SF50,Vision Jet,1,2018,8,TN,3,US,20230406,20200110,20180205,4,5,V,
2242W,10831,2130001,CIRRUS DESIGN CORP,SR22,SR Series,1,2025,1,NC,1,US,20251024,20251024,20250728,4,1,V,
2244A,10232,2130004,CIRRUS DESIGN CORP,SR22T,SR Series,1,2024,7,NV,4,US,20241030,20241030,20241009,4,1,V,
2244G,1222,2130004,CIRRUS DESIGN CORP,SR22T,SR Series,1,2015,1,TX,2,US,20251028,20251028,20151221,4,1,V,
2246H,4127,2130001,CIRRUS DESIGN CORP,SR22,SR Series,1,2014,7,VA,1,US,20240706,20240706,20140917,4,1,V,
2247R,4534,2130001,CIRRUS DESIGN CORP,SR22,SR Series,1,2017,7,MA,E,US,20230401,20171106,20171005,4,1,V,
224A,1810,2130004,CIRRUS DESIGN CORP,SR22T,SR Series,1,2018,7,OK,2,US,20230310,20200810,20181018,4,1,V,
224AJ,10255,2130004,CIRRUS DESIGN CORP,SR22T,SR Series,1,2024,7,CA,4,US,20250107,20250107,20241013,4,1,V,
224AR,0137,2130001,CIRRUS DESIGN CORP,SR22,SR Series,1,2001,7,TN,3,US,20230922,20161206,20011228,4,1,V,
224BG,4469,2130001,CIRRUS DESIGN CORP,SR22,SR Series,1,2017,1,CA,4,US,20260523,,20170427,4,1,R,
224BT,0370,2130001,CIRRUS DESIGN CORP,SR22,SR Series,1,2002,1,WA,S,US,20230526,20071005,20060202,4,1,V,
224CD,1127,2130000,CIRRUS DESIGN CORP,SR20,SR Series,1,2001,4,MA,E,US,20230930,20230116,20010309,4,1,V,
224CE,4396,2130001,CIRRUS DESIGN CORP,SR22,SR Series,1,2016,3,WY,S,US,20260205,20260205,20160929,4,1,V,
224CF,2926,2130001,CIRRUS DESIGN CORP,SR22,SR Series,1,,7,OR,S,US,20240920,20240920,20080130,4,1,V,
224CK,0603,2130004,CIRRUS DESIGN CORP,SR22T,SR Series,1,2013,7,SC,7,US,20250618,20250618,20130920,4,1,V,
224CT,0105,2130004,CIRRUS DESIGN CORP,SR22T,SR Series,1,2011,7,AZ,4,US,20260110,20260110,20110308,4,1,V,
224CZ,3771,2130001,CIRRUS DESIGN CORP,SR22,SR Series,1,2011,7,DE,1,US,20230722,20220323,20110811,4,1,V,
224DA,2988,2130001,CIRRUS DESIGN CORP,SR22,SR Series,1,2008,7,TN,3,US,20230728,20190429,20230505,4,1,V,
224DD,2625,2130001,CIRRUS DESIGN CORP,SR22,SR Series,1,2007,4,NV,4,US,20231020,20140414,20070802,4,1,V,
224DG,0275,2130001,CIRRUS DESIGN CORP,SR22,SR Series,1,2002,4,MO,3,US,20231104,20231104,20020724,4,1,V,
224DT,0582,2130010,CIRRUS DESIGN CORP,SF50,Vision Jet,1,2024,7,GA,7,US,20240930,20240930,20240923,4,5,V,
224EB,1287,2130001,CIRRUS DESIGN CORP,SR22,SR Series,1,2005,7,FL,7,US,20250414,20250414,20050125,4,1,V,
224EJ,9476,2130001,CIRRUS DESIGN CORP,SR22,SR Series,1,2023,7,FL,7,US,20231110,20231110,20231005,4,1,V,
224FR,2953,2130001,CIRRUS DESIGN CORP,SR22,SR Series,1,2008,7,PA,1,US,20230401,20201106,20080310,4,1,V,
224GR,0626,2130001,CIRRUS DESIGN CORP,SR22,SR Series,1,2003,1,FL,7,US,20231217,20200225,20030722,4,1,V,
224HA,10954,2130004,CIRRUS DESIGN CORP,SR22T,SR Series,1,2025,4,MN,C,US,20251104,20251104,20251002,4,1,V,
224HF,0255,2130001,CIRRUS DESIGN CORP,SR22,SR Series,1,,1,TN,3,US,20230510,20170403,,4,1,V,
224JC,0914,2130001,CIRRUS DESIGN CORP,SR22,SR Series,1,2004,4,ME,E,US,20250609,20150316,20040429,4,1,V,
224JF,2031,2130001,CIRRUS DESIGN CORP,SR22,SR Series,1,2006,7,MI,C,US,20251028,20251028,20060629,4,1,V,
224JG,1013,2130001,CIRRUS DESIGN CORP,SR22,SR Series,1,2004,1,LA,2,US,20250227,20250227,20040721,4,1,V,
224JK,1660,2130004,CIRRUS DESIGN CORP,SR22T,SR Series,1,2018,1,WA,S,US,20230526,20210728,20180103,4,1,V,
224JM,1640,2130004,CIRRUS DESIGN CORP,SR22T,SR Series,1,2017,7,CO,S,US,20250804,20191112,20171101,4,1,V,
224KG,0312,2130004,CIRRUS DESIGN CORP,SR22T,SR Series,1,2012,4,FL,7,US,20250221,20241216,20120530,4,1,V,
224KR,0179,2130001,CIRRUS DESIGN CORP,SR22,SR Series,1,2002,7,TN,3,US,20230915,20221125,20020322,4,1,V,
224LR,0155,2130001,CIRRUS DESIGN CORP,SR22,SR Series,1,2002,7,PA,1,US,20230421,20210220,20020215,4,1,V,
224LS,2414,2130000,CIRRUS DESIGN CORP,SR20,SR Series,1,2018,7,FL,7,US,20240613,20240613,20180312,4,1,V,
224LW,0293,2130004,CIRRUS DESIGN CORP,SR22T,SR Series,1,2012,7,OH,C,US,20250817,20250817,20120208,4,1,V,
224LZ,2767,2130001,CIRRUS DESIGN CORP,SR22,SR Series,1,2007,7,WY,S,US,20230310,20200811,20071026,4,1,V,
224MV,1922,2130001,CIRRUS DESIGN CORP,SR22,SR Series,1,2006,3,OK,2,US,20230804,20130507,20060426,4,1,V,
224N,11608,2130004,CIRRUS DESIGN CORP,SR22T,SR Series,1,,8,MN,C,US,20260622,,,4,1,M,
224NH,3569,2130001,CIRRUS DESIGN CORP,SR22,SR Series,1,2009,7,TX,2,US,20230722,20190313,20091118,4,1,V,
224NX,0170,2130001,CIRRUS DESIGN CORP,SR22,SR Series,1,2002,7,MA,E,US,20251229,20250924,20020316,4,1,V,
224PB,1754,2130001,CIRRUS DESIGN CORP,SR22,SR Series,1,2006,4,TN,3,US,20230317,20200924,20060103,4,1,V,
224PC,4655,2130001,CIRRUS DESIGN CORP,SR22,SR Series,1,2018,4,CA,4,US,20230623,20181107,20180626,4,1,V,
224PF,1917,2130001,CIRRUS DESIGN CORP,SR22,SR Series,1,2006,1,TX,2,US,20231007,20170201,20060425,4,1,V,
224PJ,2281,2130001,CIRRUS DESIGN CORP,SR22,SR Series,1,2006,1,WA,S,US,20250702,20121126,20061214,4,1,V,
224PV,1226,2130004,CIRRUS DESIGN CORP,SR22T,SR Series,1,2015,7,CA,4,US,20230208,20230208,20151222,4,1,V,
224RC,2919,2130001,CIRRUS DESIGN CORP,SR22,SR Series,1,,3,NM,2,US,20230728,20220405,,4,1,V,
224RF,1178,2130000,CIRRUS DESIGN CORP,SR20,SR Series,1,2002,3,CA,4,US,20230909,20020326,20020122,4,1,V,
224RJ,4027,2130001,CIRRUS DESIGN CORP,SR22,SR Series,1,2013,7,MO,3,US,20231013,20200311,20131216,4,1,V,
224RT,3268,2130001,CIRRUS DESIGN CORP,SR22,SR Series,1,2008,7,TX,2,US,20250416,20250416,20080924,4,1,V,
224RW,1595,2130001,CIRRUS DESIGN CORP,SR22,SR Series,1,2005,7,WA,S,US,20250717,20150623,20050906,4,1,V,
224SJ,0705,2130001,CIRRUS DESIGN CORP,SR22,SR Series,1,2003,7,WI,C,US,20260123,20141027,20031008,4,1,V,
224SR,2172,2130001,CIRRUS DESIGN CORP,SR22,SR Series,1,2006,1,MD,1,US,20250707,20250707,20061004,4,1,V,
224ST,0882,2130001,CIRRUS DESIGN CORP,SR22,SR Series,1,2004,7,GA,7,US,20230616,20181024,20040409,4,1,V,
224SY,0184,2130001,CIRRUS DESIGN CORP,SR22,SR Series,1,2002,7,MO,3,US,20230428,20120313,20020327,4,1,V,
224TG,1570,2130001,CIRRUS DESIGN CORP,SR22,SR Series,1,2005,7,AZ,4,US,20231020,20170412,20050822,4,1,V,
224U,3129,2130001,CIRRUS DESIGN CORP,SR22,SR Series,1,2008,7,FL,7,US,20250728,20250728,20080711,4,1,V,
224VJ,0069,2130010,CIRRUS DESIGN CORP,SF50,Vision Jet,1,2018,7,NC,1,US,20241122,20241122,20180810,4,5,V,
224W,10046,2130004,CIRRUS DESIGN CORP,SR22T,SR Series,1,2024,3,DE,1,US,20240805,20240805,20240623,4,1,V,
224WS,8807,2130004,CIRRUS DESIGN CORP,SR22T,SR Series,1,2022,7,WI,C,US,20260806,20230325,20220912,4,1,V,
224WT,1947,2130001,CIRRUS DESIGN CORP,SR22,SR Series,1,2006,3,CA,4,US,20230122,20140530,20060509,4,1,V,
224YB,11048,2130001,CIRRUS DESIGN CORP,SR22,SR Series,1,2025,7,GA,7,US,20251226,20251226,20251112,4,1,V,
2255,11530,2130004,CIRRUS DESIGN CORP,SR22T,SR Series,1,,8,MN,C,US,20260414,,,4,1,M,
2255T,9073,2130004,CIRRUS DESIGN CORP,SR22T,SR Series,1,2023,7,FL,7,US,20230726,20230726,20230220,4,1,V,
225AL,2130,2130004,CIRRUS DESIGN CORP,SR22T,SR Series,1,2020,7,FL,7,US,20240604,20240604,20200629,4,1,V,
225CD,11631,2130001,CIRRUS DESIGN CORP,SR22,SR Series,1,,8,MN,C,US,20260727,,,4,1,M,
225CV,0612,2130010,CIRRUS DESIGN CORP,SF50,Vision Jet,1,2024,7,WA,S,US,20251118,20251118,20241219,4,5,V,
225F,4330,2130001,CIRRUS DESIGN CORP,SR22,SR Series,1,2016,3,MO,3,US,20230811,20160601,20160411,4,1,V,
225FD,9167,2130001,CIRRUS DESIGN CORP,SR22,SR Series,1,2023,7,FL,7,US,20230808,20230808,20230412,4,1,V,
225HL,2201,2130004,CIRRUS DESIGN CORP,SR22T,SR Series,1,2020,7,FL,7,US,20230407,20201218,20201118,4,1,V,
225MK,0724,2130004,CIRRUS DESIGN CORP,SR22T,SR Series,1,2014,7,FL,7,US,20240320,20240320,20140304,4,1,V,
225MV,0504,2130010,CIRRUS DESIGN CORP,SF50,Vision Jet,1,2023,4,CA,4,US,20231218,20231218,20231129,4,5,V,
225PE,4286,2130001,CIRRUS DESIGN CORP,SR22,SR Series,1,,3,DE,1,US,20251104,20250821,20151216,4,1,V,
225PL,1546,2130004,CIRRUS DESIGN CORP,SR22T,SR Series,1,2017,4,WA,S,US,20241106,20241106,20170519,4,1,V,
225RB,0010,2130004,CIRRUS DESIGN CORP,SR22T,SR Series,1,2010,3,DE,1,US,20230902,20220907,20140416,4,1,V,
225RL,2981,2130001,CIRRUS DESIGN CORP,SR22,SR Series,1,,1,CA,4,US,20260402,20260402,,4,1,V,
225RP,9246,2130000,CIRRUS DESIGN CORP,SR20,SR Series,1,2023,7,MS,2,US,20260116,20260116,20230521,4,1,V,
225SD,11672,2130000,CIRRUS DESIGN CORP,SR20,SR Series,1,,8,MN,C,US,20260806,,,4,1,M,
225TL,4478,2130001,CIRRUS DESIGN CORP,SR22,SR Series,1,2017,7,VA,1,US,20260728,20260728,20170518,4,1,V,
225TN,3108,2130001,CIRRUS DESIGN CORP,SR22,SR Series,1,2008,7,MT,S,US,20231203,20231203,20080710,4,1,V,
225VT,4448,2130001,CIRRUS DESIGN CORP,SR22,SR Series,1,2017,7,MT,S,US,20230706,20230706,20170214,4,1,V,
225YZ,2291,2130000,CIRRUS DESIGN CORP,SR20,SR Series,1,2015,7,NY,1,US,20230706,20230706,20150618,4,1,V,
2262L,0154,2130010,CIRRUS DESIGN CORP,SF50,Vision Jet,1,2019,7,DE,1,US,20230915,20191121,20191023,4,5,V,
2268M,0642,2130001,CIRRUS DESIGN CORP,SR22,SR Series,1,2003,7,TX,2,US,20230520,20030926,20030808,4,1,V,
226BB,3426,2130001,CIRRUS DESIGN CORP,SR22,SR Series,1,2009,3,NM,2,US,20230722,20220331,20090316,4,1,V,
226BC,1826,2130001,CIRRUS DESIGN CORP,SR22,SR Series,1,2006,1,WV,1,US,20230420,20230420,20060221,4,1,V,
226BG,0837,2130001,CIRRUS DESIGN CORP,SR22,SR Series,1,2004,1,MA,E,US,20230728,20220429,20040319,4,1,V,
226BR,10662,2130004,CIRRUS DESIGN CORP,SR22T,SR Series,1,2025,7,WY,S,US,20250715,20250715,20250516,4,1,V,
226CD,1130,2130000,CIRRUS DESIGN CORP,SR20,SR Series,1,2001,1,IL,C,US,20230905,20230905,20010316,4,1,V,
226CF,4994,2130001,CIRRUS DESIGN CORP,SR22,SR Series,1,2021,4,ME,E,US,20241115,20241115,20210126,4,1,V,
226CH,0875,2130001,CIRRUS DESIGN CORP,SR22,SR Series,1,2004,1,IL,C,US,20260117,20260117,20040407,4,1,V,
226CW,0744,2130010,CIRRUS DESIGN CORP,SF50,Vision Jet,1,2026,7,MO,3,US,20260806,20260806,20260226,4,5,V,
226FD,9105,2130001,CIRRUS DESIGN CORP,SR22,SR Series,1,2023,7,DE,1,US,20230531,20230531,20230311,4,1,V,
226JH,3443,2130001,CIRRUS DESIGN CORP,SR22,SR Series,1,2009,7,PA,1,US,20230607,20230607,20090608,4,1,V,
226KB,4746,2130001,CIRRUS DESIGN CORP,SR22,SR Series,1,,7,OK,2,US,20251223,20251223,20190129,4,1,V,
226KM,2576,2130000,CIRRUS DESIGN CORP,SR20,SR Series,1,2020,7,IL,C,US,20230311,20230311,20200609,4,1,V,
226KT,2781,2130000,CIRRUS DESIGN CORP,SR20,SR Series,1,2021,7,FL,7,US,20260411,20260411,20211115,4,1,V,
226ML,2052,2130004,CIRRUS DESIGN CORP,SR22T,SR Series,1,2020,7,CO,S,US,20250926,20250926,20200122,4,1,V,
226MM,2138,2130004,CIRRUS DESIGN CORP,SR22T,SR Series,1,2020,7,MT,S,US,20260122,20260122,20200716,4,1,V,
226N,9854,2130004,CIRRUS DESIGN CORP,SR22T,SR Series,1,2024,7,WA,S,US,20260522,20251027,20240411,4,1,V,
226P,0615,2130010,CIRRUS DESIGN CORP,SF50,Vision Jet,1,2024,7,UT,S,US,20250128,20250128,20241222,4,5,V,
226PK,1471,2130004,CIRRUS DESIGN CORP,SR22T,SR Series,1,2016,8,TN,3,US,20230406,20200115,20161228,4,1,V,
226PM,1868,2130004,CIRRUS DESIGN CORP,SR22T,SR Series,1,2019,7,UT,S,US,20260409,20250625,20190212,4,1,V,
226PR,11246,2130000,CIRRUS DESIGN CORP,SR20,SR Series,1,2026,1,OK,2,US,20260512,20260512,20260304,4,1,V,
226RH,2290,2130001,CIRRUS DESIGN CORP,SR22,SR Series,1,2006,4,TX,2,US,20260613,20260613,20061213,4,1,V,
226SB,8549,2130004,CIRRUS DESIGN CORP,SR22T,SR Series,1,2022,4,CA,4,US,20230902,20220909,20220304,4,1,V,
226SF,0481,2130010,CIRRUS DESIGN CORP,SF50,Vision Jet,1,2023,3,TN,3,US,20231031,20231031,20230829,4,5,V,
226SR,9179,2130001,CIRRUS DESIGN CORP,SR22,SR Series,1,2023,7,WI,C,US,20250314,20250314,20230408,4,1,V,
226TS,2733,2130000,CIRRUS DESIGN CORP,SR20,SR Series,1,2021,7,CA,4,US,20260529,20260529,20210802,4,1,V,
226TW,4837,2130001,CIRRUS DESIGN CORP,SR22,SR Series,1,2019,4,KY,3,US,20240812,20240812,20191015,4,1,V,Y
226TX,3390,2130001,CIRRUS DESIGN CORP,SR22,SR Series,1,2009,1,NC,1,US,20251220,20251220,20090727,4,1,V,
226XY,0486,2130001,CIRRUS DESIGN CORP,SR22,SR Series,1,2003,7,IA,3,US,20240428,20240428,20030319,4,1,V,
2272H,2316,2130000,CIRRUS DESIGN CORP,SR20,SR Series,1,2016,7,IL,C,US,20240911,20240911,20160317,4,1,V,
2277C,11434,2130001,CIRRUS DESIGN CORP,SR22,SR Series,1,2026,8,MN,C,US,20260324,,20260604,4,1,M,
227BD,3134,2130001,CIRRUS DESIGN CORP,SR22,SR Series,1,2008,7,MN,C,US,20230722,20220302,20080715,4,1,V,
227BW,1770,2130000,CIRRUS DESIGN CORP,SR20,SR Series,1,2007,4,AZ,4,US,20240820,20240820,20070119,4,1,V,
227CE,9618,2130004,CIRRUS DESIGN CORP,SR22T,SR Series,1,2023,3,NM,2,US,20260212,20260212,20231211,4,1,V,
227CL,2180,2130004,CIRRUS DESIGN CORP,SR22T,SR Series,1,2020,3,DE,1,US,20230428,20210315,20200930,4,1,V,
227DH,9308,2130004,CIRRUS DESIGN CORP,SR22T,SR Series,1,2023,4,CA,4,US,20250206,20230914,20230808,4,1,V,
227DZ,3288,2130001,CIRRUS DESIGN CORP,SR22,SR Series,1,2008,3,DE,1,US,20250515,20210120,20081001,4,1,V,
227ES,9201,2130004,CIRRUS DESIGN CORP,SR22T,SR Series,1,2023,7,TN,3,US,20250917,20250917,20230425,4,1,V,
227FD,9113,2130001,CIRRUS DESIGN CORP,SR22,SR Series,1,2023,7,LA,2,US,20250904,20250904,20230228,4,1,V,
227GE,8595,2130004,CIRRUS DESIGN CORP,SR22T,SR Series,1,2022,3,DE,1,US,20230909,20221005,20220404,4,1,V,
227GW,11132,2130004,CIRRUS DESIGN CORP,SR22T,SR Series,1,2026,7,DE,1,US,20260327,20260327,20260106,4,1,V,
227H,3438,2130001,CIRRUS DESIGN CORP,SR22,SR Series,1,2009,3,OK,2,US,20230901,20120831,20090521,4,1,V,
227HW,8892,2130004,CIRRUS DESIGN CORP,SR22T,SR Series,1,2022,7,AL,7,US,20230226,20230226,20221025,4,1,V,
227JH,4237,2130001,CIRRUS DESIGN CORP,SR22,SR Series,1,2015,3,WV,1,US,20230317,20221121,20150824,4,1,V,
227KC,5012,2130001,CIRRUS DESIGN CORP,SR22,SR Series,1,2021,4,KS,3,US,20250722,20250722,20210304,4,1,V,
227MM,9326,2130004,CIRRUS DESIGN CORP,SR22T,SR Series,1,2023,7,FL,7,US,20251204,20251204,20230711,4,1,V,
227MP,4141,2130001,CIRRUS DESIGN CORP,SR22,SR Series,1,2014,7,NC,1,US,20240406,20240406,20141124,4,1,V,
227MX,9954,2130004,CIRRUS DESIGN CORP,SR22T,SR Series,1,2024,7,WY,S,US,20250912,20250912,20240515,4,1,V,
227PG,3675,2130001,CIRRUS DESIGN CORP,SR22,SR Series,1,2010,4,ND,C,US,20260601,20260305,20100824,4,1,V,
227RC,9920,2130000,CIRRUS DESIGN CORP,SR20,SR Series,1,2024,7,CA,4,US,20250707,20250707,20240511,4,1,V,
227RT,2357,2130001,CIRRUS DESIGN CORP,SR22,SR Series,1,2007,1,TN,3,US,20251020,20210729,20070207,4,1,V,
227SP,5050,2130001,CIRRUS DESIGN CORP,SR22,SR Series,1,2021,5,IA,3,US,20230823,20230823,20210630,4,1,V,
227WB,4523,2130001,CIRRUS DESIGN CORP,SR22,SR Series,1,2017,7,TX,2,US,20251008,20251008,20170719,4,1,V,
2288D,3761,2130001,CIRRUS DESIGN CORP,SR22,SR Series,1,2011,7,MA,E,US,20230401,20171106,20110429,4,1,V,
2288Y,1218,2130000,CIRRUS DESIGN CORP,SR20,SR Series,1,,4,MN,C,US,20250303,20250303,,4,1,V,
228BS,0040,2130010,CIRRUS DESIGN CORP,SF50,Vision Jet,1,2018,7,VA,1,US,20230505,20180423,20180321,4,5,V,
228CC,0713,2130004,CIRRUS DESIGN CORP,SR22T,SR Series,1,,7,FL,7,US,20250828,20250828,,4,1,V,
228CF,5007,2130001,CIRRUS DESIGN CORP,SR22,SR Series,1,2021,8,NY,1,US,20230722,20220316,20210220,4,1,V,
228DF,0282,2130004,CIRRUS DESIGN CORP,SR22T,SR Series,1,2012,3,CA,4,US,20230310,20200812,20120120,4,1,V,
228DL,9042,2130004,CIRRUS DESIGN CORP,SR22T,SR Series,1,2023,7,TX,2,US,20241007,20241007,20230120,4,1,V,
228DW,2027,2130004,CIRRUS DESIGN CORP,SR22T,SR Series,1,2019,7,FL,7,US,20250902,20250610,20191119,4,1,V,
228EE,1979,2130004,CIRRUS DESIGN CORP,SR22T,SR Series,1,2019,7,MD,1,US,20240830,20240830,20190906,4,1,V,
228FD,9115,2130001,CIRRUS DESIGN CORP,SR22,SR Series,1,2023,7,NJ,1,US,20230713,20230713,20230319,4,1,V,
228GE,0273,2130010,CIRRUS DESIGN CORP,SF50,Vision Jet,1,2021,7,FL,7,US,20240923,20240919,20210617,4,5,V,
228KT,2301,2130004,CIRRUS DESIGN CORP,SR22T,SR Series,1,2021,1,VA,1,US,20260702,20221130,20210426,4,1,V,
228LG,1780,2130000,CIRRUS DESIGN CORP,SR20,SR Series,1,2007,7,MD,1,US,20240429,20231208,20070227,4,1,V,
228LR,11090,2130004,CIRRUS DESIGN CORP,SR22T,SR Series,1,2025,7,NV,4,US,20260129,20260129,20251204,4,1,V,
228MK,11435,2130004,CIRRUS DESIGN CORP,SR22T,SR Series,1,2026,7,WY,S,US,20260626,20260626,20260601,4,1,V,
228MM,1335,2130001,CIRRUS DESIGN CORP,SR22,SR Series,1,2005,7,WI,C,US,20240809,20180314,20050301,4,1,V,
228MV,0595,2130010,CIRRUS DESIGN CORP,SF50,Vision Jet,1,2024,7,FL,7,US,20241112,20241112,20241104,4,5,V,
228RP,2287,2130004,CIRRUS DESIGN CORP,SR22T,SR Series,1,2021,7,AR,2,US,20260531,20260531,20210402,4,1,V,
228RS,0707,2130004,CIRRUS DESIGN CORP,SR22T,SR Series,1,2014,3,MN,C,US,20260730,20260730,20140226,4,1,V,
228ST,0471,2130010,CIRRUS DESIGN CORP,SF50,Vision Jet,1,2023,7,LA,2,US,20260518,20251211,20230720,4,5,V,
228TL,1666,2130004,CIRRUS DESIGN CORP,SR22T,SR Series,1,2018,7,MD,1,US,20240617,20240124,20180115,4,1,V,
228TR,1511,2130000,CIRRUS DESIGN CORP,SR20,SR Series,1,2005,7,CT,E,US,20230707,20220129,20050413,4,1,V,
228TT,9314,2130004,CIRRUS DESIGN CORP,SR22T,SR Series,1,2023,3,NC,1,US,20230913,20230913,20230619,4,1,V,
228Z,2241,2130004,CIRRUS DESIGN CORP,SR22T,SR Series,1,2021,7,UT,S,US,20240321,20210315,20210107,4,1,V,
229AT,10030,2130004,CIRRUS DESIGN CORP,SR22T,SR Series,1,2024,7,VA,1,US,20260429,20260429,20240620,4,1,V,
229CD,1131,2130000,CIRRUS DESIGN CORP,SR20,SR Series,1,2001,1,NE,3,US,20230512,20050801,20010316,4,1,V,
229DA,2341,2130000,CIRRUS DESIGN CORP,SR20,SR Series,1,2017,4,AL,7,US,20230804,20220521,20170213,4,1,V,
229DT,3850,2130001,CIRRUS DESIGN CORP,SR22,SR Series,1,2012,7,OK,2,US,20230524,20230524,20120510,4,1,V,
229DW,10319,2130004,CIRRUS DESIGN CORP,SR22T,SR Series,1,2024,7,FL,7,US,20250117,20250117,20241109,4,1,V,
229F,2299,2130001,CIRRUS DESIGN CORP,SR22,SR Series,1,2006,1,CA,4,US,20260623,20140701,20061218,4,1,V,
229FD,10399,2130004,CIRRUS DESIGN CORP,SR22T,SR Series,1,2025,7,SC,7,US,20250311,20250311,20250102,4,1,V,
229H,9830,2130004,CIRRUS DESIGN CORP,SR22T,SR Series,1,2024,7,MA,E,US,20240419,20240418,20240308,4,1,V,
229J,2436,2130000,CIRRUS DESIGN CORP,SR20,SR Series,1,2018,7,CO,S,US,20250824,20240124,20180423,4,1,V,
229LS,11350,2130004,CIRRUS DESIGN CORP,SR22T,SR Series,1,2026,7,GA,7,US,20260715,20260715,20260423,4,1,V,
229RH,1113,2130004,CIRRUS DESIGN CORP,SR22T,SR Series,1,2015,7,NE,3,US,20260211,20260211,20251124,4,1,V,
229RM,0416,2130001,CIRRUS DESIGN CORP,SR22,SR Series,1,2002,1,GA,7,US,20250422,20240926,20021209,4,1,V,
229SG,1956,2130001,CIRRUS DESIGN CORP,SR22,SR Series,1,2006,7,GA,7,US,20231115,20231115,20060511,4,1,V,
229TX,0076,2130004,CIRRUS DESIGN CORP,SR22T,SR Series,1,2011,7,UT,S,US,20230122,20200319,20110127,4,1,V,
229WA,0616,2130004,CIRRUS DESIGN CORP,SR22T,SR Series,1,2013,7,WA,S,US,20260529,20220202,20131003,4,1,V,
22AB,1144,2130004,CIRRUS DESIGN CORP,SR22T,SR Series,1,2015,7,CA,4,US,20230915,20221104,20150915,4,1,V,
22AD,4641,2130001,CIRRUS DESIGN CORP,SR22,SR Series,1,2018,3,NC,1,US,20230526,20180716,20180517,4,1,V,
22AY,1176,2130001,CIRRUS DESIGN CORP,SR22,SR Series,1,2004,7,DE,1,US,20230915,20221116,20041117,4,1,V,
22BV,2642,2130000,CIRRUS DESIGN CORP,SR20,SR Series,1,2020,7,FL,7,US,20230414,20210121,20201027,4,1,V,
22CE,4918,2130001,CIRRUS DESIGN CORP,SR22,SR Series,1,2020,7,FL,7,US,20240415,20240415,20200623,4,1,V,
22CW,0601,2130004,CIRRUS DESIGN CORP,SR22T,SR Series,1,2013,7,WY,S,US,20240306,20240119,20130923,4,1,V,
22CY,3085,2130001,CIRRUS DESIGN CORP,SR22,SR Series,1,2008,1,NC,1,US,20250811,20250811,20080623,4,1,V,
22DB,0205,2130001,CIRRUS DESIGN CORP,SR22,SR Series,1,2002,1,FL,7,US,20230930,20200130,20020417,4,1,V,
22DG,9229,2130004,CIRRUS DESIGN CORP,SR22T,SR Series,1,2023,3,CO,S,US,20241122,20240822,20230504,4,1,V,
22DM,2886,2130001,CIRRUS DESIGN CORP,SR22,SR Series,1,2007,7,NJ,1,US,20230122,20200127,20071220,4,1,V,
22EG,2234,2130001,CIRRUS DESIGN CORP,SR22,SR Series,1,2006,7,NY,1,US,20230505,20210429,20210615,4,1,V,
22FA,0782,2130001,CIRRUS DESIGN CORP,SR22,SR Series,1,2003,1,CA,4,US,20231212,20141015,20031219,4,1,V,
22GX,0980,2130001,CIRRUS DESIGN CORP,SR22,SR Series,1,2004,1,FL,7,US,20230909,20191021,20040617,4,1,V,
22HL,0691,2130010,CIRRUS DESIGN CORP,SF50,Vision Jet,1,2025,7,OH,C,US,20260114,20251015,20250912,4,5,V,
22HS,11607,2130000,CIRRUS DESIGN CORP,SR20,SR Series,1,,8,MN,C,US,20260521,,,4,1,M,
22KH,0198,2130001,CIRRUS DESIGN CORP,SR22,SR Series,1,2002,7,VA,1,US,20251117,20251117,20020409,4,1,V,
22L,1489,2130004,CIRRUS DESIGN CORP,SR22T,SR Series,1,2017,7,TN,3,US,20230923,20230923,20170207,4,1,V,
22MS,2080,2130004,CIRRUS DESIGN CORP,SR22T,SR Series,1,2020,7,MD,1,US,20231020,20200409,20200220,4,1,V,
22MX,11123,2130004,CIRRUS DESIGN CORP,SR22T,SR Series,1,2026,3,DE,1,US,20260204,20260204,20260124,4,1,V,
22P,1369,2130004,CIRRUS DESIGN CORP,SR22T,SR Series,1,2016,7,TX,2,US,20230317,20200902,20160617,4,1,V,
22PD,2119,2130004,CIRRUS DESIGN CORP,SR22T,SR Series,1,2020,7,MT,S,US,20241101,20210828,20200603,4,1,V,
22RA,0270,2130010,CIRRUS DESIGN CORP,SF50,Vision Jet,1,2021,7,TX,2,US,20230603,20210823,20210520,4,5,V,
22RT,2098,2130004,CIRRUS DESIGN CORP,SR22T,SR Series,1,2020,4,OK,2,US,20241010,20241010,20200322,4,1,V,
22SK,8801,2130004,CIRRUS DESIGN CORP,SR22T,SR Series,1,2022,1,AZ,4,US,20260216,20260216,20220911,4,1,V,
22TL,2250,2130004,CIRRUS DESIGN CORP,SR22T,SR Series,1,2021,7,CA,4,US,20250421,20250212,20210126,4,1,V,
22TM,10433,2130004,CIRRUS DESIGN CORP,SR22T,SR Series,1,2025,7,WI,C,US,20250222,20250222,20250128,4,1,V,
22US,8692,2130004,CIRRUS DESIGN CORP,SR22T,SR Series,1,2022,7,OR,S,US,20230303,20230303,20220703,4,1,V,
22VC,1341,2130001,CIRRUS DESIGN CORP,SR22,SR Series,1,2005,7,MA,E,US,20260718,20260718,20050308,4,1,V,
22VG,0459,2130001,CIRRUS DESIGN CORP,SR22,SR Series,1,,7,GA,7,US,20231020,20030523,,4,1,V,
22WB,10314,2130004,CIRRUS DESIGN CORP,SR22T,SR Series,1,2024,7,FL,7,US,20241217,20241217,20241114,4,1,V,
22WE,9023,2130001,CIRRUS DESIGN CORP,SR22,SR Series,1,2022,7,DE,1,US,20230427,20230329,20221229,4,1,V,
22WU,1647,2130000,CIRRUS DESIGN CORP,SR20,SR Series,1,2006,7,NC,1,US,20251204,20251204,20060417,4,1,V,
22WX,0281,2130001,CIRRUS DESIGN CORP,SR22,SR Series,1,2002,1,NH,E,US,20230825,20220809,20020727,4,1,V,
22XD,0531,2130001,CIRRUS DESIGN CORP,SR22,SR Series,1,2003,1,TN,3,US,20250702,20180618,20030428,4,1,V,
22XJ,3835,2130001,CIRRUS DESIGN CORP,SR22,SR Series,1,2012,7,GA,7,US,20230401,20201119,20120214,4,1,V,
22XT,0518,2130010,CIRRUS DESIGN CORP,SF50,Vision Jet,1,2023,3,UT,S,US,20240110,20240110,20231228,4,5,V,
22ZF,1902,2130001,CIRRUS DESIGN CORP,SR22,SR Series,1,2006,3,VA,1,US,20230811,20220629,20060407,4,1,V,
22ZM,2684,2130001,CIRRUS DESIGN CORP,SR22,SR Series,1,2007,7,DE,1,US,20240102,20191016,20070911,4,1,V,
230CA,3821,2130001,CIRRUS DESIGN CORP,SR22,SR Series,1,2011,7,MN,C,US,20230519,20180606,20111214,4,1,V,
230CD,1121,2130000,CIRRUS DESIGN CORP,SR20,SR Series,1,2001,7,VA,1,US,20230208,20230208,20010207,4,1,V,
230E,9522,2130001,CIRRUS DESIGN CORP,SR22,SR Series,1,,7,WY,S,US,20260518,20231206,,4,1,V,
230SR,2361,2130001,CIRRUS DESIGN CORP,SR22,SR Series,1,2007,7,TN,3,US,20230818,20220714,20070208,4,1,V,
230VF,8824,2130004,CIRRUS DESIGN CORP,SR22T,SR Series,1,2022,7,KS,3,US,20230915,20230215,20220923,4,1,V,
230WA,2229,2130000,CIRRUS DESIGN CORP,SR20,SR Series,1,2013,3,VA,1,US,20230910,20230910,20130430,4,1,V,
230WJ,2539,2130001,CIRRUS DESIGN CORP,SR22,SR Series,1,2007,7,KY,3,US,20230401,20201117,20070605,4,1,V,
23152,9189,2130000,CIRRUS DESIGN CORP,SR20,SR Series,1,2023,7,CA,4,US,20240612,20230818,20230414,4,1,V,
231AB,2090,2130004,CIRRUS DESIGN CORP,SR22T,SR Series,1,2020,7,GA,7,US,20240618,20240618,20200318,4,1,V,
231CD,1125,2130000,CIRRUS DESIGN CORP,SR20,SR Series,1,2001,4,CA,4,US,20230915,20161123,20010227,4,1,V,
231LL,0199,2130001,CIRRUS DESIGN CORP,SR22,SR Series,1,2002,7,NY,1,US,20230930,20200115,20020412,4,1,V,
231SG,2280,2130000,CIRRUS DESIGN CORP,SR20,SR Series,1,2015,7,FL,7,US,20241008,20241008,20150312,4,1,V,
231TP,9160,2130004,CIRRUS DESIGN CORP,SR22T,SR Series,1,2023,1,TX,2,US,20231010,20230530,20230406,4,1,V,
231WM,0900,2130001,CIRRUS DESIGN CORP,SR22,SR Series,1,,3,CA,4,US,20230603,20210809,20040426,4,1,V,
2320Y,10365,2130004,CIRRUS DESIGN CORP,SR22T,SR Series,1,2024,1,ME,E,US,20250114,20250114,20241204,4,1,V,
232CD,0187,2130001,CIRRUS DESIGN CORP,SR22,SR Series,1,2002,1,TN,3,US,20230811,20190604,20020401,4,1,V,
232CG,2127,2130004,CIRRUS DESIGN CORP,SR22T,SR Series,1,2020,7,TX,2,US,20241106,20241106,20200622,4,1,V,
232FJ,0338,2130001,CIRRUS DESIGN CORP,SR22,SR Series,1,2002,7,MO,3,US,20230421,20210220,20021025,4,1,V,
232KA,2389,2130004,CIRRUS DESIGN CORP,SR22T,SR Series,1,2021,7,DE,1,US,20230206,20230206,20210910,4,1,V,
232MC,11223,2130004,CIRRUS DESIGN CORP,SR22T,SR Series,1,2026,8,MN,C,US,20251230,,20260223,4,1,M,
232MM,2302,2130001,CIRRUS DESIGN CORP,SR22,SR Series,1,2006,7,NC,1,US,20230324,20201014,20061220,4,1,V,
232NE,9265,2130000,CIRRUS DESIGN CORP,SR20,SR Series,1,2023,7,FL,7,US,20260430,20250121,20230527,4,1,V,
232PL,1159,2130000,CIRRUS DESIGN CORP,SR20,SR Series,1,2001,1,CA,4,US,20230616,20151027,20011117,4,1,V,
232SG,0628,2130010,CIRRUS DESIGN CORP,SF50,Vision Jet,1,2025,7,FL,7,US,20250317,20250317,20250221,4,5,V,
232SR,1990,2130001,CIRRUS DESIGN CORP,SR22,SR Series,1,2006,7,AR,2,US,20230930,20230118,20060602,4,1,V,
232WH,1989,2130004,CIRRUS DESIGN CORP,SR22T,SR Series,1,2019,7,FL,7,US,20241108,20241108,20190918,4,1,V,
233AB,9423,2130004,CIRRUS DESIGN CORP,SR22T,SR Series,1,2023,7,MO,3,US,20240819,20240819,20230910,4,1,V,
233BT,0233,2130010,CIRRUS DESIGN CORP,SF50,Vision Jet,1,2020,7,CA,4,US,20250312,20250312,20250321,4,5,V,
233CD,1119,2130000,CIRRUS DESIGN CORP,SR20,SR Series,1,2001,7,GA,7,US,20240812,20130718,20010131,4,1,V,
233CW,2218,2130004,CIRRUS DESIGN CORP,SR22T,SR Series,1,2020,7,MO,3,US,20250902,20250902,20201214,4,1,V,
233FD,10400,2130004,CIRRUS DESIGN CORP,SR22T,SR Series,1,2025,7,NC,1,US,20250220,20250220,20250102,4,1,V,
233LS,0885,2130001,CIRRUS DESIGN CORP,SR22,SR Series,1,2004,4,CA,4,US,20230902,20190910,20040413,4,1,V,
233MM,4445,2130001,CIRRUS DESIGN CORP,SR22,SR Series,1,2017,7,DE,1,US,20230122,20200601,20170202,4,1,V,
233NC,3905,2130001,CIRRUS DESIGN CORP,SR22,SR Series,1,2012,7,ND,C,US,20230707,20130102,20121206,4,1,V,
233RG,0934,2130004,CIRRUS DESIGN CORP,SR22T,SR Series,1,2014,7,TX,2,US,20230214,20230214,20141217,4,1,V,
233RH,11369,2130004,CIRRUS DESIGN CORP,SR22T,SR Series,1,2026,7,AZ,4,US,20260731,20260731,20260429,4,1,V,
233SB,0242,2130001,CIRRUS DESIGN CORP,SR22,SR Series,1,2002,7,MT,S,US,20230616,20031114,20020612,4,1,V,
233SR,2185,2130001,CIRRUS DESIGN CORP,SR22,SR Series,1,,1,WA,S,US,20260314,20260314,20061011,4,1,V,
233WZ,1752,2130001,CIRRUS DESIGN CORP,SR22,SR Series,1,2006,7,DE,1,US,20230310,20090615,20060104,4,1,V,
234AF,1321,2130004,CIRRUS DESIGN CORP,SR22T,SR Series,1,2016,7,OH,C,US,20241122,20241122,20160429,4,1,V,
234AK,2878,2130001,CIRRUS DESIGN CORP,SR22,SR Series,1,2007,1,TX,2,US,20230915,20131119,20071218,4,1,V,
234AT,0705,2130010,CIRRUS DESIGN CORP,SF50,Vision Jet,1,2025,7,CA,4,US,20251125,20251125,20251021,4,5,V,
234BJ,2541,2130001,CIRRUS DESIGN CORP,SR22,SR Series,1,2007,4,TX,2,US,20251117,20251117,20070601,4,1,V,
234CL,0050,2130004,CIRRUS DESIGN CORP,SR22T,SR Series,1,2010,7,MA,E,US,20260422,20260422,20101130,4,1,V,
234CR,0016,2130004,CIRRUS DESIGN CORP,SR22T,SR Series,1,2010,7,AZ,4,US,20240610,20240610,20100811,4,1,V,
234CS,11639,2130004,CIRRUS DESIGN CORP,SR22T,SR Series,1,,8,MN,C,US,20260629,,,4,1,M,
234CW,4261,2130001,CIRRUS DESIGN CORP,SR22,SR Series,1,2015,4,GA,7,US,20240411,20240411,20151022,4,1,V,
234CZ,2548,2130001,CIRRUS DESIGN CORP,SR22,SR Series,1,2007,3,UT,S,US,20230922,20131211,20130525,4,1,V,
234DP,10214,2130001,CIRRUS DESIGN CORP,SR22,SR Series,1,2024,7,VA,1,US,20260327,20260327,20260328,4,1,V,
234E,9074,2130004,CIRRUS DESIGN CORP,SR22T,SR Series,1,2023,7,CT,E,US,20230728,20230508,20230304,4,1,V,
234ET,11257,2130001,CIRRUS DESIGN CORP,SR22,SR Series,1,2026,7,DE,1,US,20260603,20260603,20260312,4,1,V,
234HK,1746,2130001,CIRRUS DESIGN CORP,SR22,SR Series,1,2006,7,CA,4,US,20260701,20260701,20060104,4,1,V,
234HS,0402,2130010,CIRRUS DESIGN CORP,SF50,Vision Jet,1,2022,4,NV,4,US,20240206,20231009,20221122,4,5,V,
234J,10754,2130001,CIRRUS DESIGN CORP,SR22,SR Series,1,2025,1,SC,7,US,20250730,20250730,20250620,4,1,V,
234KB,11440,2130004,CIRRUS DESIGN CORP,SR22T,SR Series,1,,8,MN,C,US,20260205,,,4,1,M,
234KR,9460,2130004,CIRRUS DESIGN CORP,SR22T,SR Series,1,2023,7,CA,4,US,20231118,20231118,20231008,4,1,V,
234MJ,1673,2130004,CIRRUS DESIGN CORP,SR22T,SR Series,1,2018,7,NC,1,US,20230421,20180228,20180124,4,1,V,
234PD,1167,2130001,CIRRUS DESIGN CORP,SR22,SR Series,1,2004,1,KY,3,US,20260626,,20041109,4,1,R,
234PG,0935,2130001,CIRRUS DESIGN CORP,SR22,SR Series,1,2004,7,IN,C,US,20231020,20200422,20040514,4,1,V,
234PY,1908,2130004,CIRRUS DESIGN CORP,SR22T,SR Series,1,2019,4,IL,C,US,20250417,20210722,20190429,4,1,V,
234SA,10372,2130004,CIRRUS DESIGN CORP,SR22T,SR Series,1,2024,7,GA,7,US,20250116,20250116,20241215,4,1,V,
234TT,2049,2130004,CIRRUS DESIGN CORP,SR22T,SR Series,1,2020,1,TX,2,US,20231007,20200226,20200123,4,1,V,
234XL,11503,2130001,CIRRUS DESIGN CORP,SR22,SR Series,1,,8,MN,C,US,20260518,,,4,1,M,
235SK,9372,2130001,CIRRUS DESIGN CORP,SR22,SR Series,1,2023,7,VA,1,US,20230919,20230919,20230809,4,1,V,
235WT,9061,2130004,CIRRUS DESIGN CORP,SR22T,SR Series,1,2023,1,NH,E,US,20250625,20250625,20230205,4,1,V,
236BB,9366,2130004,CIRRUS DESIGN CORP,SR22T,SR Series,1,2023,7,TX,2,US,20251114,20230928,20230730,4,1,V,
236CB,2336,2130004,CIRRUS DESIGN CORP,SR22T,SR Series,1,2021,7,PA,1,US,20230610,20210902,20210611,4,1,V,
236DC,3836,2130001,CIRRUS DESIGN CORP,SR22,SR Series,1,2012,1,VA,1,US,20240419,20200709,20120220,4,1,V,
236DR,1620,2130004,CIRRUS DESIGN CORP,SR22T,SR Series,1,2017,7,IN,C,US,20230728,20220404,20170728,4,1,V,
236L,0810,2130001,CIRRUS DESIGN CORP,SR22,SR Series,1,2004,7,MT,S,US,20231116,20231116,20040122,4,1,V,
237CD,11582,2130004,CIRRUS DESIGN CORP,SR22T,SR Series,1,,8,MN,C,US,20260706,,,4,1,M,
237CG,2934,2130001,CIRRUS DESIGN CORP,SR22,SR Series,1,2008,7,MT,S,US,20241017,20241017,20080201,4,1,V,
237JA,11051,2130004,CIRRUS DESIGN CORP,SR22T,SR Series,1,2025,8,KY,3,US,20260210,20260127,20251113,4,1,V,
237LP,2200,2130004,CIRRUS DESIGN CORP,SR22T,SR Series,1,2020,7,PA,1,US,20230217,20210208,20201120,4,1,V,
237LV,0356,2130010,CIRRUS DESIGN CORP,SF50,Vision Jet,1,2022,4,FL,7,US,20230519,20221209,20220520,4,5,V,
237RJ,2159,2130001,CIRRUS DESIGN CORP,SR22,SR Series,1,2006,7,CA,4,US,20230519,20210626,20060927,4,1,V,
2384D,0532,2130004,CIRRUS DESIGN CORP,SR22T,SR Series,1,2013,7,NV,4,US,20250416,20241129,20130606,4,1,V,
238AR,0346,2130001,CIRRUS DESIGN CORP,SR22,SR Series,1,2002,7,NC,1,US,20240426,20210629,20021012,4,1,V,
238CA,3789,2130001,CIRRUS DESIGN CORP,SR22,SR Series,1,2011,1,,,,20251007,20251007,20110830,4,1,V,
238CD,0359,2130001,CIRRUS DESIGN CORP,SR22,SR Series,1,2002,1,NJ,1,US,20241004,20241004,20021020,4,1,V,
238JG,2476,2130001,CIRRUS DESIGN CORP,SR22,SR Series,1,2007,3,UT,S,US,20241202,20241202,20070501,4,1,V,
238MB,1755,2130004,CIRRUS DESIGN CORP,SR22T,SR Series,1,2018,3,UT,S,US,20250707,20250707,20180719,4,1,V,
238MP,1168,2130004,CIRRUS DESIGN CORP,SR22T,SR Series,1,2015,3,GA,7,US,20240325,20240325,20151026,4,1,V,
238MU,9590,2130000,CIRRUS DESIGN CORP,SR20,SR Series,1,2023,5,WV,1,US,20240112,20240112,20231202,4,1,V,
238RS,4862,2130001,CIRRUS DESIGN CORP,SR22,SR Series,1,2019,7,TN,3,US,20260427,20260427,20191127,4,1,V,
238SF,9285,2130004,CIRRUS DESIGN CORP,SR22T,SR Series,1,2023,7,CA,4,US,20230804,20230804,20230609,4,1,V,
239AP,8616,2130000,CIRRUS DESIGN CORP,SR20,SR Series,1,2022,7,MS,2,US,20260216,20260216,20220424,4,1,V,
239B,11127,2130004,CIRRUS DESIGN CORP,SR22T,SR Series,1,2026,1,NC,1,US,20260311,20260311,20260106,4,1,V,
239J,2468,2130000,CIRRUS DESIGN CORP,SR20,SR Series,1,2019,7,NJ,1,US,20230722,20220328,20190204,4,1,V,
239LB,10387,2130004,CIRRUS DESIGN CORP,SR22T,SR Series,1,2024,1,CA,4,US,20250128,20250128,20241220,4,1,V,
239ML,10296,2130004,CIRRUS DESIGN CORP,SR22T,SR Series,1,2024,3,MA,E,US,20250917,20250917,20241029,4,1,V,
239RE,10725,2130000,CIRRUS DESIGN CORP,SR20,SR Series,1,2025,7,FL,7,US,20250729,20250729,20250622,4,1,V,
239WA,1146,2130004,CIRRUS DESIGN CORP,SR22T,SR Series,1,2015,1,CA,4,US,20241122,20151015,20150917,4,1,V,
239WR,1847,2130004,CIRRUS DESIGN CORP,SR22T,SR Series,1,2019,1,CA,4,US,20230418,20190304,20190108,4,1,V,
239WT,2299,2130004,CIRRUS DESIGN CORP,SR22T,SR Series,1,2021,7,FL,7,US,20260313,20210721,20210429,4,1,V,
23AB,11534,2130000,CIRRUS DESIGN CORP,SR20,SR Series,1,,8,MN,C,US,20260512,,,4,1,M,
23AJ,4650,2130001,CIRRUS DESIGN CORP,SR22,SR Series,1,2018,7,MA,E,US,20251015,20251015,20180613,4,1,V,
23B,1708,2130004,CIRRUS DESIGN CORP,SR22T,SR Series,1,2018,7,UT,S,US,20230930,20230122,20180305,4,1,V,
23BC,3514,2130001,CIRRUS DESIGN CORP,SR22,SR Series,1,2009,7,SC,7,US,20230922,20161213,20091028,4,1,V,
23BF,2450,2130004,CIRRUS DESIGN CORP,SR22T,SR Series,1,2021,7,FL,7,US,20230728,20220409,20211126,4,1,V,
23CM,2466,2130000,CIRRUS DESIGN CORP,SR20,SR Series,1,2018,7,CA,4,US,20260715,20260714,20181206,4,1,V,
23CR,11681,2130004,CIRRUS DESIGN CORP,SR22T,SR Series,1,,8,MN,C,US,20260813,,,4,1,M,
23EU,11450,2130004,CIRRUS DESIGN CORP,SR22T,SR Series,1,,8,MN,C,US,20260202,,,4,1,M,
23HC,5032,2130001,CIRRUS DESIGN CORP,SR22,SR Series,1,2021,4,FL,7,US,20250906,20250906,20210422,4,1,V,
23JA,10504,2130004,CIRRUS DESIGN CORP,SR22T,SR Series,1,2025,3,DE,1,US,20250312,20250312,20250223,4,1,V,
23K,9559,2130004,CIRRUS DESIGN CORP,SR22T,SR Series,1,2023,7,TX,2,US,20240118,20240118,20231114,4,1,V,
23LP,2077,2130004,CIRRUS DESIGN CORP,SR22T,SR Series,1,2020,7,GA,7,US,20240501,20240501,20200218,4,1,V,
23LW,1450,2130001,CIRRUS DESIGN CORP,SR22,SR Series,1,2005,3,CA,4,US,20231024,,20050525,4,1,V,
23SB,2045,2130004,CIRRUS DESIGN CORP,SR22T,SR Series,1,2019,7,ID,S,US,20250306,20230105,20191218,4,1,V,
23SU,2366,2130000,CIRRUS DESIGN CORP,SR20,SR Series,1,2017,5,UT,S,US,20231013,20200303,20170808,4,1,V,
23US,10108,2130004,CIRRUS DESIGN CORP,SR22T,SR Series,1,2024,3,CA,4,US,20260315,20260315,20240731,4,1,V,
23VJ,0241,2130010,CIRRUS DESIGN CORP,SF50,Vision Jet,1,2020,7,CA,4,US,20250821,20220219,20201211,4,5,V,
23WH,11356,2130001,CIRRUS DESIGN CORP,SR22,SR Series,1,2026,7,TX,2,US,20260719,20260719,20260424,4,1,V,
23XU,8633,2130001,CIRRUS DESIGN CORP,SR22,SR Series,1,2022,7,KS,3,US,20260212,20260212,20220514,4,1,V,
23ZA,10886,2130004,CIRRUS DESIGN CORP,SR22T,SR Series,1,2025,7,WY,S,US,20260122,20260122,20250831,4,1,V,
240CD,11248,2130004,CIRRUS DESIGN CORP,SR22T,SR Series,1,2026,1,TX,2,US,20260516,20260516,20260304,4,1,V,
240MB,1880,2130001,CIRRUS DESIGN CORP,SR22,SR Series,1,2006,7,NC,1,US,20231212,20231212,20060329,4,1,V,
240SP,11613,2130000,CIRRUS DESIGN CORP,SR20,SR Series,1,,8,MN,C,US,20260626,,,4,1,M,
240SR,2411,2130001,CIRRUS DESIGN CORP,SR22,SR Series,1,,7,DE,1,US,20230122,20200310,20070327,4,1,V,
240VT,2253,2130004,CIRRUS DESIGN CORP,SR22T,SR Series,1,,7,AZ,4,US,20240106,20240106,,4,1,V,
240WA,3940,2130001,CIRRUS DESIGN CORP,SR22,SR Series,1,2013,7,FL,7,US,20230122,20170519,20130506,4,1,V,
2418N,8953,2130001,CIRRUS DESIGN CORP,SR22,SR Series,1,2022,7,TX,2,US,20240817,20240817,20221202,4,1,V,
241CM,0357,2130001,CIRRUS DESIGN CORP,SR22,SR Series,1,2002,1,LA,2,US,20230225,20230208,20021017,4,1,V,
241CP,1713,2130000,CIRRUS DESIGN CORP,SR20,SR Series,1,2006,7,FL,7,US,20230623,20181117,20060817,4,1,V,
241GS,0032,2130004,CIRRUS DESIGN CORP,SR22T,SR Series,1,2010,8,TN,3,US,20230406,20140417,20100923,4,1,V,
241LC,4731,2130001,CIRRUS DESIGN CORP,SR22,SR Series,1,2018,7,NC,1,US,20230718,20190211,20181203,4,1,V,
241LL,2752,2130000,CIRRUS DESIGN CORP,SR20,SR Series,1,2021,1,TX,2,US,20230914,20230914,20210826,4,1,V,
241LM,1124,2130004,CIRRUS DESIGN CORP,SR22T,SR Series,1,2015,7,CA,4,US,20230707,20190123,20170330,4,1,V,
241MB,0910,2130001,CIRRUS DESIGN CORP,SR22,SR Series,1,2004,7,NC,1,US,20240326,20240326,20040428,4,1,V,
241MU,10052,2130000,CIRRUS DESIGN CORP,SR20,SR Series,1,2024,5,WV,1,US,20240828,20240828,20240718,4,1,V,
241PK,0102,2130001,CIRRUS DESIGN CORP,SR22,SR Series,1,2001,3,OK,2,US,20230122,20200603,20011013,4,1,V,
241SH,0398,2130001,CIRRUS DESIGN CORP,SR22,SR Series,1,,3,NM,2,US,20230526,20180717,20021121,4,1,V,
241SL,1283,2130001,CIRRUS DESIGN CORP,SR22,SR Series,1,2005,1,WA,S,US,20230401,20230401,20050127,4,1,V,
241TB,4937,2130001,CIRRUS DESIGN CORP,SR22,SR Series,1,2020,7,NC,1,US,20250522,20250522,20200813,4,1,V,
241TL,3521,2130001,CIRRUS DESIGN CORP,SR22,SR Series,1,2009,7,CA,4,US,20230616,20091104,20091001,4,1,V,
241TM,4402,2130001,CIRRUS DESIGN CORP,SR22,SR Series,1,2016,7,MD,1,US,20230915,20161121,20161013,4,1,V,
241YN,10752,2130000,CIRRUS DESIGN CORP,SR20,SR Series,1,2025,1,MA,E,US,20250905,20250905,20250626,4,1,V,
2428E,1307,2130001,CIRRUS DESIGN CORP,SR22,SR Series,1,2005,1,OR,S,US,20250430,20231208,20050214,4,1,V,
242AL,10636,2130004,CIRRUS DESIGN CORP,SR22T,SR Series,1,2025,7,TX,2,US,20250527,20250527,20250506,4,1,V,
242AZ,3182,2130001,CIRRUS DESIGN CORP,SR22,SR Series,1,2008,7,SC,7,US,20230623,20181120,20080806,4,1,V,
242CA,10206,2130001,CIRRUS DESIGN CORP,SR22,SR Series,1,2024,7,TX,2,US,20241108,20241108,20240919,4,1,V,
242HP,11384,2130004,CIRRUS DESIGN CORP,SR22T,SR Series,1,2026,8,MN,C,US,20260312,,20260510,4,1,M,
242KW,9602,2130004,CIRRUS DESIGN CORP,SR22T,SR Series,1,2023,7,,,,20251022,20240117,20231208,4,1,V,
242MB,0911,2130001,CIRRUS DESIGN CORP,SR22,SR Series,1,2004,7,NC,1,US,20250724,20250724,20040428,4,1,V,
242ML,10606,2130000,CIRRUS DESIGN CORP,SR20,SR Series,1,2025,7,WI,C,US,20250604,20250604,20250410,4,1,V,
242MU,10194,2130000,CIRRUS DESIGN CORP,SR20,SR Series,1,2024,5,WV,1,US,20241004,20241004,20240912,4,1,V,
242MW,0106,2130004,CIRRUS DESIGN CORP,SR22T,SR Series,1,2011,7,,8,DE,20250408,20250408,20151014,4,1,V,
242PS,1306,2130000,CIRRUS DESIGN CORP,SR20,SR Series,1,2003,3,OK,2,US,20240716,20240716,20030410,4,1,V,
242SE,9019,2130001,CIRRUS DESIGN CORP,SR22,SR Series,1,2022,3,MN,C,US,20230329,20230329,20221226,4,1,V,
242SR,2002,2130001,CIRRUS DESIGN CORP,SR22,SR Series,1,2006,7,MT,S,US,20260225,20260225,20060607,4,1,V,
242SV,5133,2130001,CIRRUS DESIGN CORP,SR22,SR Series,1,2021,1,MI,C,US,20250714,20250714,20211220,4,1,V,
242TM,2233,2130001,CIRRUS DESIGN CORP,SR22,SR Series,1,2006,7,LA,2,US,20230722,20130312,20061107,4,1,V,
242TV,10130,2130004,CIRRUS DESIGN CORP,SR22T,SR Series,1,2024,7,TN,3,US,20240916,20240916,20240802,4,1,V,
242VB,11271,2130004,CIRRUS DESIGN CORP,SR22T,SR Series,1,2026,7,FL,7,US,20260530,20260530,20260319,4,1,V,
24365,1764,2130004,CIRRUS DESIGN CORP,SR22T,SR Series,1,2018,7,NV,4,US,20230707,20220122,20180802,4,1,V,
243CD,1252,2130000,CIRRUS DESIGN CORP,SR20,SR Series,1,2002,1,CA,4,US,20251027,20251027,20020925,4,1,V,
243CH,3369,2130001,CIRRUS DESIGN CORP,SR22,SR Series,1,,1,FL,7,US,20230804,20130514,20090504,4,1,V,
243E,9848,2130004,CIRRUS DESIGN CORP,SR22T,SR Series,1,2024,3,TN,3,US,20240425,20240425,20240324,4,1,V,
243JB,1406,2130004,CIRRUS DESIGN CORP,SR22T,SR Series,1,2016,7,CA,4,US,20230922,20161207,20160815,4,1,V,
243LP,11489,2130004,CIRRUS DESIGN CORP,SR22T,SR Series,1,,8,MN,C,US,20260320,,,4,1,M,
243MU,10278,2130000,CIRRUS DESIGN CORP,SR20,SR Series,1,2024,5,WV,1,US,20241115,20241115,20241018,4,1,V,
243RW,9320,2130004,CIRRUS DESIGN CORP,SR22T,SR Series,1,2023,7,OH,C,US,20250417,20250417,20230706,4,1,V,
243SR,2043,2130001,CIRRUS DESIGN CORP,SR22,SR Series,1,2006,3,CA,4,US,20230525,20230525,20190612,4,1,V,
243WE,1785,2130004,CIRRUS DESIGN CORP,SR22T,SR Series,1,2018,7,TX,2,US,20251231,20251231,20180906,4,1,V,
243WT,10164,2130004,CIRRUS DESIGN CORP,SR22T,SR Series,1,2024,7,VA,1,US,20241008,20241008,20240825,4,1,V,
244AH,1915,2130001,CIRRUS DESIGN CORP,SR22,SR Series,1,2006,7,IA,3,US,20230701,20211207,20060420,4,1,V,
244BW,1505,2130004,CIRRUS DESIGN CORP,SR22T,SR Series,1,2017,7,NV,4,US,20230428,20210308,20170309,4,1,V,
244CD,11600,2130004,CIRRUS DESIGN CORP,SR22T,SR Series,1,,8,MN,C,US,20260706,,,4,1,M,
244EV,1841,2130001,CIRRUS DESIGN CORP,SR22,SR Series,1,2006,1,MI,C,US,20230522,20230522,20060227,4,1,V,
244GM,8657,2130004,CIRRUS DESIGN CORP,SR22T,SR Series,1,2022,7,CA,4,US,20250115,20250115,20220523,4,1,V,
244HM,1955,2130001,CIRRUS DESIGN CORP,SR22,SR Series,1,2006,4,NC,1,US,20230428,20210313,20060511,4,1,V,
244HS,0480,2130010,CIRRUS DESIGN CORP,SF50,Vision Jet,1,2023,4,MD,1,US,20251210,20251210,20230821,4,5,V,
244LS,2077,2130000,CIRRUS DESIGN CORP,SR20,SR Series,1,2011,7,MT,S,US,20230317,20170914,20110311,4,1,V,
244MB,1426,2130001,CIRRUS DESIGN CORP,SR22,SR Series,1,2005,1,PA,1,US,20230718,20220203,20050503,4,1,V,
244MU,10287,2130000,CIRRUS DESIGN CORP,SR20,SR Series,1,2024,5,WV,1,US,20241123,20241123,20241023,4,1,V,
244PV,4392,2130001,CIRRUS DESIGN CORP,SR22,SR Series,1,2016,7,MD,1,US,20230909,20191023,20160919,4,1,V,
244T,0045,2130001,CIRRUS DESIGN CORP,SR22,SR Series,1,2001,7,NE,3,US,20230503,20230503,20010622,4,1,V,
244TA,0138,2130004,CIRRUS DESIGN CORP,SR22T,SR Series,1,2011,7,MT,S,US,20230303,20110607,20110527,4,1,V,
2459W,2459,2130000,CIRRUS DESIGN CORP,SR20,SR Series,1,2018,7,WY,S,US,20251020,20250728,20250801,4,1,V,
245CD,1142,2130000,CIRRUS DESIGN CORP,SR20,SR Series,1,2001,1,FL,7,US,20230610,20180925,20010410,4,1,V,
245CP,3074,2130001,CIRRUS DESIGN CORP,SR22,SR Series,1,2008,7,TX,2,US,20260727,20230320,20080624,4,1,V,
245KM,4967,2130001,CIRRUS DESIGN CORP,SR22,SR Series,1,2020,7,CT,E,US,20250807,20250807,20201029,4,1,V,
245MV,10649,2130004,CIRRUS DESIGN CORP,SR22T,SR Series,1,2025,7,MA,E,US,20250731,20250731,20250510,4,1,V,
245P,1204,2130001,CIRRUS DESIGN CORP,SR22,SR Series,1,2004,1,CO,S,US,20230922,20221212,20041202,4,1,V,
245SR,1789,2130000,CIRRUS DESIGN CORP,SR20,SR Series,1,2007,3,NH,E,US,20230519,20150618,20070320,4,1,V,
245WC,11363,2130001,CIRRUS DESIGN CORP,SR22,SR Series,1,2026,7,VA,1,US,20260728,20260728,20260430,4,1,V,
245WP,4840,2130001,CIRRUS DESIGN CORP,SR22,SR Series,1,2019,7,CA,4,US,20250603,20211126,20191017,4,1,V,
2466G,1244,2130001,CIRRUS DESIGN CORP,SR22,SR Series,1,2004,4,IL,C,US,20230526,20120730,20041228,4,1,V,
2468S,1090,2130001,CIRRUS DESIGN CORP,SR22,SR Series,1,2004,7,NC,1,US,20250509,20250509,20040920,4,1,V,
246BJ,1438,2130001,CIRRUS DESIGN CORP,SR22,SR Series,1,2005,7,CT,E,US,20230915,20161110,20050517,4,1,V,
246BS,2324,2130000,CIRRUS DESIGN CORP,SR20,SR Series,1,2016,7,DE,1,US,20250911,20250911,20160714,4,1,V,
246CD,1147,2130000,CIRRUS DESIGN CORP,SR20,SR Series,1,2001,1,OH,C,US,20230603,20120814,20010423,4,1,V,
246CM,3929,2130001,CIRRUS DESIGN CORP,SR22,SR Series,1,2013,1,TX,2,US,20250306,20250304,20130408,4,1,V,
246CR,1493,2130004,CIRRUS DESIGN CORP,SR22T,SR Series,1,2017,7,AZ,4,US,20230330,20210712,20170201,4,1,V,
246CV,9901,2130004,CIRRUS DESIGN CORP,SR22T,SR Series,1,2024,7,MT,S,US,20260615,20250630,20240424,4,1,V,
246DB,2704,2130001,CIRRUS DESIGN CORP,SR22,SR Series,1,,7,FL,7,US,20240322,20240322,20070917,4,1,V,
246DX,3105,2130001,CIRRUS DESIGN CORP,SR22,SR Series,1,,7,TN,3,US,20240326,20230308,,4,1,V,
246EG,10594,2130004,CIRRUS DESIGN CORP,SR22T,SR Series,1,2025,1,MA,E,US,20250505,20250505,20250401,4,1,V,
246EM,4913,2130001,CIRRUS DESIGN CORP,SR22,SR Series,1,2020,7,TX,2,US,20241211,20241211,20200327,4,1,V,
246FA,1153,2130000,CIRRUS DESIGN CORP,SR20,SR Series,1,,3,NV,4,US,20260121,20260121,20160612,4,1,V,
246FB,10800,2130000,CIRRUS DESIGN CORP,SR20,SR Series,1,2025,7,PA,1,US,20250826,20250826,20250720,4,1,V,
246GM,0260,2130001,CIRRUS DESIGN CORP,SR22,SR Series,1,2002,7,NH,E,US,20230209,20220712,20020711,4,1,V,
246JA,10448,2130004,CIRRUS DESIGN CORP,SR22T,SR Series,1,2025,7,TN,3,US,20250225,20250225,20250130,4,1,V,
246JP,1844,2130004,CIRRUS DESIGN CORP,SR22T,SR Series,1,2019,7,NC,1,US,20230804,20190528,20190103,4,1,V,
246KB,0423,2130010,CIRRUS DESIGN CORP,SF50,Vision Jet,1,2023,4,DE,1,US,20260215,20260215,20230119,4,5,V,
246MT,0760,2130001,CIRRUS DESIGN CORP,SR22,SR Series,1,2003,7,MN,C,US,20230722,20190321,20031205,4,1,V,
246PL,9219,2130001,CIRRUS DESIGN CORP,SR22,SR Series,1,2023,7,MO,3,US,20250313,20240111,20230510,4,1,V,
246PT,4505,2130001,CIRRUS DESIGN CORP,SR22,SR Series,1,2017,1,TN,3,US,20230701,20181227,20170711,4,1,V,
246R,10176,2130004,CIRRUS DESIGN CORP,SR22T,SR Series,1,2024,7,FL,7,US,20241007,20241007,20240831,4,1,V,
246TD,0674,2130004,CIRRUS DESIGN CORP,SR22T,SR Series,1,2013,7,CO,S,US,20230804,20190514,20131219,4,1,V,
246TJ,0382,2130001,CIRRUS DESIGN CORP,SR22,SR Series,1,,1,CA,4,US,20230804,20190521,20021109,4,1,V,
246TL,8819,2130000,CIRRUS DESIGN CORP,SR20,SR Series,1,2022,7,NJ,1,US,20230831,20230216,20220915,4,1,V,
246TW,0725,2130001,CIRRUS DESIGN CORP,SR22,SR Series,1,,3,PA,1,US,20251126,20240718,20031031,4,1,V,
246WH,1982,2130004,CIRRUS DESIGN CORP,SR22T,SR Series,1,2019,7,IL,C,US,20250612,20250115,20190916,4,1,V,
246WT,0098,2130004,CIRRUS DESIGN CORP,SR22T,SR Series,1,2011,2,ND,C,US,20230902,20190925,20110224,4,1,V,
246Y,0306,2130010,CIRRUS DESIGN CORP,SF50,Vision Jet,1,2021,7,MT,S,US,20230623,20211116,20211027,4,5,V,
2478J,0182,2130010,CIRRUS DESIGN CORP,SF50,Vision Jet,1,2020,7,FL,7,US,20230425,20200227,20200221,4,5,V,
247A,2326,2130004,CIRRUS DESIGN CORP,SR22T,SR Series,1,2021,7,UT,S,US,20230603,20210817,20210602,4,1,V,
247AB,2029,2130004,CIRRUS DESIGN CORP,SR22T,SR Series,1,2019,7,GA,7,US,20260321,20260321,20191203,4,1,V,
247AL,8821,2130004,CIRRUS DESIGN CORP,SR22T,SR Series,1,2022,7,TX,2,US,20230222,20230222,20220923,4,1,V,
247AS,10005,2130004,CIRRUS DESIGN CORP,SR22T,SR Series,1,2024,2,,8,GB,20240726,20240726,20240608,4,1,V,
247CE,0613,2130010,CIRRUS DESIGN CORP,SF50,Vision Jet,1,2024,7,FL,7,US,20260731,20241226,20241221,4,5,V,
247CF,0831,2130010,CIRRUS DESIGN CORP,SF50,Vision Jet,1,,8,MN,C,US,20260731,,,4,5,M,
247CP,3166,2130001,CIRRUS DESIGN CORP,SR22,SR Series,1,2008,7,CA,4,US,20230721,20130305,20080804,4,1,V,
247ES,9898,2130001,CIRRUS DESIGN CORP,SR22,SR Series,1,2024,7,TX,2,US,20240605,20240605,20240430,4,1,V,
247GM,8753,2130001,CIRRUS DESIGN CORP,SR22,SR Series,1,2022,4,MD,1,US,20230129,20230129,20220802,4,1,V,
247LV,10854,2130001,CIRRUS DESIGN CORP,SR22,SR Series,1,2025,7,GA,7,US,20251208,20250927,20250814,4,1,V,
247MF,0379,2130010,CIRRUS DESIGN CORP,SF50,Vision Jet,1,2022,7,,,,20250523,20250523,20220829,4,5,V,
247PC,2286,2130000,CIRRUS DESIGN CORP,SR20,SR Series,1,2015,7,FL,7,US,20240319,20230317,20150603,4,1,V,
247SR,2457,2130001,CIRRUS DESIGN CORP,SR22,SR Series,1,2007,7,FL,7,US,20240722,20240722,20070424,4,1,V,
247TS,4280,2130001,CIRRUS DESIGN CORP,SR22,SR Series,1,2015,7,OK,2,US,20230718,20160217,20151208,4,1,V,
247WM,8626,2130004,CIRRUS DESIGN CORP,SR22T,SR Series,1,2022,7,FL,7,US,20230915,20221128,20220504,4,1,V,
247WY,11368,2130004,CIRRUS DESIGN CORP,SR22T,SR Series,1,2026,7,SD,C,US,20260727,20260727,20260502,4,1,V,
248AS,4537,2130001,CIRRUS DESIGN CORP,SR22,SR Series,1,2017,7,MA,E,US,20240127,20240127,20171006,4,1,V,
248CD,1148,2130000,CIRRUS DESIGN CORP,SR20,SR Series,1,2001,1,FL,7,US,20230818,20190708,20010930,4,1,V,
248CG,0092,2130001,CIRRUS DESIGN CORP,SR22,SR Series,1,2001,3,NC,1,US,20230324,20201002,20010920,4,1,V,
248CP,1736,2130000,CIRRUS DESIGN CORP,SR20,SR Series,1,2006,4,KY,3,US,20230130,20230130,20061026,4,1,V,
248CR,9126,2130004,CIRRUS DESIGN CORP,SR22T,SR Series,1,2023,7,MI,C,US,20240130,20230623,20230321,4,1,V,
248DG,1359,2130001,CIRRUS DESIGN CORP,SR22,SR Series,1,2005,4,CA,4,US,20230526,20081002,20050318,4,1,V,
248DM,0374,2130001,CIRRUS DESIGN CORP,SR22,SR Series,1,2002,7,MT,S,US,20250311,20250311,20021106,4,1,V,
248G,1261,2130001,CIRRUS DESIGN CORP,SR22,SR Series,1,2005,7,IL,C,US,20260309,20260309,20050110,4,1,V,
248JS,2640,2130000,CIRRUS DESIGN CORP,SR20,SR Series,1,2020,7,CO,S,US,20230414,20210114,20201022,4,1,V,
248JT,10905,2130004,CIRRUS DESIGN CORP,SR22T,SR Series,1,2025,7,,,,20251023,20251023,20250925,4,1,V,
248KM,1458,2130004,CIRRUS DESIGN CORP,SR22T,SR Series,1,2016,7,WA,S,US,20230428,20210317,20161118,4,1,V,
248LF,2128,2130004,CIRRUS DESIGN CORP,SR22T,SR Series,1,2020,3,CA,4,US,20240306,20200807,20200618,4,1,V,
248LK,10819,2130001,CIRRUS DESIGN CORP,SR22,SR Series,1,2025,7,DE,1,US,20250911,20250911,20250730,4,1,V,
248MD,0553,2130010,CIRRUS DESIGN CORP,SF50,Vision Jet,1,2024,4,FL,7,US,20240626,20240626,20240516,4,5,V,
248PC,2287,2130000,CIRRUS DESIGN CORP,SR20,SR Series,1,2015,3,MD,1,US,20251030,20251030,20150602,4,1,V,
248PZ,10569,2130001,CIRRUS DESIGN CORP,SR22,SR Series,1,2025,7,MA,E,US,20250421,20250421,20250324,4,1,V,
248RG,2277,2130000,CIRRUS DESIGN CORP,SR20,SR Series,1,2015,3,CA,4,US,20230922,20221206,20150119,4,1,V,
248SG,10876,2130000,CIRRUS DESIGN CORP,SR20,SR Series,1,2025,7,NJ,1,US,20251004,20251004,20250823,4,1,V,
248SH,0146,2130001,CIRRUS DESIGN CORP,SR22,SR Series,1,2002,4,FL,7,US,20230428,20210308,20020202,4,1,V,
248SP,10519,2130004,CIRRUS DESIGN CORP,SR22T,SR Series,1,2025,7,TX,2,US,20250408,20250408,20250227,4,1,V,
248TV,0364,2130010,CIRRUS DESIGN CORP,SF50,Vision Jet,1,2022,7,MI,C,US,20230825,20220809,20220630,4,5,V,
249CK,0766,2130001,CIRRUS DESIGN CORP,SR22,SR Series,1,2003,7,MD,1,US,20230930,20040329,20031210,4,1,V,
249TM,1333,2130000,CIRRUS DESIGN CORP,SR20,SR Series,1,2003,1,PA,1,US,20230610,20150901,20030520,4,1,V,
249WS,0975,2130001,CIRRUS DESIGN CORP,SR22,SR Series,1,2004,1,CA,4,US,20231102,20040813,20040615,4,1,V,
249WT,1535,2130004,CIRRUS DESIGN CORP,SR22T,SR Series,1,2017,1,CO,S,US,20240907,20240907,20170501,4,1,V,
24AH,0189,2130010,CIRRUS DESIGN CORP,SF50,Vision Jet,1,2020,7,CA,4,US,20230329,20230329,20200313,4,5,V,
24AM,1876,2130004,CIRRUS DESIGN CORP,SR22T,SR Series,1,2019,7,AZ,4,US,20250319,20250319,20190221,4,1,V,
24AT,4768,2130001,CIRRUS DESIGN CORP,SR22,SR Series,1,2019,7,GA,7,US,20240301,20240301,20190325,4,1,V,
24BV,10053,2130004,CIRRUS DESIGN CORP,SR22T,SR Series,1,2024,7,CA,4,US,20240812,20240812,20240628,4,1,V,
24CA,9318,2130001,CIRRUS DESIGN CORP,SR22,SR Series,1,2023,3,DE,1,US,20230717,20230717,20230629,4,1,V,
24CM,1577,2130004,CIRRUS DESIGN CORP,SR22T,SR Series,1,2017,4,CA,4,US,20230610,20210916,20170802,4,1,V,
24CR,2923,2130001,CIRRUS DESIGN CORP,SR22,SR Series,1,2008,7,DE,1,US,20230915,20221121,20221222,4,1,V,
24DX,9768,2130004,CIRRUS DESIGN CORP,SR22T,SR Series,1,2024,7,CA,4,US,20240304,20240304,20240212,4,1,V,
24EB,11267,2130000,CIRRUS DESIGN CORP,SR20,SR Series,1,2026,7,IL,C,US,20260531,20260531,20260315,4,1,V,
24EE,3276,2130001,CIRRUS DESIGN CORP,SR22,SR Series,1,2008,1,FL,7,US,20230122,20140617,20080922,4,1,V,
24EG,4877,2130001,CIRRUS DESIGN CORP,SR22,SR Series,1,2020,1,TX,2,US,20240727,20240727,20200117,4,1,V,
24EN,4769,2130001,CIRRUS DESIGN CORP,SR22,SR Series,1,2019,7,SC,7,US,20240525,20240525,20190325,4,1,V,
24EP,0361,2130010,CIRRUS DESIGN CORP,SF50,Vision Jet,1,2022,7,DE,1,US,20230911,20230911,20220611,4,5,V,
24GK,0392,2130004,CIRRUS DESIGN CORP,SR22T,SR Series,1,2012,7,AZ,4,US,20240506,20240506,20121012,4,1,V,
24KX,2278,2130000,CIRRUS DESIGN CORP,SR20,SR Series,1,2015,1,CA,4,US,20230818,20160723,20150120,4,1,V,
24LF,9549,2130001,CIRRUS DESIGN CORP,SR22,SR Series,1,2023,7,NH,E,US,20241122,20241122,20231121,4,1,V,
24MW,3758,2130001,CIRRUS DESIGN CORP,SR22,SR Series,1,2011,7,OH,C,US,20230902,20220922,20110427,4,1,V,
24PA,10907,2130004,CIRRUS DESIGN CORP,SR22T,SR Series,1,2025,7,CA,4,US,20251027,20251027,20250906,4,1,V,
24RF,1168,2130001,CIRRUS DESIGN CORP,SR22,SR Series,1,2004,7,TN,3,US,20240302,20240302,20041110,4,1,V,
24TT,10055,2130004,CIRRUS DESIGN CORP,SR22T,SR Series,1,2024,7,CA,4,US,20240807,20240807,20240706,4,1,V,
24VC,10058,2130004,CIRRUS DESIGN CORP,SR22T,SR Series,1,2024,2,AZ,4,US,20240808,20240808,20240723,4,1,V,
24WD,8717,2130004,CIRRUS DESIGN CORP,SR22T,SR Series,1,2022,7,IA,3,US,20240217,20240217,20220720,4,1,V,
24XT,1039,2130000,CIRRUS DESIGN CORP,SR20,SR Series,1,2000,3,MN,C,US,20230526,20210707,20000526,4,1,V,
24YG,1156,2130004,CIRRUS DESIGN CORP,SR22T,SR Series,1,2015,7,FL,7,US,20231122,20220521,20151001,4,1,V,
250BW,1992,2130004,CIRRUS DESIGN CORP,SR22T,SR Series,1,2019,7,OR,S,US,20230930,20230930,20190920,4,1,V,
250CD,1146,2130000,CIRRUS DESIGN CORP,SR20,SR Series,1,,7,WY,S,US,20260518,20220524,20010420,4,1,V,
250CK,3421,2130001,CIRRUS DESIGN CORP,SR22,SR Series,1,2009,3,WY,S,US,20260205,20260205,20090324,4,1,V,
250CV,0002,0563277,CIRRUS DESIGN CORPORATION,SF50,Vision Jet,1,2014,8,MN,C,US,20131227,,20250805,4,5,V,
250JH,3993,2130001,CIRRUS DESIGN CORP,SR22,SR Series,1,2013,7,OH,C,US,20231021,20190605,20130829,4,1,V,
250MC,1957,2130004,CIRRUS DESIGN CORP,SR22T,SR Series,1,2019,7,MI,C,US,20241121,20241121,20190717,4,1,V,
250PW,10459,2130004,CIRRUS DESIGN CORP,SR22T,SR Series,1,2025,7,AZ,4,US,20250811,20250313,20250131,4,1,V,
250SF,0143,2130004,CIRRUS DESIGN CORP,SR22T,SR Series,1,2011,7,VA,1,US,20230421,20230421,20230825,4,1,V,
250SM,2178,2130000,CIRRUS DESIGN CORP,SR20,SR Series,1,2012,7,NC,1,US,20230122,20200612,20120928,4,1,V,
250SR,11284,2130004,CIRRUS DESIGN CORP,SR22T,SR Series,1,2026,7,AZ,4,US,20260804,20260616,20260326,4,1,V,
250SX,3632,2130001,CIRRUS DESIGN CORP,SR22,SR Series,1,,7,TX,2,US,20250516,20250516,20100520,4,1,V,
250YB,0181,2130010,CIRRUS DESIGN CORP,SF50,Vision Jet,1,2020,7,NC,1,US,20231013,20200330,20200214,4,5,V,
251AA,9959,2130004,CIRRUS DESIGN CORP,SR22T,SR Series,1,2024,7,NC,1,US,20240703,20240702,20240513,4,1,V,
251CP,3176,2130001,CIRRUS DESIGN CORP,SR22,SR Series,1,2008,1,IL,C,US,20250605,20130507,20080804,4,1,V,
251CT,11215,2130000,CIRRUS DESIGN CORP,SR20,SR Series,1,2026,7,CA,4,US,20260426,20260426,20260214,4,1,V,
251CV,0003,0563277,CIRRUS DESIGN CORPORATION,SF50,Vision Jet,1,2014,8,MN,C,US,20131227,,20170218,4,5,V,
251SB,0213,2130004,CIRRUS DESIGN CORP,SR22T,SR Series,1,,7,TN,3,US,20250915,20250915,20110930,4,1,V,
251SR,8862,2130000,CIRRUS DESIGN CORP,SR20,SR Series,1,2022,7,GA,7,US,20230813,20230313,20221006,4,1,V,
2525K,0890,2130001,CIRRUS DESIGN CORP,SR22,SR Series,1,,7,FL,7,US,20230818,20220705,20040416,4,1,V,
2525P,1164,2130000,CIRRUS DESIGN CORP,SR20,SR Series,1,2001,3,NE,3,US,20230707,20190117,20011228,4,1,V,
2525V,2055,2130001,CIRRUS DESIGN CORP,SR22,SR Series,1,2006,7,OH,C,US,20230324,20100721,20060726,4,1,V,
252CB,1472,2130004,CIRRUS DESIGN CORP,SR22T,SR Series,1,2016,7,WA,S,US,20230930,20170113,20161221,4,1,V,
252CV,0004,2130010,CIRRUS DESIGN CORP,SF50,Vision Jet,1,2014,8,MN,C,US,20171013,,20251208,4,5,V,
252FD,10061,2130001,CIRRUS DESIGN CORP,SR22,SR Series,1,2024,8,MN,C,US,20240813,20240813,20240710,4,1,V,
252GK,10125,2130000,CIRRUS DESIGN CORP,SR20,SR Series,1,2024,7,NY,1,US,20240917,20240917,20240801,4,1,V,
252LM,0543,2130004,CIRRUS DESIGN CORP,SR22T,SR Series,1,2013,3,OR,S,US,20260307,20260307,20130624,4,1,V,
252P,1002,2130001,CIRRUS DESIGN CORP,SR22,SR Series,1,2004,7,MI,C,US,20250501,20100107,20040707,4,1,V,
252PF,8535,2130000,CIRRUS DESIGN CORP,SR20,SR Series,1,2022,7,MA,E,US,20241029,20240805,20220228,4,1,V,
252PT,0023,2130010,CIRRUS DESIGN CORP,SF50,Vision Jet,1,2017,7,UT,S,US,20230407,20171211,20171106,4,5,V,
252VJ,0252,2130010,CIRRUS DESIGN CORP,SF50,Vision Jet,1,2021,7,IL,C,US,20230519,20210601,20210305,4,5,V,
253AJ,10204,2130004,CIRRUS DESIGN CORP,SR22T,SR Series,1,2024,3,OK,2,US,20260316,20241230,20240916,4,1,V,
253BC,9143,2130004,CIRRUS DESIGN CORP,SR22T,SR Series,1,2023,3,OK,2,US,20250508,20250508,20230323,4,1,V,
253CD,0448,2130001,CIRRUS DESIGN CORP,SR22,SR Series,1,2003,1,MI,C,US,20231013,20170314,20030327,4,1,V,
253DL,0039,2130004,CIRRUS DESIGN CORP,SR22T,SR Series,1,2010,7,LA,2,US,20250826,20160426,20101012,4,1,V,
253E,3106,2130001,CIRRUS DESIGN CORP,SR22,SR Series,1,2008,7,ID,S,US,20230825,20220815,20080629,4,1,V,
253FD,9845,2130001,CIRRUS DESIGN CORP,SR22,SR Series,1,2024,7,NJ,1,US,20251219,20251219,20240320,4,1,V,
253JS,4566,2130001,CIRRUS DESIGN CORP,SR22,SR Series,1,2017,7,DE,1,US,20241102,20241102,20171207,4,1,V,
253PZ,1728,2130004,CIRRUS DESIGN CORP,SR22T,SR Series,1,2018,7,FL,7,US,20230707,20190128,20180530,4,1,V,
253SR,2034,2130001,CIRRUS DESIGN CORP,SR22,SR Series,1,2006,4,NV,4,US,20260708,20260708,20060705,4,1,V,
253W,0881,2130001,CIRRUS DESIGN CORP,SR22,SR Series,1,2004,7,MT,S,US,20230304,20170705,20040413,4,1,V,
2549W,2549,2130001,CIRRUS DESIGN CORP,SR22,SR Series,1,2007,7,IA,3,US,20260617,20260617,20070611,4,1,V,
254CC,2902,2130001,CIRRUS DESIGN CORP,SR22,SR Series,1,2007,7,GA,7,US,20230603,20180815,20071229,4,1,V,
254CD,1166,2130000,CIRRUS DESIGN CORP,SR20,SR Series,1,2002,7,NM,2,US,20260805,20260805,20020105,4,1,V,
254DB,0157,2130001,CIRRUS DESIGN CORP,SR22,SR Series,1,2002,1,CA,4,US,20230311,20020412,20020218,4,1,V,
254E,0101,2130004,CIRRUS DESIGN CORP,SR22T,SR Series,1,2011,7,KS,3,US,20230610,20210902,20110303,4,1,V,
254FD,9847,2130001,CIRRUS DESIGN CORP,SR22,SR Series,1,2024,7,MA,E,US,20251201,20251201,20240407,4,1,V,
254PG,10468,2130000,CIRRUS DESIGN CORP,SR20,SR Series,1,2025,7,TX,2,US,20250308,20250308,20250202,4,1,V,
254RT,3213,2130001,CIRRUS DESIGN CORP,SR22,SR Series,1,2008,7,NC,1,US,20230310,20200805,20080814,4,1,V,
254SC,8958,2130001,CIRRUS DESIGN CORP,SR22,SR Series,1,2022,3,WY,S,US,20260206,20260206,20221129,4,1,V,
255BS,0069,2130001,CIRRUS DESIGN CORP,SR22,SR Series,1,2001,1,TX,2,US,20230505,20180420,20010731,4,1,V,
255DD,1095,2130000,CIRRUS DESIGN CORP,SR20,SR Series,1,2000,1,AL,7,US,20231109,20170223,20001209,4,1,V,
255DP,2728,2130001,CIRRUS DESIGN CORP,SR22,SR Series,1,2007,1,AZ,4,US,20260417,20260417,20070928,4,1,V,
255FD,10062,2130001,CIRRUS DESIGN CORP,SR22,SR Series,1,,8,MN,C,US,20240814,20240814,,4,1,V,
255JF,2046,2130004,CIRRUS DESIGN CORP,SR22T,SR Series,1,2019,7,DE,1,US,20230324,20230324,20191218,4,1,V,
255JP,3084,2130001,CIRRUS DESIGN CORP,SR22,SR Series,1,2008,7,AR,2,US,20231006,20220509,20080627,4,1,V,
255KC,9286,2130004,CIRRUS DESIGN CORP,SR22T,SR Series,1,2023,7,PA,1,US,20230817,20230817,20230613,4,1,V,
255M,0219,2130010,CIRRUS DESIGN CORP,SF50,Vision Jet,1,2020,7,WA,S,US,20240306,20240301,20200820,4,5,V,
255PM,2623,2130000,CIRRUS DESIGN CORP,SR20,SR Series,1,2020,7,SC,7,US,20230612,20230612,20200930,4,1,V,
255SB,1566,2130004,CIRRUS DESIGN CORP,SR22T,SR Series,1,2017,7,NE,3,US,20230414,20210125,20170710,4,1,V,
255SW,2473,2130001,CIRRUS DESIGN CORP,SR22,SR Series,1,2007,7,CO,S,US,20230519,20070827,20070502,4,1,V,
255TL,9619,2130001,CIRRUS DESIGN CORP,SR22,SR Series,1,2023,7,DE,1,US,20250828,20250828,20231215,4,1,V,
255WT,2411,2130004,CIRRUS DESIGN CORP,SR22T,SR Series,1,2021,7,FL,7,US,20240328,20220727,20211022,4,1,V,
256AW,3465,2130001,CIRRUS DESIGN CORP,SR22,SR Series,1,2009,7,FL,7,US,20240313,20240313,20090810,4,1,V,
256BV,9195,2130001,CIRRUS DESIGN CORP,SR22,SR Series,1,2023,7,NY,1,US,20230629,20230629,20230423,4,1,V,
256CD,9775,2130004,CIRRUS DESIGN CORP,SR22T,SR Series,1,2024,7,WY,S,US,20260518,20241219,20240209,4,1,V,
256LC,3858,2130001,CIRRUS DESIGN CORP,SR22,SR Series,1,2012,3,NV,4,US,20251124,20251124,20120613,4,1,V,
256MD,2121,2130000,CIRRUS DESIGN CORP,SR20,SR Series,1,2011,7,CA,4,US,20230915,20221122,20111219,4,1,V,
256PF,11366,2130000,CIRRUS DESIGN CORP,SR20,SR Series,1,2026,7,AL,7,US,20260728,20260728,20260501,4,1,V,
256S,11160,2130004,CIRRUS DESIGN CORP,SR22T,SR Series,1,2026,4,FL,7,US,20260325,20260325,20260120,4,1,V,
256SK,2428,2130004,CIRRUS DESIGN CORP,SR22T,SR Series,1,2021,7,FL,7,US,20260401,20260401,20211101,4,1,V,
256SR,2553,2130001,CIRRUS DESIGN CORP,SR22,SR Series,1,2007,7,IL,C,US,20230701,20181220,20070612,4,1,V,
256TR,9818,2130000,CIRRUS DESIGN CORP,SR20,SR Series,1,2024,7,TX,2,US,20240428,20240428,20240403,4,1,V,
256VM,0887,2130004,CIRRUS DESIGN CORP,SR22T,SR Series,1,,7,OK,2,US,20250324,20210816,20141021,4,1,V,
2578B,1145,2130000,CIRRUS DESIGN CORP,SR20,SR Series,1,2001,7,FL,7,US,20230610,20120919,20010419,4,1,V,
257CD,1184,2130000,CIRRUS DESIGN CORP,SR20,SR Series,1,2002,1,CA,4,US,20230428,20230428,20020424,4,1,V,
257CK,0541,2130010,CIRRUS DESIGN CORP,SF50,Vision Jet,1,2024,3,OR,S,US,20240423,20240423,20240329,4,5,V,
257FD,10063,2130001,CIRRUS DESIGN CORP,SR22,SR Series,1,2024,8,MN,C,US,20251001,20240813,20240713,4,1,V,
257GG,9925,2130004,CIRRUS DESIGN CORP,SR22T,SR Series,1,2024,3,DE,1,US,20240614,20240614,20240609,4,1,V,
257GM,10951,2130004,CIRRUS DESIGN CORP,SR22T,SR Series,1,2025,7,FL,7,US,20251124,20251124,20251003,4,1,V,
257HW,11412,2130004,CIRRUS DESIGN CORP,SR22T,SR Series,1,2026,8,MN,C,US,20260312,,20260513,4,1,M,
257MM,0496,2130010,CIRRUS DESIGN CORP,SF50,Vision Jet,1,2023,4,PA,1,US,20240130,20240130,20231110,4,5,V,
257PG,2454,2130004,CIRRUS DESIGN CORP,SR22T,SR Series,1,2021,7,GA,7,US,20260219,20260219,20211130,4,1,V,
257PZ,1532,2130004,CIRRUS DESIGN CORP,SR22T,SR Series,1,2017,7,TX,2,US,20230414,20180117,20170620,4,1,V,
257SC,0199,2130004,CIRRUS DESIGN CORP,SR22T,SR Series,1,2011,7,IL,C,US,20260731,20260731,20111010,4,1,V,
257SR,2132,2130001,CIRRUS DESIGN CORP,SR22,SR Series,1,2006,3,NM,2,US,20260319,20191127,20060912,4,1,V,
257TL,2165,2130000,CIRRUS DESIGN CORP,SR20,SR Series,1,2012,3,OK,2,US,20240618,20240618,20250802,4,1,V,
257WM,11240,2130004,CIRRUS DESIGN CORP,SR22T,SR Series,1,2026,7,MT,S,US,20260526,20260526,20260305,4,1,V,
258CD,1186,2130000,CIRRUS DESIGN CORP,SR20,SR Series,1,2002,1,SC,7,US,20231020,20140428,20020425,4,1,V,
258CP,1744,2130000,CIRRUS DESIGN CORP,SR20,SR Series,1,2006,7,NJ,1,US,20230407,20111208,20061026,4,1,V,
258CW,10107,2130001,CIRRUS DESIGN CORP,SR22,SR Series,1,2024,7,FL,7,US,20241004,20240901,20240807,4,1,V,
258FD,9884,2130004,CIRRUS DESIGN CORP,SR22T,SR Series,1,2024,3,AZ,4,US,20241207,20241207,20240408,4,1,V,
258HP,1544,2130004,CIRRUS DESIGN CORP,SR22T,SR Series,1,2017,3,DE,1,US,20230519,20210610,20170516,4,1,V,
258JS,2275,2130000,CIRRUS DESIGN CORP,SR20,SR Series,1,2015,7,CA,4,US,20230418,20230305,20150112,4,1,V,
258KJ,4628,2130001,CIRRUS DESIGN CORP,SR22,SR Series,1,2018,7,DE,1,US,20240303,20240303,20180411,4,1,V,
258ST,0307,2130001,CIRRUS DESIGN CORP,SR22,SR Series,1,2002,7,MS,2,US,20230728,20030122,20020816,4,1,V,
258TF,0231,2130004,CIRRUS DESIGN CORP,SR22T,SR Series,1,2011,3,CA,4,US,20230401,20171130,20111110,4,1,V,
258WT,4152,2130001,CIRRUS DESIGN CORP,SR22,SR Series,1,2014,7,DE,1,US,20240813,20160826,20141205,4,1,V,
259CD,0449,2130001,CIRRUS DESIGN CORP,SR22,SR Series,1,2003,7,NC,1,US,20230426,20230426,20030402,4,1,V,
259E,0608,2130004,CIRRUS DESIGN CORP,SR22T,SR Series,1,2013,7,ND,C,US,20230428,20180315,20130926,4,1,V,
259PB,0111,2130001,CIRRUS DESIGN CORP,SR22,SR Series,1,2001,7,OR,S,US,20230317,20200904,20011027,4,1,V,
259RM,0253,2130010,CIRRUS DESIGN CORP,SF50,Vision Jet,1,2021,7,TX,2,US,20230519,20210602,20210312,4,5,V,
259SR,1749,2130000,CIRRUS DESIGN CORP,SR20,SR Series,1,2006,7,MA,E,US,20260720,20260720,20061117,4,1,V,
259UR,10865,2130004,CIRRUS DESIGN CORP,SR22T,SR Series,1,2025,7,TX,2,US,20251017,20251017,20250819,4,1,V,
259WT,1996,2130004,CIRRUS DESIGN CORP,SR22T,SR Series,1,2019,7,TX,2,US,20230909,20191011,20190904,4,1,V,
25AV,4966,2130001,CIRRUS DESIGN CORP,SR22,SR Series,1,2020,7,PA,1,US,20230414,20210121,20201019,4,1,V,
25BX,8828,2130004,CIRRUS DESIGN CORP,SR22T,SR Series,1,,7,TN,3,US,20230215,20230215,,4,1,V,
25BZ,5103,2130001,CIRRUS DESIGN CORP,SR22,SR Series,1,2021,7,SC,7,US,20240925,20240509,20211111,4,1,V,
25DD,0894,2130001,CIRRUS DESIGN CORP,SR22,SR Series,1,2004,7,NV,4,US,20230804,20130521,20040421,4,1,V,
25DZ,1783,2130001,CIRRUS DESIGN CORP,SR22,SR Series,1,2006,3,FL,7,US,20250318,20060327,20060124,4,1,V,
25HW,2021,2130001,CIRRUS DESIGN CORP,SR22,SR Series,1,2006,7,MT,S,US,20251122,20251122,20060622,4,1,V,
25KE,0685,2130010,CIRRUS DESIGN CORP,SF50,Vision Jet,1,2025,8,MN,C,US,20260515,20260515,20250827,4,5,V,
25KQ,0745,2130010,CIRRUS DESIGN CORP,SF50,Vision Jet,1,2026,7,MT,S,US,20260610,20260610,20260227,4,5,V,
25LD,0517,2130004,CIRRUS DESIGN CORP,SR22T,SR Series,1,2013,7,TN,3,US,20230728,20220428,20130514,4,1,V,
25LQ,11305,2130001,CIRRUS DESIGN CORP,SR22,SR Series,1,2026,7,FL,7,US,20260626,20260626,20260404,4,1,V,
25MG,0223,2130010,CIRRUS DESIGN CORP,SF50,Vision Jet,1,2020,7,NY,1,US,20251009,20251009,20201030,4,5,V,
25ML,1571,2130001,CIRRUS DESIGN CORP,SR22,SR Series,1,2005,7,LA,2,US,20230223,20230206,20050819,4,1,V,
25MV,0095,2130001,CIRRUS DESIGN CORP,SR22,SR Series,1,2001,7,MI,C,US,20240307,20240307,20010928,4,1,V,
25SF,9635,2130004,CIRRUS DESIGN CORP,SR22T,SR Series,1,2023,7,FL,7,US,20240125,20240125,20231222,4,1,V,
25TE,10707,2130004,CIRRUS DESIGN CORP,SR22T,SR Series,1,2025,1,MN,C,US,20250628,20250628,20250603,4,1,V,
25VJ,0271,2130010,CIRRUS DESIGN CORP,SF50,Vision Jet,1,2021,7,FL,7,US,20230526,20210720,20210602,4,5,V,
25VL,8654,2130004,CIRRUS DESIGN CORP,SR22T,SR Series,1,2022,7,CA,4,US,20240410,20230211,20220525,4,1,V,
25XT,2779,2130000,CIRRUS DESIGN CORP,SR20,SR Series,1,2021,3,MN,C,US,20230728,20220402,20211030,4,1,V,
25YT,4456,2130001,CIRRUS DESIGN CORP,SR22,SR Series,1,2017,7,SC,7,US,20240209,20200109,20170309,4,1,V,
2600,1552,2130001,CIRRUS DESIGN CORP,SR22,SR Series,1,2005,7,OH,C,US,20240919,20110803,20050804,4,1,V,
260AV,1677,2130004,CIRRUS DESIGN CORP,SR22T,SR Series,1,2018,7,DE,1,US,20240606,20240606,20180131,4,1,V,
260MX,11309,2130004,CIRRUS DESIGN CORP,SR22T,SR Series,1,2026,7,WY,S,US,20260417,20260417,20260403,4,1,V,
260SR,2570,2130001,CIRRUS DESIGN CORP,SR22,SR Series,1,2007,1,FL,7,US,20230701,20211221,20070618,4,1,V,
2618C,8942,2130004,CIRRUS DESIGN CORP,SR22T,SR Series,1,2022,1,OH,C,US,20230502,20230315,20221130,4,1,V,
261AT,9037,2130004,CIRRUS DESIGN CORP,SR22T,SR Series,1,2023,7,CA,4,US,20230510,20230510,20230108,4,1,V,
261CD,1182,2130000,CIRRUS DESIGN CORP,SR20,SR Series,1,2002,7,,8,DE,20260130,20260130,20020326,4,1,V,
261F,10718,2130004,CIRRUS DESIGN CORP,SR22T,SR Series,1,2025,4,CA,4,US,20250714,20250714,20250609,4,1,V,
261JS,8755,2130000,CIRRUS DESIGN CORP,SR20,SR Series,1,2022,7,OK,2,US,20230216,20230216,20220715,4,1,V,
261MC,1753,2130004,CIRRUS DESIGN CORP,SR22T,SR Series,1,2018,1,CO,S,US,20250519,20250519,20180716,4,1,V,
261MJ,8597,2130004,CIRRUS DESIGN CORP,SR22T,SR Series,1,2022,3,DE,1,US,20230902,20220912,20220420,4,1,V,
261WT,9440,2130004,CIRRUS DESIGN CORP,SR22T,SR Series,1,2023,7,MO,3,US,20260122,20260122,20230925,4,1,V,
2622P,1821,2130001,CIRRUS DESIGN CORP,SR22,SR Series,1,2006,7,GA,7,US,20240427,20240427,20060224,4,1,V,
2626T,2806,2130001,CIRRUS DESIGN CORP,SR22,SR Series,1,2007,7,CT,E,US,20230823,20230823,20071112,4,1,V,
262BC,2062,2130000,CIRRUS DESIGN CORP,SR20,SR Series,1,2010,3,TN,3,US,20230818,20200805,20100722,4,1,V,
262BG,0061,2130001,CIRRUS DESIGN CORP,SR22,SR Series,1,2001,4,AZ,4,US,20250221,20250221,20010718,4,1,V,
262BM,1143,2130000,CIRRUS DESIGN CORP,SR20,SR Series,1,2001,3,WY,S,US,20260420,20260311,20010412,4,1,V,
262CD,1310,2130000,CIRRUS DESIGN CORP,SR20,SR Series,1,2003,3,DE,1,US,20230718,20220214,20030404,4,1,V,
262CH,11670,2130004,CIRRUS DESIGN CORP,SR22T,SR Series,1,,8,MN,C,US,20260611,,,4,1,M,
262DB,2915,2130001,CIRRUS DESIGN CORP,SR22,SR Series,1,2008,3,DE,1,US,20230922,20221229,20100915,4,1,V,
262DG,10141,2130004,CIRRUS DESIGN CORP,SR22T,SR Series,1,2024,3,DE,1,US,20241016,20241016,20240830,4,1,V,
262DH,4213,2130001,CIRRUS DESIGN CORP,SR22,SR Series,1,2015,7,FL,7,US,20260121,20170921,20150604,4,1,V,
262GM,1129,2130000,CIRRUS DESIGN CORP,SR20,SR Series,1,,7,MO,3,US,20230414,20210126,20010315,4,1,V,
262JD,3151,2130001,CIRRUS DESIGN CORP,SR22,SR Series,1,2008,3,WY,S,US,20260206,20260206,20120302,4,1,V,
262MP,1425,2130000,CIRRUS DESIGN CORP,SR20,SR Series,1,2004,3,NM,2,US,20231007,20170216,20040715,4,1,V,
262RN,0034,2130001,CIRRUS DESIGN CORP,SR22,SR Series,1,2001,7,NC,1,US,20230707,20190122,20010607,4,1,V,
262TF,4991,2130001,CIRRUS DESIGN CORP,SR22,SR Series,1,2020,3,TN,3,US,20251208,20221103,20201209,4,1,V,
262TM,9051,2130004,CIRRUS DESIGN CORP,SR22T,SR Series,1,2023,7,WA,S,US,20250512,20250512,20230202,4,1,V,
262TY,10559,2130004,CIRRUS DESIGN CORP,SR22T,SR Series,1,2025,7,WI,C,US,20250407,20250407,20250316,4,1,V,
262WH,1639,2130004,CIRRUS DESIGN CORP,SR22T,SR Series,1,2017,7,SC,7,US,20260529,20260529,20171103,4,1,V,
263CD,1308,2130000,CIRRUS DESIGN CORP,SR20,SR Series,1,,1,FL,7,US,20260706,20260706,20030402,4,1,V,
263DD,0410,2130004,CIRRUS DESIGN CORP,SR22T,SR Series,1,2012,7,,,,20240412,20240412,20121105,4,1,V,
263HB,1369,2130000,CIRRUS DESIGN CORP,SR20,SR Series,1,2003,1,NJ,1,US,20250512,20200520,20031011,4,1,V,
263MM,10111,2130004,CIRRUS DESIGN CORP,SR22T,SR Series,1,2024,7,MN,C,US,20241009,20241009,20240802,4,1,V,
263RB,0597,2130004,CIRRUS DESIGN CORP,SR22T,SR Series,1,2013,7,SC,7,US,20230416,20150224,20130911,4,1,V,
263SP,11614,2130000,CIRRUS DESIGN CORP,SR20,SR Series,1,,8,MN,C,US,20260626,,,4,1,M,
263SR,2512,2130001,CIRRUS DESIGN CORP,SR22,SR Series,1,2007,7,OH,C,US,20230722,20190314,20210716,4,1,V,
263TC,9321,2130004,CIRRUS DESIGN CORP,SR22T,SR Series,1,2023,7,FL,7,US,20231112,20231112,20230709,4,1,V,
263ZA,11549,2130001,CIRRUS DESIGN CORP,SR22,SR Series,1,,8,MN,C,US,20260205,,,4,1,M,
264AB,10582,2130004,CIRRUS DESIGN CORP,SR22T,SR Series,1,2025,7,MT,S,US,20250504,20250504,20250327,4,1,V,
264AN,0569,2130010,CIRRUS DESIGN CORP,SF50,Vision Jet,1,2024,7,CT,E,US,20240919,20240919,20240813,4,5,V,
264BC,9272,2130004,CIRRUS DESIGN CORP,SR22T,SR Series,1,2023,7,OH,C,US,20230830,20230830,20230608,4,1,V,
264CP,3190,2130001,CIRRUS DESIGN CORP,SR22,SR Series,1,2008,1,UT,S,US,20230428,20150310,20080807,4,1,V,
264HS,9385,2130000,CIRRUS DESIGN CORP,SR20,SR Series,1,2023,7,CO,S,US,20250710,20250710,20230817,4,1,V,
264KH,9358,2130004,CIRRUS DESIGN CORP,SR22T,SR Series,1,2023,7,WI,C,US,20260717,20260717,20230803,4,1,V,
264MB,10161,2130001,CIRRUS DESIGN CORP,SR22,SR Series,1,2024,7,NC,1,US,20240927,20240927,20240822,4,1,V,
264PG,10651,2130004,CIRRUS DESIGN CORP,SR22T,SR Series,1,,7,NE,3,US,20250729,20250729,,4,1,V,
264SP,11619,2130000,CIRRUS DESIGN CORP,SR20,SR Series,1,,8,MN,C,US,20260626,,,4,1,M,
264SR,2606,2130001,CIRRUS DESIGN CORP,SR22,SR Series,1,2007,7,MT,S,US,20240918,20210827,20070719,4,1,V,
264TA,1114,2130004,CIRRUS DESIGN CORP,SR22T,SR Series,1,2015,7,SC,7,US,20230317,20170919,20150813,4,1,V,
264TM,10044,2130000,CIRRUS DESIGN CORP,SR20,SR Series,1,2024,4,NY,1,US,20240804,20240804,20240623,4,1,V,
264ZA,11538,2130001,CIRRUS DESIGN CORP,SR22,SR Series,1,,3,DE,1,US,20260813,20260813,,4,1,V,
2659B,0237,2130001,CIRRUS DESIGN CORP,SR22,SR Series,1,2002,1,PA,1,US,20230304,20200710,20020607,4,1,V,
265AS,2425,2130004,CIRRUS DESIGN CORP,SR22T,SR Series,1,2021,7,DE,1,US,20241030,20241030,20211026,4,1,V,
265CE,9452,2130004,CIRRUS DESIGN CORP,SR22T,SR Series,1,2023,7,AZ,4,US,20231105,20231105,20230927,4,1,V,
265JC,2092,2130004,CIRRUS DESIGN CORP,SR22T,SR Series,1,2020,3,UT,S,US,20230122,20200629,20200226,4,1,V,
265JK,10177,2130004,CIRRUS DESIGN CORP,SR22T,SR Series,1,2024,7,TX,2,US,20241018,20241018,20240910,4,1,V,
265JP,0888,2130001,CIRRUS DESIGN CORP,SR22,SR Series,1,2004,7,CA,4,US,20260324,20260324,20260402,4,1,V,
265KG,10160,2130004,CIRRUS DESIGN CORP,SR22T,SR Series,1,2024,7,PA,1,US,20260504,20240924,20240823,4,1,V,
265KJ,2307,2130004,CIRRUS DESIGN CORP,SR22T,SR Series,1,2021,3,DE,1,US,20230512,20210518,20210421,4,1,V,
265MB,10163,2130001,CIRRUS DESIGN CORP,SR22,SR Series,1,2024,7,NC,1,US,20240927,20240927,20240823,4,1,V,
265SB,1462,2130004,CIRRUS DESIGN CORP,SR22T,SR Series,1,2016,7,DE,1,US,20230920,20230920,20161201,4,1,V,
265T,1722,2130000,CIRRUS DESIGN CORP,SR20,SR Series,1,2006,7,SC,7,US,20251022,,20130404,4,1,V,
265TG,8940,2130004,CIRRUS DESIGN CORP,SR22T,SR Series,1,2022,7,FL,7,US,20230327,20230327,20221127,4,1,V,
266KP,9386,2130001,CIRRUS DESIGN CORP,SR22,SR Series,1,2023,7,OH,C,US,20231008,20231008,20230816,4,1,V,
266RS,1703,2130000,CIRRUS DESIGN CORP,SR20,SR Series,1,2006,3,OK,2,US,20230901,20110808,20060718,4,1,V,
266SR,2626,2130001,CIRRUS DESIGN CORP,SR22,SR Series,1,2007,7,CO,S,US,20250728,20250728,20070807,4,1,V,
266UK,10491,2130004,CIRRUS DESIGN CORP,SR22T,SR Series,1,2025,7,CA,4,US,20250311,20250311,20250220,4,1,V,
267CD,1284,2130000,CIRRUS DESIGN CORP,SR20,SR Series,1,2003,7,FL,7,US,20260728,20260728,20030207,4,1,V,
267CP,3047,2130001,CIRRUS DESIGN CORP,SR22,SR Series,1,2008,1,CA,4,US,20230122,20170524,20080612,4,1,V,
267DS,1667,2130000,CIRRUS DESIGN CORP,SR20,SR Series,1,2006,7,KY,3,US,20260310,20260310,20060612,4,1,V,
267HH,0878,2130004,CIRRUS DESIGN CORP,SR22T,SR Series,1,2014,1,NY,1,US,20230407,20201205,20140918,4,1,V,
267P,11302,2130004,CIRRUS DESIGN CORP,SR22T,SR Series,1,2026,8,MN,C,US,20251002,,20260331,4,1,M,
267PK,4156,2130001,CIRRUS DESIGN CORP,SR22,SR Series,1,2014,1,GA,7,US,20260630,,20141218,4,1,R,
267WT,2019,2130004,CIRRUS DESIGN CORP,SR22T,SR Series,1,2019,1,PA,1,US,20241231,20241231,20191106,4,1,V,
268CD,0436,2130001,CIRRUS DESIGN CORP,SR22,SR Series,1,2003,1,CA,4,US,20260112,20260112,20030317,4,1,V,
268JM,0173,2130010,CIRRUS DESIGN CORP,SF50,Vision Jet,1,2019,7,AZ,4,US,20231221,20231221,20191217,4,5,V,
268SR,2334,2130001,CIRRUS DESIGN CORP,SR22,SR Series,1,2007,8,MN,C,US,20130321,,20260320,4,1,V,
269CD,1204,2130000,CIRRUS DESIGN CORP,SR20,SR Series,1,2002,1,FL,7,US,20240201,20171128,20020528,4,1,V,
269JJ,2487,2130000,CIRRUS DESIGN CORP,SR20,SR Series,1,2019,4,TX,2,US,20240809,20240809,20190418,4,1,V,
269JM,3231,2130001,CIRRUS DESIGN CORP,SR22,SR Series,1,2008,1,TX,2,US,20250523,20250522,20080829,4,1,V,
269PG,10989,2130004,CIRRUS DESIGN CORP,SR22T,SR Series,1,2025,7,CA,4,US,20251028,20251028,20251014,4,1,V,
269TS,8847,2130000,CIRRUS DESIGN CORP,SR20,SR Series,1,2022,1,TX,2,US,20250920,20250920,20221011,4,1,V,
269ZA,11525,2130004,CIRRUS DESIGN CORP,SR22T,SR Series,1,,8,MN,C,US,20260212,,,4,1,M,
26BZ,4033,2130001,CIRRUS DESIGN CORP,SR22,SR Series,1,2014,7,OK,2,US,20230728,20190423,20140108,4,1,V,
26CZ,1962,2130004,CIRRUS DESIGN CORP,SR22T,SR Series,1,2019,7,MT,S,US,20260730,20260730,20190802,4,1,V,
26DP,5138,2130001,CIRRUS DESIGN CORP,SR22,SR Series,1,2021,7,PR,7,RQ,20231219,20231219,20211221,4,1,V,
26HD,10892,2130004,CIRRUS DESIGN CORP,SR22T,SR Series,1,2025,7,AL,7,US,20251205,20251205,20250828,4,1,V,
26MC,2071,2130004,CIRRUS DESIGN CORP,SR22T,SR Series,1,2020,7,TX,2,US,20250117,20250117,20200212,4,1,V,
26MK,1768,2130004,CIRRUS DESIGN CORP,SR22T,SR Series,1,2018,7,TX,2,US,20240917,20240917,20180809,4,1,V,
26MR,11522,2130004,CIRRUS DESIGN CORP,SR22T,SR Series,1,,8,MN,C,US,20260527,,,4,1,M,
26MW,11187,2130001,CIRRUS DESIGN CORP,SR22,SR Series,1,2026,7,GA,7,US,20260408,20260408,20260202,4,1,V,
26MZ,10385,2130004,CIRRUS DESIGN CORP,SR22T,SR Series,1,2024,7,FL,7,US,20260402,20250123,20241222,4,1,V,
26SE,0304,2130010,CIRRUS DESIGN CORP,SF50,Vision Jet,1,2021,3,CA,4,US,20240427,20240427,20211015,4,5,V,
26VJ,0248,2130010,CIRRUS DESIGN CORP,SF50,Vision Jet,1,2021,7,FL,7,US,20250114,20250114,20210129,4,5,V,
26VS,3585,2130001,CIRRUS DESIGN CORP,SR22,SR Series,1,2009,7,AZ,4,US,20230519,20210628,20091216,4,1,V,
26W,4905,2130001,CIRRUS DESIGN CORP,SR22,SR Series,1,2020,1,FL,7,US,20230414,20210112,20200507,4,1,V,
26WA,11378,2130004,CIRRUS DESIGN CORP,SR22T,SR Series,1,2026,8,MN,C,US,20260306,,20260507,4,1,M,
26WM,5002,2130001,CIRRUS DESIGN CORP,SR22,SR Series,1,2021,7,DE,1,US,20230505,20210407,20210128,4,1,V,
26YP,0383,2130010,CIRRUS DESIGN CORP,SF50,Vision Jet,1,2022,7,NY,1,US,20230325,20230216,20220920,4,5,V,
26YT,11392,2130004,CIRRUS DESIGN CORP,SR22T,SR Series,1,2026,8,MN,C,US,20260114,,20260513,4,1,M,
2704S,1265,2130001,CIRRUS DESIGN CORP,SR22,SR Series,1,2005,7,OK,2,US,20241126,20241113,20050111,4,1,V,
2706E,1497,2130000,CIRRUS DESIGN CORP,SR20,SR Series,1,,7,IL,C,US,20241104,20241104,20050308,4,1,V,
270AD,1533,2130004,CIRRUS DESIGN CORP,SR22T,SR Series,1,2017,1,MA,E,US,20250307,20250306,20210512,4,1,V,
270AR,10138,2130001,CIRRUS DESIGN CORP,SR22,SR Series,1,2024,7,NY,1,US,20240921,20240921,20240811,4,1,V,
270MW,0735,2130001,CIRRUS DESIGN CORP,SR22,SR Series,1,2003,7,PA,1,US,20230612,20230612,20140129,4,1,V,
270RX,9132,2130000,CIRRUS DESIGN CORP,SR20,SR Series,1,2023,3,FL,7,US,20240529,20230802,20230523,4,1,V,
270WL,9567,2130001,CIRRUS DESIGN CORP,SR22,SR Series,1,2023,7,KY,3,US,20240106,20240106,20231118,4,1,V,
2711Y,1211,2130000,CIRRUS DESIGN CORP,SR20,SR Series,1,2002,7,MI,C,US,20230603,20150827,20020530,4,1,V,
2714C,1393,2130001,CIRRUS DESIGN CORP,SR22,SR Series,1,2005,1,MA,E,US,20230414,20210113,20050406,4,1,V,
271BW,0623,2130010,CIRRUS DESIGN CORP,SF50,Vision Jet,1,2025,7,,,,20250306,20250306,20250131,4,5,V,
271CP,0044,2130004,CIRRUS DESIGN CORP,SR22T,SR Series,1,2010,7,NE,3,US,20230505,20210402,20101222,4,1,V,
271E,1157,2130004,CIRRUS DESIGN CORP,SR22T,SR Series,1,2015,7,CA,4,US,20240518,20240518,20151002,4,1,V,
271NP,10043,2130001,CIRRUS DESIGN CORP,SR22,SR Series,1,2024,3,MS,2,US,20240814,20240814,20240627,4,1,V,
271SR,2714,2130001,CIRRUS DESIGN CORP,SR22,SR Series,1,2007,1,WY,S,US,20230428,20150316,20070925,4,1,V,
271WM,9931,2130004,CIRRUS DESIGN CORP,SR22T,SR Series,1,2024,7,CA,4,US,20240717,20240717,20240507,4,1,V,
272CD,3541,2130001,CIRRUS DESIGN CORP,SR22,SR Series,1,2010,4,FL,7,US,20230704,20210428,20100308,4,1,V,
272D,5095,2130001,CIRRUS DESIGN CORP,SR22,SR Series,1,2021,7,OH,C,US,20230628,20230628,20210929,4,1,V,
272DJ,9109,2130000,CIRRUS DESIGN CORP,SR20,SR Series,1,2023,7,GA,7,US,20240117,20240117,20230301,4,1,V,
272EV,11477,2130004,CIRRUS DESIGN CORP,SR22T,SR Series,1,,7,WA,S,US,20260624,20260624,,4,1,V,
272HM,1079,2130004,CIRRUS DESIGN CORP,SR22T,SR Series,1,2015,7,CA,4,US,20230701,20211208,20150713,4,1,V,
272RH,3054,2130001,CIRRUS DESIGN CORP,SR22,SR Series,1,2008,1,TX,2,US,20250728,20250728,20080610,4,1,V,
272SR,1945,2130000,CIRRUS DESIGN CORP,SR20,SR Series,1,,3,OK,2,US,20230304,20200701,,4,1,V,
272TM,1655,2130004,CIRRUS DESIGN CORP,SR22T,SR Series,1,2017,3,OH,C,US,20241024,20241024,20171117,4,1,V,
272TU,1412,2130004,CIRRUS DESIGN CORP,SR22T,SR Series,1,,7,NE,3,US,20230707,20220115,,4,1,V,
273CD,11334,2130000,CIRRUS DESIGN CORP,SR20,SR Series,1,2026,7,TN,3,US,20260721,20260721,20260426,4,1,V,
273DT,0652,2130004,CIRRUS DESIGN CORP,SR22T,SR Series,1,2013,7,TX,2,US,20240209,20240209,20131119,4,1,V,
273DV,4024,2130001,CIRRUS DESIGN CORP,SR22,SR Series,1,2013,7,SD,C,US,20230414,20180119,20131210,4,1,V,
273ES,1609,2130001,CIRRUS DESIGN CORP,SR22,SR Series,1,2005,7,NH,E,US,20230218,20230218,20120223,4,1,V,
273JT,11244,2130000,CIRRUS DESIGN CORP,SR20,SR Series,1,2026,2,GA,7,US,20260511,20260511,20260301,4,1,V,
273MM,11078,2130004,CIRRUS DESIGN CORP,SR22T,SR Series,1,2025,7,WY,S,US,20251216,20251216,20251122,4,1,V,
273NF,4407,2130001,CIRRUS DESIGN CORP,SR22,SR Series,1,2016,7,FL,7,US,20230825,20220816,20161025,4,1,V,
273RV,5001,2130001,CIRRUS DESIGN CORP,SR22,SR Series,1,2021,7,FL,7,US,20240108,20230825,20210127,4,1,V,
274AS,10771,2130004,CIRRUS DESIGN CORP,SR22T,SR Series,1,2025,7,NC,1,US,20250920,20250920,20250712,4,1,V,
274EB,10239,2130004,CIRRUS DESIGN CORP,SR22T,SR Series,1,2024,7,VA,1,US,20241026,20241026,20241003,4,1,V,
274EF,10198,2130001,CIRRUS DESIGN CORP,SR22,SR Series,1,2024,7,NJ,1,US,20241008,20241008,20240921,4,1,V,
274EJ,9524,2130004,CIRRUS DESIGN CORP,SR22T,SR Series,1,2023,7,MI,C,US,20231230,20231230,20231105,4,1,V,
274L,8620,2130000,CIRRUS DESIGN CORP,SR20,SR Series,1,2022,3,NV,4,US,20230811,20220616,20220429,4,1,V,
274MT,1955,2130004,CIRRUS DESIGN CORP,SR22T,SR Series,1,2019,7,MT,S,US,20230825,20190828,20190723,4,1,V,
274PG,1716,2130000,CIRRUS DESIGN CORP,SR20,SR Series,1,2006,7,KY,3,US,20240801,20240801,20060814,4,1,V,
274SR,2732,2130001,CIRRUS DESIGN CORP,SR22,SR Series,1,2007,7,TN,3,US,20230915,20161105,20071005,4,1,V,
275AB,5112,2130001,CIRRUS DESIGN CORP,SR22,SR Series,1,2021,7,DE,1,US,20250223,20250223,20211130,4,1,V,
275BA,11344,2130000,CIRRUS DESIGN CORP,SR20,SR Series,1,2026,7,NC,1,US,20260725,20260725,20260423,4,1,V,
275CD,1208,2130000,CIRRUS DESIGN CORP,SR20,SR Series,1,2002,1,UT,S,US,20230728,20220420,20020531,4,1,V,
275CM,0266,2130010,CIRRUS DESIGN CORP,SF50,Vision Jet,1,2021,7,NV,4,US,20250220,20250220,20211211,4,5,V,
275MG,9932,2130000,CIRRUS DESIGN CORP,SR20,SR Series,1,2024,3,CA,4,US,20260222,20260222,20240512,4,1,V,
275RS,1280,2130000,CIRRUS DESIGN CORP,SR20,SR Series,1,2003,7,MN,C,US,20230915,20221109,20030206,4,1,V,
275SP,11627,2130000,CIRRUS DESIGN CORP,SR20,SR Series,1,,8,MN,C,US,20260626,,,4,1,M,
275T,2083,2130004,CIRRUS DESIGN CORP,SR22T,SR Series,1,2020,7,MT,S,US,20260214,20260214,20200302,4,1,V,
275TL,0680,2130010,CIRRUS DESIGN CORP,SF50,Vision Jet,1,2025,7,NY,1,US,20250919,20250919,20250814,4,5,V,
2763,2859,2130001,CIRRUS DESIGN CORP,SR22,SR Series,1,2007,7,WY,S,US,20251008,20251008,20071221,4,1,V,
276CD,1385,2130001,CIRRUS DESIGN CORP,SR22,SR Series,1,2005,1,IL,C,US,20250613,20250613,20050405,4,1,V,
276CP,3243,2130001,CIRRUS DESIGN CORP,SR22,SR Series,1,2008,4,MO,3,US,20230519,20210630,20080908,4,1,V,
276GE,4150,2130001,CIRRUS DESIGN CORP,SR22,SR Series,1,2014,7,MO,3,US,20251020,20251020,20141120,4,1,V,
276GS,1603,2130004,CIRRUS DESIGN CORP,SR22T,SR Series,1,2017,1,UT,S,US,20251212,20241104,20170921,4,1,V,
276KC,1602,2130000,CIRRUS DESIGN CORP,SR20,SR Series,1,2006,1,IL,C,US,20230930,20140131,20060117,4,1,V,
276VL,10646,2130000,CIRRUS DESIGN CORP,SR20,SR Series,1,2025,7,WY,S,US,20250725,20250604,20250507,4,1,V,
277CD,11428,2130004,CIRRUS DESIGN CORP,SR22T,SR Series,1,,8,MN,C,US,20260331,,,4,1,M,
277CM,2209,2130004,CIRRUS DESIGN CORP,SR22T,SR Series,1,2020,7,TX,2,US,20240610,20210115,20201203,4,1,V,
277JD,3256,2130001,CIRRUS DESIGN CORP,SR22,SR Series,1,2008,3,AR,2,US,20230728,20160425,20080908,4,1,V,
277R,11100,2130001,CIRRUS DESIGN CORP,SR22,SR Series,1,2025,7,GA,7,US,20260303,20260303,20260104,4,1,V,
277WW,9632,2130004,CIRRUS DESIGN CORP,SR22T,SR Series,1,2023,7,FL,7,US,20240124,20240124,20231218,4,1,V,
2786S,1780,2130004,CIRRUS DESIGN CORP,SR22T,SR Series,1,2018,7,MN,C,US,20260629,20251217,20180904,4,1,V,
278AZ,8716,2130004,CIRRUS DESIGN CORP,SR22T,SR Series,1,2022,1,TX,2,US,20260507,,20220818,4,1,R,
278CD,0337,2130001,CIRRUS DESIGN CORP,SR22,SR Series,1,2002,7,WI,C,US,20230707,20021218,20021019,4,1,V,
278EH,2114,2130004,CIRRUS DESIGN CORP,SR22T,SR Series,1,2020,7,GA,7,US,20230304,20200713,20200527,4,1,V,
278GZ,9535,2130001,CIRRUS DESIGN CORP,SR22,SR Series,1,2023,3,AL,7,US,20260813,20260813,20231102,4,1,V,
278JA,5037,2130001,CIRRUS DESIGN CORP,SR22,SR Series,1,2021,3,DE,1,US,20230512,20210528,20210505,4,1,V,
278SR,2419,2130001,CIRRUS DESIGN CORP,SR22,SR Series,1,2007,7,NY,1,US,20260312,20260312,20070327,4,1,V,
278T,0754,2130010,CIRRUS DESIGN CORP,SF50,Vision Jet,1,2026,7,NV,4,US,20260420,20260420,20260330,4,5,V,
278TC,0064,2130004,CIRRUS DESIGN CORP,SR22T,SR Series,1,2010,7,WA,S,US,20240706,20240706,20101227,4,1,V,
278WD,3825,2130001,CIRRUS DESIGN CORP,SR22,SR Series,1,2011,7,MD,1,US,20230701,20151216,20111229,4,1,V,
2799W,11690,2130004,CIRRUS DESIGN CORP,SR22T,SR Series,1,,8,MN,C,US,20260714,,,4,1,M,
279CP,3221,2130001,CIRRUS DESIGN CORP,SR22,SR Series,1,2008,1,GA,7,US,20260501,20260501,20080826,4,1,V,
279CW,2004,2130004,CIRRUS DESIGN CORP,SR22T,SR Series,1,2019,7,NE,3,US,20250917,20250917,20191010,4,1,V,
279J,2555,2130000,CIRRUS DESIGN CORP,SR20,SR Series,1,2020,7,FL,7,US,20260406,20260406,20200321,4,1,V,
279JL,10729,2130004,CIRRUS DESIGN CORP,SR22T,SR Series,1,2025,7,PA,1,US,20250911,20250911,20250622,4,1,V,
279JP,2259,2130004,CIRRUS DESIGN CORP,SR22T,SR Series,1,2021,3,UT,S,US,20230915,20221112,20210211,4,1,V,
279MT,2470,2130001,CIRRUS DESIGN CORP,SR22,SR Series,1,2007,7,SC,7,US,20250603,20250603,20070503,4,1,V,
279PS,9215,2130004,CIRRUS DESIGN CORP,SR22T,SR Series,1,2023,8,MN,C,US,20230221,,20230507,4,1,M,
279TX,0877,2130004,CIRRUS DESIGN CORP,SR22T,SR Series,1,,7,CA,4,US,20240102,20240102,20140923,4,1,V,
27AC,9807,2130000,CIRRUS DESIGN CORP,SR20,SR Series,1,2024,7,MA,E,US,20240511,20240511,20240331,4,1,V,
27AV,11285,2130000,CIRRUS DESIGN CORP,SR20,SR Series,1,2026,7,IA,3,US,20260612,20260612,20260322,4,1,V,
27C,0164,2130010,CIRRUS DESIGN CORP,SF50,Vision Jet,1,2019,7,MT,S,US,20230421,20210212,20191119,4,5,V,
27DJ,1959,2130004,CIRRUS DESIGN CORP,SR22T,SR Series,1,2019,7,FL,7,US,20250122,20250122,20190731,4,1,V,
27EM,1798,2130001,CIRRUS DESIGN CORP,SR22,SR Series,1,2006,1,WI,C,US,20230927,20230927,20060201,4,1,V,
27G,0348,2130010,CIRRUS DESIGN CORP,SF50,Vision Jet,1,2022,7,FL,7,US,20250430,20250430,20220727,4,5,V,
27GR,2367,2130004,CIRRUS DESIGN CORP,SR22T,SR Series,1,2021,7,NC,1,US,20241022,20240925,20210810,4,1,V,
27LF,0530,2130010,CIRRUS DESIGN CORP,SF50,Vision Jet,1,2024,7,OK,2,US,20240318,20240318,20240220,4,5,V,
27LG,3052,2130001,CIRRUS DESIGN CORP,SR22,SR Series,1,2008,7,OH,C,US,20250723,20250723,20080609,4,1,V,
27ML,1269,2130004,CIRRUS DESIGN CORP,SR22T,SR Series,1,2016,7,DE,1,US,20230728,20160419,20160302,4,1,V,
27MX,9168,2130004,CIRRUS DESIGN CORP,SR22T,SR Series,1,2023,7,GA,7,US,20230623,20230623,20230331,4,1,V,
27MY,1787,2130004,CIRRUS DESIGN CORP,SR22T,SR Series,1,2018,3,VA,1,US,20250325,20230524,20180905,4,1,V,
27PB,10018,2130004,CIRRUS DESIGN CORP,SR22T,SR Series,1,2024,7,DE,1,US,20250827,20250827,20240621,4,1,V,
27PF,9982,2130001,CIRRUS DESIGN CORP,SR22,SR Series,1,2024,7,NY,1,US,20240723,20240723,20240607,4,1,V,
27PY,11456,2130004,CIRRUS DESIGN CORP,SR22T,SR Series,1,,8,MN,C,US,20260226,,,4,1,M,
27RG,9245,2130004,CIRRUS DESIGN CORP,SR22T,SR Series,1,2023,7,FL,7,US,20231003,20231003,20230518,4,1,V,
27TR,9437,2130000,CIRRUS DESIGN CORP,SR20,SR Series,1,2023,4,NH,E,US,20240528,20231104,20230914,4,1,V,
27VJ,0320,2130010,CIRRUS DESIGN CORP,SF50,Vision Jet,1,2021,7,DE,1,US,20260801,20260801,20211209,4,5,V,
27WF,2598,2130000,CIRRUS DESIGN CORP,SR20,SR Series,1,2020,1,UT,S,US,20240518,20240518,20200903,4,1,V,
27WV,1031,2130001,CIRRUS DESIGN CORP,SR22,SR Series,1,2004,7,NY,1,US,20230215,20120426,20040803,4,1,V,
2801L,4475,2130001,CIRRUS DESIGN CORP,SR22,SR Series,1,2017,7,MO,3,US,20230122,20170526,20170509,4,1,V,
280CD,1411,2130001,CIRRUS DESIGN CORP,SR22,SR Series,1,2005,1,CA,4,US,20230902,20130924,20050425,4,1,V,
280CP,3222,2130001,CIRRUS DESIGN CORP,SR22,SR Series,1,2008,7,WA,S,US,20230610,20210930,20080826,4,1,V,
280L,0154,2130001,CIRRUS DESIGN CORP,SR22,SR Series,1,2002,1,NY,1,US,20230304,20170713,20020214,4,1,V,
280LC,9244,2130004,CIRRUS DESIGN CORP,SR22T,SR Series,1,2023,7,NV,4,US,20230828,20230822,20230517,4,1,V,
280SR,2800,2130001,CIRRUS DESIGN CORP,SR22,SR Series,1,2007,7,WY,S,US,20230707,20220110,20071119,4,1,V,
281BK,1759,2130004,CIRRUS DESIGN CORP,SR22T,SR Series,1,2018,7,OH,C,US,20251215,20251215,20180724,4,1,V,
281CP,3181,2130001,CIRRUS DESIGN CORP,SR22,SR Series,1,2008,7,TX,2,US,20260311,20230910,20080808,4,1,V,
281DS,2534,2130001,CIRRUS DESIGN CORP,SR22,SR Series,1,2007,1,CA,4,US,20240627,20240627,20070531,4,1,V,
281MF,10441,2130001,CIRRUS DESIGN CORP,SR22,SR Series,1,2025,1,NC,1,US,20250222,20250222,20250122,4,1,V,
281MG,9771,2130004,CIRRUS DESIGN CORP,SR22T,SR Series,1,2024,8,MN,C,US,20260610,20240916,20240203,4,1,N,
281SR,2810,2130001,CIRRUS DESIGN CORP,SR22,SR Series,1,2007,7,NM,2,US,20230414,20230414,20071119,4,1,V,
282,9446,2130001,CIRRUS DESIGN CORP,SR22,SR Series,1,2023,7,KS,3,US,20260218,20260218,20230917,4,1,V,
2824M,1144,2130001,CIRRUS DESIGN CORP,SR22,SR Series,1,2004,3,KS,3,US,20250610,20250610,20041027,4,1,V,
2824W,1980,2130004,CIRRUS DESIGN CORP,SR22T,SR Series,1,2019,7,WA,S,US,20231206,20231206,20190912,4,1,V,
282AT,2025,2130004,CIRRUS DESIGN CORP,SR22T,SR Series,1,2019,7,DE,1,US,20230701,20211204,20191113,4,1,V,
282CB,3782,2130001,CIRRUS DESIGN CORP,SR22,SR Series,1,2011,7,TN,3,US,20230610,20210930,20110803,4,1,V,
282CD,1136,2130001,CIRRUS DESIGN CORP,SR22,SR Series,1,2004,7,OR,S,US,20230707,20041123,20041026,4,1,V,
282DJ,5066,2130001,CIRRUS DESIGN CORP,SR22,SR Series,1,2021,1,DE,1,US,20260529,,20210727,4,1,R,
282DM,5035,2130001,CIRRUS DESIGN CORP,SR22,SR Series,1,2021,7,MA,E,US,20251020,20240529,20210510,4,1,V,
282EE,1619,2130001,CIRRUS DESIGN CORP,SR22,SR Series,1,2005,7,CA,4,US,20230414,20210112,20050930,4,1,V,
282TH,4748,2130001,CIRRUS DESIGN CORP,SR22,SR Series,1,2019,3,OH,C,US,20240605,20190403,20190204,4,1,V,
282TM,1468,2130004,CIRRUS DESIGN CORP,SR22T,SR Series,1,,1,TX,2,US,20230519,20210608,20161212,4,1,V,
2834Y,4254,2130001,CIRRUS DESIGN CORP,SR22,SR Series,1,2015,7,DE,1,US,20250811,20230322,20151006,4,1,V,
283CD,2297,2130000,CIRRUS DESIGN CORP,SR20,SR Series,1,2015,3,CA,4,US,20230616,20211021,20150923,4,1,V,
283DD,1765,2130001,CIRRUS DESIGN CORP,SR22,SR Series,1,2006,1,KY,3,US,20251020,20251020,20060111,4,1,V,
283JS,2283,2130000,CIRRUS DESIGN CORP,SR20,SR Series,1,2015,3,UT,S,US,20260201,20260201,20150420,4,1,V,
283KS,0484,2130010,CIRRUS DESIGN CORP,SF50,Vision Jet,1,2023,7,FL,7,US,20260618,20260618,20230913,4,5,V,
283SR,2682,2130001,CIRRUS DESIGN CORP,SR22,SR Series,1,2007,7,WI,C,US,20231020,20170404,20070910,4,1,V,
283WT,3938,2130001,CIRRUS DESIGN CORP,SR22,SR Series,1,2013,7,DE,1,US,20260627,20260627,20130503,4,1,V,
284CD,1294,2130001,CIRRUS DESIGN CORP,SR22,SR Series,1,2005,3,TN,3,US,20231215,20200821,20050201,4,1,V,
284CL,11272,2130000,CIRRUS DESIGN CORP,SR20,SR Series,1,2026,7,NC,1,US,20260531,20260531,20260320,4,1,V,
284DP,8760,2130000,CIRRUS DESIGN CORP,SR20,SR Series,1,2022,7,OH,C,US,20240125,20230128,20220810,4,1,V,
284LM,1284,2130001,CIRRUS DESIGN CORP,SR22,SR Series,1,2005,7,MD,1,US,20231213,20231213,20050126,4,1,V,
284WB,9490,2130000,CIRRUS DESIGN CORP,SR20,SR Series,1,2023,7,WI,C,US,20240205,20240205,20231013,4,1,V,
285AH,1863,2130004,CIRRUS DESIGN CORP,SR22T,SR Series,1,2019,7,FL,7,US,20230922,20221224,20190204,4,1,V,
285KA,4000,2130001,CIRRUS DESIGN CORP,SR22,SR Series,1,2013,7,WA,S,US,20231020,20170424,20131001,4,1,V,
285SG,0365,2130010,CIRRUS DESIGN CORP,SF50,Vision Jet,1,2022,7,CA,4,US,20230207,20230207,20220624,4,5,V,
285SJ,2145,2130004,CIRRUS DESIGN CORP,SR22T,SR Series,1,2020,7,CO,S,US,20250522,20250522,20200724,4,1,V,
285WT,4847,2130001,CIRRUS DESIGN CORP,SR22,SR Series,1,2019,7,DE,1,US,20230915,20191108,20191007,4,1,V,
2865B,1795,2130004,CIRRUS DESIGN CORP,SR22T,SR Series,1,2018,1,OR,S,US,20230701,20181206,20180925,4,1,V,
286AK,0303,2130001,CIRRUS DESIGN CORP,SR22,SR Series,1,2002,3,DE,1,US,20230728,20030110,20020814,4,1,V,
286BB,8919,2130001,CIRRUS DESIGN CORP,SR22,SR Series,1,2022,7,KY,3,US,20230304,20230304,20221107,4,1,V,
286DA,9488,2130004,CIRRUS DESIGN CORP,SR22T,SR Series,1,2023,1,CA,4,US,20260206,20231219,20231015,4,1,V,
286FD,9930,2130001,CIRRUS DESIGN CORP,SR22,SR Series,1,2024,3,UT,S,US,20241008,20240620,20240512,4,1,V,
286LD,8916,2130004,CIRRUS DESIGN CORP,SR22T,SR Series,1,2022,7,TN,3,US,20250916,20250916,20221104,4,1,V,
286MW,8678,2130004,CIRRUS DESIGN CORP,SR22T,SR Series,1,2022,7,CA,4,US,20250326,20250326,20220617,4,1,V,
287AA,11647,2130004,CIRRUS DESIGN CORP,SR22T,SR Series,1,,8,MN,C,US,20260611,,,4,1,M,
287CP,3225,2130001,CIRRUS DESIGN CORP,SR22,SR Series,1,2008,1,UT,S,US,20230915,20221101,20080905,4,1,V,
287DS,2156,2130001,CIRRUS DESIGN CORP,SR22,SR Series,1,,7,AL,7,US,20230707,20220110,20060926,4,1,V,
287TH,4807,2130001,CIRRUS DESIGN CORP,SR22,SR Series,1,2019,7,GA,7,US,20230930,20230105,20190724,4,1,V,
2881,2353,2130000,CIRRUS DESIGN CORP,SR20,SR Series,1,2017,3,CA,4,US,20230518,20201121,20170404,4,1,V,
288D,0620,2130010,CIRRUS DESIGN CORP,SF50,Vision Jet,1,2025,1,TX,2,US,20250306,20250306,20250120,4,5,V,
288MJ,4906,2130001,CIRRUS DESIGN CORP,SR22,SR Series,1,2020,7,FL,7,US,20250722,20250722,20200401,4,1,V,
288PK,2089,2130000,CIRRUS DESIGN CORP,SR20,SR Series,1,2011,7,IL,C,US,20240127,20130821,20110620,4,1,V,
288PW,2171,2130004,CIRRUS DESIGN CORP,SR22T,SR Series,1,2020,7,CA,4,US,20250403,20250403,20200917,4,1,V,
288TS,2763,2130000,CIRRUS DESIGN CORP,SR20,SR Series,1,2021,7,CA,4,US,20230701,20211229,20210923,4,1,V,
288WT,1594,2130004,CIRRUS DESIGN CORP,SR22T,SR Series,1,,7,CO,S,US,20211005,,20170530,4,1,V,
289AA,11651,2130004,CIRRUS DESIGN CORP,SR22T,SR Series,1,,8,MN,C,US,20260629,,,4,1,M,
289AM,9066,2130004,CIRRUS DESIGN CORP,SR22T,SR Series,1,2023,7,FL,7,US,20230906,20230906,20230215,4,1,V,
289DA,2082,2130000,CIRRUS DESIGN CORP,SR20,SR Series,1,2011,7,PA,1,US,20230122,20170502,20110426,4,1,V,
289E,9035,2130001,CIRRUS DESIGN CORP,SR22,SR Series,1,2022,4,TX,2,US,20250127,20250127,20221229,4,1,V,
289KC,1223,2130004,CIRRUS DESIGN CORP,SR22T,SR Series,1,2015,7,MT,S,US,20230220,20230220,20151223,4,1,V,
289KM,2614,2130000,CIRRUS DESIGN CORP,SR20,SR Series,1,2020,1,ME,E,US,20240604,20240604,20200810,4,1,V,
289SB,1102,2130001,CIRRUS DESIGN CORP,SR22,SR Series,1,2004,7,FL,7,US,20250913,20250913,20040924,4,1,V,
28B,9165,2130004,CIRRUS DESIGN CORP,SR22T,SR Series,1,2023,1,IN,C,US,20240306,20240221,20240307,4,1,V,
28BK,9199,2130001,CIRRUS DESIGN CORP,SR22,SR Series,1,2023,7,FL,7,US,20230918,20230918,20230417,4,1,V,
28BX,10904,2130001,CIRRUS DESIGN CORP,SR22,SR Series,1,2025,1,NC,1,US,20251023,20251023,20250905,4,1,V,
28EM,9392,2130004,CIRRUS DESIGN CORP,SR22T,SR Series,1,,7,UT,S,US,20241226,20241226,,4,1,V,
28FN,10834,2130001,CIRRUS DESIGN CORP,SR22,SR Series,1,2025,7,WY,S,US,20251218,20251218,20250803,4,1,V,
28HW,8663,2130004,CIRRUS DESIGN CORP,SR22T,SR Series,1,2022,7,UT,S,US,20241113,20241113,20220612,4,1,V,
28JC,11687,2130000,CIRRUS DESIGN CORP,SR20,SR Series,1,,8,MN,C,US,20260730,,,4,1,M,
28JG,1130,2130004,CIRRUS DESIGN CORP,SR22T,SR Series,1,2015,1,OR,S,US,20240421,20180215,20150904,4,1,V,
28KG,9067,2130004,CIRRUS DESIGN CORP,SR22T,SR Series,1,2023,7,WY,S,US,20260519,20230407,20230224,4,1,V,
28NW,4540,2130001,CIRRUS DESIGN CORP,SR22,SR Series,1,2017,7,WA,S,US,20230317,20200902,20171013,4,1,V,
28PF,2085,2130000,CIRRUS DESIGN CORP,SR20,SR Series,1,2011,7,AZ,4,US,20230909,20221028,20110531,4,1,V,
28RL,1965,2130004,CIRRUS DESIGN CORP,SR22T,SR Series,1,2019,7,DE,1,US,20230915,20191119,20190815,4,1,V,
28SC,1137,2130000,CIRRUS DESIGN CORP,SR20,SR Series,1,2001,1,NH,E,US,20250524,20250524,20010331,4,1,V,
28SN,1729,2130004,CIRRUS DESIGN CORP,SR22T,SR Series,1,2018,7,OK,2,US,20230908,20220429,20180531,4,1,V,
28SP,10704,2130004,CIRRUS DESIGN CORP,SR22T,SR Series,1,2025,7,CA,4,US,20250612,20250612,20250521,4,1,V,
28TD,10733,2130004,CIRRUS DESIGN CORP,SR22T,SR Series,1,2025,7,NJ,1,US,20250724,20250724,20250613,4,1,V,
28TK,0263,2130001,CIRRUS DESIGN CORP,SR22,SR Series,1,2002,7,TX,2,US,20250805,20150409,20020712,4,1,V,
28UM,9798,2130004,CIRRUS DESIGN CORP,SR22T,SR Series,1,2024,3,UT,S,US,20240930,20240930,20240302,4,1,V,
28VJ,0322,2130010,CIRRUS DESIGN CORP,SF50,Vision Jet,1,2021,8,MN,C,US,20260223,20260223,20211210,4,5,V,
290CD,1167,2130000,CIRRUS DESIGN CORP,SR20,SR Series,1,2002,4,NC,1,US,20240623,20240623,20020107,4,1,V,
290J,1920,2130001,CIRRUS DESIGN CORP,SR22,SR Series,1,2006,7,LA,2,US,20230811,20130628,20060425,4,1,V,
290SR,2276,2130001,CIRRUS DESIGN CORP,SR22,SR Series,1,2006,7,MT,S,US,20250107,20250107,20061219,4,1,V,
290VJ,0359,2130010,CIRRUS DESIGN CORP,SF50,Vision Jet,1,2022,7,NH,E,US,20260130,20260130,20220531,4,5,V,
290WA,4494,2130001,CIRRUS DESIGN CORP,SR22,SR Series,1,2017,7,TN,3,US,20230707,20220108,20170607,4,1,V,
2914Y,0859,2130001,CIRRUS DESIGN CORP,SR22,SR Series,1,2004,7,CA,4,US,20250726,20250726,20040330,4,1,V,
291AH,0534,2130010,CIRRUS DESIGN CORP,SF50,Vision Jet,1,2024,3,DE,1,US,20250331,20250331,20240306,4,5,V,
2922P,11721,2130004,CIRRUS DESIGN CORP,SR22T,SR Series,1,,8,MN,C,US,20260812,,,4,1,M,
292BB,10521,2130004,CIRRUS DESIGN CORP,SR22T,SR Series,1,2025,7,FL,7,US,20250429,20250429,20250305,4,1,V,
292CD,1130,2130001,CIRRUS DESIGN CORP,SR22,SR Series,1,2004,7,MN,C,US,20260513,20160621,20041021,4,1,V,
292DJ,0300,2130010,CIRRUS DESIGN CORP,SF50,Vision Jet,1,2021,3,TX,2,US,20260203,20220223,20211011,4,5,V,
292DR,10027,2130001,CIRRUS DESIGN CORP,SR22,SR Series,1,2024,7,TX,2,US,20250121,20240727,20240620,4,1,V,
292GS,1707,2130004,CIRRUS DESIGN CORP,SR22T,SR Series,1,2018,3,NM,2,US,20251223,20251223,20180301,4,1,V,
292JP,0401,2130010,CIRRUS DESIGN CORP,SF50,Vision Jet,1,2022,7,IN,C,US,20230310,20230310,20221112,4,5,V,
292KW,10187,2130004,CIRRUS DESIGN CORP,SR22T,SR Series,1,2024,1,MN,C,US,20241002,20241002,20240911,4,1,V,
292LK,1254,2130000,CIRRUS DESIGN CORP,SR20,SR Series,1,2002,7,OH,C,US,20230930,20050415,20020926,4,1,V,
292SR,2852,2130001,CIRRUS DESIGN CORP,SR22,SR Series,1,2007,7,SC,7,US,20240102,20240102,20071231,4,1,V,
292WS,1763,2130004,CIRRUS DESIGN CORP,SR22T,SR Series,1,2018,4,,,,20230616,20181003,20180731,4,1,V,
293AT,10596,2130000,CIRRUS DESIGN CORP,SR20,SR Series,1,2025,7,NJ,1,US,20250512,20250512,20250412,4,1,V,
293CD,1202,2130000,CIRRUS DESIGN CORP,SR20,SR Series,1,2002,3,NM,2,US,20241028,20241028,20020529,4,1,V,
293LM,4227,2130001,CIRRUS DESIGN CORP,SR22,SR Series,1,2015,7,FL,7,US,20260803,20260803,20150727,4,1,V,
293SR,0923,2130001,CIRRUS DESIGN CORP,SR22,SR Series,1,2004,1,MN,C,US,20230401,20040609,20040506,4,1,V,
294CA,4031,2130001,CIRRUS DESIGN CORP,SR22,SR Series,1,2014,7,PA,1,US,20241205,20241205,20140108,4,1,V,
294GG,2705,2130000,CIRRUS DESIGN CORP,SR20,SR Series,1,2021,7,FL,7,US,20260122,20260122,20210225,4,1,V,
294MC,2431,2130001,CIRRUS DESIGN CORP,SR22,SR Series,1,2007,7,OH,C,US,20230701,20181201,20070403,4,1,V,
295AK,0719,2130001,CIRRUS DESIGN CORP,SR22,SR Series,1,2003,3,ND,C,US,20230616,20091130,20031024,4,1,V,
295CD,1206,2130000,CIRRUS DESIGN CORP,SR20,SR Series,1,,7,WY,S,US,20260416,20220315,20020531,4,1,V,
295DL,2335,2130001,CIRRUS DESIGN CORP,SR22,SR Series,1,2007,1,CA,4,US,20230512,20180524,20070124,4,1,V,
295EC,0197,2130001,CIRRUS DESIGN CORP,SR22,SR Series,1,2002,7,WI,C,US,20241120,20020606,20020408,4,1,V,
295SD,4295,2130001,CIRRUS DESIGN CORP,SR22,SR Series,1,,7,TX,2,US,20230421,20210227,20151223,4,1,V,
296LN,11448,2130004,CIRRUS DESIGN CORP,SR22T,SR Series,1,,7,WY,S,US,20260629,20260629,,4,1,V,
296MP,4252,2130001,CIRRUS DESIGN CORP,SR22,SR Series,1,2015,7,SC,7,US,20230616,20151022,20150930,4,1,V,
296RS,10283,2130001,CIRRUS DESIGN CORP,SR22,SR Series,1,2024,7,FL,7,US,20241121,20241121,20241017,4,1,V,
296SR,2040,2130001,CIRRUS DESIGN CORP,SR22,SR Series,1,2006,7,MD,1,US,20230818,20220715,20060706,4,1,V,
296TS,10047,2130000,CIRRUS DESIGN CORP,SR20,SR Series,1,2024,7,TX,2,US,20240808,20240808,20240630,4,1,V,
297BL,0144,2130004,CIRRUS DESIGN CORP,SR22T,SR Series,1,2011,7,TX,2,US,20230617,20230617,20110518,4,1,V,
297CD,1232,2130000,CIRRUS DESIGN CORP,SR20,SR Series,1,2002,1,TX,2,US,20250508,20250508,20020906,4,1,V,
297HB,11480,2130004,CIRRUS DESIGN CORP,SR22T,SR Series,1,,7,WY,S,US,20260707,20260707,,4,1,V,
297LT,11025,2130004,CIRRUS DESIGN CORP,SR22T,SR Series,1,2025,7,OK,2,US,20251218,20251218,20251030,4,1,V,
297TP,1134,2130000,CIRRUS DESIGN CORP,SR20,SR Series,1,,1,SC,7,US,20241105,20241105,20010327,4,1,V,
29820,4617,2130001,CIRRUS DESIGN CORP,SR22,SR Series,1,2018,7,LA,2,US,20240516,20240516,20180314,4,1,V,
298CD,1175,2130000,CIRRUS DESIGN CORP,SR20,SR Series,1,2002,3,NV,4,US,20251120,20251120,20020119,4,1,V,
298CS,1408,2130001,CIRRUS DESIGN CORP,SR22,SR Series,1,2005,3,DE,1,US,20230614,20230614,20050422,4,1,V,
299AK,11033,2130004,CIRRUS DESIGN CORP,SR22T,SR Series,1,2025,7,NV,4,US,20251226,20251226,20251109,4,1,V,
299AT,2292,2130000,CIRRUS DESIGN CORP,SR20,SR Series,1,2015,7,NY,1,US,20230610,20150910,20150731,4,1,V,
299BT,0724,2130010,CIRRUS DESIGN CORP,SF50,Vision Jet,1,2025,7,UT,S,US,20260217,20260217,20251220,4,5,V,
299CD,1267,2130000,CIRRUS DESIGN CORP,SR20,SR Series,1,2002,7,FL,7,US,20231219,20191022,20021001,4,1,V,
299CG,0865,2130004,CIRRUS DESIGN CORP,SR22T,SR Series,1,2014,1,MA,E,US,20250520,20250520,20140909,4,1,V,
299JW,1034,2130001,CIRRUS DESIGN CORP,SR22,SR Series,1,2004,7,OH,C,US,20260129,20260129,20040804,4,1,V,
299MP,1396,2130001,CIRRUS DESIGN CORP,SR22,SR Series,1,2005,7,TN,3,US,20230404,20230223,20050407,4,1,V,
299MR,0753,2130001,CIRRUS DESIGN CORP,SR22,SR Series,1,2003,7,FL,7,US,20230122,20200504,20031203,4,1,V,
299PM,0306,2130001,CIRRUS DESIGN CORP,SR22,SR Series,1,,7,PA,1,US,20240219,20240219,20020817,4,1,V,
299SR,1886,2130000,CIRRUS DESIGN CORP,SR20,SR Series,1,2007,7,SC,7,US,20240518,20240518,20071212,4,1,V,
299WT,9419,2130004,CIRRUS DESIGN CORP,SR22T,SR Series,1,2023,3,CA,4,US,20231026,20231026,20230913,4,1,V,
29AV,10942,2130000,CIRRUS DESIGN CORP,SR20,SR Series,1,2025,7,FL,7,US,20251115,20251115,20250929,4,1,V,
29AW,11072,2130004,CIRRUS DESIGN CORP,SR22T,SR Series,1,2025,7,UT,S,US,20260113,20260113,20251126,4,1,V,
29AY,11483,2130004,CIRRUS DESIGN CORP,SR22T,SR Series,1,,8,MN,C,US,20260428,,,4,1,M,
29BP,4699,2130001,CIRRUS DESIGN CORP,SR22,SR Series,1,2018,7,NY,1,US,20250406,20230724,20180925,4,1,V,
29CF,1922,2130004,CIRRUS DESIGN CORP,SR22T,SR Series,1,2019,7,IA,3,US,20231212,20231212,20230719,4,1,V,
29DE,0085,2130010,CIRRUS DESIGN CORP,SF50,Vision Jet,1,2018,3,DE,1,US,20230623,20181128,20181109,4,5,V,
29DX,2158,2130004,CIRRUS DESIGN CORP,SR22T,SR Series,1,2020,7,AR,2,US,20240102,20240102,20200826,4,1,V,
29EF,8763,2130000,CIRRUS DESIGN CORP,SR20,SR Series,1,2022,7,NJ,1,US,20231101,20230207,20220809,4,1,V,
29KG,4148,2130001,CIRRUS DESIGN CORP,SR22,SR Series,1,2014,7,FL,7,US,20231024,20231024,20141118,4,1,V,
29LC,0167,2130010,CIRRUS DESIGN CORP,SF50,Vision Jet,1,2019,7,AL,7,US,20230930,20200113,20191203,4,5,V,
29MA,2057,2130004,CIRRUS DESIGN CORP,SR22T,SR Series,1,2020,7,NV,4,US,20260522,20260522,20200123,4,1,V,
29SL,8780,2130004,CIRRUS DESIGN CORP,SR22T,SR Series,1,2022,7,PR,7,RQ,20230216,20230207,20220825,4,1,V,
29U,2418,2130004,CIRRUS DESIGN CORP,SR22T,SR Series,1,2021,7,NJ,1,US,20260320,20241112,20211020,4,1,V,
29UA,1282,2130001,CIRRUS DESIGN CORP,SR22,SR Series,1,2005,7,NJ,1,US,20250714,20151219,20050126,4,1,V,
29VJ,0342,2130010,CIRRUS DESIGN CORP,SF50,Vision Jet,1,2022,3,UT,S,US,20230902,20220924,20220308,4,5,V,
29WH,0974,2130001,CIRRUS DESIGN CORP,SR22,SR Series,1,2004,7,CA,4,US,20230122,20080326,20040614,4,1,V,
29YA,1353,2130001,CIRRUS DESIGN CORP,SR22,SR Series,1,,3,DE,1,US,20230922,20221221,,4,1,V,
2AK,0581,2130010,CIRRUS DESIGN CORP,SF50,Vision Jet,1,2024,7,CA,4,US,20241010,20241010,20240919,4,5,V,
2B,3458,2130001,CIRRUS DESIGN CORP,SR22,SR Series,1,2009,7,WA,S,US,20260810,20260810,20090618,4,1,V,
2CK,10355,2130004,CIRRUS DESIGN CORP,SR22T,SR Series,1,2024,7,FL,7,US,20260713,20260713,20241212,4,1,V,
2FP,0297,2130010,CIRRUS DESIGN CORP,SF50,Vision Jet,1,2021,7,OR,S,US,20240429,20240429,20210930,4,5,V,
2FT,10307,2130001,CIRRUS DESIGN CORP,SR22,SR Series,1,2024,7,MN,C,US,20260215,20260215,20241110,4,1,V,
2GW,0338,2130010,CIRRUS DESIGN CORP,SF50,Vision Jet,1,2022,4,NH,E,US,20251205,20251205,20220214,4,5,V,
2GZ,0670,2130010,CIRRUS DESIGN CORP,SF50,Vision Jet,1,2025,7,CA,4,US,20250902,20250709,20250708,4,5,V,
2MA,1177,2130001,CIRRUS DESIGN CORP,SR22,SR Series,1,2004,7,FL,7,US,20231007,20140206,20041115,4,1,V,
2PY,0782,2130010,CIRRUS DESIGN CORP,SF50,Vision Jet,1,,8,MN,C,US,20260225,,,4,5,M,
2RJ,0344,2130010,CIRRUS DESIGN CORP,SF50,Vision Jet,1,2022,7,LA,2,US,20230918,20220929,20220314,4,5,V,
2TZ,0083,2130010,CIRRUS DESIGN CORP,SF50,Vision Jet,1,2018,7,MA,E,US,20240522,20231228,20181026,4,5,V,
2WH,0112,2130010,CIRRUS DESIGN CORP,SF50,Vision Jet,1,2019,7,AZ,4,US,20260617,20260617,20180419,4,5,V,
2ZH,0056,2130001,CIRRUS DESIGN CORP,SR22,SR Series,1,2001,7,NC,1,US,20240111,20230320,20010716,4,1,V,
3000D,0083,2130001,CIRRUS DESIGN CORP,SR22,SR Series,1,2001,7,CA,4,US,20230505,20180405,20010827,4,1,V,
300DG,0034,2130010,CIRRUS DESIGN CORP,SF50,Vision Jet,1,2018,7,CA,4,US,20250512,20201228,20180214,4,5,V,
300HG,8677,2130004,CIRRUS DESIGN CORP,SR22T,SR Series,1,2022,3,KY,3,US,20230922,20221226,20220609,4,1,V,
300SU,2520,2130000,CIRRUS DESIGN CORP,SR20,SR Series,1,2019,5,OK,2,US,20230922,20191210,20191010,4,1,V,
300VJ,0555,2130010,CIRRUS DESIGN CORP,SF50,Vision Jet,1,2024,7,ME,E,US,20240626,20240626,20240529,4,5,V,
3011,9617,2130004,CIRRUS DESIGN CORP,SR22T,SR Series,1,2023,1,WY,S,US,20240713,20240713,20231215,4,1,V,
301F,11303,2130001,CIRRUS DESIGN CORP,SR22,SR Series,1,2026,7,NY,1,US,20260626,20260626,20260329,4,1,V,
301FC,9076,2130001,CIRRUS DESIGN CORP,SR22,SR Series,1,2023,7,GA,7,US,20260105,20260105,20230219,4,1,V,
301G,1970,2130000,CIRRUS DESIGN CORP,SR20,SR Series,1,2008,7,WY,S,US,20260519,20241010,20080423,4,1,V,
301GK,4951,2130001,CIRRUS DESIGN CORP,SR22,SR Series,1,2020,7,FL,7,US,20241016,20241016,20200929,4,1,V,
301JP,2240,2130001,CIRRUS DESIGN CORP,SR22,SR Series,1,2007,3,OK,2,US,20230909,20161011,20070115,4,1,V,
301MD,3484,2130001,CIRRUS DESIGN CORP,SR22,SR Series,1,2009,7,MN,C,US,20230930,20200130,20190225,4,1,V,
301RM,1205,2130004,CIRRUS DESIGN CORP,SR22T,SR Series,1,,7,OH,C,US,20230929,20230110,20151208,4,1,V,
301RV,1172,2130001,CIRRUS DESIGN CORP,SR22,SR Series,1,2004,3,CA,4,US,20251016,20251016,20041111,4,1,V,
301VS,9319,2130000,CIRRUS DESIGN CORP,SR20,SR Series,1,2023,7,OK,2,US,20260319,20260319,20230702,4,1,V,
302BY,0985,2130001,CIRRUS DESIGN CORP,SR22,SR Series,1,2004,7,TX,2,US,20240418,20240418,20040622,4,1,V,
302CD,1076,2130001,CIRRUS DESIGN CORP,SR22,SR Series,1,2004,4,FL,7,US,20230804,20220514,20040910,4,1,V,
302CP,3226,2130001,CIRRUS DESIGN CORP,SR22,SR Series,1,2008,3,TX,2,US,20240124,20240124,20080905,4,1,V,
302L,11227,2130000,CIRRUS DESIGN CORP,SR20,SR Series,1,2026,4,NY,1,US,20260716,20260716,20260320,4,1,V,
302SR,2175,2130001,CIRRUS DESIGN CORP,SR22,SR Series,1,2006,7,MN,C,US,20250221,20250221,20061004,4,1,V,
302TD,1780,2130001,CIRRUS DESIGN CORP,SR22,SR Series,1,2006,7,IL,C,US,20230616,20151001,20060124,4,1,V,
303AW,11629,2130004,CIRRUS DESIGN CORP,SR22T,SR Series,1,,8,MN,C,US,20260713,,,4,1,M,
303BP,1698,2130001,CIRRUS DESIGN CORP,SR22,SR Series,1,2005,1,VA,1,US,20241108,20240229,20051128,4,1,V,
303DW,10231,2130004,CIRRUS DESIGN CORP,SR22T,SR Series,1,2024,7,CO,S,US,20241029,20241029,20241003,4,1,V,
303GW,0330,2130010,CIRRUS DESIGN CORP,SF50,Vision Jet,1,2021,7,IL,C,US,20230804,20220520,20211228,4,5,V,
303KD,8522,2130004,CIRRUS DESIGN CORP,SR22T,SR Series,1,2022,7,ID,S,US,20250415,20220516,20220217,4,1,V,
303SR,2420,2130001,CIRRUS DESIGN CORP,SR22,SR Series,1,2007,3,UT,S,US,20230603,20210821,20251014,4,1,V,
303ZZ,10593,2130004,CIRRUS DESIGN CORP,SR22T,SR Series,1,2025,7,CO,S,US,20250505,20250505,20250405,4,1,V,
304DM,9782,2130004,CIRRUS DESIGN CORP,SR22T,SR Series,1,2024,3,DE,1,US,20240613,20240613,20240214,4,1,V,
304SP,11628,2130000,CIRRUS DESIGN CORP,SR20,SR Series,1,,8,MN,C,US,20260626,,,4,1,M,
304WH,0717,2130001,CIRRUS DESIGN CORP,SR22,SR Series,1,2003,4,GA,7,US,20250403,20250403,20031028,4,1,V,
305AP,0500,2130001,CIRRUS DESIGN CORP,SR22,SR Series,1,,3,DE,1,US,20230718,20220226,20030403,4,1,V,
305CD,1966,2130001,CIRRUS DESIGN CORP,SR22,SR Series,1,2006,3,TX,2,US,20240520,20200114,20060517,4,1,V,
305PA,9834,2130000,CIRRUS DESIGN CORP,SR20,SR Series,1,2024,7,CA,4,US,20240616,20240616,20240509,4,1,V,
305RP,10349,2130004,CIRRUS DESIGN CORP,SR22T,SR Series,1,2024,7,FL,7,US,20241230,20241230,20241127,4,1,V,
305VV,2134,2130004,CIRRUS DESIGN CORP,SR22T,SR Series,1,2020,7,,7,DO,20230511,20200928,20200709,4,1,V,
306BZ,2258,2130000,CIRRUS DESIGN CORP,SR20,SR Series,1,2014,3,CA,4,US,20250520,20190211,20140519,4,1,V,
306CD,1355,2130001,CIRRUS DESIGN CORP,SR22,SR Series,1,2005,1,FL,7,US,20230414,20150107,20050315,4,1,V,
306CP,3055,2130001,CIRRUS DESIGN CORP,SR22,SR Series,1,2008,4,VA,1,US,20230624,20230624,20080612,4,1,V,
306DC,0366,2130001,CIRRUS DESIGN CORP,SR22,SR Series,1,2002,4,NC,1,US,20230722,20190308,20021108,4,1,V,
306KC,0253,2130001,CIRRUS DESIGN CORP,SR22,SR Series,1,,7,CA,4,US,20260728,20260728,,4,1,V,
306LM,10306,2130000,CIRRUS DESIGN CORP,SR20,SR Series,1,2024,7,FL,7,US,20250107,20250107,20241030,4,1,V,
306RS,4743,2130001,CIRRUS DESIGN CORP,SR22,SR Series,1,2019,7,FL,7,US,20241207,20241207,20190110,4,1,V,
306SR,2469,2130001,CIRRUS DESIGN CORP,SR22,SR Series,1,2007,7,CO,S,US,20250827,20250827,20070503,4,1,V,
306ST,2247,2130001,CIRRUS DESIGN CORP,SR22,SR Series,1,2006,1,WA,S,US,20230421,20210219,20190722,4,1,V,
307A,1913,2130001,CIRRUS DESIGN CORP,SR22,SR Series,1,2006,1,TX,2,US,20241122,20241122,20060422,4,1,V,
307BL,0477,2130010,CIRRUS DESIGN CORP,SF50,Vision Jet,1,2023,7,VA,1,US,20230901,20230901,20230809,4,5,V,
307CD,1092,2130001,CIRRUS DESIGN CORP,SR22,SR Series,1,2004,1,MO,3,US,20230603,20210804,20040916,4,1,V,
307CP,3228,2130001,CIRRUS DESIGN CORP,SR22,SR Series,1,2008,7,LA,2,US,20231013,20170302,20080902,4,1,V,
307HY,2472,2130004,CIRRUS DESIGN CORP,SR22T,SR Series,1,2021,1,NM,2,US,20260423,20260423,20211221,4,1,V,
307JA,0498,2130010,CIRRUS DESIGN CORP,SF50,Vision Jet,1,2023,7,MT,S,US,20231218,20231218,20231110,4,5,V,
307NR,10386,2130004,CIRRUS DESIGN CORP,SR22T,SR Series,1,2024,7,WY,S,US,20250127,20250127,20241219,4,1,V,
308AW,0851,2130004,CIRRUS DESIGN CORP,SR22T,SR Series,1,2014,7,NE,3,US,20230220,20230220,20140815,4,1,V,
308CA,11513,2130004,CIRRUS DESIGN CORP,SR22T,SR Series,1,,8,MN,C,US,20260512,,,4,1,M,
308CD,1026,2130001,CIRRUS DESIGN CORP,SR22,SR Series,1,2004,7,DE,1,US,20260317,20230411,20040729,4,1,V,
308J,10359,2130001,CIRRUS DESIGN CORP,SR22,SR Series,1,2024,7,NJ,1,US,20250118,20250118,20241217,4,1,V,
308JA,1617,2130004,CIRRUS DESIGN CORP,SR22T,SR Series,1,2017,7,MT,S,US,20240509,20240509,20171018,4,1,V,
308JS,9236,2130000,CIRRUS DESIGN CORP,SR20,SR Series,1,2023,8,MN,C,US,20260515,20240710,20230513,4,1,N,
308L,2065,2130001,CIRRUS DESIGN CORP,SR22,SR Series,1,,7,FL,7,US,20240305,20240305,20060731,4,1,V,
308MS,8516,2130004,CIRRUS DESIGN CORP,SR22T,SR Series,1,2022,7,NE,3,US,20240104,20220812,20220216,4,1,V,
308PA,11155,2130000,CIRRUS DESIGN CORP,SR20,SR Series,1,2026,7,WY,S,US,20260622,20260622,20260123,4,1,V,
308SS,10664,2130004,CIRRUS DESIGN CORP,SR22T,SR Series,1,2025,3,DE,1,US,20250530,20250530,20250514,4,1,V,
308WD,0474,2130010,CIRRUS DESIGN CORP,SF50,Vision Jet,1,2023,7,FL,7,US,20230914,20230914,20230728,4,5,V,
309CA,11198,2130001,CIRRUS DESIGN CORP,SR22,SR Series,1,2026,7,NY,1,US,20260420,20260420,20260208,4,1,V,
309CD,1104,2130001,CIRRUS DESIGN CORP,SR22,SR Series,1,2004,7,NC,1,US,20230324,20111025,20041005,4,1,V,
309CP,3232,2130001,CIRRUS DESIGN CORP,SR22,SR Series,1,2008,7,AZ,4,US,20230512,20150514,20080903,4,1,V,
309FB,2485,2130000,CIRRUS DESIGN CORP,SR20,SR Series,1,2019,7,PA,1,US,20230804,20190528,20190416,4,1,V,
309JF,0266,2130001,CIRRUS DESIGN CORP,SR22,SR Series,1,2002,1,CA,4,US,20230915,20221103,20020713,4,1,V,
309LS,8659,2130001,CIRRUS DESIGN CORP,SR22,SR Series,1,2022,7,MD,1,US,20250108,20250108,20220526,4,1,V,
309PT,2434,2130001,CIRRUS DESIGN CORP,SR22,SR Series,1,2007,7,SC,7,US,20240602,20220711,20181207,4,1,V,
309SC,2207,2130001,CIRRUS DESIGN CORP,SR22,SR Series,1,2006,1,TN,3,US,20230610,20210913,20061023,4,1,V,
309SR,2309,2130001,CIRRUS DESIGN CORP,SR22,SR Series,1,2007,7,GA,7,US,20240625,20240625,20070103,4,1,V,
30DG,0798,2130010,CIRRUS DESIGN CORP,SF50,Vision Jet,1,,8,MN,C,US,20260421,,,4,5,M,
30PN,2739,2130000,CIRRUS DESIGN CORP,SR20,SR Series,1,2021,7,VA,1,US,20230722,20220318,20210812,4,1,V,
30VJ,0343,2130010,CIRRUS DESIGN CORP,SF50,Vision Jet,1,2022,3,TX,2,US,20251225,20251225,20220310,4,5,V,
30W,0832,2130010,CIRRUS DESIGN CORP,SF50,Vision Jet,1,,8,MN,C,US,20260723,,,4,5,M,
310EL,9795,2130001,CIRRUS DESIGN CORP,SR22,SR Series,1,2024,7,MA,E,US,20240313,20240313,20240222,4,1,V,
310FL,3534,2130001,CIRRUS DESIGN CORP,SR22,SR Series,1,2009,7,TX,2,US,20230322,20230322,20091222,4,1,V,
310JF,2485,2130001,CIRRUS DESIGN CORP,SR22,SR Series,1,2007,3,OK,2,US,20250411,20140929,20070508,4,1,V,
310PP,2414,2130001,CIRRUS DESIGN CORP,SR22,SR Series,1,2007,3,WY,S,US,20260210,20260210,20070321,4,1,V,
310SA,4812,2130001,CIRRUS DESIGN CORP,SR22,SR Series,1,2019,7,NC,1,US,20250811,20250811,20190801,4,1,V,
310SM,2046,2130001,CIRRUS DESIGN CORP,SR22,SR Series,1,,7,ID,S,US,20251014,20211004,20060723,4,1,V,
310SU,2521,2130000,CIRRUS DESIGN CORP,SR20,SR Series,1,2019,5,OK,2,US,20230126,20191210,20191105,4,1,V,
310TN,2146,2130001,CIRRUS DESIGN CORP,SR22,SR Series,1,2006,7,CA,4,US,20230610,20180913,20060915,4,1,V,
310VJ,0814,2130010,CIRRUS DESIGN CORP,SF50,Vision Jet,1,,8,MN,C,US,20260518,,,4,5,M,
310VP,0054,2130001,CIRRUS DESIGN CORP,SR22,SR Series,1,2001,7,OH,C,US,20230718,20220219,20010710,4,1,V,
3112K,5123,2130001,CIRRUS DESIGN CORP,SR22,SR Series,1,2021,1,CT,E,US,20240104,20240104,20211210,4,1,V,
3114W,5117,2130001,CIRRUS DESIGN CORP,SR22,SR Series,1,2021,4,NJ,1,US,20230728,20220428,20211206,4,1,V,
311AV,2395,2130001,CIRRUS DESIGN CORP,SR22,SR Series,1,2007,7,SC,7,US,20230505,20210428,20070315,4,1,V,
311CE,11528,2130004,CIRRUS DESIGN CORP,SR22T,SR Series,1,,8,MN,C,US,20260505,,,4,1,M,
311CV,0089,2130010,CIRRUS DESIGN CORP,SF50,Vision Jet,1,2018,7,MT,S,US,20260109,20260109,20181113,4,5,V,
311DB,0474,2130004,CIRRUS DESIGN CORP,SR22T,SR Series,1,2013,3,TX,2,US,20230722,20220326,20130319,4,1,V,
311FP,2432,2130000,CIRRUS DESIGN CORP,SR20,SR Series,1,2018,1,FL,7,US,20240406,20240406,20180412,4,1,V,
311FS,1177,2130004,CIRRUS DESIGN CORP,SR22T,SR Series,1,2015,3,NC,1,US,20230329,20230329,20151029,4,1,V,
311GJ,9498,2130004,CIRRUS DESIGN CORP,SR22T,SR Series,1,2023,7,FL,7,US,20231213,20231213,20231016,4,1,V,
311H,10348,2130004,CIRRUS DESIGN CORP,SR22T,SR Series,1,2024,7,UT,S,US,20250529,20250124,20241218,4,1,V,
311JL,1616,2130004,CIRRUS DESIGN CORP,SR22T,SR Series,1,2017,1,OH,C,US,20250307,20250307,20171017,4,1,V,
311JS,9339,2130000,CIRRUS DESIGN CORP,SR20,SR Series,1,,7,CA,4,US,20231104,20231104,,4,1,V,
311KN,3440,2130001,CIRRUS DESIGN CORP,SR22,SR Series,1,2009,7,MN,C,US,20260403,20260403,20090603,4,1,V,
311LS,2162,2130000,CIRRUS DESIGN CORP,SR20,SR Series,1,2012,7,MT,S,US,20250702,20250702,20120628,4,1,V,
311RK,2241,2130000,CIRRUS DESIGN CORP,SR20,SR Series,1,2014,7,FL,7,US,20230223,20230223,20140225,4,1,V,
311TC,1582,2130004,CIRRUS DESIGN CORP,SR22T,SR Series,1,,7,WA,S,US,20230627,20230627,20170810,4,1,V,
311TD,3623,2130001,CIRRUS DESIGN CORP,SR22,SR Series,1,2010,3,TX,2,US,20230929,20100412,20100305,4,1,V,
311UM,0732,2130010,CIRRUS DESIGN CORP,SF50,Vision Jet,1,2026,8,MN,C,US,20260211,20260211,20260128,4,5,V,
311VJ,0191,2130010,CIRRUS DESIGN CORP,SF50,Vision Jet,1,2020,4,TX,2,US,20231005,20200430,20200321,4,5,V,
311XX,2369,2130004,CIRRUS DESIGN CORP,SR22T,SR Series,1,2021,7,CO,S,US,20251205,20251205,20210806,4,1,V,
311YM,10897,2130000,CIRRUS DESIGN CORP,SR20,SR Series,1,2025,7,MN,C,US,20251017,20251017,20250828,4,1,V,
311ZZ,11279,2130000,CIRRUS DESIGN CORP,SR20,SR Series,1,2026,7,WY,S,US,20260602,20260602,20260312,4,1,V,
312AD,1615,2130001,CIRRUS DESIGN CORP,SR22,SR Series,1,2005,4,MI,C,US,20230902,20160922,20050929,4,1,V,
312AE,4783,2130001,CIRRUS DESIGN CORP,SR22,SR Series,1,2019,7,AR,2,US,20230930,20230103,20190509,4,1,V,
312AP,10726,2130001,CIRRUS DESIGN CORP,SR22,SR Series,1,2025,7,CA,4,US,20250714,20250714,20250616,4,1,V,
312AR,2284,2130000,CIRRUS DESIGN CORP,SR20,SR Series,1,2015,7,TN,3,US,20240219,20240219,20150410,4,1,V,
312AZ,2344,2130000,CIRRUS DESIGN CORP,SR20,SR Series,1,2017,7,OH,C,US,20251024,20190708,20170217,4,1,V,
312BA,1630,2130000,CIRRUS DESIGN CORP,SR20,SR Series,1,,3,,8,DE,20240906,20240906,,4,1,V,
312CP,3120,2130001,CIRRUS DESIGN CORP,SR22,SR Series,1,2008,7,FL,7,US,20240203,20240203,20080709,4,1,V,
312CT,10867,2130000,CIRRUS DESIGN CORP,SR20,SR Series,1,2025,7,NM,2,US,20260528,20251221,20250917,4,1,V,
312DA,1262,2130001,CIRRUS DESIGN CORP,SR22,SR Series,1,2005,3,DE,1,US,20230304,20140708,20050110,4,1,V,
312DD,2153,2130000,CIRRUS DESIGN CORP,SR20,SR Series,1,2012,7,SC,7,US,20230616,20211021,20120411,4,1,V,
312DX,2113,2130004,CIRRUS DESIGN CORP,SR22T,SR Series,1,2020,7,DE,1,US,20260119,20260119,20200526,4,1,V,
312DY,9225,2130004,CIRRUS DESIGN CORP,SR22T,SR Series,1,2023,3,MO,3,US,20230718,20230718,20230511,4,1,V,
312FP,4069,2130001,CIRRUS DESIGN CORP,SR22,SR Series,1,2014,7,PA,1,US,20230902,20230902,20140407,4,1,V,
312GE,0383,2130004,CIRRUS DESIGN CORP,SR22T,SR Series,1,2012,1,MD,1,US,20260427,20260427,20200303,4,1,V,
312GM,9370,2130004,CIRRUS DESIGN CORP,SR22T,SR Series,1,2023,3,DE,1,US,20241009,20241009,20241101,4,1,V,
312GT,8920,2130001,CIRRUS DESIGN CORP,SR22,SR Series,1,2022,7,GA,7,US,20230304,20230304,20221106,4,1,V,
312H,2193,2130004,CIRRUS DESIGN CORP,SR22T,SR Series,1,2020,7,AZ,4,US,20230707,20220107,20201109,4,1,V,
312JB,0373,2130001,CIRRUS DESIGN CORP,SR22,SR Series,1,2002,7,IA,3,US,20230203,20140416,20021107,4,1,V,
312JJ,0360,2130004,CIRRUS DESIGN CORP,SR22T,SR Series,1,,7,AZ,4,US,20230526,20210724,,4,1,V,
312MG,1874,2130004,CIRRUS DESIGN CORP,SR22T,SR Series,1,2019,4,DE,1,US,20250210,20241021,20230921,4,1,V,
312MS,9185,2130001,CIRRUS DESIGN CORP,SR22,SR Series,1,2023,7,TX,2,US,20260209,20250827,20230418,4,1,V,
312MT,10735,2130004,CIRRUS DESIGN CORP,SR22T,SR Series,1,2025,7,NV,4,US,20260122,20260122,20250624,4,1,V,
312NG,4274,2130001,CIRRUS DESIGN CORP,SR22,SR Series,1,2015,7,NJ,1,US,20250114,20250114,20151118,4,1,V,
312PX,5014,2130001,CIRRUS DESIGN CORP,SR22,SR Series,1,2021,7,IL,C,US,20230512,20210528,20210309,4,1,V,
312RE,11073,2130001,CIRRUS DESIGN CORP,SR22,SR Series,1,2025,7,DE,1,US,20260118,20260118,20251121,4,1,V,
312RK,1370,2130004,CIRRUS DESIGN CORP,SR22T,SR Series,1,2016,7,NY,1,US,20230825,20160818,20160623,4,1,V,
312SR,2427,2130001,CIRRUS DESIGN CORP,SR22,SR Series,1,2007,7,TX,2,US,20240112,20240112,20070329,4,1,V,
312SS,9911,2130000,CIRRUS DESIGN CORP,SR20,SR Series,1,2024,7,AL,7,US,20250930,20240709,20240518,4,1,V,
312W,11698,2130004,CIRRUS DESIGN CORP,SR22T,SR Series,1,,8,MN,C,US,20260528,,,4,1,M,
312WC,2492,2130000,CIRRUS DESIGN CORP,SR20,SR Series,1,2019,1,GA,7,US,20260630,20260630,20190515,4,1,V,
312WG,1793,2130004,CIRRUS DESIGN CORP,SR22T,SR Series,1,2018,7,IL,C,US,20260224,20210126,20180917,4,1,V,
312XX,8925,2130004,CIRRUS DESIGN CORP,SR22T,SR Series,1,2022,7,TX,2,US,20240614,20230315,20221108,4,1,V,
3131X,0310,2130010,CIRRUS DESIGN CORP,SF50,Vision Jet,1,2021,7,OK,2,US,20230623,20211115,20211102,4,5,V,
313AJ,9790,2130004,CIRRUS DESIGN CORP,SR22T,SR Series,1,2024,4,MI,C,US,20240328,20240328,20240305,4,1,V,
313BN,0009,2130010,CIRRUS DESIGN CORP,SF50,Vision Jet,1,2017,7,WY,S,US,20260519,20221223,20170411,4,5,V,
313BR,11654,2130004,CIRRUS DESIGN CORP,SR22T,SR Series,1,,8,MN,C,US,20260706,,,4,1,M,
313DG,1592,2130001,CIRRUS DESIGN CORP,SR22,SR Series,1,2005,7,KY,3,US,20230428,20230428,20050902,4,1,V,
313ET,0955,2130004,CIRRUS DESIGN CORP,SR22T,SR Series,1,2014,7,AR,2,US,20231022,20231022,20141231,4,1,V,
313EZ,8957,2130004,CIRRUS DESIGN CORP,SR22T,SR Series,1,2022,7,MI,C,US,20240527,20240527,20221128,4,1,V,
313G,11547,2130004,CIRRUS DESIGN CORP,SR22T,SR Series,1,,8,MN,C,US,20260604,,,4,1,M,
313GP,1478,2130004,CIRRUS DESIGN CORP,SR22T,SR Series,1,2017,7,SC,7,US,20260408,20240501,20170109,4,1,V,
313JB,1631,2130004,CIRRUS DESIGN CORP,SR22T,SR Series,1,2017,7,FL,7,US,20260401,20210604,20171129,4,1,V,
313KG,10572,2130004,CIRRUS DESIGN CORP,SR22T,SR Series,1,2025,7,NC,1,US,20250417,20250417,20250324,4,1,V,
313LC,3046,2130001,CIRRUS DESIGN CORP,SR22,SR Series,1,2008,1,WA,S,US,20230915,20101122,20080604,4,1,V,
313LF,10784,2130000,CIRRUS DESIGN CORP,SR20,SR Series,1,2025,7,FL,7,US,20250821,20250821,20250709,4,1,V,
313LM,0517,2130010,CIRRUS DESIGN CORP,SF50,Vision Jet,1,2024,7,UT,S,US,20260325,20260325,20240201,4,5,V,
313ME,2443,2130004,CIRRUS DESIGN CORP,SR22T,SR Series,1,2021,7,DE,1,US,20260626,20260626,20211116,4,1,V,
313MH,3619,2130001,CIRRUS DESIGN CORP,SR22,SR Series,1,2010,7,CO,S,US,20230505,20210428,20100419,4,1,V,
313ML,1613,2130004,CIRRUS DESIGN CORP,SR22T,SR Series,1,2017,7,CA,4,US,20240711,20201029,20171005,4,1,V,
313MR,11310,2130004,CIRRUS DESIGN CORP,SR22T,SR Series,1,2026,3,DE,1,US,20260409,20260409,20260331,4,1,V,
313NR,10209,2130001,CIRRUS DESIGN CORP,SR22,SR Series,1,2024,7,NH,E,US,20241023,20241023,20240920,4,1,V,
313SC,10122,2130004,CIRRUS DESIGN CORP,SR22T,SR Series,1,2024,7,IN,C,US,20241209,20241209,20240808,4,1,V,
313SF,0593,2130010,CIRRUS DESIGN CORP,SF50,Vision Jet,1,2024,7,MI,C,US,20241118,20241118,20241030,4,5,V,
313SR,1978,2130001,CIRRUS DESIGN CORP,SR22,SR Series,1,2006,7,OK,2,US,20230811,20220628,20060530,4,1,V,
313TF,1237,2130001,CIRRUS DESIGN CORP,SR22,SR Series,1,2004,7,WI,C,US,20230728,20090114,20041222,4,1,V,
313TL,9965,2130004,CIRRUS DESIGN CORP,SR22T,SR Series,1,2024,7,VA,1,US,20240610,20240610,20240522,4,1,V,
313VB,4361,2130001,CIRRUS DESIGN CORP,SR22,SR Series,1,2016,7,MI,C,US,20240610,20160816,20160615,4,1,V,
313VF,10405,2130004,CIRRUS DESIGN CORP,SR22T,SR Series,1,2025,7,,,,20260604,20260423,20250114,4,1,V,
313VJ,2734,2130000,CIRRUS DESIGN CORP,SR20,SR Series,1,2021,8,TN,3,US,20240814,20240814,20210730,4,1,V,
31416,4665,2130001,CIRRUS DESIGN CORP,SR22,SR Series,1,2018,7,NY,1,US,20230610,20180912,20180723,4,1,V,
314A,2061,2130001,CIRRUS DESIGN CORP,SR22,SR Series,1,2006,7,MT,S,US,20231204,20231204,20060728,4,1,V,
314CP,3234,2130001,CIRRUS DESIGN CORP,SR22,SR Series,1,2008,7,NV,4,US,20230523,20230115,20080902,4,1,V,
314DS,1705,2130001,CIRRUS DESIGN CORP,SR22,SR Series,1,2005,7,AZ,4,US,20230718,20051222,20051130,4,1,V,
314ED,0446,2130010,CIRRUS DESIGN CORP,SF50,Vision Jet,1,2023,7,CA,4,US,20240118,20230601,20230330,4,5,V,
314KD,10165,2130001,CIRRUS DESIGN CORP,SR22,SR Series,1,2024,7,PA,1,US,20241002,20241002,20240826,4,1,V,
314KF,2456,2130004,CIRRUS DESIGN CORP,SR22T,SR Series,1,2021,3,UT,S,US,20250217,20250217,20211130,4,1,V,
314PK,1779,2130001,CIRRUS DESIGN CORP,SR22,SR Series,1,2006,3,IL,C,US,20241210,20241210,20060127,4,1,V,
314RD,1648,2130000,CIRRUS DESIGN CORP,SR20,SR Series,1,2006,1,NE,3,US,20230421,20180205,20060417,4,1,V,
314SB,0501,2130010,CIRRUS DESIGN CORP,SF50,Vision Jet,1,2023,7,FL,7,US,20260804,20260804,20231221,4,5,V,
314YF,2302,2130000,CIRRUS DESIGN CORP,SR20,SR Series,1,2015,7,TN,3,US,20240226,20240226,20151203,4,1,V,
315AH,4789,2130001,CIRRUS DESIGN CORP,SR22,SR Series,1,2019,7,FL,7,US,20230818,20190717,20190515,4,1,V,
315AM,0661,2130010,CIRRUS DESIGN CORP,SF50,Vision Jet,1,2025,3,CO,S,US,20250723,20250723,20250611,4,5,V,
315AR,1860,2130000,CIRRUS DESIGN CORP,SR20,SR Series,1,2007,1,FL,7,US,20240509,20240509,20070925,4,1,V,
315CA,11466,2130004,CIRRUS DESIGN CORP,SR22T,SR Series,1,,3,DE,1,US,20260702,20260702,,4,1,V,
315CD,0947,2130001,CIRRUS DESIGN CORP,SR22,SR Series,1,2004,1,OK,2,US,20230906,20230905,20040525,4,1,V,
315CE,0111,2130004,CIRRUS DESIGN CORP,SR22T,SR Series,1,2011,1,NY,1,US,20240903,20240903,20110318,4,1,V,
315CK,3413,2130001,CIRRUS DESIGN CORP,SR22,SR Series,1,2009,3,CA,4,US,20230304,20140721,20090318,4,1,V,
315DB,1596,2130001,CIRRUS DESIGN CORP,SR22,SR Series,1,2005,1,MI,C,US,20260523,20260523,20050907,4,1,V,
315DW,11358,2130000,CIRRUS DESIGN CORP,SR20,SR Series,1,2026,7,CO,S,US,20260725,20260725,20260425,4,1,V,
315GT,0922,2130004,CIRRUS DESIGN CORP,SR22T,SR Series,1,2014,7,IL,C,US,20230310,20170817,20141203,4,1,V,
315HP,1014,2130004,CIRRUS DESIGN CORP,SR22T,SR Series,1,,7,CA,4,US,20230304,20170726,,4,1,V,
315JR,1604,2130001,CIRRUS DESIGN CORP,SR22,SR Series,1,2005,4,FL,7,US,20230304,20070626,20050922,4,1,V,
315JS,4200,2130001,CIRRUS DESIGN CORP,SR22,SR Series,1,2015,7,SC,7,US,20240903,20240903,20150527,4,1,V,
315MC,1651,2130004,CIRRUS DESIGN CORP,SR22T,SR Series,1,2017,1,ID,S,US,20240403,20240403,20171108,4,1,V,
315NL,4586,2130001,CIRRUS DESIGN CORP,SR22,SR Series,1,2017,7,OH,C,US,20230825,20230825,20171219,4,1,V,
315PZ,10340,2130004,CIRRUS DESIGN CORP,SR22T,SR Series,1,2024,1,CA,4,US,20241221,20241221,20241124,4,1,V,
315RH,1361,2130000,CIRRUS DESIGN CORP,SR20,SR Series,1,2003,1,CO,S,US,20230122,20200506,20031016,4,1,V,
315RT,4387,2130001,CIRRUS DESIGN CORP,SR22,SR Series,1,2016,7,AL,7,US,20230428,20210318,20160823,4,1,V,
315SR,2315,2130001,CIRRUS DESIGN CORP,SR22,SR Series,1,2007,2,TN,3,US,20241003,20241003,20070109,4,1,V,
315TA,1726,2130004,CIRRUS DESIGN CORP,SR22T,SR Series,1,2018,7,CO,S,US,20250123,20250123,20180522,4,1,V,
315VG,9530,2130004,CIRRUS DESIGN CORP,SR22T,SR Series,1,2023,7,WY,S,US,20250723,20250723,20231103,4,1,V,
315X,10900,2130004,CIRRUS DESIGN CORP,SR22T,SR Series,1,2025,1,,,,20251016,20251016,20250827,4,1,V,
316AB,2079,2130001,CIRRUS DESIGN CORP,SR22,SR Series,1,2006,4,SD,C,US,20260806,20260806,20060815,4,1,V,
316BC,10358,2130001,CIRRUS DESIGN CORP,SR22,SR Series,1,2024,7,VA,1,US,20250127,20250127,20241212,4,1,V,
316BW,11104,2130004,CIRRUS DESIGN CORP,SR22T,SR Series,1,2025,7,AZ,4,US,20260401,20260401,20251207,4,1,V,
316CD,0876,2130001,CIRRUS DESIGN CORP,SR22,SR Series,1,,3,VA,1,US,20260427,20260427,20040408,4,1,V,
316GE,0066,2130010,CIRRUS DESIGN CORP,SF50,Vision Jet,1,2018,7,DE,1,US,20230701,20211201,20180726,4,5,V,
316HJ,2358,2130004,CIRRUS DESIGN CORP,SR22T,SR Series,1,2021,7,NC,1,US,20230616,20211014,20210708,4,1,V,
316JJ,0759,2130010,CIRRUS DESIGN CORP,SF50,Vision Jet,1,2026,4,MT,S,US,20260526,20260526,20260410,4,5,V,Y
316JS,4814,2130001,CIRRUS DESIGN CORP,SR22,SR Series,1,2019,1,SC,7,US,20250416,,20190812,4,1,20,
316KD,10513,2130004,CIRRUS DESIGN CORP,SR22T,SR Series,1,2025,7,MO,3,US,20250604,20250604,20250305,4,1,V,
316LR,0841,2130001,CIRRUS DESIGN CORP,SR22,SR Series,1,2004,1,WI,C,US,20241216,20241216,20040319,4,1,V,
316ME,2204,2130004,CIRRUS DESIGN CORP,SR22T,SR Series,1,2020,7,CA,4,US,20230414,20210127,20201105,4,1,V,
316PH,0891,2130001,CIRRUS DESIGN CORP,SR22,SR Series,1,2004,7,WA,S,US,20251112,20251112,20040416,4,1,V,
316PR,0852,2130004,CIRRUS DESIGN CORP,SR22T,SR Series,1,2014,7,DE,1,US,20230317,20140902,20140815,4,1,V,
316RJ,10647,2130001,CIRRUS DESIGN CORP,SR22,SR Series,1,2025,3,DE,1,US,20250610,20250610,20250507,4,1,V,
316SS,11091,2130001,CIRRUS DESIGN CORP,SR22,SR Series,1,2025,4,IN,C,US,20260204,20260204,20251209,4,1,V,
316TM,0117,2130004,CIRRUS DESIGN CORP,SR22T,SR Series,1,2011,7,VA,1,US,20231020,20110421,20110325,4,1,V,
316TS,1906,2130004,CIRRUS DESIGN CORP,SR22T,SR Series,1,2019,3,CA,4,US,20230804,20190509,20190417,4,1,V,
316WT,2303,2130004,CIRRUS DESIGN CORP,SR22T,SR Series,1,2021,1,OK,2,US,20250915,20250915,20210416,4,1,V,
317A,2105,2130001,CIRRUS DESIGN CORP,SR22,SR Series,1,2006,1,TN,3,US,20230421,20210210,20060824,4,1,V,
317BP,2268,2130004,CIRRUS DESIGN CORP,SR22T,SR Series,1,2021,7,GA,7,US,20230125,20230125,20210223,4,1,V,
317CD,0905,2130001,CIRRUS DESIGN CORP,SR22,SR Series,1,2004,7,VA,1,US,20230616,20181002,20040422,4,1,V,
317DE,0057,2130001,CIRRUS DESIGN CORP,SR22,SR Series,1,,3,TX,2,US,20250711,20250711,,4,1,V,
317ER,2144,2130004,CIRRUS DESIGN CORP,SR22T,SR Series,1,2020,7,LA,2,US,20240201,20221020,20200729,4,1,V,
317GB,0062,2130010,CIRRUS DESIGN CORP,SF50,Vision Jet,1,2018,7,OH,C,US,20250528,20220408,20180710,4,5,V,
317JT,8922,2130004,CIRRUS DESIGN CORP,SR22T,SR Series,1,2022,4,PA,1,US,20230512,20230512,20221127,4,1,V,
317KJ,1881,2130004,CIRRUS DESIGN CORP,SR22T,SR Series,1,2019,7,IN,C,US,20230728,20190411,20190228,4,1,V,
317KM,2942,2130001,CIRRUS DESIGN CORP,SR22,SR Series,1,2008,7,OH,C,US,20230407,20171218,20080206,4,1,V,
317LM,2317,2130001,CIRRUS DESIGN CORP,SR22,SR Series,1,2007,7,MT,S,US,20230825,20220810,20070109,4,1,V,
317MD,1509,2130004,CIRRUS DESIGN CORP,SR22T,SR Series,1,2017,1,SC,7,US,20230403,20230303,20170316,4,1,V,
317P,1297,2130000,CIRRUS DESIGN CORP,SR20,SR Series,1,,3,TX,2,US,20230728,20190416,20030222,4,1,V,
317R,0495,2130001,CIRRUS DESIGN CORP,SR22,SR Series,1,2003,1,TN,3,US,20250307,20250306,20030323,4,1,V,
317SP,11635,2130000,CIRRUS DESIGN CORP,SR20,SR Series,1,,8,MN,C,US,20260627,,,4,1,M,
317SR,2409,2130004,CIRRUS DESIGN CORP,SR22T,SR Series,1,2021,7,FL,7,US,20250729,20250729,20211006,4,1,V,
317VS,11291,2130004,CIRRUS DESIGN CORP,SR22T,SR Series,1,2026,7,FL,7,US,20260804,20260804,20260325,4,1,V,
317XX,11659,2130000,CIRRUS DESIGN CORP,SR20,SR Series,1,,8,MN,C,US,20260716,,,4,1,M,
3183P,9631,2130004,CIRRUS DESIGN CORP,SR22T,SR Series,1,2023,7,FL,7,US,20240124,20240124,20231221,4,1,V,
318AT,1783,2130004,CIRRUS DESIGN CORP,SR22T,SR Series,1,2018,7,IL,C,US,20240701,20240701,20180905,4,1,V,
318BH,10602,2130004,CIRRUS DESIGN CORP,SR22T,SR Series,1,2025,7,DE,1,US,20251101,20250509,20250407,4,1,V,
318BX,3833,2130001,CIRRUS DESIGN CORP,SR22,SR Series,1,2012,7,MA,E,US,20260127,20241216,20120203,4,1,V,
318CP,3239,2130001,CIRRUS DESIGN CORP,SR22,SR Series,1,2008,7,WY,S,US,20260520,20230801,20080903,4,1,V,
318DA,1669,2130004,CIRRUS DESIGN CORP,SR22T,SR Series,1,2018,7,FL,7,US,20230303,20230303,20180116,4,1,V,
318DE,2237,2130000,CIRRUS DESIGN CORP,SR20,SR Series,1,2013,7,TX,2,US,20250328,20250328,20131029,4,1,V,
318EF,9267,2130001,CIRRUS DESIGN CORP,SR22,SR Series,1,2023,7,TN,3,US,20250507,20250507,20230519,4,1,V,
318EM,1960,2130004,CIRRUS DESIGN CORP,SR22T,SR Series,1,2019,7,CO,S,US,20230930,20200127,20190731,4,1,V,
318FD,5101,2130001,CIRRUS DESIGN CORP,SR22,SR Series,1,2021,7,DE,1,US,20230825,20220817,20211105,4,1,V,
318MR,2026,2130001,CIRRUS DESIGN CORP,SR22,SR Series,1,2006,7,MT,S,US,20240611,20230302,20060627,4,1,V,
318MX,3752,2130001,CIRRUS DESIGN CORP,SR22,SR Series,1,2011,7,WY,S,US,20260728,20260728,20110322,4,1,V,
318SE,2000,2130004,CIRRUS DESIGN CORP,SR22T,SR Series,1,2019,7,PA,1,US,20260320,20260320,20191008,4,1,V,
318SV,2397,2130001,CIRRUS DESIGN CORP,SR22,SR Series,1,2007,7,CO,S,US,20230428,20210323,20070307,4,1,V,
318SY,2456,2130000,CIRRUS DESIGN CORP,SR20,SR Series,1,2018,3,MN,C,US,20230317,20200923,20180807,4,1,V,
318WB,9378,2130001,CIRRUS DESIGN CORP,SR22,SR Series,1,2023,7,VA,1,US,20231112,20231112,20230810,4,1,V,
318WT,0474,2130001,CIRRUS DESIGN CORP,SR22,SR Series,1,2003,1,IN,C,US,20230519,20210611,20030311,4,1,V,
319CP,3269,2130001,CIRRUS DESIGN CORP,SR22,SR Series,1,2008,1,IL,C,US,20241113,20241113,20080919,4,1,V,
319G,0319,2130001,CIRRUS DESIGN CORP,SR22,SR Series,1,2002,7,CO,S,US,20230310,20170810,20020825,4,1,V,
319GT,1948,2130004,CIRRUS DESIGN CORP,SR22T,SR Series,1,2019,7,AL,7,US,20230915,20221109,20190715,4,1,V,
319MP,0287,2130001,CIRRUS DESIGN CORP,SR22,SR Series,1,2002,3,VA,1,US,20240819,20240730,20020731,4,1,V,
319PW,0789,2130004,CIRRUS DESIGN CORP,SR22T,SR Series,1,2014,7,IN,C,US,20240917,20240917,20140529,4,1,V,
319SK,2772,2130000,CIRRUS DESIGN CORP,SR20,SR Series,1,2021,7,AL,7,US,20230718,20220225,20211020,4,1,V,
319SR,1702,2130000,CIRRUS DESIGN CORP,SR20,SR Series,1,2006,3,NM,2,US,20230702,20230702,20060720,4,1,V,
319TM,9993,2130001,CIRRUS DESIGN CORP,SR22,SR Series,1,2024,7,NJ,1,US,20240712,20240712,20240625,4,1,V,
319WS,3677,2130001,CIRRUS DESIGN CORP,SR22,SR Series,1,2010,3,DE,1,US,20230930,20140124,20100907,4,1,V,
31CK,2604,2130000,CIRRUS DESIGN CORP,SR20,SR Series,1,2020,7,TN,3,US,20241216,20241216,20200715,4,1,V,
31CP,2753,2130000,CIRRUS DESIGN CORP,SR20,SR Series,1,2021,7,NY,1,US,20240312,20221015,20210907,4,1,V,
31DK,8769,2130000,CIRRUS DESIGN CORP,SR20,SR Series,1,2022,7,NC,1,US,20241218,20241218,20220812,4,1,V,
31DW,9525,2130004,CIRRUS DESIGN CORP,SR22T,SR Series,1,2023,1,FL,7,US,20231227,20231227,20231031,4,1,V,
31GE,11047,2130004,CIRRUS DESIGN CORP,SR22T,SR Series,1,2025,7,CO,S,US,20260109,20260109,20251116,4,1,V,
31GU,2274,2130001,CIRRUS DESIGN CORP,SR22,SR Series,1,2006,7,MN,C,US,20230613,20230613,20201216,4,1,V,
31JG,10751,2130004,CIRRUS DESIGN CORP,SR22T,SR Series,1,2025,3,DE,1,US,20250807,20250807,20250710,4,1,V,
31LG,0990,2130004,CIRRUS DESIGN CORP,SR22T,SR Series,1,2015,3,TN,3,US,20240424,20240403,20150225,4,1,V,
31MB,2470,2130000,CIRRUS DESIGN CORP,SR20,SR Series,1,2019,4,FL,7,US,20230811,20230811,20220803,4,1,V,
31MF,0424,2130010,CIRRUS DESIGN CORP,SF50,Vision Jet,1,2023,7,WY,S,US,20260520,20230215,20230131,4,5,V,
31MK,9626,2130004,CIRRUS DESIGN CORP,SR22T,SR Series,1,2023,7,CO,S,US,20240123,20240123,20231217,4,1,V,
31MV,8588,2130001,CIRRUS DESIGN CORP,SR22,SR Series,1,2022,7,FL,7,US,20230909,20221017,20220327,4,1,V,
31SF,0177,2130010,CIRRUS DESIGN CORP,SF50,Vision Jet,1,2020,7,NH,E,US,20260609,20260609,20200212,4,5,V,
31SW,4825,2130001,CIRRUS DESIGN CORP,SR22,SR Series,1,2019,7,VA,1,US,20240611,20240416,20190926,4,1,V,
31SX,0861,2130004,CIRRUS DESIGN CORP,SR22T,SR Series,1,2014,7,CO,S,US,20230707,20220126,20140828,4,1,V,
31VJ,0367,2130010,CIRRUS DESIGN CORP,SF50,Vision Jet,1,2022,7,SC,7,US,20240711,20240711,20220711,4,5,V,
31WL,0679,2130001,CIRRUS DESIGN CORP,SR22,SR Series,1,2003,3,OK,2,US,20230317,20110901,20030913,4,1,V,
31WZ,11330,2130004,CIRRUS DESIGN CORP,SR22T,SR Series,1,2026,7,SC,7,US,20260628,20260628,20260331,4,1,V,
320CA,0822,2130004,CIRRUS DESIGN CORP,SR22T,SR Series,1,2014,3,TN,3,US,20230728,20190425,20140715,4,1,V,
320CD,1248,2130001,CIRRUS DESIGN CORP,SR22,SR Series,1,2004,3,OH,C,US,20230505,20180424,20041230,4,1,V,
320DF,11068,2130001,CIRRUS DESIGN CORP,SR22,SR Series,1,2025,7,MT,S,US,20260115,20260115,20251118,4,1,V,
320DG,9402,2130001,CIRRUS DESIGN CORP,SR22,SR Series,1,2023,7,TX,2,US,20250625,20250625,20230819,4,1,V,
320EB,10744,2130004,CIRRUS DESIGN CORP,SR22T,SR Series,1,2025,3,WA,S,US,20260105,20260105,20250625,4,1,V,
320ET,0792,2130004,CIRRUS DESIGN CORP,SR22T,SR Series,1,2014,7,OR,S,US,20230329,20230329,20140530,4,1,V,
320PG,1878,2130000,CIRRUS DESIGN CORP,SR20,SR Series,1,2007,7,CO,S,US,20230909,20161007,20071127,4,1,V,
320RL,1854,2130001,CIRRUS DESIGN CORP,SR22,SR Series,1,2006,7,TN,3,US,20230505,20210422,20060308,4,1,V,
320RR,0358,2130001,CIRRUS DESIGN CORP,SR22,SR Series,1,2002,7,VA,1,US,20260208,20260208,20021018,4,1,V,
320SR,2573,2130000,CIRRUS DESIGN CORP,SR20,SR Series,1,2020,7,CA,4,US,20230722,20220321,20200604,4,1,V,
320SU,2522,2130000,CIRRUS DESIGN CORP,SR20,SR Series,1,2019,5,OK,2,US,20260621,20200408,20191107,4,1,V,
320TS,0771,2130001,CIRRUS DESIGN CORP,SR22,SR Series,1,2003,1,CA,4,US,20250423,20250423,20070831,4,1,V,
321AZ,0508,2130001,CIRRUS DESIGN CORP,SR22,SR Series,1,2003,7,IA,3,US,20230401,20141114,20030411,4,1,V,
321BG,1311,2130001,CIRRUS DESIGN CORP,SR22,SR Series,1,2005,7,SC,7,US,20230428,20210302,20050215,4,1,V,
321BR,1489,2130001,CIRRUS DESIGN CORP,SR22,SR Series,1,2005,7,TX,2,US,20230818,20160706,,4,1,V,
321CF,0304,2130001,CIRRUS DESIGN CORP,SR22,SR Series,1,2002,7,KY,3,US,20250204,20250204,20020819,4,1,V,
321CV,0682,2130010,CIRRUS DESIGN CORP,SF50,Vision Jet,1,2025,7,FL,7,US,20250929,20250929,20250815,4,5,V,
321DT,2582,2130000,CIRRUS DESIGN CORP,SR20,SR Series,1,2020,7,UT,S,US,20230310,20200831,20200617,4,1,V,
321EK,10172,2130004,CIRRUS DESIGN CORP,SR22T,SR Series,1,2024,7,FL,7,US,20241207,20241207,20240822,4,1,V,
321ET,10940,2130001,CIRRUS DESIGN CORP,SR22,SR Series,1,2025,7,FL,7,US,20251107,20251107,20250924,4,1,V,
321FL,3392,2130001,CIRRUS DESIGN CORP,SR22,SR Series,1,2009,7,MN,C,US,20240225,20240225,20090813,4,1,V,
321GK,4290,2130001,CIRRUS DESIGN CORP,SR22,SR Series,1,2015,7,FL,7,US,20230930,20200131,20151221,4,1,V,
321GS,1675,2130004,CIRRUS DESIGN CORP,SR22T,SR Series,1,2018,7,PA,1,US,20230415,20230415,20180124,4,1,V,
321HB,4257,2130001,CIRRUS DESIGN CORP,SR22,SR Series,1,2015,3,CA,4,US,20230712,20230614,20151012,4,1,V,
321HT,4246,2130001,CIRRUS DESIGN CORP,SR22,SR Series,1,2015,7,LA,2,US,20230803,20230803,20150908,4,1,V,
321JA,10674,2130004,CIRRUS DESIGN CORP,SR22T,SR Series,1,2025,7,FL,7,US,20250623,20250623,20250523,4,1,V,
321JJ,1113,2130001,CIRRUS DESIGN CORP,SR22,SR Series,1,2004,7,OH,C,US,20241126,20230524,20041008,4,1,V,
321JM,1902,2130004,CIRRUS DESIGN CORP,SR22T,SR Series,1,2019,3,NJ,1,US,20241123,20241123,20190422,4,1,V,
321JW,11341,2130004,CIRRUS DESIGN CORP,SR22T,SR Series,1,2026,7,NV,4,US,20260715,20260715,20260423,4,1,V,
321JZ,11432,2130004,CIRRUS DESIGN CORP,SR22T,SR Series,1,2026,8,MN,C,US,20260205,,20260529,4,1,M,
321KP,0768,2130010,CIRRUS DESIGN CORP,SF50,Vision Jet,1,2026,8,MN,C,US,20260205,,20260508,4,5,M,
321LL,8704,2130004,CIRRUS DESIGN CORP,SR22T,SR Series,1,2022,7,CA,4,US,20230930,20230114,20220713,4,1,V,
321LT,2009,2130004,CIRRUS DESIGN CORP,SR22T,SR Series,1,2019,7,TX,2,US,20260312,20260312,20191021,4,1,V,
321MT,1696,2130001,CIRRUS DESIGN CORP,SR22,SR Series,1,2005,7,NH,E,US,20251014,20251014,20051123,4,1,V,
321NE,2675,2130000,CIRRUS DESIGN CORP,SR20,SR Series,1,2021,3,ME,E,US,20250519,20250519,20210302,4,1,V,
321PG,0037,2130004,CIRRUS DESIGN CORP,SR22T,SR Series,1,2010,3,DE,1,US,20240318,20240318,20101013,4,1,V,
321PM,3827,2130001,CIRRUS DESIGN CORP,SR22,SR Series,1,2011,7,TX,2,US,20230324,20201005,20111229,4,1,V,
321RG,8820,2130000,CIRRUS DESIGN CORP,SR20,SR Series,1,2022,7,PA,1,US,20250204,20250204,20220913,4,1,V,
321SE,2089,2130001,CIRRUS DESIGN CORP,SR22,SR Series,1,2006,7,SC,7,US,20230421,20210605,20060817,4,1,V,
321SL,2325,2130000,CIRRUS DESIGN CORP,SR20,SR Series,1,2016,1,WI,C,US,20250523,20250523,20160817,4,1,V,
321TS,0481,2130004,CIRRUS DESIGN CORP,SR22T,SR Series,1,2013,1,AL,7,US,20250312,20250312,20130325,4,1,V,
321TT,2228,2130004,CIRRUS DESIGN CORP,SR22T,SR Series,1,2020,7,TX,2,US,20251030,20251030,20201217,4,1,V,
321W,1727,2130000,CIRRUS DESIGN CORP,SR20,SR Series,1,2006,7,UT,S,US,20230526,20210714,20060919,4,1,V,
321WD,2353,2130004,CIRRUS DESIGN CORP,SR22T,SR Series,1,2021,7,TX,2,US,20240515,20210915,20210618,4,1,V,
321WG,11706,2130001,CIRRUS DESIGN CORP,SR22,SR Series,1,,8,MN,C,US,20260706,,,4,1,M,
321WR,0269,2130001,CIRRUS DESIGN CORP,SR22,SR Series,1,2002,1,NJ,1,US,20230421,20180213,20020718,4,1,V,
322AJ,2386,2130004,CIRRUS DESIGN CORP,SR22T,SR Series,1,2021,7,TX,2,US,20251120,20251120,20210902,4,1,V,
322AM,4199,2130001,CIRRUS DESIGN CORP,SR22,SR Series,1,2015,7,MN,C,US,20250205,20250204,20150430,4,1,V,
322BG,0756,2130004,CIRRUS DESIGN CORP,SR22T,SR Series,1,2014,7,PA,1,US,20250313,20140505,20140403,4,1,V,
322CD,1272,2130001,CIRRUS DESIGN CORP,SR22,SR Series,1,2005,3,AR,2,US,20230505,20210408,20050121,4,1,V,
322CW,1098,2130001,CIRRUS DESIGN CORP,SR22,SR Series,1,2004,1,FL,7,US,20260626,20220428,20221118,4,1,V,
322ED,8530,2130004,CIRRUS DESIGN CORP,SR22T,SR Series,1,2022,1,MT,S,US,20240611,20240611,20220218,4,1,V,
322HB,10686,2130004,CIRRUS DESIGN CORP,SR22T,SR Series,1,2025,7,TX,2,US,20250806,20250806,20250518,4,1,V,
322JR,0374,2130004,CIRRUS DESIGN CORP,SR22T,SR Series,1,,3,DE,1,US,20230616,20211019,,4,1,V,
322KA,1185,2130004,CIRRUS DESIGN CORP,SR22T,SR Series,1,2015,7,TN,3,US,20250730,20250730,20151117,4,1,V,
322MC,8714,2130004,CIRRUS DESIGN CORP,SR22T,SR Series,1,2022,7,GA,7,US,20230201,20230201,20220817,4,1,V,
322MS,3583,2130001,CIRRUS DESIGN CORP,SR22,SR Series,1,2009,3,DE,1,US,20230728,20100107,20091216,4,1,V,
322MW,1969,2130000,CIRRUS DESIGN CORP,SR20,SR Series,1,2008,7,MT,S,US,20260407,20260407,20260414,4,1,V,
322NE,8840,2130000,CIRRUS DESIGN CORP,SR20,SR Series,1,2022,4,ME,E,US,20240427,20240427,20220919,4,1,V,
322PB,0065,2130004,CIRRUS DESIGN CORP,SR22T,SR Series,1,2010,3,VA,1,US,20230902,20220923,20101230,4,1,V,
322PT,2930,2130001,CIRRUS DESIGN CORP,SR22,SR Series,1,2008,7,CO,S,US,20230403,20220521,20080131,4,1,V,
322TW,0312,2130001,CIRRUS DESIGN CORP,SR22,SR Series,1,2002,1,NC,1,US,20251025,,20020822,4,1,R,
322WA,0811,2130001,CIRRUS DESIGN CORP,SR22,SR Series,1,2004,7,CT,E,US,20230122,20170504,20040128,4,1,V,
323BM,0069,2130004,CIRRUS DESIGN CORP,SR22T,SR Series,1,2010,7,WA,S,US,20230614,20230614,20101228,4,1,V,
323CD,1020,2130001,CIRRUS DESIGN CORP,SR22,SR Series,1,2004,7,FL,7,US,20240917,20240917,20040727,4,1,V,
323FT,1432,2130000,CIRRUS DESIGN CORP,SR20,SR Series,1,2004,1,MN,C,US,20231113,20231113,20040720,4,1,V,
323HW,2727,2130000,CIRRUS DESIGN CORP,SR20,SR Series,1,2021,3,FL,7,US,20260407,20260407,20210624,4,1,V,
323KC,4273,2130001,CIRRUS DESIGN CORP,SR22,SR Series,1,2015,7,MO,3,US,20230701,20151221,20151119,4,1,V,
323KG,4879,2130001,CIRRUS DESIGN CORP,SR22,SR Series,1,2020,7,CA,4,US,20230317,20200908,20200121,4,1,V,
323LB,0505,2130010,CIRRUS DESIGN CORP,SF50,Vision Jet,1,2023,7,VA,1,US,20240115,20240115,20231130,4,5,V,
323MF,9426,2130004,CIRRUS DESIGN CORP,SR22T,SR Series,1,2023,7,DE,1,US,20260409,20260327,20230907,4,1,V,
323RB,3906,2130001,CIRRUS DESIGN CORP,SR22,SR Series,1,2012,7,GA,7,US,20240213,20240213,20121218,4,1,V,
323TL,4035,2130001,CIRRUS DESIGN CORP,SR22,SR Series,1,2014,7,TX,2,US,20230215,20220820,20140109,4,1,V,
323W,1509,2130001,CIRRUS DESIGN CORP,SR22,SR Series,1,2005,7,GA,7,US,20230407,20201218,20050701,4,1,V,
323WD,2085,2130001,CIRRUS DESIGN CORP,SR22,SR Series,1,2006,1,WI,C,US,20231104,20231104,20060822,4,1,V,
324AB,0999,2130004,CIRRUS DESIGN CORP,SR22T,SR Series,1,2015,1,FL,7,US,20240430,20240423,20150316,4,1,V,Y
324AJ,9963,2130004,CIRRUS DESIGN CORP,SR22T,SR Series,1,2024,7,CA,4,US,20240711,20240711,20240530,4,1,V,
324BR,4194,2130001,CIRRUS DESIGN CORP,SR22,SR Series,1,2015,7,NC,1,US,20230719,20230719,20150507,4,1,V,
324CD,11419,2130004,CIRRUS DESIGN CORP,SR22T,SR Series,1,2026,8,MN,C,US,20260331,,20260517,4,1,M,
324F,0654,2130010,CIRRUS DESIGN CORP,SF50,Vision Jet,1,2025,7,TX,2,US,20250614,20250614,20250516,4,5,V,
324GE,10956,2130004,CIRRUS DESIGN CORP,SR22T,SR Series,1,2025,7,IN,C,US,20251129,20251129,20251005,4,1,V,
324RD,5134,2130001,CIRRUS DESIGN CORP,SR22,SR Series,1,2021,7,SC,7,US,20231226,20231226,20211227,4,1,V,
324SR,2458,2130001,CIRRUS DESIGN CORP,SR22,SR Series,1,2007,7,TX,2,US,20250820,20250820,20070426,4,1,V,
324WY,1750,2130004,CIRRUS DESIGN CORP,SR22T,SR Series,1,2018,7,MT,S,US,20230603,20180814,20180619,4,1,V,
325A,2150,2130001,CIRRUS DESIGN CORP,SR22,SR Series,1,2006,7,FL,7,US,20250903,20250903,20060920,4,1,V,
325BK,2273,2130000,CIRRUS DESIGN CORP,SR20,SR Series,1,2015,3,UT,S,US,20260201,20260201,20150122,4,1,V,
325CD,1364,2130004,CIRRUS DESIGN CORP,SR22T,SR Series,1,2016,7,GA,7,US,20230512,20210519,20160609,4,1,V,
325CL,3061,2130001,CIRRUS DESIGN CORP,SR22,SR Series,1,2008,7,FL,7,US,20260615,20200106,20080613,4,1,V,
325CP,3246,2130001,CIRRUS DESIGN CORP,SR22,SR Series,1,2008,4,IL,C,US,20230722,20220302,20080909,4,1,V,
325EP,9208,2130000,CIRRUS DESIGN CORP,SR20,SR Series,1,2023,7,OK,2,US,20260217,20260217,20230422,4,1,V,
325F,9449,2130004,CIRRUS DESIGN CORP,SR22T,SR Series,1,2023,1,CO,S,US,20260131,20241105,20230921,4,1,V,
325HC,2426,2130000,CIRRUS DESIGN CORP,SR20,SR Series,1,2018,3,GA,7,US,20250108,20250108,20180322,4,1,V,
325HL,1327,2130004,CIRRUS DESIGN CORP,SR22T,SR Series,1,2016,7,CA,4,US,20230818,20160718,20160504,4,1,V,
325JB,0421,2130010,CIRRUS DESIGN CORP,SF50,Vision Jet,1,2022,7,GA,7,US,20230330,20230330,20221229,4,5,V,
325PG,2429,2130004,CIRRUS DESIGN CORP,SR22T,SR Series,1,2021,7,CA,4,US,20250309,20250309,20211029,4,1,V,
325PR,1644,2130004,CIRRUS DESIGN CORP,SR22T,SR Series,1,2017,7,MO,3,US,20250707,20250707,20171214,4,1,V,
325SH,8660,2130001,CIRRUS DESIGN CORP,SR22,SR Series,1,2022,7,MO,3,US,20230316,20230316,20220531,4,1,V,
325SL,2486,2130000,CIRRUS DESIGN CORP,SR20,SR Series,1,2019,7,IN,C,US,20250627,20250627,20190416,4,1,V,
325TB,0833,2130010,CIRRUS DESIGN CORP,SF50,Vision Jet,1,,8,MN,C,US,20260625,,,4,5,M,
325VT,8578,2130000,CIRRUS DESIGN CORP,SR20,SR Series,1,2022,7,NV,4,US,20230909,20221008,20220325,4,1,V,
325Z,1407,2130000,CIRRUS DESIGN CORP,SR20,SR Series,1,2004,1,MI,C,US,20230414,20210112,20040209,4,1,V,
326AK,3436,2130001,CIRRUS DESIGN CORP,SR22,SR Series,1,2009,7,DE,1,US,20230421,20210211,20090430,4,1,V,
326CD,3575,2130001,CIRRUS DESIGN CORP,SR22,SR Series,1,2009,3,NH,E,US,20230414,20210121,20091124,4,1,V,
326CM,1926,2130004,CIRRUS DESIGN CORP,SR22T,SR Series,1,2019,7,KS,3,US,20260721,,20190530,4,1,V,
326CP,3133,2130001,CIRRUS DESIGN CORP,SR22,SR Series,1,2008,7,TX,2,US,20230403,20131204,20080723,4,1,V,
326CS,0663,2130010,CIRRUS DESIGN CORP,SF50,Vision Jet,1,2025,7,WI,C,US,20250728,20250728,20250619,4,5,V,
326DC,3517,2130001,CIRRUS DESIGN CORP,SR22,SR Series,1,2009,3,WY,S,US,20260127,20260127,20091026,4,1,V,
326LH,1139,2130004,CIRRUS DESIGN CORP,SR22T,SR Series,1,2015,4,CO,S,US,20230421,20210225,20150909,4,1,V,
326NW,10804,2130004,CIRRUS DESIGN CORP,SR22T,SR Series,1,2025,7,GA,7,US,20250825,20250825,20250717,4,1,V,
326SB,2399,2130004,CIRRUS DESIGN CORP,SR22T,SR Series,1,2021,7,CA,4,US,20230707,20220108,20210917,4,1,V,
326SR,1934,2130001,CIRRUS DESIGN CORP,SR22,SR Series,1,2006,7,FL,7,US,20230902,20220920,20060502,4,1,V,
326TK,0716,2130001,CIRRUS DESIGN CORP,SR22,SR Series,1,2003,1,AL,7,US,20250920,20080623,20031023,4,1,V,
326VA,9536,2130000,CIRRUS DESIGN CORP,SR20,SR Series,1,2023,3,ME,E,US,20231222,20231222,20231110,4,1,V,
3272D,4636,2130001,CIRRUS DESIGN CORP,SR22,SR Series,1,2018,7,MO,3,US,20230428,20210304,20180426,4,1,V,
327AJ,2174,2130004,CIRRUS DESIGN CORP,SR22T,SR Series,1,2020,7,KY,3,US,20230407,20201219,20200922,4,1,V,
327AM,0691,2130001,CIRRUS DESIGN CORP,SR22,SR Series,1,2003,1,MO,3,US,20230302,20230302,20030926,4,1,V,
327B,1334,2130004,CIRRUS DESIGN CORP,SR22T,SR Series,1,2016,7,PA,1,US,20230825,20160803,20160510,4,1,V,
327BP,9008,2130004,CIRRUS DESIGN CORP,SR22T,SR Series,1,2022,7,WI,C,US,20230822,20230329,20221222,4,1,V,
327DT,0972,2130001,CIRRUS DESIGN CORP,SR22,SR Series,1,2004,1,AZ,4,US,20260207,20260207,20040611,4,1,V,
327EE,4170,2130001,CIRRUS DESIGN CORP,SR22,SR Series,1,2015,3,PR,7,RQ,20230922,20221205,20150210,4,1,V,
327KB,2732,2130000,CIRRUS DESIGN CORP,SR20,SR Series,1,2021,7,OK,2,US,20230616,20211021,20210721,4,1,V,
327LK,1240,2130004,CIRRUS DESIGN CORP,SR22T,SR Series,1,2016,7,NC,1,US,20240606,20240606,20160204,4,1,V,
327PK,0568,2130010,CIRRUS DESIGN CORP,SF50,Vision Jet,1,2024,7,PA,1,US,20240815,20240815,20240801,4,5,V,
327PZ,1507,2130000,CIRRUS DESIGN CORP,SR20,SR Series,1,2005,7,MI,C,US,20230304,20230304,20050411,4,1,V,
327RH,0958,2130001,CIRRUS DESIGN CORP,SR22,SR Series,1,,7,MT,S,US,20230818,20220730,20040603,4,1,V,
327SR,2122,2130001,CIRRUS DESIGN CORP,SR22,SR Series,1,2006,7,VA,1,US,20230304,20170717,20060906,4,1,V,
327TM,8809,2130000,CIRRUS DESIGN CORP,SR20,SR Series,1,2022,7,WY,S,US,20230215,20230215,20220914,4,1,V,
327WK,11475,2130004,CIRRUS DESIGN CORP,SR22T,SR Series,1,,8,MN,C,US,20260324,,,4,1,M,
328CP,3248,2130001,CIRRUS DESIGN CORP,SR22,SR Series,1,2008,7,FL,7,US,20230915,20221105,20080908,4,1,V,
328CW,11087,2130004,CIRRUS DESIGN CORP,SR22T,SR Series,1,2025,7,SC,7,US,20260126,20260126,20251205,4,1,V,
328DA,8534,2130004,CIRRUS DESIGN CORP,SR22T,SR Series,1,2022,7,PA,1,US,20230922,20221203,20220224,4,1,V,
328DJ,9585,2130004,CIRRUS DESIGN CORP,SR22T,SR Series,1,2023,3,TX,2,US,20240108,20240108,20231128,4,1,V,
328DK,1749,2130001,CIRRUS DESIGN CORP,SR22,SR Series,1,2006,7,UT,S,US,20230210,20230201,20060105,4,1,V,
328DT,2627,2130000,CIRRUS DESIGN CORP,SR20,SR Series,1,2020,7,TX,2,US,20230414,20210109,20201008,4,1,V,
328GS,0503,2130010,CIRRUS DESIGN CORP,SF50,Vision Jet,1,2023,7,TX,2,US,20231206,20231206,20231129,4,5,V,
328JW,0225,2130001,CIRRUS DESIGN CORP,SR22,SR Series,1,2002,3,PA,1,US,20230526,20031003,20020515,4,1,V,
328LJ,9197,2130004,CIRRUS DESIGN CORP,SR22T,SR Series,1,2023,3,MT,S,US,20240420,20240420,20230420,4,1,V,
328MB,0867,2130001,CIRRUS DESIGN CORP,SR22,SR Series,1,2004,7,NJ,1,US,20230915,20221101,20040406,4,1,V,
328MC,1513,2130004,CIRRUS DESIGN CORP,SR22T,SR Series,1,2017,7,ME,E,US,20231105,20231105,20170329,4,1,V,
328RH,1008,2130001,CIRRUS DESIGN CORP,SR22,SR Series,1,2004,1,FL,7,US,20230428,20210329,20040708,4,1,V,
328SR,2516,2130001,CIRRUS DESIGN CORP,SR22,SR Series,1,2007,1,VT,E,US,20230811,20130606,20070522,4,1,V,
328VJ,0607,2130010,CIRRUS DESIGN CORP,SF50,Vision Jet,1,2024,7,SC,7,US,20251229,20251229,20241209,4,5,V,
328WH,0547,2130004,CIRRUS DESIGN CORP,SR22T,SR Series,1,2013,7,AR,2,US,20250826,20201218,20130628,4,1,V,
329DA,2649,2130000,CIRRUS DESIGN CORP,SR20,SR Series,1,2020,7,DE,1,US,20240118,20240118,20201124,4,1,V,
329JT,1140,2130004,CIRRUS DESIGN CORP,SR22T,SR Series,1,2015,7,PA,1,US,20230512,20210520,20150910,4,1,V,
329MJ,0828,2130010,CIRRUS DESIGN CORP,SF50,Vision Jet,1,,8,MN,C,US,20260518,,,4,5,M,
329RE,0340,2130010,CIRRUS DESIGN CORP,SF50,Vision Jet,1,2022,4,FL,7,US,20260220,20260220,20220222,4,5,V,
329RM,3776,2130001,CIRRUS DESIGN CORP,SR22,SR Series,1,2011,7,VA,1,US,20230902,20190924,20110725,4,1,V,
329SF,3230,2130001,CIRRUS DESIGN CORP,SR22,SR Series,1,2008,7,KY,3,US,20260511,20260511,20080825,4,1,V,
329SR,2073,2130001,CIRRUS DESIGN CORP,SR22,SR Series,1,2006,1,CA,4,US,20260429,20260429,20060804,4,1,V,
329WB,1211,2130004,CIRRUS DESIGN CORP,SR22T,SR Series,1,2015,7,UT,S,US,20260228,20250114,20151215,4,1,V,
329WM,3868,2130001,CIRRUS DESIGN CORP,SR22,SR Series,1,,7,SC,7,US,20230623,20151120,,4,1,V,
329WT,8563,2130004,CIRRUS DESIGN CORP,SR22T,SR Series,1,2022,7,OR,S,US,20230909,20221021,20220302,4,1,V,
32AJ,3852,2130001,CIRRUS DESIGN CORP,SR22,SR Series,1,2012,1,NH,E,US,20260617,,20120514,4,1,R,
32AT,10408,2130004,CIRRUS DESIGN CORP,SR22T,SR Series,1,2025,7,TX,2,US,20250225,20250225,20250109,4,1,V,
32AZ,4028,2130001,CIRRUS DESIGN CORP,SR22,SR Series,1,2013,7,GA,7,US,20250320,20250320,20131223,4,1,V,
32CD,1521,2130000,CIRRUS DESIGN CORP,SR20,SR Series,1,2005,7,CA,4,US,20260122,20260122,20050516,4,1,V,
32DF,1590,2130004,CIRRUS DESIGN CORP,SR22T,SR Series,1,2017,7,WI,C,US,20230418,20230418,20170828,4,1,V,
32EF,10322,2130000,CIRRUS DESIGN CORP,SR20,SR Series,1,2024,7,NJ,1,US,20250107,20250107,20241126,4,1,V,
32EP,10801,2130001,CIRRUS DESIGN CORP,SR22,SR Series,1,2025,7,NY,1,US,20250826,20250826,20250722,4,1,V,
32ET,1090,2130004,CIRRUS DESIGN CORP,SR22T,SR Series,1,2015,7,UT,S,US,20230610,20150901,20150716,4,1,V,
32FW,2483,2130000,CIRRUS DESIGN CORP,SR20,SR Series,1,2019,7,IN,C,US,20230804,20190524,20190402,4,1,V,
32GC,0722,2130010,CIRRUS DESIGN CORP,SF50,Vision Jet,1,2025,7,DE,1,US,20260205,20260205,20251217,4,5,V,
32GK,0026,2130010,CIRRUS DESIGN CORP,SF50,Vision Jet,1,2017,7,FL,7,US,20230407,20171218,20171207,4,5,V,
32GR,0046,2130001,CIRRUS DESIGN CORP,SR22,SR Series,1,2001,1,FL,7,US,20260627,20260627,20010627,4,1,V,
32HC,2420,2130004,CIRRUS DESIGN CORP,SR22T,SR Series,1,2021,7,NC,1,US,20251009,20220813,20211015,4,1,V,
32JG,9477,2130001,CIRRUS DESIGN CORP,SR22,SR Series,1,2023,7,FL,7,US,20231115,20231115,20231014,4,1,V,
32MF,4437,2130001,CIRRUS DESIGN CORP,SR22,SR Series,1,2017,7,DE,1,US,20241018,20241018,20170123,4,1,V,
32MK,0779,2130010,CIRRUS DESIGN CORP,SF50,Vision Jet,1,2026,7,DE,1,US,20260608,20260608,20260603,4,5,V,
32NS,0260,2130010,CIRRUS DESIGN CORP,SF50,Vision Jet,1,2021,7,TN,3,US,20230929,20230102,20210421,4,5,V,
32SU,2367,2130000,CIRRUS DESIGN CORP,SR20,SR Series,1,2017,5,UT,S,US,20230310,20170829,20170809,4,1,V,
32VJ,0371,2130010,CIRRUS DESIGN CORP,SF50,Vision Jet,1,2022,7,FL,7,US,20230227,20230122,20220728,4,5,V,
32WB,3291,2130001,CIRRUS DESIGN CORP,SR22,SR Series,1,2008,7,CA,4,US,20241209,20241209,20081002,4,1,V,
32ZG,10272,2130004,CIRRUS DESIGN CORP,SR22T,SR Series,1,2024,7,UT,S,US,20250108,20241121,20241026,4,1,V,
330AT,8936,2130004,CIRRUS DESIGN CORP,SR22T,SR Series,1,2022,7,TX,2,US,20231103,20231103,20221122,4,1,V,
330CD,1319,2130001,CIRRUS DESIGN CORP,SR22,SR Series,1,2005,7,FL,7,US,20230122,20170630,20050223,4,1,V,
330D,9422,2130004,CIRRUS DESIGN CORP,SR22T,SR Series,1,,7,TX,2,US,20250325,20250325,,4,1,V,
330DP,1417,2130001,CIRRUS DESIGN CORP,SR22,SR Series,1,2005,7,MT,S,US,20240515,20240515,20050428,4,1,V,
330HC,9223,2130001,CIRRUS DESIGN CORP,SR22,SR Series,1,2023,7,PA,1,US,20250714,20230712,20230505,4,1,V,
330MJ,0390,2130010,CIRRUS DESIGN CORP,SF50,Vision Jet,1,2022,7,OH,C,US,20230909,20221005,20220929,4,5,V,
330ST,11292,2130004,CIRRUS DESIGN CORP,SR22T,SR Series,1,2026,7,OK,2,US,20260610,20260610,20260327,4,1,V,
330SU,2523,2130000,CIRRUS DESIGN CORP,SR20,SR Series,1,2019,5,OK,2,US,20230126,20200106,20191125,4,1,V,
330YB,0455,2130010,CIRRUS DESIGN CORP,SF50,Vision Jet,1,2023,7,FL,7,US,20240514,20230712,20230516,4,5,V,
3313H,2041,2130004,CIRRUS DESIGN CORP,SR22T,SR Series,1,2019,7,DE,1,US,20230929,20200115,20191211,4,1,V,
33167,2311,2130004,CIRRUS DESIGN CORP,SR22T,SR Series,1,2021,7,CA,4,US,20260715,20260511,20210426,4,1,V,
331AP,5109,2130001,CIRRUS DESIGN CORP,SR22,SR Series,1,2021,7,AR,2,US,20230728,20220402,20211124,4,1,V,
331ED,4544,2130001,CIRRUS DESIGN CORP,SR22,SR Series,1,2017,3,GA,7,US,20230707,20220110,20170829,4,1,V,
331JG,1627,2130000,CIRRUS DESIGN CORP,SR20,SR Series,1,,1,MS,2,US,20231204,20231204,20060314,4,1,V,
331KK,1486,2130004,CIRRUS DESIGN CORP,SR22T,SR Series,1,2017,7,AZ,4,US,20260618,20250529,20170125,4,1,V,
331SB,0399,2130010,CIRRUS DESIGN CORP,SF50,Vision Jet,1,2022,7,OH,C,US,20240718,20231107,20221103,4,5,V,
331SM,4630,2130001,CIRRUS DESIGN CORP,SR22,SR Series,1,2018,7,NY,1,US,20230218,20230218,20180418,4,1,V,
331ST,9770,2130004,CIRRUS DESIGN CORP,SR22T,SR Series,1,2024,3,CA,4,US,20260112,20260112,20240213,4,1,V,
331SW,11298,2130000,CIRRUS DESIGN CORP,SR20,SR Series,1,2026,7,AZ,4,US,20260620,20260620,20260325,4,1,V,
331TF,10133,2130001,CIRRUS DESIGN CORP,SR22,SR Series,1,2024,7,DE,1,US,20251231,20241016,20240814,4,1,V,
331WG,11509,2130001,CIRRUS DESIGN CORP,SR22,SR Series,1,,8,MN,C,US,20260504,,,4,1,M,
331WP,1718,2130004,CIRRUS DESIGN CORP,SR22T,SR Series,1,,7,DE,1,US,20250826,20250521,20180510,4,1,V,
331WV,1893,2130004,CIRRUS DESIGN CORP,SR22T,SR Series,1,2019,1,TX,2,US,20240729,20240729,20190401,4,1,V,
331ZM,0491,2130010,CIRRUS DESIGN CORP,SF50,Vision Jet,1,2023,7,MT,S,US,20250430,20231116,20231010,4,5,V,
332AD,10710,2130000,CIRRUS DESIGN CORP,SR20,SR Series,1,2025,7,VA,1,US,20250711,20250711,20250525,4,1,V,
332CD,0873,2130001,CIRRUS DESIGN CORP,SR22,SR Series,1,2004,7,AR,2,US,20260401,20260401,20040415,4,1,V,
332DA,3453,2130001,CIRRUS DESIGN CORP,SR22,SR Series,1,,7,ID,S,US,20231002,20190619,20090825,4,1,V,
332GT,3332,2130001,CIRRUS DESIGN CORP,SR22,SR Series,1,2008,7,DE,1,US,20230922,20191205,20191101,4,1,V,
332LM,1332,2130001,CIRRUS DESIGN CORP,SR22,SR Series,1,2005,1,NY,1,US,20230122,20170630,20050225,4,1,V,
332MB,10002,2130004,CIRRUS DESIGN CORP,SR22T,SR Series,1,2024,7,FL,7,US,20240705,20240705,20240619,4,1,V,
332MM,10749,2130001,CIRRUS DESIGN CORP,SR22,SR Series,1,2025,3,CA,4,US,20260306,20260306,20250624,4,1,V,
332MR,0395,2130010,CIRRUS DESIGN CORP,SF50,Vision Jet,1,2022,7,AZ,4,US,20260219,20260219,20221021,4,5,V,
332PK,11684,2130004,CIRRUS DESIGN CORP,SR22T,SR Series,1,,8,MN,C,US,20260811,,,4,1,M,
332RM,1986,2130004,CIRRUS DESIGN CORP,SR22T,SR Series,1,2019,7,MA,E,US,20230922,20191211,20190917,4,1,V,
332TT,3525,2130001,CIRRUS DESIGN CORP,SR22,SR Series,1,2009,7,WY,S,US,20241126,20241126,20090916,4,1,V,
333AN,0055,2130004,CIRRUS DESIGN CORP,SR22T,SR Series,1,2010,7,CO,S,US,20230428,20210304,20101209,4,1,V,
333AQ,10227,2130004,CIRRUS DESIGN CORP,SR22T,SR Series,1,2024,7,CA,4,US,20241218,20241218,20241003,4,1,V,
333AR,0844,2130001,CIRRUS DESIGN CORP,SR22,SR Series,1,2004,3,DE,1,US,20230718,20190227,20040401,4,1,V,
333CF,1691,2130004,CIRRUS DESIGN CORP,SR22T,SR Series,1,2017,7,IL,C,US,20230608,20230426,20171108,4,1,V,
333EA,11373,2130000,CIRRUS DESIGN CORP,SR20,SR Series,1,2026,8,MN,C,US,20260313,,20260430,4,1,M,
333GF,10124,2130000,CIRRUS DESIGN CORP,SR20,SR Series,1,2024,7,TX,2,US,20250513,20240918,20240729,4,1,V,
333GM,0355,2130010,CIRRUS DESIGN CORP,SF50,Vision Jet,1,2022,7,DE,1,US,20240509,20221129,20220513,4,5,V,
333JR,0592,2130004,CIRRUS DESIGN CORP,SR22T,SR Series,1,2013,1,SC,7,US,20230610,20210916,20130903,4,1,V,
333JT,2196,2130004,CIRRUS DESIGN CORP,SR22T,SR Series,1,2020,4,TX,2,US,20241109,20241109,20201023,4,1,V,
333KQ,9597,2130001,CIRRUS DESIGN CORP,SR22,SR Series,1,2023,7,MO,3,US,20240111,20240111,20231205,4,1,V,
333LL,4447,2130001,CIRRUS DESIGN CORP,SR22,SR Series,1,2017,3,NC,1,US,20230603,20210827,20170213,4,1,V,
333LN,2489,2130000,CIRRUS DESIGN CORP,SR20,SR Series,1,2019,7,MN,C,US,20230909,20191007,20190506,4,1,V,
333LZ,0243,2130004,CIRRUS DESIGN CORP,SR22T,SR Series,1,2011,7,TN,3,US,20230428,20180301,20111202,4,1,V,
333NY,4373,2130001,CIRRUS DESIGN CORP,SR22,SR Series,1,2016,7,NY,1,US,20230324,20171019,20160726,4,1,V,
333PX,3791,2130001,CIRRUS DESIGN CORP,SR22,SR Series,1,2011,3,NC,1,US,20230718,20220215,20110921,4,1,V,
333QK,11014,2130001,CIRRUS DESIGN CORP,SR22,SR Series,1,2025,7,SC,7,US,20260516,20260516,20251031,4,1,V,
333RD,2161,2130004,CIRRUS DESIGN CORP,SR22T,SR Series,1,2020,7,OH,C,US,20241028,20241028,20200814,4,1,V,
333RY,10809,2130004,CIRRUS DESIGN CORP,SR22T,SR Series,1,2025,7,CA,4,US,20250827,20250827,20250719,4,1,V,
333VS,9200,2130004,CIRRUS DESIGN CORP,SR22T,SR Series,1,2023,3,KY,3,US,20250325,20250325,20230417,4,1,V,
333WS,0906,2130001,CIRRUS DESIGN CORP,SR22,SR Series,1,2004,4,VA,1,US,20230925,20220323,20040427,4,1,V,
333YY,2641,2130000,CIRRUS DESIGN CORP,SR20,SR Series,1,2020,3,CA,4,US,20230421,20210204,20201023,4,1,V,
334DA,3396,2130001,CIRRUS DESIGN CORP,SR22,SR Series,1,2009,7,TX,2,US,20230512,20210512,20090820,4,1,V,
334MR,8577,2130000,CIRRUS DESIGN CORP,SR20,SR Series,1,2022,7,NY,1,US,20231017,20230814,20220321,4,1,V,
335A,2288,2130001,CIRRUS DESIGN CORP,SR22,SR Series,1,2006,1,FL,7,US,20230502,20230403,20061220,4,1,V,
335BD,2391,2130004,CIRRUS DESIGN CORP,SR22T,SR Series,1,2021,7,CA,4,US,20260109,20220108,20210910,4,1,V,
335CP,3250,2130001,CIRRUS DESIGN CORP,SR22,SR Series,1,2008,1,MA,E,US,20231007,20140221,20080909,4,1,V,
335PG,1504,2130001,CIRRUS DESIGN CORP,SR22,SR Series,1,2005,3,WY,S,US,20260127,20260127,20050629,4,1,V,
335SH,8781,2130004,CIRRUS DESIGN CORP,SR22T,SR Series,1,2022,7,TN,3,US,20250707,20250707,20220826,4,1,V,
33633,0671,2130004,CIRRUS DESIGN CORP,SR22T,SR Series,1,2013,7,WY,S,US,20260520,20240116,20131218,4,1,V,
336B,2049,2130001,CIRRUS DESIGN CORP,SR22,SR Series,1,2006,3,OH,C,US,20250303,20250303,20060723,4,1,V,
336HT,4801,2130001,CIRRUS DESIGN CORP,SR22,SR Series,1,2019,7,,,,20250819,20250819,20190702,4,1,V,
337GM,11185,2130004,CIRRUS DESIGN CORP,SR22T,SR Series,1,2026,7,LA,2,US,20260406,20260406,20260125,4,1,V,
337RB,0869,2130001,CIRRUS DESIGN CORP,SR22,SR Series,1,2004,3,OK,2,US,20230902,20160923,20040405,4,1,V,
337TM,0160,2130004,CIRRUS DESIGN CORP,SR22T,SR Series,1,2011,1,TX,2,US,20240321,20230406,20110617,4,1,V,
338CP,3253,2130001,CIRRUS DESIGN CORP,SR22,SR Series,1,2008,7,,8,DE,20230401,20201104,20080912,4,1,V,
338DK,1461,2130004,CIRRUS DESIGN CORP,SR22T,SR Series,1,2016,7,CA,4,US,20240419,20240419,20161123,4,1,V,
338PE,11237,2130000,CIRRUS DESIGN CORP,SR20,SR Series,1,2026,7,WI,C,US,20260509,20260509,20260227,4,1,V,
338TX,9383,2130001,CIRRUS DESIGN CORP,SR22,SR Series,1,2023,7,TX,2,US,20230928,20230928,20230813,4,1,V,
33958,10835,2130004,CIRRUS DESIGN CORP,SR22T,SR Series,1,2025,3,DE,1,US,20250827,20250827,20250731,4,1,V,
339AP,2168,2130004,CIRRUS DESIGN CORP,SR22T,SR Series,1,2020,7,CA,4,US,20230902,20220922,20200921,4,1,V,
339CD,1107,2130001,CIRRUS DESIGN CORP,SR22,SR Series,1,2004,4,GA,7,US,20240313,20240313,20041006,4,1,V,
339DT,4224,2130001,CIRRUS DESIGN CORP,SR22,SR Series,1,2015,7,TX,2,US,20230909,20161013,20150715,4,1,V,
339MC,2169,2130004,CIRRUS DESIGN CORP,SR22T,SR Series,1,2020,7,TX,2,US,20240821,20240821,20200915,4,1,V,
339TM,11243,2130004,CIRRUS DESIGN CORP,SR22T,SR Series,1,2026,7,MT,S,US,20260526,20260526,20260305,4,1,V,
339WM,9850,2130001,CIRRUS DESIGN CORP,SR22,SR Series,1,2024,7,FL,7,US,20240418,20240418,20240320,4,1,V,
339WS,0710,2130004,CIRRUS DESIGN CORP,SR22T,SR Series,1,2014,7,IL,C,US,20230519,20210604,20140219,4,1,V,
33AA,0372,2130010,CIRRUS DESIGN CORP,SF50,Vision Jet,1,2022,7,AZ,4,US,20240619,20240217,20220728,4,5,V,
33AH,0640,2130010,CIRRUS DESIGN CORP,SF50,Vision Jet,1,2025,7,FL,7,US,20260305,20250403,20250402,4,5,V,
33AL,0567,2130010,CIRRUS DESIGN CORP,SF50,Vision Jet,1,2024,7,FL,7,US,20250403,20241022,20240730,4,5,V,
33AY,0769,2130010,CIRRUS DESIGN CORP,SF50,Vision Jet,1,2026,8,MN,C,US,20260129,,20260511,4,5,M,
33CF,8525,2130001,CIRRUS DESIGN CORP,SR22,SR Series,1,2022,7,NC,1,US,20251218,20251218,20220217,4,1,V,
33ET,10739,2130000,CIRRUS DESIGN CORP,SR20,SR Series,1,2025,7,TX,2,US,20250808,20250808,20250627,4,1,V,
33HC,0815,2130001,CIRRUS DESIGN CORP,SR22,SR Series,1,2004,1,FL,7,US,20230804,20220510,20040123,4,1,V,
33JG,5075,2130001,CIRRUS DESIGN CORP,SR22,SR Series,1,2021,7,PA,1,US,20260504,20211215,20210818,4,1,V,
33KB,11263,2130004,CIRRUS DESIGN CORP,SR22T,SR Series,1,2026,7,FL,7,US,20260725,20260725,20260313,4,1,V,
33KX,2447,2130004,CIRRUS DESIGN CORP,SR22T,SR Series,1,2021,7,MO,3,US,20260710,20260710,20211123,4,1,V,
33MM,0387,2130010,CIRRUS DESIGN CORP,SF50,Vision Jet,1,2022,7,VA,1,US,20230922,20221223,20220923,4,5,V,
33MW,2435,2130001,CIRRUS DESIGN CORP,SR22,SR Series,1,2007,1,UT,S,US,20230324,20201001,20070329,4,1,V,
33PF,2572,2130001,CIRRUS DESIGN CORP,SR22,SR Series,1,2007,7,SC,7,US,20230122,20200501,20070622,4,1,V,
33RJ,11430,2130004,CIRRUS DESIGN CORP,SR22T,SR Series,1,2026,8,MN,C,US,20260316,,20260527,4,1,M,
33SU,2368,2130000,CIRRUS DESIGN CORP,SR20,SR Series,1,2017,5,UT,S,US,20231013,20200303,20170811,4,1,V,
33TV,2400,2130001,CIRRUS DESIGN CORP,SR22,SR Series,1,2007,7,FL,7,US,20240731,20190129,20070308,4,1,V,
33WR,0586,2130004,CIRRUS DESIGN CORP,SR22T,SR Series,1,2013,7,PA,1,US,20230122,20170120,20130823,4,1,V,
33WS,4563,2130001,CIRRUS DESIGN CORP,SR22,SR Series,1,2017,7,FL,7,US,20230510,20230510,20171122,4,1,V,
33YC,2247,2130000,CIRRUS DESIGN CORP,SR20,SR Series,1,2014,7,SC,7,US,20260207,20260207,20140328,4,1,V,
33ZG,10316,2130004,CIRRUS DESIGN CORP,SR22T,SR Series,1,2024,7,DE,1,US,20241211,20241211,20241116,4,1,V,
3403D,11723,2130000,CIRRUS DESIGN CORP,SR20,SR Series,1,,8,MN,C,US,20260813,,,4,1,M,
3404,2155,2130004,CIRRUS DESIGN CORP,SR22T,SR Series,1,2020,7,FL,7,US,20230401,20201117,20200915,4,1,V,
340CD,1354,2130001,CIRRUS DESIGN CORP,SR22,SR Series,1,,3,CA,4,US,20230317,20200924,20050318,4,1,V,
340SP,1241,2130004,CIRRUS DESIGN CORP,SR22T,SR Series,1,2016,7,TX,2,US,20250422,20250422,20160211,4,1,V,
3411B,10736,2130004,CIRRUS DESIGN CORP,SR22T,SR Series,1,2025,7,WI,C,US,20250723,20250723,20250615,4,1,V,
341EY,4571,2130001,CIRRUS DESIGN CORP,SR22,SR Series,1,2017,7,MA,E,US,20230407,20171229,20171213,4,1,V,
341MA,9943,2130000,CIRRUS DESIGN CORP,SR20,SR Series,1,2024,7,DE,1,US,20240711,20240711,20240508,4,1,V,
341TD,0570,2130010,CIRRUS DESIGN CORP,SF50,Vision Jet,1,2024,7,RI,E,US,20260312,20240909,20240819,4,5,V,
341TF,0786,2130010,CIRRUS DESIGN CORP,SF50,Vision Jet,1,,8,MN,C,US,20260313,,,4,5,M,
341TM,2364,2130004,CIRRUS DESIGN CORP,SR22T,SR Series,1,2021,7,CO,S,US,20241021,20211014,20210720,4,1,V,
3427B,10868,2130001,CIRRUS DESIGN CORP,SR22,SR Series,1,2025,4,NJ,1,US,20251019,20251019,20250823,4,1,V,
3427D,5099,2130001,CIRRUS DESIGN CORP,SR22,SR Series,1,2021,1,MA,E,US,20250923,20250923,20211027,4,1,V,
342AC,3051,2130001,CIRRUS DESIGN CORP,SR22,SR Series,1,2008,7,GA,7,US,20230930,20170110,20080611,4,1,V,
342CD,9812,2130001,CIRRUS DESIGN CORP,SR22,SR Series,1,2024,7,GA,7,US,20240409,20240409,20240312,4,1,V,
342CZ,11342,2130000,CIRRUS DESIGN CORP,SR20,SR Series,1,2026,8,MN,C,US,20260217,,20260422,4,1,M,
342ED,0485,2130004,CIRRUS DESIGN CORP,SR22T,SR Series,1,2013,7,AR,2,US,20260511,20250519,20130404,4,1,V,
342GF,4342,2130001,CIRRUS DESIGN CORP,SR22,SR Series,1,2016,7,FL,7,US,20260227,20170120,20160505,4,1,V,
342SR,2342,2130001,CIRRUS DESIGN CORP,SR22,SR Series,1,2007,7,WI,C,US,20231007,20070416,20070131,4,1,V,
342TT,1236,2130001,CIRRUS DESIGN CORP,SR22,SR Series,1,2004,1,CA,4,US,20260607,20260607,20041222,4,1,V,
3434T,0479,2130004,CIRRUS DESIGN CORP,SR22T,SR Series,1,2013,7,CO,S,US,20251212,20251212,20130320,4,1,V,
343AK,0229,2130010,CIRRUS DESIGN CORP,SF50,Vision Jet,1,2020,7,IA,3,US,20250519,20250519,20201202,4,5,V,
343AZ,10578,2130000,CIRRUS DESIGN CORP,SR20,SR Series,1,2025,7,AZ,4,US,20250522,20250521,20250326,4,1,V,
343BF,9380,2130004,CIRRUS DESIGN CORP,SR22T,SR Series,1,2023,7,VA,1,US,20250824,20250324,20230813,4,1,V,
343BM,11220,2130004,CIRRUS DESIGN CORP,SR22T,SR Series,1,2026,7,WA,S,US,20260505,20260505,20260221,4,1,V,
343BP,2340,2130001,CIRRUS DESIGN CORP,SR22,SR Series,1,2007,1,TX,2,US,20230728,20190415,20070126,4,1,V,
343CB,9851,2130004,CIRRUS DESIGN CORP,SR22T,SR Series,1,2024,7,OH,C,US,20241217,20241217,20240322,4,1,V,
343CD,1343,2130001,CIRRUS DESIGN CORP,SR22,SR Series,1,2005,7,DE,1,US,20240321,20100414,20050304,4,1,V,
343RJ,8643,2130000,CIRRUS DESIGN CORP,SR20,SR Series,1,2022,7,LA,2,US,20230915,20230322,20220520,4,1,V,
343ST,4264,2130001,CIRRUS DESIGN CORP,SR22,SR Series,1,2015,7,FL,7,US,20241001,20241001,20151103,4,1,V,
343TX,0112,2130004,CIRRUS DESIGN CORP,SR22T,SR Series,1,2011,7,MT,S,US,20240520,20240520,20110323,4,1,V,
3442T,3710,2130001,CIRRUS DESIGN CORP,SR22,SR Series,1,2010,7,AR,2,US,20230804,20220528,20101214,4,1,V,
344A,2888,2130001,CIRRUS DESIGN CORP,SR22,SR Series,1,2007,7,TX,2,US,20230317,20200903,20071220,4,1,V,
344CD,0156,2130001,CIRRUS DESIGN CORP,SR22,SR Series,1,2002,3,OK,2,US,20230122,20140606,20020214,4,1,V,
344DD,2504,2130000,CIRRUS DESIGN CORP,SR20,SR Series,1,2019,7,SC,7,US,20260429,20260429,20190627,4,1,V,
344DG,2362,2130000,CIRRUS DESIGN CORP,SR20,SR Series,1,2017,7,WA,S,US,20230804,20220526,20170712,4,1,V,
344GJ,2394,2130004,CIRRUS DESIGN CORP,SR22T,SR Series,1,2021,1,MO,3,US,20240926,20240926,20210916,4,1,V,
344MD,1781,2130004,CIRRUS DESIGN CORP,SR22T,SR Series,1,2018,7,FL,7,US,20240117,20240116,20180906,4,1,V,
344PG,2441,2130004,CIRRUS DESIGN CORP,SR22T,SR Series,1,2021,3,CA,4,US,20230728,20220405,20211110,4,1,V,
344PV,0036,2130010,CIRRUS DESIGN CORP,SF50,Vision Jet,1,2018,7,FL,7,US,20250424,20250424,20180306,4,5,V,
344SK,2657,2130001,CIRRUS DESIGN CORP,SR22,SR Series,1,2007,7,MI,C,US,20230930,20170130,20070822,4,1,V,
344X,0308,2130004,CIRRUS DESIGN CORP,SR22T,SR Series,1,2012,1,TX,2,US,20230712,20120516,20120424,4,1,V,
345AP,0046,2130004,CIRRUS DESIGN CORP,SR22T,SR Series,1,,3,DE,1,US,20230722,20190315,20101206,4,1,V,
345CE,1352,2130000,CIRRUS DESIGN CORP,SR20,SR Series,1,,3,OK,2,US,20230310,20200825,20030920,4,1,V,
345DA,1674,2130001,CIRRUS DESIGN CORP,SR22,SR Series,1,2005,3,MT,S,US,20231020,20200416,20051107,4,1,V,
345DS,1997,2130004,CIRRUS DESIGN CORP,SR22T,SR Series,1,2019,7,TN,3,US,20260208,20260208,20191002,4,1,V,
345DZ,10271,2130004,CIRRUS DESIGN CORP,SR22T,SR Series,1,2024,7,CO,S,US,20250506,20241107,20241024,4,1,V,
345EF,2731,2130000,CIRRUS DESIGN CORP,SR20,SR Series,1,2021,7,NY,1,US,20231121,20231121,20210729,4,1,V,
345ET,0492,2130001,CIRRUS DESIGN CORP,SR22,SR Series,1,2003,1,ID,S,US,20230310,20170815,20030317,4,1,V,
345JR,0594,2130001,CIRRUS DESIGN CORP,SR22,SR Series,1,2003,3,VA,1,US,20230501,20230501,20030623,4,1,V,
345KG,0812,2130010,CIRRUS DESIGN CORP,SF50,Vision Jet,1,,8,MN,C,US,20260521,,,4,5,M,
345MJ,9761,2130004,CIRRUS DESIGN CORP,SR22T,SR Series,1,2024,9,CA,4,US,20240215,20240215,20240119,4,1,V,
345PK,2192,2130004,CIRRUS DESIGN CORP,SR22T,SR Series,1,2020,7,IN,C,US,20251201,20250806,20201029,4,1,V,
345TS,1569,2130001,CIRRUS DESIGN CORP,SR22,SR Series,1,2005,7,IL,C,US,20230811,20191008,20050822,4,1,V,
345WL,8724,2130004,CIRRUS DESIGN CORP,SR22T,SR Series,1,2022,7,TX,2,US,20230909,20221026,20220706,4,1,V,
345WZ,5028,2130001,CIRRUS DESIGN CORP,SR22,SR Series,1,2021,7,OH,C,US,20230526,20210707,20210420,4,1,V,
345X,1958,2130004,CIRRUS DESIGN CORP,SR22T,SR Series,1,2019,7,AL,7,US,20230902,20190904,20190724,4,1,V,
347A,1541,2130004,CIRRUS DESIGN CORP,SR22T,SR Series,1,2017,4,LA,2,US,20231020,20231020,20170510,4,1,V,
347CD,1360,2130001,CIRRUS DESIGN CORP,SR22,SR Series,1,2005,4,OK,2,US,20230623,20121106,20050319,4,1,V,
347CP,3044,2130001,CIRRUS DESIGN CORP,SR22,SR Series,1,2008,7,AZ,4,US,20230930,20230102,20080612,4,1,V,
347DB,0775,2130010,CIRRUS DESIGN CORP,SF50,Vision Jet,1,2026,8,MN,C,US,20260209,,20260526,4,5,M,
347DC,1104,2130004,CIRRUS DESIGN CORP,SR22T,SR Series,1,2015,3,WY,S,US,20260211,20260211,20150806,4,1,V,
347EP,10688,2130001,CIRRUS DESIGN CORP,SR22,SR Series,1,,7,MA,E,US,20250710,20250710,,4,1,V,
347JH,1009,2130000,CIRRUS DESIGN CORP,SR20,SR Series,1,1999,3,GA,7,US,20230919,20230919,20230929,4,1,V,
347LP,11082,2130000,CIRRUS DESIGN CORP,SR20,SR Series,1,2025,7,GA,7,US,20260131,20260131,20251125,4,1,V,
347SR,2575,2130001,CIRRUS DESIGN CORP,SR22,SR Series,1,2007,7,MN,C,US,20230701,20181210,20070625,4,1,V,
348AT,0023,2130004,CIRRUS DESIGN CORP,SR22T,SR Series,1,2010,3,NV,4,US,20241105,20241105,20101015,4,1,V,
348BW,11016,2130004,CIRRUS DESIGN CORP,SR22T,SR Series,1,2025,3,CA,4,US,20251125,20251125,20251026,4,1,V,
348CD,2389,2130001,CIRRUS DESIGN CORP,SR22,SR Series,1,2007,7,IA,3,US,20230804,20220512,20070305,4,1,V,
348MW,0084,2130010,CIRRUS DESIGN CORP,SF50,Vision Jet,1,2018,7,MI,C,US,20230401,20201106,20181102,4,5,V,
348SB,4824,2130001,CIRRUS DESIGN CORP,SR22,SR Series,1,2019,1,,,,20240702,20240702,20190925,4,1,V,
348TS,3800,2130001,CIRRUS DESIGN CORP,SR22,SR Series,1,2011,7,NJ,1,US,20230407,20111206,20111102,4,1,V,
349CD,1509,2130000,CIRRUS DESIGN CORP,SR20,SR Series,1,2005,1,FL,7,US,20260205,20260205,20050412,4,1,V,
34AH,9783,2130004,CIRRUS DESIGN CORP,SR22T,SR Series,1,2024,7,CA,4,US,20250807,20250807,20240224,4,1,V,
34AL,1516,2130004,CIRRUS DESIGN CORP,SR22T,SR Series,1,2017,7,GA,7,US,20251231,20251231,20170330,4,1,V,
34AS,2686,2130000,CIRRUS DESIGN CORP,SR20,SR Series,1,2021,4,NY,1,US,20230603,20210809,20210224,4,1,V,
34BJ,0822,2130010,CIRRUS DESIGN CORP,SF50,Vision Jet,1,,8,MN,C,US,20260519,,,4,5,M,
34CD,0148,2130001,CIRRUS DESIGN CORP,SR22,SR Series,1,2002,1,TX,2,US,20230526,20180710,20020206,4,1,V,
34CK,9144,2130004,CIRRUS DESIGN CORP,SR22T,SR Series,1,2023,4,FL,7,US,20230531,20230531,20230325,4,1,V,
34DX,0736,2130010,CIRRUS DESIGN CORP,SF50,Vision Jet,1,2026,7,CA,4,US,20260218,20260218,20260206,4,5,V,
34EF,10830,2130000,CIRRUS DESIGN CORP,SR20,SR Series,1,2025,7,NJ,1,US,20250915,20250915,20250801,4,1,V,
34FR,9945,2130004,CIRRUS DESIGN CORP,SR22T,SR Series,1,2024,7,DE,1,US,20240625,20240625,20240510,4,1,V,
34SU,9504,2130000,CIRRUS DESIGN CORP,SR20,SR Series,1,2023,5,UT,S,US,20231213,20231213,20231103,4,1,V,
34TG,0386,2130001,CIRRUS DESIGN CORP,SR22,SR Series,1,2002,3,MT,S,US,20230122,20110525,20021115,4,1,V,
34TN,10713,2130004,CIRRUS DESIGN CORP,SR22T,SR Series,1,2025,3,DE,1,US,20251106,20251106,20250529,4,1,V,
34VJ,0410,2130010,CIRRUS DESIGN CORP,SF50,Vision Jet,1,2022,7,NV,4,US,20250912,20250912,20221209,4,5,V,
34WG,0824,2130001,CIRRUS DESIGN CORP,SR22,SR Series,1,2004,3,TN,3,US,20251018,20250324,20151019,4,1,V,
351CD,11184,2130004,CIRRUS DESIGN CORP,SR22T,SR Series,1,2026,7,,,,20260501,20260501,20260208,4,1,V,
351PK,10857,2130004,CIRRUS DESIGN CORP,SR22T,SR Series,1,2025,3,WI,C,US,20250922,20250922,20250812,4,1,V,
351SR,3571,2130001,CIRRUS DESIGN CORP,SR22,SR Series,1,2009,7,MT,S,US,20230701,20181218,20091217,4,1,V,
351TW,10597,2130004,CIRRUS DESIGN CORP,SR22T,SR Series,1,2025,7,FL,7,US,20250612,20250612,20250405,4,1,V,
351VK,1905,2130004,CIRRUS DESIGN CORP,SR22T,SR Series,1,2019,7,NJ,1,US,20250116,20240216,20190417,4,1,V,
352KP,4845,2130001,CIRRUS DESIGN CORP,SR22,SR Series,1,2019,7,FL,7,US,20230922,20191203,20191028,4,1,V,
352MB,11074,2130004,CIRRUS DESIGN CORP,SR22T,SR Series,1,2025,7,MS,2,US,20260306,20260122,20251118,4,1,V,
352MM,5096,2130001,CIRRUS DESIGN CORP,SR22,SR Series,1,2021,7,NY,1,US,20230902,20220926,20211019,4,1,V,
352MR,1782,2130001,CIRRUS DESIGN CORP,SR22,SR Series,1,2006,7,CO,S,US,20240823,20240823,20060124,4,1,V,
352MS,1802,2130000,CIRRUS DESIGN CORP,SR20,SR Series,1,2007,1,NY,1,US,20230623,20181119,20070622,4,1,V,
352Q,10967,2130004,CIRRUS DESIGN CORP,SR22T,SR Series,1,2025,7,NC,1,US,20251118,20251118,20251004,4,1,V,
352RC,0186,2130001,CIRRUS DESIGN CORP,SR22,SR Series,1,2002,3,DE,1,US,20240701,20240701,20020329,4,1,V,
352SR,2030,2130001,CIRRUS DESIGN CORP,SR22,SR Series,1,2006,3,FL,7,US,20230526,20060809,20060629,4,1,V,
352WT,0005,2130004,CIRRUS DESIGN CORP,SR22T,SR Series,1,2010,7,FL,7,US,20230421,20120207,20100629,4,1,V,
353BC,1172,2130000,CIRRUS DESIGN CORP,SR20,SR Series,1,2002,7,OH,C,US,20230909,20020327,20020208,4,1,V,
353CA,2088,2130000,CIRRUS DESIGN CORP,SR20,SR Series,1,2011,7,CA,4,US,20241221,20241221,20110629,4,1,V,
353CD,1210,2130001,CIRRUS DESIGN CORP,SR22,SR Series,1,2004,7,WI,C,US,20230804,20050103,20041207,4,1,V,
353CT,10732,2130000,CIRRUS DESIGN CORP,SR20,SR Series,1,2025,7,CA,4,US,20251118,20250726,20250620,4,1,V,
353G,11136,2130004,CIRRUS DESIGN CORP,SR22T,SR Series,1,2026,4,CA,4,US,20260609,20260323,20260107,4,1,V,
353KS,10212,2130001,CIRRUS DESIGN CORP,SR22,SR Series,1,2024,7,PA,1,US,20241104,20241104,20240925,4,1,V,
353PG,1115,2130001,CIRRUS DESIGN CORP,SR22,SR Series,1,2004,1,NV,4,US,20230902,20160915,20041013,4,1,V,
354EM,2634,2130001,CIRRUS DESIGN CORP,SR22,SR Series,1,2007,7,WA,S,US,20260304,20240917,20070813,4,1,V,
354FC,4875,2130001,CIRRUS DESIGN CORP,SR22,SR Series,1,2020,7,NY,1,US,20231007,20200219,20200117,4,1,V,
354SN,1354,2130004,CIRRUS DESIGN CORP,SR22T,SR Series,1,2016,3,WA,S,US,20241118,20241118,20160602,4,1,V,
355GK,4799,2130001,CIRRUS DESIGN CORP,SR22,SR Series,1,2019,7,FL,7,US,20230225,20230225,20190624,4,1,V,
355LT,8991,2130004,CIRRUS DESIGN CORP,SR22T,SR Series,1,2022,7,DE,1,US,20241213,20230120,20221220,4,1,V,
355MJ,3550,2130001,CIRRUS DESIGN CORP,SR22,SR Series,1,2010,1,TX,2,US,20260423,20260423,20100722,4,1,V,
355MW,2554,2130001,CIRRUS DESIGN CORP,SR22,SR Series,1,2007,3,TX,2,US,20230425,20230425,20070611,4,1,V,
355NE,3902,2130001,CIRRUS DESIGN CORP,SR22,SR Series,1,2012,7,NE,3,US,20230915,20161115,20121220,4,1,V,
355PG,1499,2130004,CIRRUS DESIGN CORP,SR22T,SR Series,1,2017,7,FL,7,US,20230728,20220406,20170206,4,1,V,
355T,3311,2130001,CIRRUS DESIGN CORP,SR22,SR Series,1,2008,7,MT,S,US,20240130,20240126,20081015,4,1,V,
355TF,11594,2130004,CIRRUS DESIGN CORP,SR22T,SR Series,1,,8,MN,C,US,20251224,,,4,1,M,
355TG,2158,2130001,CIRRUS DESIGN CORP,SR22,SR Series,1,2006,7,AR,2,US,20230603,20210819,20060927,4,1,V,
355WT,4167,2130001,CIRRUS DESIGN CORP,SR22,SR Series,1,2015,7,SD,C,US,20230909,20221011,20150123,4,1,V,
356,2308,2130004,CIRRUS DESIGN CORP,SR22T,SR Series,1,2021,7,GA,7,US,20240415,20240415,20210421,4,1,V,
356AB,11315,2130000,CIRRUS DESIGN CORP,SR20,SR Series,1,2026,7,FL,7,US,20260726,20260726,20260428,4,1,V,
356CT,11085,2130000,CIRRUS DESIGN CORP,SR20,SR Series,1,2025,7,CA,4,US,20260129,20260129,20251203,4,1,V,
356DK,1674,2130004,CIRRUS DESIGN CORP,SR22T,SR Series,1,2018,7,WV,1,US,20230603,20180829,20180130,4,1,V,
356HT,8980,2130001,CIRRUS DESIGN CORP,SR22,SR Series,1,2022,7,SC,7,US,20240615,20240615,20221216,4,1,V,
356JP,1604,2130000,CIRRUS DESIGN CORP,SR20,SR Series,1,2006,7,MA,E,US,20250221,20250221,20060117,4,1,V,
356LE,2652,2130001,CIRRUS DESIGN CORP,SR22,SR Series,1,2007,7,GA,7,US,20230909,20221001,20070820,4,1,V,
356RK,3857,2130001,CIRRUS DESIGN CORP,SR22,SR Series,1,2012,7,MD,1,US,20230414,20180105,20120608,4,1,V,
356SC,0256,2130004,CIRRUS DESIGN CORP,SR22T,SR Series,1,2011,4,CA,4,US,20230522,20230522,20111215,4,1,V,
356TT,4971,2130001,CIRRUS DESIGN CORP,SR22,SR Series,1,2020,7,FL,7,US,20230421,20210208,20201119,4,1,V,
357BD,0618,2130004,CIRRUS DESIGN CORP,SR22T,SR Series,1,2013,7,CO,S,US,20250322,20190314,20131010,4,1,V,
357BM,1870,2130004,CIRRUS DESIGN CORP,SR22T,SR Series,1,2019,1,MO,3,US,20260709,20190327,20190213,4,1,V,
357CD,10793,2130000,CIRRUS DESIGN CORP,SR20,SR Series,1,2025,7,WI,C,US,20250822,20250822,20250713,4,1,V,
357E,0650,2130001,CIRRUS DESIGN CORP,SR22,SR Series,1,,1,NV,4,US,20260529,20240217,,4,1,V,
357GA,2070,2130000,CIRRUS DESIGN CORP,SR20,SR Series,1,2010,7,PA,1,US,20230505,20210413,20101028,4,1,V,
357GK,10140,2130001,CIRRUS DESIGN CORP,SR22,SR Series,1,2024,7,FL,7,US,20240917,20240917,20240812,4,1,V,
357JR,9108,2130004,CIRRUS DESIGN CORP,SR22T,SR Series,1,2023,7,FL,7,US,20230614,20230614,20230315,4,1,V,
357PG,0261,2130004,CIRRUS DESIGN CORP,SR22T,SR Series,1,2011,7,OR,S,US,20230610,20210911,20111222,4,1,V,
357PS,10546,2130004,CIRRUS DESIGN CORP,SR22T,SR Series,1,2025,7,OK,2,US,20250403,20250403,20250314,4,1,V,
357SB,2539,2130000,CIRRUS DESIGN CORP,SR20,SR Series,1,2020,7,FL,7,US,20260225,20260225,20200210,4,1,V,
357X,1227,2130000,CIRRUS DESIGN CORP,SR20,SR Series,1,2002,7,AZ,4,US,20230811,20220618,,4,1,V,
357YT,0558,0563277,CIRRUS DESIGN CORPORATION,SF50,Vision Jet,1,2024,7,MI,C,US,20260416,20260408,20240617,4,5,V,
358CD,0967,2130001,CIRRUS DESIGN CORP,SR22,SR Series,1,2004,4,MI,C,US,20230603,20120817,20040608,4,1,V,Y
358FA,8752,2130004,CIRRUS DESIGN CORP,SR22T,SR Series,1,2022,7,KY,3,US,20230330,20230214,20220729,4,1,V,
358PK,8631,2130000,CIRRUS DESIGN CORP,SR20,SR Series,1,2022,1,TX,2,US,20241221,20241221,20220502,4,1,V,
358TP,11648,2130001,CIRRUS DESIGN CORP,SR22,SR Series,1,,8,MN,C,US,20260629,,,4,1,M,
359CD,1184,2130001,CIRRUS DESIGN CORP,SR22,SR Series,1,2004,4,MI,C,US,20230304,20110722,20041118,4,1,V,Y
359CM,4434,2130001,CIRRUS DESIGN CORP,SR22,SR Series,1,2016,7,IA,3,US,20240724,20211230,20161215,4,1,V,
359S,0072,2130001,CIRRUS DESIGN CORP,SR22,SR Series,1,2001,7,NM,2,US,20230428,20180328,20010806,4,1,V,
359WY,2249,2130000,CIRRUS DESIGN CORP,SR20,SR Series,1,2014,7,FL,7,US,20250912,20250912,20140409,4,1,V,
35EC,0883,2130001,CIRRUS DESIGN CORP,SR22,SR Series,1,2004,7,DE,1,US,20251006,20191016,20040413,4,1,V,
35GM,0478,2130001,CIRRUS DESIGN CORP,SR22,SR Series,1,2003,7,MN,C,US,20230929,20050317,20030312,4,1,V,
35GT,8641,2130004,CIRRUS DESIGN CORP,SR22T,SR Series,1,2022,7,FL,7,US,20230915,20221129,20220518,4,1,V,
35JK,0119,2130010,CIRRUS DESIGN CORP,SF50,Vision Jet,1,2019,7,CA,4,US,20230811,20190626,20190524,4,5,V,
35JN,9804,2130004,CIRRUS DESIGN CORP,SR22T,SR Series,1,2024,7,PA,1,US,20250611,20241127,20240306,4,1,V,
35PT,2785,2130000,CIRRUS DESIGN CORP,SR20,SR Series,1,2021,7,DE,1,US,20260219,20260219,20211213,4,1,V,
35SD,9937,2130000,CIRRUS DESIGN CORP,SR20,SR Series,1,2024,7,NY,1,US,20250618,20250618,20240509,4,1,V,
35VJ,0416,2130010,CIRRUS DESIGN CORP,SF50,Vision Jet,1,2022,7,FL,7,US,20260218,20260218,20221222,4,5,V,
35XP,3716,2130001,CIRRUS DESIGN CORP,SR22,SR Series,1,2011,4,OH,C,US,20260210,20260210,20220831,4,1,V,
3600X,0491,2130004,CIRRUS DESIGN CORP,SR22T,SR Series,1,2013,7,WY,S,US,20260205,20260205,20130403,4,1,V,
360C,2562,2130001,CIRRUS DESIGN CORP,SR22,SR Series,1,2007,7,DE,1,US,20251031,20091218,20070613,4,1,V,
360CD,3516,2130001,CIRRUS DESIGN CORP,SR22,SR Series,1,2009,7,ID,S,US,20250520,20250520,20091211,4,1,V,
360DA,11121,2130004,CIRRUS DESIGN CORP,SR22T,SR Series,1,2026,3,DE,1,US,20260702,20260702,20260105,4,1,V,
360KK,10379,2130004,CIRRUS DESIGN CORP,SR22T,SR Series,1,2024,7,PA,1,US,20250123,20250123,20241221,4,1,V,
360LV,3272,2130001,CIRRUS DESIGN CORP,SR22,SR Series,1,2008,7,LA,2,US,20240610,20240610,20240409,4,1,V,
360MB,10360,2130004,CIRRUS DESIGN CORP,SR22T,SR Series,1,2024,7,TX,2,US,20250128,20250128,20241212,4,1,V,
360SU,2525,2130000,CIRRUS DESIGN CORP,SR20,SR Series,1,2019,5,OK,2,US,20230126,20200106,20191125,4,1,V,
360TP,11615,2130004,CIRRUS DESIGN CORP,SR22T,SR Series,1,,8,MN,C,US,20260603,,,4,1,M,
360VR,1744,2130004,CIRRUS DESIGN CORP,SR22T,SR Series,1,2018,7,CA,4,US,20230401,20201114,20180622,4,1,V,
360WL,0216,2130001,CIRRUS DESIGN CORP,SR22,SR Series,1,2002,4,TX,2,US,20250822,20250822,20020507,4,1,V,
361GM,11290,2130004,CIRRUS DESIGN CORP,SR22T,SR Series,1,2026,1,FL,7,US,20260612,20260612,20260324,4,1,V,
361JB,1253,2130001,CIRRUS DESIGN CORP,SR22,SR Series,1,2005,3,IL,C,US,20230930,20170104,20050105,4,1,V,
361KM,4212,2130001,CIRRUS DESIGN CORP,SR22,SR Series,1,2015,1,WI,C,US,20230526,20150702,20150605,4,1,V,
361RD,10560,2130004,CIRRUS DESIGN CORP,SR22T,SR Series,1,2025,7,FL,7,US,20260221,20260221,20250318,4,1,V,
361TA,3325,2130001,CIRRUS DESIGN CORP,SR22,SR Series,1,2008,7,IN,C,US,20260427,20260427,20081229,4,1,V,
362BS,0931,2130004,CIRRUS DESIGN CORP,SR22T,SR Series,1,2014,7,CA,4,US,20230401,20201130,20141228,4,1,V,
362BZ,9801,2130000,CIRRUS DESIGN CORP,SR20,SR Series,1,2024,7,DE,1,US,20240527,20240527,20240417,4,1,V,
362CD,1392,2130001,CIRRUS DESIGN CORP,SR22,SR Series,1,2005,7,TX,2,US,20240814,20240814,20050405,4,1,V,
362CP,3048,2130001,CIRRUS DESIGN CORP,SR22,SR Series,1,2008,1,LA,2,US,20250421,20211211,20080615,4,1,V,
362HE,1263,2130000,CIRRUS DESIGN CORP,SR20,SR Series,1,2002,3,KY,3,US,20230527,20230527,20021002,4,1,V,
362MD,4126,2130001,CIRRUS DESIGN CORP,SR22,SR Series,1,2014,7,AZ,4,US,20240411,20240411,20140912,4,1,V,
362MM,1766,2130000,CIRRUS DESIGN CORP,SR20,SR Series,1,2007,7,NY,1,US,20260715,20150528,20150430,4,1,V,
362SR,1999,2130001,CIRRUS DESIGN CORP,SR22,SR Series,1,2006,7,WV,1,US,20230930,20200108,20060607,4,1,V,
363CT,4232,2130001,CIRRUS DESIGN CORP,SR22,SR Series,1,2015,7,MN,C,US,20230512,20230512,20150810,4,1,V,
363DB,9124,2130000,CIRRUS DESIGN CORP,SR20,SR Series,1,2023,3,FL,7,US,20250506,20250506,20250312,4,1,V,
363DF,10620,2130004,CIRRUS DESIGN CORP,SR22T,SR Series,1,2025,7,MT,S,US,20250603,20250603,20250420,4,1,V,
363KC,2457,2130004,CIRRUS DESIGN CORP,SR22T,SR Series,1,2021,3,DE,1,US,20251216,20251216,20211130,4,1,V,
363KK,3379,2130001,CIRRUS DESIGN CORP,SR22,SR Series,1,2009,1,WA,S,US,20230903,20230903,20090914,4,1,V,
363PM,4368,2130001,CIRRUS DESIGN CORP,SR22,SR Series,1,,7,WI,C,US,20230915,20221101,20160628,4,1,V,
363SC,1209,2130001,CIRRUS DESIGN CORP,SR22,SR Series,1,2004,7,AZ,4,US,20230707,20220110,20041209,4,1,V,
363SR,2226,2130001,CIRRUS DESIGN CORP,SR22,SR Series,1,2006,1,NJ,1,US,20260803,20260803,20061102,4,1,V,
363WH,1771,2130004,CIRRUS DESIGN CORP,SR22T,SR Series,1,2018,7,NE,3,US,20230926,20230926,20180820,4,1,V,
363WT,9290,2130004,CIRRUS DESIGN CORP,SR22T,SR Series,1,2023,7,MI,C,US,20230915,20230915,20230606,4,1,V,
365AF,8910,2130001,CIRRUS DESIGN CORP,SR22,SR Series,1,2022,7,MA,E,US,20230809,20230309,20221229,4,1,V,
365AS,0143,2130010,CIRRUS DESIGN CORP,SF50,Vision Jet,1,2019,7,FL,7,US,20250403,20240909,20190909,4,5,V,
365AT,9288,2130000,CIRRUS DESIGN CORP,SR20,SR Series,1,2023,7,FL,7,US,20250121,20250121,20230611,4,1,V,
365CV,2148,2130004,CIRRUS DESIGN CORP,SR22T,SR Series,1,2020,7,CA,4,US,20260224,20260224,20200805,4,1,V,
365HG,1885,2130004,CIRRUS DESIGN CORP,SR22T,SR Series,1,2019,7,TN,3,US,20231014,20231014,20190313,4,1,V,
365JP,3010,2130001,CIRRUS DESIGN CORP,SR22,SR Series,1,2008,7,FL,7,US,20250402,20200702,20080429,4,1,V,
365KA,3381,2130001,CIRRUS DESIGN CORP,SR22,SR Series,1,,7,WI,C,US,20230122,20200610,20160624,4,1,V,
365KS,2465,2130004,CIRRUS DESIGN CORP,SR22T,SR Series,1,2021,7,CO,S,US,20250201,20220507,20211209,4,1,V,
365MB,4349,2130001,CIRRUS DESIGN CORP,SR22,SR Series,1,2016,7,NJ,1,US,20230930,20200116,20160525,4,1,V,
365PM,3081,2130001,CIRRUS DESIGN CORP,SR22,SR Series,1,2008,7,WY,S,US,20250403,20250403,20080619,4,1,V,
365S,9390,2130004,CIRRUS DESIGN CORP,SR22T,SR Series,1,2023,7,MT,S,US,20231026,20231026,20230828,4,1,V,
365ST,10922,2130004,CIRRUS DESIGN CORP,SR22T,SR Series,1,2025,7,GA,7,US,20251027,20251027,20250927,4,1,V,
365TC,8900,2130004,CIRRUS DESIGN CORP,SR22T,SR Series,1,2022,7,NC,1,US,20251014,20251014,20221030,4,1,V,
365TG,8618,2130001,CIRRUS DESIGN CORP,SR22,SR Series,1,2022,7,MD,1,US,20230922,20221223,20220515,4,1,V,
365WD,4042,2130001,CIRRUS DESIGN CORP,SR22,SR Series,1,2014,7,FL,7,US,20260130,20251202,20140214,4,1,V,
366CD,1369,2130001,CIRRUS DESIGN CORP,SR22,SR Series,1,2005,3,OK,2,US,20230922,20191216,20050322,4,1,V,
366CP,3049,2130001,CIRRUS DESIGN CORP,SR22,SR Series,1,2008,7,VA,1,US,20260722,20260722,20080708,4,1,V,
366DM,1625,2130001,CIRRUS DESIGN CORP,SR22,SR Series,1,2005,1,WA,S,US,20260308,20260308,20051010,4,1,V,
366LD,4792,2130001,CIRRUS DESIGN CORP,SR22,SR Series,1,2019,7,TN,3,US,20240520,20240520,20190531,4,1,V,
366LF,11495,2130004,CIRRUS DESIGN CORP,SR22T,SR Series,1,,3,UT,S,US,20260720,20260720,,4,1,V,
366PT,11075,2130004,CIRRUS DESIGN CORP,SR22T,SR Series,1,2025,7,NJ,1,US,20260127,20260127,20251123,4,1,V,
366TM,0225,2130010,CIRRUS DESIGN CORP,SF50,Vision Jet,1,2020,3,TX,2,US,20230421,20210219,20201009,4,5,V,
367BM,1647,2130001,CIRRUS DESIGN CORP,SR22,SR Series,1,2005,4,GA,7,US,20230721,20190323,20051021,4,1,V,
367CP,3050,2130001,CIRRUS DESIGN CORP,SR22,SR Series,1,2008,1,CA,4,US,20250129,20250128,20080619,4,1,V,
367HM,4210,2130001,CIRRUS DESIGN CORP,SR22,SR Series,1,2015,7,MA,E,US,20230519,20150624,20150626,4,1,V,
367KR,2162,2130001,CIRRUS DESIGN CORP,SR22,SR Series,1,2006,7,AL,7,US,20230930,20230101,20061227,4,1,V,
367PT,3854,2130001,CIRRUS DESIGN CORP,SR22,SR Series,1,2012,1,TX,2,US,20240502,20240502,20240529,4,1,V,
367TM,3590,2130001,CIRRUS DESIGN CORP,SR22,SR Series,1,2009,7,MT,S,US,20230603,20210803,20091223,4,1,V,
368BM,0339,2130010,CIRRUS DESIGN CORP,SF50,Vision Jet,1,2022,7,CO,S,US,20250908,20220907,20220217,4,5,V,
368CD,1071,2130001,CIRRUS DESIGN CORP,SR22,SR Series,1,2004,3,DE,1,US,20230722,20220323,20040902,4,1,V,
368DM,2433,2130001,CIRRUS DESIGN CORP,SR22,SR Series,1,2007,4,GA,7,US,20250102,20250102,20070405,4,1,V,
368FD,4858,2130001,CIRRUS DESIGN CORP,SR22,SR Series,1,2019,7,FL,7,US,20230723,20210217,20191126,4,1,V,
368MW,2313,2130004,CIRRUS DESIGN CORP,SR22T,SR Series,1,2021,7,UT,S,US,20230512,20210513,20210430,4,1,V,
368RM,2163,2130004,CIRRUS DESIGN CORP,SR22T,SR Series,1,2020,7,MT,S,US,20260119,20260119,20200914,4,1,V,
368SP,11636,2130000,CIRRUS DESIGN CORP,SR20,SR Series,1,,8,MN,C,US,20260626,,,4,1,M,
368TT,9634,2130004,CIRRUS DESIGN CORP,SR22T,SR Series,1,2023,7,FL,7,US,20240124,20240124,20231227,4,1,V,
369AL,1552,2130000,CIRRUS DESIGN CORP,SR20,SR Series,1,2005,3,NV,4,US,20250528,20250528,20050815,4,1,V,
369BE,0095,2130004,CIRRUS DESIGN CORP,SR22T,SR Series,1,2011,7,TX,2,US,20250723,20130304,20110223,4,1,V,
369CH,2665,2130001,CIRRUS DESIGN CORP,SR22,SR Series,1,2007,7,FL,7,US,20250125,20250125,20260318,4,1,V,
369JD,3686,2130001,CIRRUS DESIGN CORP,SR22,SR Series,1,2010,2,MN,C,US,20230304,20140722,20100927,4,1,V,
369PC,4916,2130001,CIRRUS DESIGN CORP,SR22,SR Series,1,2020,7,OK,2,US,20230310,20200815,20200624,4,1,V,
369PS,11154,2130004,CIRRUS DESIGN CORP,SR22T,SR Series,1,2026,7,GA,7,US,20260320,20260320,20260117,4,1,V,
369SE,0846,2130001,CIRRUS DESIGN CORP,SR22,SR Series,1,2004,7,GA,7,US,20230804,20160526,20040331,4,1,V,
369SF,3087,2130001,CIRRUS DESIGN CORP,SR22,SR Series,1,2008,4,OH,C,US,20230824,20230510,20080623,4,1,V,
369ZD,10702,2130001,CIRRUS DESIGN CORP,SR22,SR Series,1,2025,7,DE,1,US,20250708,20250708,20250522,4,1,V,
36BX,10599,2130001,CIRRUS DESIGN CORP,SR22,SR Series,1,2025,8,MN,C,US,20260428,20260428,20250407,4,1,V,
36CK,2749,2130000,CIRRUS DESIGN CORP,SR20,SR Series,1,2021,7,NH,E,US,20230815,20230815,20210825,4,1,V,
36CZ,10036,2130004,CIRRUS DESIGN CORP,SR22T,SR Series,1,2024,7,IN,C,US,20241123,20241123,20240709,4,1,V,
36GW,9551,2130001,CIRRUS DESIGN CORP,SR22,SR Series,1,2023,3,FL,7,US,20231229,20231228,20231111,4,1,V,
36JH,1593,2130004,CIRRUS DESIGN CORP,SR22T,SR Series,1,2017,3,OR,S,US,20230818,20220729,20170522,4,1,V,
36LD,0245,2130010,CIRRUS DESIGN CORP,SF50,Vision Jet,1,2020,7,NV,4,US,20250710,20210116,20201226,4,5,V,
36MR,4631,2130001,CIRRUS DESIGN CORP,SR22,SR Series,1,2018,7,TX,2,US,20260506,20180620,20180419,4,1,V,
36MW,9877,2130004,CIRRUS DESIGN CORP,SR22T,SR Series,1,2024,7,MT,S,US,20240611,20240611,20240404,4,1,V,
36PL,1707,2130000,CIRRUS DESIGN CORP,SR20,SR Series,1,2006,5,MI,C,US,20230512,20200415,20060809,4,1,V,
36SA,10447,2130004,CIRRUS DESIGN CORP,SR22T,SR Series,1,2025,4,CA,4,US,20250306,20250306,20250120,4,1,V,
370BM,1020,2130004,CIRRUS DESIGN CORP,SR22T,SR Series,1,2015,3,OR,S,US,20230804,20220506,20150420,4,1,V,
370G,0783,2130001,CIRRUS DESIGN CORP,SR22,SR Series,1,2003,7,IL,C,US,20260711,20260711,20031219,4,1,V,
370JG,1123,2130001,CIRRUS DESIGN CORP,SR22,SR Series,1,2004,7,MN,C,US,20240124,20240124,20041015,4,1,V,
370JR,9849,2130004,CIRRUS DESIGN CORP,SR22T,SR Series,1,2024,7,IA,3,US,20260214,20260214,20240325,4,1,V,
370SU,2615,2130000,CIRRUS DESIGN CORP,SR20,SR Series,1,2020,5,OK,2,US,20260619,20201114,20200826,4,1,V,
371CD,1434,2130001,CIRRUS DESIGN CORP,SR22,SR Series,1,2005,4,CA,4,US,20240822,20150107,20050509,4,1,V,
371CK,1307,2130000,CIRRUS DESIGN CORP,SR20,SR Series,1,2003,7,FL,7,US,20230223,20230223,20030327,4,1,V,
371EC,10487,2130001,CIRRUS DESIGN CORP,SR22,SR Series,1,2025,7,OH,C,US,20250308,20250308,20250220,4,1,V,
371JS,9970,2130000,CIRRUS DESIGN CORP,SR20,SR Series,1,2024,7,MI,C,US,20240710,20240710,20240523,4,1,V,
371MM,0386,2130004,CIRRUS DESIGN CORP,SR22T,SR Series,1,,3,CA,4,US,20230523,20230523,,4,1,V,
371PM,4371,2130001,CIRRUS DESIGN CORP,SR22,SR Series,1,,1,LA,2,US,20250125,20250125,20160720,4,1,V,
371RC,11577,2130000,CIRRUS DESIGN CORP,SR20,SR Series,1,,8,MN,C,US,20260129,,,4,1,M,
371SL,1652,2130004,CIRRUS DESIGN CORP,SR22T,SR Series,1,2017,1,NM,2,US,20230401,20171107,20170928,4,1,V,
371ST,11145,2130004,CIRRUS DESIGN CORP,SR22T,SR Series,1,2026,7,FL,7,US,20260317,20260317,20260117,4,1,V,
372CA,11673,2130000,CIRRUS DESIGN CORP,SR20,SR Series,1,,8,MN,C,US,20260813,,,4,1,M,
372DC,1210,2130000,CIRRUS DESIGN CORP,SR20,SR Series,1,2002,7,GA,7,US,20230610,20120919,20020530,4,1,V,
372LF,1074,2130001,CIRRUS DESIGN CORP,SR22,SR Series,1,2004,1,PA,1,US,20230825,20190830,20040907,4,1,V,
372SP,11641,2130000,CIRRUS DESIGN CORP,SR20,SR Series,1,,8,MN,C,US,20260626,,,4,1,M,
372WT,11575,2130004,CIRRUS DESIGN CORP,SR22T,SR Series,1,,8,MN,C,US,20260616,,,4,1,M,
373BB,2508,2130001,CIRRUS DESIGN CORP,SR22,SR Series,1,2007,7,CO,S,US,20230728,20160404,20070515,4,1,V,
373CD,1468,2130001,CIRRUS DESIGN CORP,SR22,SR Series,1,2005,1,OR,S,US,20230407,20050623,20050602,4,1,V,
373DS,2310,2130001,CIRRUS DESIGN CORP,SR22,SR Series,1,2007,7,,,,20240926,20240926,20070102,4,1,V,
373ER,1923,2130001,CIRRUS DESIGN CORP,SR22,SR Series,1,2006,7,CA,4,US,20250128,20250128,20060427,4,1,V,
373MC,2996,2130001,CIRRUS DESIGN CORP,SR22,SR Series,1,2008,3,WA,S,US,20260129,20260129,20241114,4,1,V,
373PS,0173,2130001,CIRRUS DESIGN CORP,SR22,SR Series,1,2002,3,WI,C,US,20230421,20210223,20020318,4,1,V,
373RW,1975,2130004,CIRRUS DESIGN CORP,SR22T,SR Series,1,2019,7,TX,2,US,20260430,20260430,20190905,4,1,V,
373SR,2743,2130001,CIRRUS DESIGN CORP,SR22,SR Series,1,2007,7,CT,E,US,20231020,20080522,20071012,4,1,V,
3747T,1328,2130001,CIRRUS DESIGN CORP,SR22,SR Series,1,2005,7,FL,7,US,20230616,20071127,20050223,4,1,V,
374CD,1174,2130001,CIRRUS DESIGN CORP,SR22,SR Series,1,2004,7,DE,1,US,20240122,20240122,20041111,4,1,V,
374RL,9026,2130001,CIRRUS DESIGN CORP,SR22,SR Series,1,2022,7,FL,7,US,20250814,20250814,20221226,4,1,V,
374TT,2438,2130004,CIRRUS DESIGN CORP,SR22T,SR Series,1,2021,7,GA,7,US,20230825,20220813,20211119,4,1,V,
374WH,10746,2130001,CIRRUS DESIGN CORP,SR22,SR Series,1,2025,7,FL,7,US,20250821,20250821,20250625,4,1,V,
375AJ,0041,2130004,CIRRUS DESIGN CORP,SR22T,SR Series,1,2010,7,WI,C,US,20230519,20150602,20101015,4,1,V,
375BM,10092,2130001,CIRRUS DESIGN CORP,SR22,SR Series,1,2024,1,ND,C,US,20240910,20240910,20240724,4,1,V,
375CD,1461,2130001,CIRRUS DESIGN CORP,SR22,SR Series,1,2005,3,VA,1,US,20230718,20091204,20050531,4,1,V,
375CW,1487,2130004,CIRRUS DESIGN CORP,SR22T,SR Series,1,2017,7,AR,2,US,20230122,20200326,20170130,4,1,V,
375DB,2331,2130001,CIRRUS DESIGN CORP,SR22,SR Series,1,,7,CO,S,US,20230718,20220211,20070118,4,1,V,
375MC,0521,2130010,CIRRUS DESIGN CORP,SF50,Vision Jet,1,2024,7,WY,S,US,20260520,20240131,20240116,4,5,V,
375MF,1187,2130004,CIRRUS DESIGN CORP,SR22T,SR Series,1,2015,7,TX,2,US,20240919,20240919,20151117,4,1,V,
375MJ,9605,2130004,CIRRUS DESIGN CORP,SR22T,SR Series,1,2023,1,FL,7,US,20231221,20231221,20231213,4,1,V,
375MT,3298,2130001,CIRRUS DESIGN CORP,SR22,SR Series,1,2008,7,NJ,1,US,20230701,20211214,20081007,4,1,V,
375ND,3953,2130001,CIRRUS DESIGN CORP,SR22,SR Series,1,2013,7,GA,7,US,20240909,20240909,20130618,4,1,V,
375RR,4961,2130001,CIRRUS DESIGN CORP,SR22,SR Series,1,2020,7,,,,20260430,20260430,20201103,4,1,V,
375SB,1937,2130004,CIRRUS DESIGN CORP,SR22T,SR Series,1,2019,3,CA,4,US,20250701,,20190619,4,1,V,
375TH,10060,2130001,CIRRUS DESIGN CORP,SR22,SR Series,1,2024,7,OH,C,US,20240814,20240814,20240706,4,1,V,
375TT,4550,2130001,CIRRUS DESIGN CORP,SR22,SR Series,1,2017,7,FL,7,US,20241030,20240530,20171106,4,1,V,
376BC,2186,2130001,CIRRUS DESIGN CORP,SR22,SR Series,1,2006,1,UT,S,US,20240816,20140604,20061009,4,1,V,
376CD,1425,2130001,CIRRUS DESIGN CORP,SR22,SR Series,1,2005,7,TX,2,US,20231020,20110407,20050504,4,1,V,
376CP,1845,2130000,CIRRUS DESIGN CORP,SR20,SR Series,1,2007,7,GA,7,US,20230922,20101209,20071029,4,1,V,
3775,11288,2130000,CIRRUS DESIGN CORP,SR20,SR Series,1,2026,7,MT,S,US,20260610,20260610,20260320,4,1,V,
377AL,4622,2130001,CIRRUS DESIGN CORP,SR22,SR Series,1,2018,1,NC,1,US,20241001,20241001,20180329,4,1,V,
377BC,8996,2130001,CIRRUS DESIGN CORP,SR22,SR Series,1,2022,7,MA,E,US,20230325,20230325,20221221,4,1,V,
377CD,1022,2130001,CIRRUS DESIGN CORP,SR22,SR Series,1,2004,3,OK,2,US,20230728,20190429,20040728,4,1,V,
377DZ,1636,2130004,CIRRUS DESIGN CORP,SR22T,SR Series,1,2017,7,TN,3,US,20230922,20221206,20171211,4,1,V,
377JH,0439,2130010,CIRRUS DESIGN CORP,SF50,Vision Jet,1,2023,7,WI,C,US,20230523,20230523,20230316,4,5,V,
377JJ,2646,2130001,CIRRUS DESIGN CORP,SR22,SR Series,1,2007,7,NY,1,US,20230701,20151203,20070827,4,1,V,
377MR,0268,2130001,CIRRUS DESIGN CORP,SR22,SR Series,1,2002,3,FL,7,US,20230728,20220420,20151117,4,1,V,
377RG,2470,2130004,CIRRUS DESIGN CORP,SR22T,SR Series,1,2022,1,PA,1,US,20230811,20220618,20220106,4,1,V,
377SR,9764,2130004,CIRRUS DESIGN CORP,SR22T,SR Series,1,2024,7,CA,4,US,20240301,20240301,20240124,4,1,V,
377TW,0165,2130010,CIRRUS DESIGN CORP,SF50,Vision Jet,1,2019,7,FL,7,US,20251218,20240910,20191122,4,5,V,
377TX,4950,2130001,CIRRUS DESIGN CORP,SR22,SR Series,1,2020,1,TX,2,US,20240905,20210105,20200923,4,1,V,
377X,0298,2130004,CIRRUS DESIGN CORP,SR22T,SR Series,1,2012,7,MI,C,US,20240219,20240219,20120306,4,1,V,
378AP,0523,2130010,CIRRUS DESIGN CORP,SF50,Vision Jet,1,2023,7,GA,7,US,20240104,20240104,20231228,4,5,V,
378C,3235,2130001,CIRRUS DESIGN CORP,SR22,SR Series,1,2008,3,SD,C,US,20230904,20230904,20080826,4,1,V,
378GL,3433,2130001,CIRRUS DESIGN CORP,SR22,SR Series,1,2009,7,NC,1,US,20230610,20150901,20090430,4,1,V,
378JH,8932,2130001,CIRRUS DESIGN CORP,SR22,SR Series,1,2022,7,CA,4,US,20230501,20230313,20221116,4,1,V,
378PH,8690,2130004,CIRRUS DESIGN CORP,SR22T,SR Series,1,2022,7,,,,20230223,20230102,20220630,4,1,V,
378RX,1437,2130000,CIRRUS DESIGN CORP,SR20,SR Series,1,2004,7,SC,7,US,20260409,20260409,20040720,4,1,V,
378TA,2160,2130004,CIRRUS DESIGN CORP,SR22T,SR Series,1,2020,7,WA,S,US,20240104,20230601,20200902,4,1,V,
378TT,2074,2130000,CIRRUS DESIGN CORP,SR20,SR Series,1,2010,3,MD,1,US,20250113,20250113,20101210,4,1,V,
378WT,0882,2130004,CIRRUS DESIGN CORP,SR22T,SR Series,1,2014,7,TX,2,US,20240117,20240117,20140924,4,1,V,
379CD,1465,2130001,CIRRUS DESIGN CORP,SR22,SR Series,1,2005,4,MI,C,US,20230610,20150923,20050601,4,1,V,Y
379SF,0217,2130010,CIRRUS DESIGN CORP,SF50,Vision Jet,1,2020,7,OH,C,US,20240226,20240226,20200812,4,5,V,
379SR,1928,2130001,CIRRUS DESIGN CORP,SR22,SR Series,1,2006,7,GA,7,US,20251206,20251206,20060427,4,1,V,
37AV,11642,2130000,CIRRUS DESIGN CORP,SR20,SR Series,1,,8,MN,C,US,20260630,,,4,1,M,
37CL,8745,2130004,CIRRUS DESIGN CORP,SR22T,SR Series,1,2022,3,NV,4,US,20260210,20260210,20220724,4,1,V,
37GT,10571,2130004,CIRRUS DESIGN CORP,SR22T,SR Series,1,2025,7,KS,3,US,20250514,20250514,20250425,4,1,V,
37KH,4760,2130001,CIRRUS DESIGN CORP,SR22,SR Series,1,,7,TX,2,US,20260129,20220921,20190305,4,1,V,
37LG,1279,2130004,CIRRUS DESIGN CORP,SR22T,SR Series,1,,4,CA,4,US,20230623,20211112,20160322,4,1,V,
37LT,10775,2130001,CIRRUS DESIGN CORP,SR22,SR Series,1,2025,7,WY,S,US,20250731,20250731,20250706,4,1,V,
37PZ,0047,2130010,CIRRUS DESIGN CORP,SF50,Vision Jet,1,2018,7,AZ,4,US,20230616,20211028,20180427,4,5,V,
37RD,8624,2130001,CIRRUS DESIGN CORP,SR22,SR Series,1,2022,1,VA,1,US,20260803,,20220429,4,1,7,
37RJ,9045,2130004,CIRRUS DESIGN CORP,SR22T,SR Series,1,2023,4,TX,2,US,20230426,20230426,20230130,4,1,V,
37SJ,1927,2130004,CIRRUS DESIGN CORP,SR22T,SR Series,1,2019,1,,8,CH,20260529,20260529,20190530,4,1,V,
37TH,1655,2130001,CIRRUS DESIGN CORP,SR22,SR Series,1,2005,3,AZ,4,US,20241002,20241002,20051027,4,1,V,
37TM,4289,2130001,CIRRUS DESIGN CORP,SR22,SR Series,1,2015,7,TX,2,US,20250325,20250325,20250416,4,1,V,
37TS,10303,2130001,CIRRUS DESIGN CORP,SR22,SR Series,1,2024,7,OR,S,US,20241221,20241221,20241103,4,1,V,
3800P,1676,2130001,CIRRUS DESIGN CORP,SR22,SR Series,1,2005,7,TX,2,US,20251211,20251211,20051108,4,1,V,
380AS,8997,2130004,CIRRUS DESIGN CORP,SR22T,SR Series,1,2022,7,VA,1,US,20230518,20230328,20221224,4,1,V,
380BW,2157,2130004,CIRRUS DESIGN CORP,SR22T,SR Series,1,2020,7,CA,4,US,20260715,20260715,20200825,4,1,V,
380CD,1380,2130001,CIRRUS DESIGN CORP,SR22,SR Series,1,2005,7,MD,1,US,20230915,20161110,20050331,4,1,V,
380CP,3066,2130001,CIRRUS DESIGN CORP,SR22,SR Series,1,2008,1,AL,7,US,20230317,20200908,20080717,4,1,V,
380SR,2825,2130001,CIRRUS DESIGN CORP,SR22,SR Series,1,2007,1,FL,7,US,20230603,20210824,20071128,4,1,V,
380SU,2782,2130000,CIRRUS DESIGN CORP,SR20,SR Series,1,2021,7,OK,2,US,20230804,20220503,20211213,4,1,V,
380UE,4044,2130001,CIRRUS DESIGN CORP,SR22,SR Series,1,2014,7,WY,S,US,20260629,20260629,20140204,4,1,V,
381BS,2918,2130001,CIRRUS DESIGN CORP,SR22,SR Series,1,2008,7,CA,4,US,20230401,20141121,20080125,4,1,V,
381CD,1432,2130001,CIRRUS DESIGN CORP,SR22,SR Series,1,2005,7,CA,4,US,20240726,20230312,20050506,4,1,V,
381DA,10946,2130000,CIRRUS DESIGN CORP,SR20,SR Series,1,2025,7,SC,7,US,20260122,20260122,20251004,4,1,V,
381EJ,0409,2130010,CIRRUS DESIGN CORP,SF50,Vision Jet,1,2022,1,TX,2,US,20230427,20230320,20221207,4,5,V,
381PG,11175,2130000,CIRRUS DESIGN CORP,SR20,SR Series,1,2026,1,MI,C,US,20260406,20260406,20260131,4,1,V,
381SW,2279,2130001,CIRRUS DESIGN CORP,SR22,SR Series,1,2006,7,TX,2,US,20240212,20240212,20061215,4,1,V,
382CD,1390,2130001,CIRRUS DESIGN CORP,SR22,SR Series,1,2005,7,DE,1,US,20230512,20180523,20050405,4,1,V,
382CP,1871,2130000,CIRRUS DESIGN CORP,SR20,SR Series,1,2007,7,ND,C,US,20230701,20211227,20071015,4,1,V,
382DE,4810,2130001,CIRRUS DESIGN CORP,SR22,SR Series,1,2019,7,OK,2,US,20240531,20240531,20190730,4,1,V,
382DJ,3450,2130001,CIRRUS DESIGN CORP,SR22,SR Series,1,2009,1,CA,4,US,20230421,20210202,20090605,4,1,V,
382SR,2133,2130001,CIRRUS DESIGN CORP,SR22,SR Series,1,2006,1,CA,4,US,20250321,20250321,20060913,4,1,V,
383AP,1829,2130004,CIRRUS DESIGN CORP,SR22T,SR Series,1,2018,7,CA,4,US,20230728,20220429,20181203,4,1,V,
383B,3665,2130001,CIRRUS DESIGN CORP,SR22,SR Series,1,2010,3,NM,2,US,20231221,20231221,20100830,4,1,V,
383CD,4619,2130001,CIRRUS DESIGN CORP,SR22,SR Series,1,2018,7,OK,2,US,20260416,20250507,20180319,4,1,V,
383CP,3067,2130001,CIRRUS DESIGN CORP,SR22,SR Series,1,2008,3,CA,4,US,20230414,20210105,20080623,4,1,V,
383DE,2645,2130000,CIRRUS DESIGN CORP,SR20,SR Series,1,2020,7,TN,3,US,20260612,20260612,20201105,4,1,V,
383JM,2632,2130001,CIRRUS DESIGN CORP,SR22,SR Series,1,2007,4,,,,20260605,20260605,20070810,4,1,V,
383JT,1714,2130000,CIRRUS DESIGN CORP,SR20,SR Series,1,2006,7,NY,1,US,20240228,20240228,20060810,4,1,V,
383KS,0752,2130010,CIRRUS DESIGN CORP,SF50,Vision Jet,1,2026,7,CA,4,US,20260619,20260619,20260326,4,5,V,
383SR,2164,2130001,CIRRUS DESIGN CORP,SR22,SR Series,1,2006,1,CA,4,US,20230508,20211207,20060928,4,1,V,
383TS,10629,2130000,CIRRUS DESIGN CORP,SR20,SR Series,1,2025,5,TX,2,US,20250605,20250605,20250430,4,1,V,
383WH,11581,2130004,CIRRUS DESIGN CORP,SR22T,SR Series,1,,8,MN,C,US,20260604,,,4,1,M,
383WT,1838,2130004,CIRRUS DESIGN CORP,SR22T,SR Series,1,2018,3,NV,4,US,20250211,20250123,20181218,4,1,V,
384AP,11079,2130000,CIRRUS DESIGN CORP,SR20,SR Series,1,2026,7,MN,C,US,20260313,20260313,20260106,4,1,V,
384C,0427,2130001,CIRRUS DESIGN CORP,SR22,SR Series,1,,3,OK,2,US,20230401,20171109,,4,1,V,
384CP,1872,2130000,CIRRUS DESIGN CORP,SR20,SR Series,1,2007,4,OR,S,US,20231028,20231028,20071015,4,1,V,
384DE,5091,2130001,CIRRUS DESIGN CORP,SR22,SR Series,1,2021,7,OK,2,US,20230707,20220122,20210929,4,1,V,
384SR,2261,2130001,CIRRUS DESIGN CORP,SR22,SR Series,1,2006,7,,,,20230505,20210401,20061201,4,1,V,
384TS,10693,2130000,CIRRUS DESIGN CORP,SR20,SR Series,1,2025,5,TX,2,US,20250702,20250702,20250521,4,1,V,
384W,0596,2130004,CIRRUS DESIGN CORP,SR22T,SR Series,1,2013,7,CA,4,US,20241207,20241207,20130910,4,1,V,
384WS,1797,2130004,CIRRUS DESIGN CORP,SR22T,SR Series,1,2018,7,CA,4,US,20260625,20181206,20180926,4,1,V,
3851C,1637,2130001,CIRRUS DESIGN CORP,SR22,SR Series,1,2005,7,MN,C,US,20230122,20140604,20051016,4,1,V,
385BL,10343,2130004,CIRRUS DESIGN CORP,SR22T,SR Series,1,2024,7,FL,7,US,20241213,20241213,20241208,4,1,V,
385C,0433,2130001,CIRRUS DESIGN CORP,SR22,SR Series,1,2002,4,AL,7,US,20251020,20210105,20021224,4,1,V,
385CP,1879,2130000,CIRRUS DESIGN CORP,SR20,SR Series,1,2007,1,NE,3,US,20260625,20260625,20071119,4,1,V,
385DE,9991,2130000,CIRRUS DESIGN CORP,SR20,SR Series,1,2024,7,OK,2,US,20240709,20240709,20240606,4,1,V,
385GT,9979,2130000,CIRRUS DESIGN CORP,SR20,SR Series,1,2024,7,GA,7,US,20240710,20240710,20240529,4,1,V,
385NT,9823,2130004,CIRRUS DESIGN CORP,SR22T,SR Series,1,2024,4,CA,4,US,20250925,20250925,20240317,4,1,V,
385PT,0658,2130004,CIRRUS DESIGN CORP,SR22T,SR Series,1,2013,3,AZ,4,US,20230721,20190325,20131202,4,1,V,
385SR,2256,2130001,CIRRUS DESIGN CORP,SR22,SR Series,1,2006,7,DC,1,US,20230728,20070123,20061127,4,1,V,
385TS,10696,2130000,CIRRUS DESIGN CORP,SR20,SR Series,1,2025,5,TX,2,US,20250630,20250630,20250521,4,1,V,
386AM,0823,2130004,CIRRUS DESIGN CORP,SR22T,SR Series,1,2014,7,UT,S,US,20250104,20250104,20140716,4,1,V,
386CK,3473,2130001,CIRRUS DESIGN CORP,SR22,SR Series,1,2009,1,CO,S,US,20231007,20200227,20090626,4,1,V,
386DE,9904,2130001,CIRRUS DESIGN CORP,SR22,SR Series,1,2024,7,OK,2,US,20240611,20240611,20240502,4,1,V,
386EM,0533,2130010,CIRRUS DESIGN CORP,SF50,Vision Jet,1,2024,7,WY,S,US,20260622,20260528,20240228,4,5,V,
386G,1053,2130004,CIRRUS DESIGN CORP,SR22T,SR Series,1,2015,7,IA,3,US,20240425,20240425,20150608,4,1,V,
386RR,2262,2130001,CIRRUS DESIGN CORP,SR22,SR Series,1,2006,7,MI,C,US,20230407,20171211,20061206,4,1,V,
386TS,10700,2130000,CIRRUS DESIGN CORP,SR20,SR Series,1,2025,5,TX,2,US,20250702,20250702,20250522,4,1,V,
387AB,2416,2130004,CIRRUS DESIGN CORP,SR22T,SR Series,1,2021,4,,,,20230718,20220219,20211019,4,1,V,
387AP,10090,2130004,CIRRUS DESIGN CORP,SR22T,SR Series,1,2024,7,GA,7,US,20260726,20260726,20240726,4,1,V,
387CP,1880,2130000,CIRRUS DESIGN CORP,SR20,SR Series,1,2007,7,NJ,1,US,20230501,20230501,20071127,4,1,V,
387J,1389,2130001,CIRRUS DESIGN CORP,SR22,SR Series,1,2005,7,TN,3,US,20230512,20090701,20050404,4,1,V,
387LR,0961,2130001,CIRRUS DESIGN CORP,SR22,SR Series,1,2004,1,AZ,4,US,20230512,20150507,20040607,4,1,V,
387SR,2874,2130001,CIRRUS DESIGN CORP,SR22,SR Series,1,2007,3,OK,2,US,20230407,20141211,20071231,4,1,V,
387TX,2944,2130001,CIRRUS DESIGN CORP,SR22,SR Series,1,2008,1,AZ,4,US,20250605,20250605,20080214,4,1,V,
388AP,2440,2130001,CIRRUS DESIGN CORP,SR22,SR Series,1,2007,3,,8,GB,20230324,20201023,20170122,4,1,V,
388CD,11181,2130000,CIRRUS DESIGN CORP,SR20,SR Series,1,2026,7,DE,1,US,20260630,20260630,20260203,4,1,V,
388CE,4324,2130001,CIRRUS DESIGN CORP,SR22,SR Series,1,,7,FL,7,US,20230809,20230809,,4,1,V,
388CP,0870,2130001,CIRRUS DESIGN CORP,SR22,SR Series,1,2004,7,IN,C,US,20231104,20231104,20040405,4,1,V,
388DE,10136,2130001,CIRRUS DESIGN CORP,SR22,SR Series,1,2024,7,OK,2,US,20241015,20241015,20240815,4,1,V,
388DH,3280,2130001,CIRRUS DESIGN CORP,SR22,SR Series,1,2008,7,TN,3,US,20230831,20230831,20080925,4,1,V,
388EL,11058,2130001,CIRRUS DESIGN CORP,SR22,SR Series,1,2025,8,MN,C,US,20250915,,20251021,4,1,M,
388G,2590,2130001,CIRRUS DESIGN CORP,SR22,SR Series,1,2007,7,CO,S,US,20230505,20090807,20070710,4,1,V,
388KM,1854,2130004,CIRRUS DESIGN CORP,SR22T,SR Series,1,2019,3,CA,4,US,20250628,20250628,20190116,4,1,V,
388RX,1631,2130000,CIRRUS DESIGN CORP,SR20,SR Series,1,2006,3,DE,1,US,20230825,20160808,20060313,4,1,V,
388ST,2410,2130004,CIRRUS DESIGN CORP,SR22T,SR Series,1,2021,7,WA,S,US,20230718,20220201,20211015,4,1,V,
388TS,10706,2130000,CIRRUS DESIGN CORP,SR20,SR Series,1,2025,5,TX,2,US,20250715,20250715,20250614,4,1,V,
3891W,8993,2130001,CIRRUS DESIGN CORP,SR22,SR Series,1,2022,3,FL,7,US,20240731,20240731,20221219,4,1,V,
389AR,10190,2130004,CIRRUS DESIGN CORP,SR22T,SR Series,1,2024,7,IN,C,US,20241012,20241012,20240912,4,1,V,
389BS,1389,2130004,CIRRUS DESIGN CORP,SR22T,SR Series,1,2016,7,KS,3,US,20240324,20240324,20160712,4,1,V,
389TS,10845,2130000,CIRRUS DESIGN CORP,SR20,SR Series,1,2025,7,TX,2,US,20251021,20251021,20250917,4,1,V,
389WM,9905,2130001,CIRRUS DESIGN CORP,SR22,SR Series,1,2024,1,TX,2,US,20240824,20240824,20240427,4,1,V,
38AU,10332,2130004,CIRRUS DESIGN CORP,SR22T,SR Series,1,2024,7,TX,2,US,20260723,20260723,20241122,4,1,V,
38AW,1971,2130004,CIRRUS DESIGN CORP,SR22T,SR Series,1,2019,3,UT,S,US,20230825,20220818,20190827,4,1,V,
38DN,10532,2130000,CIRRUS DESIGN CORP,SR20,SR Series,1,2025,7,WI,C,US,20250331,20250331,20250307,4,1,V,
38EP,2068,2130001,CIRRUS DESIGN CORP,SR22,SR Series,1,2006,3,OK,2,US,20230616,20121017,20060801,4,1,V,
38GW,1015,2130001,CIRRUS DESIGN CORP,SR22,SR Series,1,2004,3,,8,DE,20230718,20190202,20080305,4,1,V,
38JT,11620,2130000,CIRRUS DESIGN CORP,SR20,SR Series,1,,8,MN,C,US,20260707,,,4,1,M,
38LZ,2782,2130001,CIRRUS DESIGN CORP,SR22,SR Series,1,2007,7,WI,C,US,20230902,20160920,20071031,4,1,V,
38MW,11294,2130001,CIRRUS DESIGN CORP,SR22,SR Series,1,2026,4,NY,1,US,20260624,20260624,20260329,4,1,V,
38WP,4728,2130001,CIRRUS DESIGN CORP,SR22,SR Series,1,2018,7,AZ,4,US,20230718,20190209,20181128,4,1,V,
390CP,1882,2130000,CIRRUS DESIGN CORP,SR20,SR Series,1,2007,7,CA,4,US,20230428,20210312,20071126,4,1,V,
390SU,2783,2130000,CIRRUS DESIGN CORP,SR20,SR Series,1,2021,7,OK,2,US,20230804,20220505,20211216,4,1,V,
390TS,10861,2130000,CIRRUS DESIGN CORP,SR20,SR Series,1,2025,5,TX,2,US,20260514,20251021,20250824,4,1,V,
391CP,3072,2130001,CIRRUS DESIGN CORP,SR22,SR Series,1,2008,7,MT,S,US,20250818,20250818,20080628,4,1,V,
391TS,10912,2130000,CIRRUS DESIGN CORP,SR20,SR Series,1,2025,5,TX,2,US,20251021,20251021,20250910,4,1,V,
391TZ,0391,2130010,CIRRUS DESIGN CORP,SF50,Vision Jet,1,2022,7,CA,4,US,20250318,20240916,20221021,4,5,V,
3928B,0917,2130001,CIRRUS DESIGN CORP,SR22,SR Series,1,2004,1,CA,4,US,20230326,20230326,20040503,4,1,V,
392MT,1772,2130004,CIRRUS DESIGN CORP,SR22T,SR Series,1,2018,7,TX,2,US,20241024,20240920,20180820,4,1,V,
392TS,10916,2130000,CIRRUS DESIGN CORP,SR20,SR Series,1,2025,5,TX,2,US,20251021,20251021,20250907,4,1,V,
393CD,1478,2130000,CIRRUS DESIGN CORP,SR20,SR Series,1,2005,7,AL,7,US,20230623,20151102,20050113,4,1,V,
393CP,1924,2130000,CIRRUS DESIGN CORP,SR20,SR Series,1,2008,7,CA,4,US,20230623,20151124,20080226,4,1,V,
393DS,9499,2130001,CIRRUS DESIGN CORP,SR22,SR Series,1,2023,7,KY,3,US,20240909,20240909,20231022,4,1,V,
393GM,4474,2130001,CIRRUS DESIGN CORP,SR22,SR Series,1,2017,4,IN,C,US,20251218,20251218,20170510,4,1,V,
393JM,4287,2130001,CIRRUS DESIGN CORP,SR22,SR Series,1,2015,7,DE,1,US,20231227,20231227,20151216,4,1,V,
393TS,11018,2130000,CIRRUS DESIGN CORP,SR20,SR Series,1,2025,5,TX,2,US,20251227,20251227,20251028,4,1,V,
394CC,1395,2130000,CIRRUS DESIGN CORP,SR20,SR Series,1,2004,7,TX,2,US,20230304,20170727,20040130,4,1,V,
394CP,3079,2130001,CIRRUS DESIGN CORP,SR22,SR Series,1,2008,7,NC,1,US,20230909,20221006,20080725,4,1,V,
394JM,4839,2130001,CIRRUS DESIGN CORP,SR22,SR Series,1,2019,7,IN,C,US,20250127,20250127,20191015,4,1,V,
394MK,4299,2130001,CIRRUS DESIGN CORP,SR22,SR Series,1,2015,4,IN,C,US,20230722,20220326,20151229,4,1,V,
394PM,4871,2130001,CIRRUS DESIGN CORP,SR22,SR Series,1,,7,VA,1,US,20230930,20200108,,4,1,V,
394SJ,1296,2130001,CIRRUS DESIGN CORP,SR22,SR Series,1,2005,4,MO,3,US,20250930,20250930,20050203,4,1,V,
394TA,9211,2130004,CIRRUS DESIGN CORP,SR22T,SR Series,1,2023,7,WY,S,US,20260731,20260318,20230502,4,1,V,
394TS,11023,2130000,CIRRUS DESIGN CORP,SR20,SR Series,1,2025,5,TX,2,US,20251228,20251228,20251104,4,1,V,
394WT,0165,2130001,CIRRUS DESIGN CORP,SR22,SR Series,1,2002,1,CA,4,US,20230728,20220425,20020228,4,1,V,
395CD,1263,2130001,CIRRUS DESIGN CORP,SR22,SR Series,1,2005,1,MA,E,US,20260717,20260717,20050111,4,1,V,
395CP,3149,2130001,CIRRUS DESIGN CORP,SR22,SR Series,1,2008,1,FL,7,US,20250701,20210602,20080731,4,1,V,
395DA,11399,2130004,CIRRUS DESIGN CORP,SR22T,SR Series,1,2026,8,MN,C,US,20260126,,20260602,4,1,M,
395LM,1395,2130001,CIRRUS DESIGN CORP,SR22,SR Series,1,2005,7,KS,3,US,20230810,20230810,20050407,4,1,V,
395SB,1769,2130000,CIRRUS DESIGN CORP,SR20,SR Series,1,2007,3,PA,1,US,20230811,20130618,20070118,4,1,V,
395TS,11035,2130000,CIRRUS DESIGN CORP,SR20,SR Series,1,2025,5,TX,2,US,20251228,20251228,20251103,4,1,V,
397AG,11493,2130004,CIRRUS DESIGN CORP,SR22T,SR Series,1,,8,MN,C,US,20260512,,,4,1,M,
397DD,9131,2130004,CIRRUS DESIGN CORP,SR22T,SR Series,1,2023,7,DC,1,US,20230525,20230525,20230330,4,1,V,
397JD,0291,2130010,CIRRUS DESIGN CORP,SF50,Vision Jet,1,2021,7,GA,7,US,20250130,20220113,20210915,4,5,V,
398DL,10720,2130004,CIRRUS DESIGN CORP,SR22T,SR Series,1,2025,4,IA,3,US,20251202,20250928,20250603,4,1,V,
398E,10390,2130004,CIRRUS DESIGN CORP,SR22T,SR Series,1,2024,7,FL,7,US,20250127,20250127,20241220,4,1,V,
398JT,9238,2130004,CIRRUS DESIGN CORP,SR22T,SR Series,1,2023,7,MD,1,US,20230727,20230727,20230516,4,1,V,
398MW,4010,2130001,CIRRUS DESIGN CORP,SR22,SR Series,1,2013,7,OH,C,US,20260805,20260805,20131014,4,1,V,
399BW,11156,2130004,CIRRUS DESIGN CORP,SR22T,SR Series,1,2026,7,SC,7,US,20260319,20260319,20260117,4,1,V,
399DD,4927,2130001,CIRRUS DESIGN CORP,SR22,SR Series,1,2020,7,GA,7,US,20230317,20200908,20200714,4,1,V,
399DZ,11360,2130004,CIRRUS DESIGN CORP,SR22T,SR Series,1,2026,8,MN,C,US,20260211,,20260506,4,1,M,
399SM,1820,2130004,CIRRUS DESIGN CORP,SR22T,SR Series,1,2018,7,FL,7,US,20230830,20190108,20181031,4,1,V,
39AA,4883,2130001,CIRRUS DESIGN CORP,SR22,SR Series,1,2020,3,UT,S,US,20230208,20230208,20200210,4,1,V,
39AS,11343,2130000,CIRRUS DESIGN CORP,SR20,SR Series,1,2026,7,NV,4,US,20260715,20260715,20260422,4,1,V,
39CD,1466,2130004,CIRRUS DESIGN CORP,SR22T,SR Series,1,2016,7,TX,2,US,20250305,20220514,20161207,4,1,V,
39CK,9935,2130000,CIRRUS DESIGN CORP,SR20,SR Series,1,2024,7,FL,7,US,20250205,20250205,20240612,4,1,V,
39EE,3775,2130001,CIRRUS DESIGN CORP,SR22,SR Series,1,2011,1,TX,2,US,20230811,20190605,20110727,4,1,V,
39JG,8880,2130000,CIRRUS DESIGN CORP,SR20,SR Series,1,2022,7,FL,7,US,20230225,20230225,20221014,4,1,V,
39JS,9163,2130004,CIRRUS DESIGN CORP,SR22T,SR Series,1,2023,3,MT,S,US,20251031,20251031,20230411,4,1,V,
39KC,10373,2130001,CIRRUS DESIGN CORP,SR22,SR Series,1,2024,7,DE,1,US,20250123,20250123,20241224,4,1,V,
39KD,1659,2130000,CIRRUS DESIGN CORP,SR20,SR Series,1,2006,7,LA,2,US,20230304,20230304,20060522,4,1,V,
39LF,9531,2130004,CIRRUS DESIGN CORP,SR22T,SR Series,1,2023,1,TX,2,US,20250531,20240108,20231105,4,1,V,
39MB,1199,2130000,CIRRUS DESIGN CORP,SR20,SR Series,1,2002,7,DE,1,US,20241122,20150324,20020522,4,1,V,
39VF,2231,2130004,CIRRUS DESIGN CORP,SR22T,SR Series,1,2020,3,NC,1,US,20241023,20240712,20201219,4,1,V,
39VP,0848,2130004,CIRRUS DESIGN CORP,SR22T,SR Series,1,2014,7,DE,1,US,20250618,20250618,20140814,4,1,V,
39WV,3196,2130001,CIRRUS DESIGN CORP,SR22,SR Series,1,2008,7,OK,2,US,20250902,20230621,20080811,4,1,V,
3AF,10568,2130004,CIRRUS DESIGN CORP,SR22T,SR Series,1,2025,7,OK,2,US,20250416,20250416,20250319,4,1,V,
3CB,11083,2130004,CIRRUS DESIGN CORP,SR22T,SR Series,1,2025,7,FL,7,US,20260411,20260203,20251123,4,1,V,
3CC,1807,2130004,CIRRUS DESIGN CORP,SR22T,SR Series,1,2018,7,AL,7,US,20250422,20190103,20181015,4,1,V,
3CD,0627,2130010,CIRRUS DESIGN CORP,SF50,Vision Jet,1,2025,7,ID,S,US,20260410,20250326,20250228,4,5,V,
3CF,10580,2130001,CIRRUS DESIGN CORP,SR22,SR Series,1,2025,7,NC,1,US,20250429,20250429,20250328,4,1,V,
3CK,1805,2130004,CIRRUS DESIGN CORP,SR22T,SR Series,1,2018,7,WA,S,US,20230512,20210507,20181011,4,1,V,
3CW,0643,2130010,CIRRUS DESIGN CORP,SF50,Vision Jet,1,2025,7,ND,C,US,20251222,20250506,20250415,4,5,V,
3EE,0427,2130010,CIRRUS DESIGN CORP,SF50,Vision Jet,1,2023,7,DE,1,US,20240905,20230727,20230131,4,5,V,
3GW,10381,2130004,CIRRUS DESIGN CORP,SR22T,SR Series,1,2024,7,IL,C,US,20250320,20250320,20241221,4,1,V,
3HJ,9048,2130004,CIRRUS DESIGN CORP,SR22T,SR Series,1,2023,7,NE,3,US,20250430,20231206,20230126,4,1,V,
3LW,0347,2130001,CIRRUS DESIGN CORP,SR22,SR Series,1,2002,7,WI,C,US,20260120,20180516,20021016,4,1,V,
3Q,0309,2130010,CIRRUS DESIGN CORP,SF50,Vision Jet,1,2021,7,IL,C,US,20260718,20260708,20211029,4,5,V,
3QE,10147,2130004,CIRRUS DESIGN CORP,SR22T,SR Series,1,2023,3,FL,7,US,20240920,20240920,20240814,4,1,V,
3YH,0239,2130001,CIRRUS DESIGN CORP,SR22,SR Series,1,2002,1,WA,S,US,20240420,20240420,20020612,4,1,V,
3ZG,1572,2130001,CIRRUS DESIGN CORP,SR22,SR Series,1,,1,AL,7,US,20230929,20230107,20050823,4,1,V,
3ZL,1536,2130000,CIRRUS DESIGN CORP,SR20,SR Series,1,2005,7,FL,7,US,20230512,20210513,20050712,4,1,V,
400AR,3684,2130001,CIRRUS DESIGN CORP,SR22,SR Series,1,2010,7,FL,7,US,20230909,20101001,20100909,4,1,V,
400EJ,1245,2130004,CIRRUS DESIGN CORP,SR22T,SR Series,1,2016,7,AZ,4,US,20230825,20220812,20160128,4,1,V,
400JV,4958,2130001,CIRRUS DESIGN CORP,SR22,SR Series,1,2020,7,FL,7,US,20230414,20210116,20201015,4,1,V,
400MH,0834,2130004,CIRRUS DESIGN CORP,SR22T,SR Series,1,,7,DE,1,US,20241205,20241205,20140729,4,1,V,
400MP,11486,2130004,CIRRUS DESIGN CORP,SR22T,SR Series,1,,8,MN,C,US,20260512,,,4,1,M,
400SU,2787,2130000,CIRRUS DESIGN CORP,SR20,SR Series,1,2022,7,OK,2,US,20230811,20220613,20220112,4,1,V,
400TF,9243,2130004,CIRRUS DESIGN CORP,SR22T,SR Series,1,2023,7,NY,1,US,20230809,20230809,20230523,4,1,V,
400TN,2957,2130001,CIRRUS DESIGN CORP,SR22,SR Series,1,2008,7,SC,7,US,20230519,20180601,20080312,4,1,V,
400VT,4018,2130001,CIRRUS DESIGN CORP,SR22,SR Series,1,2013,7,WY,S,US,20260520,20241003,20131119,4,1,V,
401BR,10683,2130001,CIRRUS DESIGN CORP,SR22,SR Series,1,2025,4,CT,E,US,20250620,20250620,20250520,4,1,V,
401MH,4265,2130001,CIRRUS DESIGN CORP,SR22,SR Series,1,2015,3,WA,S,US,20260223,20260223,20151104,4,1,V,
401RG,10465,2130004,CIRRUS DESIGN CORP,SR22T,SR Series,1,2025,7,IA,3,US,20250311,20250311,20250216,4,1,V,
401SA,10598,2130000,CIRRUS DESIGN CORP,SR20,SR Series,1,2025,1,CA,4,US,20250502,20250502,20250402,4,1,V,
401SD,10171,2130004,CIRRUS DESIGN CORP,SR22T,SR Series,1,2024,7,VA,1,US,20240924,20240924,20240828,4,1,V,
401TM,11389,2130001,CIRRUS DESIGN CORP,SR22,SR Series,1,2026,7,FL,7,US,20260806,20260806,20260512,4,1,V,
401TT,2920,2130001,CIRRUS DESIGN CORP,SR22,SR Series,1,2008,3,IL,C,US,20250917,20250917,20080124,4,1,V,
401ZP,0938,2130004,CIRRUS DESIGN CORP,SR22T,SR Series,1,2014,4,MN,C,US,20231208,20231208,20141217,4,1,V,
402AV,8673,2130000,CIRRUS DESIGN CORP,SR20,SR Series,1,2022,7,AZ,4,US,20230922,20221223,20220610,4,1,V,
402BC,9125,2130004,CIRRUS DESIGN CORP,SR22T,SR Series,1,2023,7,MT,S,US,20240615,20240615,20230315,4,1,V,
402CK,3404,2130001,CIRRUS DESIGN CORP,SR22,SR Series,1,2009,7,NC,1,US,20230902,20220922,20090205,4,1,V,
402HE,10737,2130004,CIRRUS DESIGN CORP,SR22T,SR Series,1,2025,1,NE,3,US,20250723,20250723,20250612,4,1,V,
402JD,3101,2130001,CIRRUS DESIGN CORP,SR22,SR Series,1,,7,DE,1,US,20230930,20110127,,4,1,V,
402WF,8914,2130004,CIRRUS DESIGN CORP,SR22T,SR Series,1,2022,7,NE,3,US,20250411,20240506,20221118,4,1,V,
402ZB,0574,2130010,CIRRUS DESIGN CORP,SF50,Vision Jet,1,2024,7,FL,7,US,20240930,20240930,20240822,4,5,V,
4031,5025,2130001,CIRRUS DESIGN CORP,SR22,SR Series,1,2021,7,TX,2,US,20231014,20231014,20210408,4,1,V,
403AV,8741,2130000,CIRRUS DESIGN CORP,SR20,SR Series,1,2022,7,AZ,4,US,20230929,20230113,20220711,4,1,V,
403BB,10463,2130000,CIRRUS DESIGN CORP,SR20,SR Series,1,2025,7,WA,S,US,20250403,20250402,20250206,4,1,V,
403BJ,1665,2130000,CIRRUS DESIGN CORP,SR20,SR Series,1,2006,1,PA,1,US,20230421,20210220,20060523,4,1,V,
403CD,1406,2130001,CIRRUS DESIGN CORP,SR22,SR Series,1,2005,7,MN,C,US,20230304,20050620,20050422,4,1,V,
403CT,0973,2130001,CIRRUS DESIGN CORP,SR22,SR Series,1,2004,7,MT,S,US,20260607,20260130,20040614,4,1,V,
403KG,9335,2130004,CIRRUS DESIGN CORP,SR22T,SR Series,1,2023,7,MI,C,US,20260127,20230826,20230718,4,1,V,
403PL,0860,2130004,CIRRUS DESIGN CORP,SR22T,SR Series,1,2014,7,FL,7,US,20260319,20260319,20140828,4,1,V,
403PT,2404,2130001,CIRRUS DESIGN CORP,SR22,SR Series,1,2007,7,UT,S,US,20230811,20220617,20070313,4,1,V,
403TX,0610,2130010,CIRRUS DESIGN CORP,SF50,Vision Jet,1,2024,3,IN,C,US,20250115,20250115,20241217,4,5,V,
404BT,10258,2130001,CIRRUS DESIGN CORP,SR22,SR Series,1,2024,7,CA,4,US,20241109,20241109,20241023,4,1,V,
404CC,11571,2130000,CIRRUS DESIGN CORP,SR20,SR Series,1,,8,MN,C,US,20260612,,,4,1,M,
404SB,10404,2130004,CIRRUS DESIGN CORP,SR22T,SR Series,1,2025,7,AZ,4,US,20260204,20260204,20250103,4,1,V,
404SG,5036,2130001,CIRRUS DESIGN CORP,SR22,SR Series,1,2021,7,SC,7,US,20251021,20251021,20210504,4,1,V,
404SH,9879,2130000,CIRRUS DESIGN CORP,SR20,SR Series,1,2024,7,WA,S,US,20240624,20240624,20240429,4,1,V,
404YZ,2701,2130000,CIRRUS DESIGN CORP,SR20,SR Series,1,2021,7,MN,C,US,20241104,20241104,20210415,4,1,V,
405AV,8756,2130000,CIRRUS DESIGN CORP,SR20,SR Series,1,2022,7,AZ,4,US,20230929,20230114,20220718,4,1,V,
405CD,0944,2130001,CIRRUS DESIGN CORP,SR22,SR Series,1,2004,3,NJ,1,US,20240226,20220510,20040521,4,1,V,
405MK,1579,2130004,CIRRUS DESIGN CORP,SR22T,SR Series,1,2017,7,CO,S,US,20251118,20251118,20170807,4,1,V,
405SR,2426,2130001,CIRRUS DESIGN CORP,SR22,SR Series,1,2007,3,OK,2,US,20230610,20120925,20070404,4,1,V,
406AW,0655,2130010,CIRRUS DESIGN CORP,SF50,Vision Jet,1,2025,7,MT,S,US,20250603,20250603,20250522,4,5,V,
406C,0371,2130001,CIRRUS DESIGN CORP,SR22,SR Series,1,2002,1,NC,1,US,20250212,20250212,20021109,4,1,V,
406CA,11200,2130000,CIRRUS DESIGN CORP,SR20,SR Series,1,2026,7,DE,1,US,20260510,20260510,20260207,4,1,V,
406DW,10351,2130004,CIRRUS DESIGN CORP,SR22T,SR Series,1,2024,7,WA,S,US,20250107,20250107,20241130,4,1,V,
406JC,9226,2130004,CIRRUS DESIGN CORP,SR22T,SR Series,1,2023,7,MT,S,US,20250910,20250509,20230530,4,1,V,
406ND,1597,2130000,CIRRUS DESIGN CORP,SR20,SR Series,1,,7,OK,2,US,20250108,20130912,20051215,4,1,V,
406PK,10796,2130004,CIRRUS DESIGN CORP,SR22T,SR Series,1,2025,7,MT,S,US,20260310,20251014,20250719,4,1,V,
406SJ,0591,2130010,CIRRUS DESIGN CORP,SF50,Vision Jet,1,2024,1,MT,S,US,20241113,20241113,20241023,4,5,V,
406SR,2298,2130001,CIRRUS DESIGN CORP,SR22,SR Series,1,2006,4,OH,C,US,20230428,20180313,20061227,4,1,V,
406TL,0668,2130010,CIRRUS DESIGN CORP,SF50,Vision Jet,1,2025,7,MT,S,US,20251231,20250710,20250630,4,5,V,
406WK,0690,2130010,CIRRUS DESIGN CORP,SF50,Vision Jet,1,2025,7,MT,S,US,20250923,20250923,20250904,4,5,V,
407AV,8771,2130000,CIRRUS DESIGN CORP,SR20,SR Series,1,2022,7,AZ,4,US,20230204,20230204,20220814,4,1,V,
407CD,1005,2130001,CIRRUS DESIGN CORP,SR22,SR Series,1,2004,1,GA,7,US,20230718,20160219,20040708,4,1,V,
407KP,4687,2130001,CIRRUS DESIGN CORP,SR22,SR Series,1,2018,7,AR,2,US,20230915,20221119,20180910,4,1,V,
407ST,8917,2130001,CIRRUS DESIGN CORP,SR22,SR Series,1,2022,4,GA,7,US,20250805,20250805,20221105,4,1,V,
408AV,8778,2130000,CIRRUS DESIGN CORP,SR20,SR Series,1,2022,7,AZ,4,US,20230207,20230207,20220816,4,1,V,
408CD,1464,2130001,CIRRUS DESIGN CORP,SR22,SR Series,1,2005,4,AZ,4,US,20240523,20240523,20050601,4,1,V,
408JH,8906,2130000,CIRRUS DESIGN CORP,SR20,SR Series,1,2022,7,MS,2,US,20230319,20230319,20221203,4,1,V,
408KM,8968,2130001,CIRRUS DESIGN CORP,SR22,SR Series,1,2022,7,TX,2,US,20231207,20231207,20221208,4,1,V,
408ND,1599,2130000,CIRRUS DESIGN CORP,SR20,SR Series,1,2005,1,AL,7,US,20230804,20090114,20051215,4,1,V,
408PG,2984,2130001,CIRRUS DESIGN CORP,SR22,SR Series,1,2008,7,TX,2,US,20230401,20171109,20080401,4,1,V,
408RF,9895,2130001,CIRRUS DESIGN CORP,SR22,SR Series,1,2024,3,SC,7,US,20240610,20240610,20240428,4,1,V,
408RW,0461,2130010,CIRRUS DESIGN CORP,SF50,Vision Jet,1,2023,7,FL,7,US,20240228,20240228,20230605,4,5,V,
408WG,3565,2130001,CIRRUS DESIGN CORP,SR22,SR Series,1,2009,7,TN,3,US,20230421,20210225,20091130,4,1,V,
408WT,2063,2130004,CIRRUS DESIGN CORP,SR22T,SR Series,1,2020,7,IA,3,US,20240605,20240605,20200130,4,1,V,
409AV,8794,2130000,CIRRUS DESIGN CORP,SR20,SR Series,1,2022,7,AZ,4,US,20230209,20230209,20220826,4,1,V,
409CD,1286,2130001,CIRRUS DESIGN CORP,SR22,SR Series,1,2005,7,OH,C,US,20250301,,20050125,4,1,V,
409CF,1600,2130000,CIRRUS DESIGN CORP,SR20,SR Series,1,2005,1,NY,1,US,20230505,20210408,20090727,4,1,V,
40AD,11540,2130000,CIRRUS DESIGN CORP,SR20,SR Series,1,,8,MN,C,US,20260609,,,4,1,M,
40GD,0473,2130001,CIRRUS DESIGN CORP,SR22,SR Series,1,2003,7,FL,7,US,20230317,20200915,20030318,4,1,V,
40NF,9870,2130004,CIRRUS DESIGN CORP,SR22T,SR Series,1,2024,7,TX,2,US,20260115,20240508,20240412,4,1,V,
40YM,10616,2130001,CIRRUS DESIGN CORP,SR22,SR Series,1,2025,7,NY,1,US,20250603,20250603,20250427,4,1,V,
410AS,9822,2130004,CIRRUS DESIGN CORP,SR22T,SR Series,1,2024,7,TN,3,US,20240409,20240409,20240313,4,1,V,
410AV,8808,2130000,CIRRUS DESIGN CORP,SR20,SR Series,1,2022,7,AZ,4,US,20230215,20230215,20220915,4,1,V,
410CF,0728,2130010,CIRRUS DESIGN CORP,SF50,Vision Jet,1,2026,7,TX,2,US,20260320,20260320,20260114,4,5,V,
410FC,9146,2130000,CIRRUS DESIGN CORP,SR20,SR Series,1,2023,3,IL,C,US,20231215,20231214,20230330,4,1,V,
410HB,2123,2130004,CIRRUS DESIGN CORP,SR22T,SR Series,1,2020,7,WY,S,US,20260806,20240607,20200611,4,1,V,
410JD,11001,2130004,CIRRUS DESIGN CORP,SR22T,SR Series,1,2025,7,TN,3,US,20251129,20251129,20251020,4,1,V,
410MP,5005,2130001,CIRRUS DESIGN CORP,SR22,SR Series,1,2021,7,FL,7,US,20250816,20250816,20210225,4,1,V,
410PP,3600,2130001,CIRRUS DESIGN CORP,SR22,SR Series,1,2010,3,OK,2,US,20230310,20110831,20100112,4,1,V,
410SM,1077,2130004,CIRRUS DESIGN CORP,SR22T,SR Series,1,2015,7,TX,2,US,20230603,20150825,20150630,4,1,V,
410SR,2138,2130001,CIRRUS DESIGN CORP,SR22,SR Series,1,2006,1,WI,C,US,20230818,20100222,20060913,4,1,V,
410SU,2771,2130000,CIRRUS DESIGN CORP,SR20,SR Series,1,2021,7,OK,2,US,20230825,20220804,20211218,4,1,V,
410VV,3394,2130001,CIRRUS DESIGN CORP,SR22,SR Series,1,,4,NC,1,US,20241112,20240328,20090724,4,1,V,
411AP,0215,2130001,CIRRUS DESIGN CORP,SR22,SR Series,1,2002,7,KS,3,US,20260507,20260507,20020525,4,1,V,
411B,1865,2130001,CIRRUS DESIGN CORP,SR22,SR Series,1,2006,7,GA,7,US,20250610,20250610,20060323,4,1,V,
411DB,0714,2130010,CIRRUS DESIGN CORP,SF50,Vision Jet,1,2025,7,NC,1,US,20251229,20251229,20251121,4,5,V,
411DT,3678,2130001,CIRRUS DESIGN CORP,SR22,SR Series,1,2010,1,IN,C,US,20241213,20240711,20100913,4,1,V,
411EP,10607,2130001,CIRRUS DESIGN CORP,SR22,SR Series,1,2025,7,NJ,1,US,20250731,20250731,20250408,4,1,V,
411EW,0250,2130001,CIRRUS DESIGN CORP,SR22,SR Series,1,,7,GA,7,US,20230818,20160714,,4,1,V,
411GT,1714,2130001,CIRRUS DESIGN CORP,SR22,SR Series,1,2005,7,FL,7,US,20231007,20170222,20051205,4,1,V,
411HZ,1568,2130001,CIRRUS DESIGN CORP,SR22,SR Series,1,2005,7,KY,3,US,20260416,20260416,20050822,4,1,V,
411LG,2426,2130004,CIRRUS DESIGN CORP,SR22T,SR Series,1,2021,7,GA,7,US,20260702,20260411,20211027,4,1,V,
411LM,2402,2130000,CIRRUS DESIGN CORP,SR20,SR Series,1,2018,7,CO,S,US,20250824,20250715,20180130,4,1,V,
411MA,3496,2130001,CIRRUS DESIGN CORP,SR22,SR Series,1,,1,CA,4,US,20230811,20220609,20090819,4,1,V,
411PK,3368,2130001,CIRRUS DESIGN CORP,SR22,SR Series,1,2008,3,GA,7,US,20260504,20260504,20081215,4,1,V,
411RC,8943,2130004,CIRRUS DESIGN CORP,SR22T,SR Series,1,2022,7,CA,4,US,20250127,20250127,20221128,4,1,V,
411SA,1967,2130001,CIRRUS DESIGN CORP,SR22,SR Series,1,2006,4,AL,7,US,20240406,20240406,20060524,4,1,V,
411SE,0897,2130004,CIRRUS DESIGN CORP,SR22T,SR Series,1,2014,7,TX,2,US,20230603,20180815,20141120,4,1,V,
411SK,4582,2130001,CIRRUS DESIGN CORP,SR22,SR Series,1,2017,7,FL,7,US,20230401,20171113,20170927,4,1,V,
411SR,2518,2130001,CIRRUS DESIGN CORP,SR22,SR Series,1,2007,7,IL,C,US,20230818,20190709,20070523,4,1,V,
411TH,0061,2130004,CIRRUS DESIGN CORP,SR22T,SR Series,1,2010,7,NY,1,US,20240317,20240317,20101222,4,1,V,
411UM,8802,2130004,CIRRUS DESIGN CORP,SR22T,SR Series,1,2022,4,TN,3,US,20230616,20230616,20220829,4,1,V,
411VT,0393,2130001,CIRRUS DESIGN CORP,SR22,SR Series,1,2002,7,NC,1,US,20260228,20260228,20021120,4,1,V,
411WB,10643,2130004,CIRRUS DESIGN CORP,SR22T,SR Series,1,2025,7,CA,4,US,20251107,20250808,20250506,4,1,V,
411YP,10581,2130004,CIRRUS DESIGN CORP,SR22T,SR Series,1,2025,7,UT,S,US,20250527,20250527,20250325,4,1,V,
4122P,9394,2130001,CIRRUS DESIGN CORP,SR22,SR Series,1,2023,7,CA,4,US,20230901,20230901,20230822,4,1,V,
412AG,2331,2130004,CIRRUS DESIGN CORP,SR22T,SR Series,1,2021,7,CO,S,US,20230603,20210817,20210528,4,1,V,
412BS,1258,2130004,CIRRUS DESIGN CORP,SR22T,SR Series,1,2016,7,CT,E,US,20230516,20230304,20160222,4,1,V,
412CG,0992,2130004,CIRRUS DESIGN CORP,SR22T,SR Series,1,2015,4,FL,7,US,20230428,20150330,20150310,4,1,V,
412CK,1900,2130004,CIRRUS DESIGN CORP,SR22T,SR Series,1,2019,7,OH,C,US,20240815,20240815,20190410,4,1,V,
412CP,3457,2130001,CIRRUS DESIGN CORP,SR22,SR Series,1,2009,1,NC,1,US,20230407,20201208,20090610,4,1,V,
412CR,9940,2130004,CIRRUS DESIGN CORP,SR22T,SR Series,1,2024,7,,,,20240727,20240727,20240509,4,1,V,
412DJ,1433,2130001,CIRRUS DESIGN CORP,SR22,SR Series,1,2005,1,NM,2,US,20230915,20221128,20050506,4,1,V,
412JJ,2846,2130001,CIRRUS DESIGN CORP,SR22,SR Series,1,2007,7,KY,3,US,20230722,20220303,20071231,4,1,V,
412MF,11660,2130004,CIRRUS DESIGN CORP,SR22T,SR Series,1,,8,MN,C,US,20260715,,,4,1,M,
412MM,1285,2130000,CIRRUS DESIGN CORP,SR20,SR Series,1,2003,1,TX,2,US,20250519,20250519,20030209,4,1,V,
412MS,2292,2130004,CIRRUS DESIGN CORP,SR22T,SR Series,1,2021,7,TN,3,US,20230221,20230221,20210422,4,1,V,
412PA,9078,2130004,CIRRUS DESIGN CORP,SR22T,SR Series,1,2023,7,FL,7,US,20260112,20240113,20230307,4,1,V,
412PG,11276,2130001,CIRRUS DESIGN CORP,SR22,SR Series,1,2026,7,VA,1,US,20260602,20260602,20260321,4,1,V,
412SR,2176,2130001,CIRRUS DESIGN CORP,SR22,SR Series,1,2006,7,VA,1,US,20230421,20210224,20061004,4,1,V,
412TK,0552,2130001,CIRRUS DESIGN CORP,SR22,SR Series,1,,4,CA,4,US,20230707,20220106,20030620,4,1,V,
412WD,10948,2130004,CIRRUS DESIGN CORP,SR22T,SR Series,1,2025,3,KS,3,US,20251212,20251212,20251002,4,1,V,
412YZ,9089,2130004,CIRRUS DESIGN CORP,SR22T,SR Series,1,2023,7,FL,7,US,20260414,20251028,20230212,4,1,V,
413AC,9079,2130004,CIRRUS DESIGN CORP,SR22T,SR Series,1,2023,7,MA,E,US,20230526,20230516,20230309,4,1,V,
413AK,4429,2130001,CIRRUS DESIGN CORP,SR22,SR Series,1,2016,7,CA,4,US,20230728,20220421,20161212,4,1,V,
413AP,1685,2130004,CIRRUS DESIGN CORP,SR22T,SR Series,1,2018,7,IL,C,US,20230414,20210105,20180221,4,1,V,
413AR,0437,2130010,CIRRUS DESIGN CORP,SF50,Vision Jet,1,2023,8,MN,C,US,20260106,20260106,20230308,4,5,V,
413AV,8815,2130000,CIRRUS DESIGN CORP,SR20,SR Series,1,2022,7,AZ,4,US,20230215,20230215,20220912,4,1,V,
413CN,3651,2130001,CIRRUS DESIGN CORP,SR22,SR Series,1,2010,7,TN,3,US,20231003,20231003,20100625,4,1,V,
413CP,3257,2130001,CIRRUS DESIGN CORP,SR22,SR Series,1,2008,7,FL,7,US,20250801,20250801,20080910,4,1,V,
413ET,1689,2130000,CIRRUS DESIGN CORP,SR20,SR Series,1,2006,1,CA,4,US,20230701,20151205,20060712,4,1,V,
413JD,8806,2130004,CIRRUS DESIGN CORP,SR22T,SR Series,1,2022,7,GA,7,US,20230208,20230208,20220829,4,1,V,
413MP,2203,2130004,CIRRUS DESIGN CORP,SR22T,SR Series,1,2020,7,PA,1,US,20240714,20210202,20201118,4,1,V,
413MR,2447,2130000,CIRRUS DESIGN CORP,SR20,SR Series,1,2018,7,KS,3,US,20230414,20210115,20180524,4,1,V,
413P,1073,2130001,CIRRUS DESIGN CORP,SR22,SR Series,1,2004,7,IN,C,US,20250924,20250924,20040908,4,1,V,
413PT,2133,2130000,CIRRUS DESIGN CORP,SR20,SR Series,1,2012,7,FL,7,US,20240607,20240607,20120214,4,1,V,
413RS,11460,2130001,CIRRUS DESIGN CORP,SR22,SR Series,1,,7,FL,7,US,20260626,20260626,,4,1,V,
413SR,1936,2130001,CIRRUS DESIGN CORP,SR22,SR Series,1,2006,7,LA,2,US,20241210,20241210,20060504,4,1,V,
413TL,4338,2130001,CIRRUS DESIGN CORP,SR22,SR Series,1,2016,7,TX,2,US,20241130,20241130,20160427,4,1,V,
413WM,10413,2130004,CIRRUS DESIGN CORP,SR22T,SR Series,1,2025,8,MN,C,US,20260416,20260416,20250109,4,1,V,
413WT,2409,2130000,CIRRUS DESIGN CORP,SR20,SR Series,1,2018,7,CA,4,US,20231217,20231217,20180221,4,1,V,
4141T,1442,2130001,CIRRUS DESIGN CORP,SR22,SR Series,1,2005,4,MO,3,US,20231105,20231105,20050518,4,1,V,
4141X,1716,2130001,CIRRUS DESIGN CORP,SR22,SR Series,1,2005,7,IA,3,US,20230919,20230919,20051205,4,1,V,
414CK,3414,2130001,CIRRUS DESIGN CORP,SR22,SR Series,1,2009,7,WA,S,US,20230414,20120123,20090313,4,1,V,
414CP,3209,2130001,CIRRUS DESIGN CORP,SR22,SR Series,1,2008,7,IN,C,US,20230804,20160503,20080818,4,1,V,
414GK,1556,2130004,CIRRUS DESIGN CORP,SR22T,SR Series,1,2017,7,TX,2,US,20251220,20251220,20170619,4,1,V,
414KG,8694,2130004,CIRRUS DESIGN CORP,SR22T,SR Series,1,2022,7,AZ,4,US,20240815,20240322,20220626,4,1,V,
414LE,9794,2130004,CIRRUS DESIGN CORP,SR22T,SR Series,1,2024,3,KY,3,US,20250523,,20240222,4,1,V,
414TX,1165,2130001,CIRRUS DESIGN CORP,SR22,SR Series,1,2004,7,DE,1,US,20230930,20200102,20041109,4,1,V,
415AB,1748,2130000,CIRRUS DESIGN CORP,SR20,SR Series,1,2006,1,GA,7,US,20250604,20250604,20061118,4,1,V,
415AR,1815,2130004,CIRRUS DESIGN CORP,SR22T,SR Series,1,2018,7,OR,S,US,20260120,20260120,20181101,4,1,V,
415BB,2083,2130001,CIRRUS DESIGN CORP,SR22,SR Series,1,2006,7,NC,1,US,20260802,20260802,20060810,4,1,V,
415BJ,1600,2130004,CIRRUS DESIGN CORP,SR22T,SR Series,1,2017,1,TX,2,US,20240312,20240312,20170912,4,1,V,
415DG,0553,2130004,CIRRUS DESIGN CORP,SR22T,SR Series,1,2013,7,DE,1,US,20230922,20221207,20130711,4,1,V,
415GE,0693,2130001,CIRRUS DESIGN CORP,SR22,SR Series,1,,7,DE,1,US,20230915,20221108,20031004,4,1,V,
415GF,0067,2130001,CIRRUS DESIGN CORP,SR22,SR Series,1,2001,3,WY,S,US,20260129,20260129,20010727,4,1,V,
415JK,0357,2130004,CIRRUS DESIGN CORP,SR22T,SR Series,1,2012,7,CA,4,US,20230324,20201019,20120801,4,1,V,
415JT,2314,2130004,CIRRUS DESIGN CORP,SR22T,SR Series,1,2021,7,OK,2,US,20250523,20250523,20210428,4,1,V,
415LX,4225,2130001,CIRRUS DESIGN CORP,SR22,SR Series,1,2015,7,NH,E,US,20260608,20260608,20150715,4,1,V,
415PJ,0002,2130001,CIRRUS DESIGN CORP,SR22,SR Series,1,,3,CA,4,US,20230708,20230708,20010131,4,1,V,
415PW,4965,2130001,CIRRUS DESIGN CORP,SR22,SR Series,1,,4,CA,4,US,20230407,20201208,,4,1,V,
415SK,0979,2130004,CIRRUS DESIGN CORP,SR22T,SR Series,1,2015,4,NV,4,US,20230225,20230225,20150213,4,1,V,
415TL,2041,2130001,CIRRUS DESIGN CORP,SR22,SR Series,1,2006,4,GA,7,US,20250301,20250301,20060710,4,1,V,
415WB,4296,2130001,CIRRUS DESIGN CORP,SR22,SR Series,1,2015,1,TX,2,US,20260730,20260730,20151228,4,1,V,
415WM,1005,2130000,CIRRUS DESIGN CORP,SR20,SR Series,1,1999,2,UT,S,US,20250115,20250115,19990720,4,1,V,
415WY,0082,2130010,CIRRUS DESIGN CORP,SF50,Vision Jet,1,2018,7,DE,1,US,20250923,20250806,20181018,4,5,V,
416CD,1820,2130001,CIRRUS DESIGN CORP,SR22,SR Series,1,2006,1,OR,S,US,20230519,20210623,20060220,4,1,V,
416CE,4782,2130001,CIRRUS DESIGN CORP,SR22,SR Series,1,2019,7,FL,7,US,20250108,20250108,20190507,4,1,V,
416G,0310,2130001,CIRRUS DESIGN CORP,SR22,SR Series,1,2002,1,WA,S,US,20251020,20251020,20020816,4,1,V,
416LA,2480,2130004,CIRRUS DESIGN CORP,SR22T,SR Series,1,2021,7,NV,4,US,20230804,20220523,20211226,4,1,V,
416PC,4329,2130001,CIRRUS DESIGN CORP,SR22,SR Series,1,2016,7,TX,2,US,20260401,20260401,20160408,4,1,V,
416S,0020,2130001,CIRRUS DESIGN CORP,SR22,SR Series,1,2001,4,FL,7,US,20240415,20211102,20010514,4,1,V,
416TD,3398,2130001,CIRRUS DESIGN CORP,SR22,SR Series,1,2009,7,DE,1,US,20230122,20110613,20090701,4,1,V,
416WB,2540,2130001,CIRRUS DESIGN CORP,SR22,SR Series,1,2007,7,UT,S,US,20240219,20240219,20070613,4,1,V,
417AK,1625,2130004,CIRRUS DESIGN CORP,SR22T,SR Series,1,2017,7,OR,S,US,20250610,20250610,20171102,4,1,V,
417AT,10417,2130004,CIRRUS DESIGN CORP,SR22T,SR Series,1,2025,7,IN,C,US,20250305,20250305,20250119,4,1,V,
417BS,1739,2130004,CIRRUS DESIGN CORP,SR22T,SR Series,1,2018,4,KS,3,US,20250115,20250115,20180612,4,1,V,
417DA,9093,2130004,CIRRUS DESIGN CORP,SR22T,SR Series,1,2023,7,CA,4,US,20240126,20230510,20230302,4,1,V,
417DT,11255,2130004,CIRRUS DESIGN CORP,SR22T,SR Series,1,2026,7,DE,1,US,20260531,20260531,20260319,4,1,V,
417EE,10822,2130004,CIRRUS DESIGN CORP,SR22T,SR Series,1,2025,1,NY,1,US,20251119,,20250812,4,1,R,
417EV,11069,2130000,CIRRUS DESIGN CORP,SR20,SR Series,1,2025,4,AL,7,US,20260422,20260207,20251202,4,1,V,
417FT,2339,2130000,CIRRUS DESIGN CORP,SR20,SR Series,1,2017,7,,,,20230718,20220226,20170526,4,1,V,
417JR,0222,2130001,CIRRUS DESIGN CORP,SR22,SR Series,1,,7,SC,7,US,20240724,20230921,20020510,4,1,V,
417JT,1325,2130001,CIRRUS DESIGN CORP,SR22,SR Series,1,2005,1,TN,3,US,20230610,20210920,,4,1,V,
417KH,3657,2130001,CIRRUS DESIGN CORP,SR22,SR Series,1,2010,1,CA,4,US,20251130,20251130,20100616,4,1,V,
417LC,4367,2130001,CIRRUS DESIGN CORP,SR22,SR Series,1,2016,7,AR,2,US,20230825,20160818,20160623,4,1,V,
417MM,2332,2130001,CIRRUS DESIGN CORP,SR22,SR Series,1,2007,7,MO,3,US,20230722,20190322,20070123,4,1,V,
417PW,1929,2130001,CIRRUS DESIGN CORP,SR22,SR Series,1,2006,7,FL,7,US,20251125,20251125,20060518,4,1,V,
417TA,0241,2130001,CIRRUS DESIGN CORP,SR22,SR Series,1,2002,4,FL,7,US,20230414,20030807,20020614,4,1,V,
417WD,4162,2130001,CIRRUS DESIGN CORP,SR22,SR Series,1,2014,7,OK,2,US,20230512,20180531,20141229,4,1,V,
418BC,4372,2130001,CIRRUS DESIGN CORP,SR22,SR Series,1,2016,7,GA,7,US,20230922,20191216,20160721,4,1,V,
418BG,0787,2130010,CIRRUS DESIGN CORP,SF50,Vision Jet,1,,8,MN,C,US,20260324,,,4,5,M,
418CD,11328,2130000,CIRRUS DESIGN CORP,SR20,SR Series,1,2026,7,KS,3,US,20260706,20260706,20260413,4,1,V,
418DE,2498,2130000,CIRRUS DESIGN CORP,SR20,SR Series,1,2019,7,MT,S,US,20230825,20220812,20190610,4,1,V,
418DZ,2236,2130000,CIRRUS DESIGN CORP,SR20,SR Series,1,2013,1,NY,1,US,20260722,20260722,20131028,4,1,V,
418GV,10304,2130004,CIRRUS DESIGN CORP,SR22T,SR Series,1,2024,7,DE,1,US,20241206,20241206,20241101,4,1,V,
418JC,1132,2130001,CIRRUS DESIGN CORP,SR22,SR Series,1,2004,1,NE,3,US,20230610,20180918,20041020,4,1,V,
418ML,1781,2130001,CIRRUS DESIGN CORP,SR22,SR Series,1,2006,1,TN,3,US,20230818,20190703,20060125,4,1,V,
418MW,10418,2130004,CIRRUS DESIGN CORP,SR22T,SR Series,1,2025,7,CO,S,US,20250305,20250305,20250107,4,1,V,
418RM,1719,2130001,CIRRUS DESIGN CORP,SR22,SR Series,1,2005,7,KY,3,US,20240506,20231109,20051206,4,1,V,
418RS,0064,2130010,CIRRUS DESIGN CORP,SF50,Vision Jet,1,2018,7,DE,1,US,20260510,20260510,20180717,4,5,V,
418SJ,1435,2130004,CIRRUS DESIGN CORP,SR22T,SR Series,1,2016,7,AZ,4,US,20260517,20260517,20160913,4,1,V,
419CD,1377,2130001,CIRRUS DESIGN CORP,SR22,SR Series,1,2005,7,MI,C,US,20230512,20210513,20050330,4,1,V,
419KD,2225,2130004,CIRRUS DESIGN CORP,SR22T,SR Series,1,2020,7,SC,7,US,20230428,20210308,20201217,4,1,V,
419SR,1650,2130000,CIRRUS DESIGN CORP,SR20,SR Series,1,2006,3,FL,7,US,20230911,20220927,20060419,4,1,V,
419ST,1656,2130001,CIRRUS DESIGN CORP,SR22,SR Series,1,2005,1,AZ,4,US,20240318,20190813,20051025,4,1,V,
419VT,1408,2130004,CIRRUS DESIGN CORP,SR22T,SR Series,1,2016,3,TN,3,US,20230922,20161201,20160909,4,1,V,
419WM,1645,2130004,CIRRUS DESIGN CORP,SR22T,SR Series,1,2017,4,CA,4,US,20230825,20220820,20171218,4,1,V,
41AR,9835,2130004,CIRRUS DESIGN CORP,SR22T,SR Series,1,2024,7,AZ,4,US,20240607,20240607,20240314,4,1,V,
41CA,4559,2130001,CIRRUS DESIGN CORP,SR22,SR Series,1,2017,7,IL,C,US,20230407,20171215,20171114,4,1,V,
41CD,2557,2130000,CIRRUS DESIGN CORP,SR20,SR Series,1,2020,7,OH,C,US,20231016,20231016,20200321,4,1,V,
41DK,11533,2130004,CIRRUS DESIGN CORP,SR22T,SR Series,1,,8,MN,C,US,20260610,,,4,1,M,
41DW,9802,2130001,CIRRUS DESIGN CORP,SR22,SR Series,1,2024,7,CT,E,US,20251020,20251020,20240305,4,1,V,
41HA,0373,2130010,CIRRUS DESIGN CORP,SF50,Vision Jet,1,2022,7,MT,S,US,20230909,20221003,20220811,4,5,V,
41HP,0108,2130010,CIRRUS DESIGN CORP,SF50,Vision Jet,1,2019,4,AR,2,US,20240130,20221226,20190402,4,5,V,
41JG,11510,2130001,CIRRUS DESIGN CORP,SR22,SR Series,1,,8,MN,C,US,20260407,,,4,1,M,
41KB,8813,2130001,CIRRUS DESIGN CORP,SR22,SR Series,1,2022,3,DE,1,US,20230902,20220929,20220911,4,1,V,
41KG,10472,2130004,CIRRUS DESIGN CORP,SR22T,SR Series,1,2025,7,CA,4,US,20250313,20250313,20250219,4,1,V,
41LV,8994,2130004,CIRRUS DESIGN CORP,SR22T,SR Series,1,2022,7,TX,2,US,20230327,20230327,20221221,4,1,V,
41M,10719,2130001,CIRRUS DESIGN CORP,SR22,SR Series,1,2025,1,TX,2,US,20250821,20250821,20250524,4,1,V,
41MP,10305,2130000,CIRRUS DESIGN CORP,SR20,SR Series,1,2024,7,TX,2,US,20241216,20241216,20241111,4,1,V,
41PJ,3708,2130001,CIRRUS DESIGN CORP,SR22,SR Series,1,2010,3,UT,S,US,20230414,20210115,20190923,4,1,V,
41RP,1970,2130004,CIRRUS DESIGN CORP,SR22T,SR Series,1,2019,7,TX,2,US,20240711,20240711,20190828,4,1,V,
41SA,1507,2130001,CIRRUS DESIGN CORP,SR22,SR Series,1,2005,3,OH,C,US,20250827,,20050701,4,1,V,
41SM,4214,2130001,CIRRUS DESIGN CORP,SR22,SR Series,1,2015,3,GA,7,US,20230718,20190225,20150612,4,1,V,
41SZ,0188,2130010,CIRRUS DESIGN CORP,SF50,Vision Jet,1,2020,7,AZ,4,US,20260420,20200701,20200304,4,5,V,
41VU,2439,2130000,CIRRUS DESIGN CORP,SR20,SR Series,1,2018,7,GA,7,US,20260717,20260717,20180503,4,1,V,
41VV,1231,2130001,CIRRUS DESIGN CORP,SR22,SR Series,1,2004,1,AL,7,US,20260115,20260115,20041217,4,1,V,
41WV,4100,2130001,CIRRUS DESIGN CORP,SR22,SR Series,1,2014,7,NH,E,US,20230227,20230227,20140509,4,1,V,
41XP,0206,2130001,CIRRUS DESIGN CORP,SR22,SR Series,1,2002,7,TN,3,US,20240727,20240727,20020416,4,1,V,
420AA,2712,2130000,CIRRUS DESIGN CORP,SR20,SR Series,1,2021,7,MA,E,US,20240913,20210727,20210419,4,1,V,
420BL,1234,2130001,CIRRUS DESIGN CORP,SR22,SR Series,1,2004,7,IN,C,US,20230623,20211118,20041222,4,1,V,
420CP,1060,2130000,CIRRUS DESIGN CORP,SR20,SR Series,1,,1,TX,2,US,20260507,20260507,20000824,4,1,V,
420CV,0420,2130010,CIRRUS DESIGN CORP,SF50,Vision Jet,1,2022,4,FL,7,US,20240724,20240724,20221229,4,5,V,
420GW,1077,2130001,CIRRUS DESIGN CORP,SR22,SR Series,1,2004,1,FL,7,US,20230304,20170710,20040908,4,1,V,
420PB,1288,2130000,CIRRUS DESIGN CORP,SR20,SR Series,1,2003,7,NJ,1,US,20230930,20230123,20030209,4,1,V,
420SD,0035,2130004,CIRRUS DESIGN CORP,SR22T,SR Series,1,2010,7,LA,2,US,20231020,20110416,20100930,4,1,V,
420SE,2293,2130001,CIRRUS DESIGN CORP,SR22,SR Series,1,2006,1,NJ,1,US,20230915,20221128,20061221,4,1,V,
420SR,1777,2130000,CIRRUS DESIGN CORP,SR20,SR Series,1,,5,FL,7,US,20230915,20191104,,4,1,V,
420SS,8750,2130001,CIRRUS DESIGN CORP,SR22,SR Series,1,2022,3,TX,2,US,20230214,20230128,20220730,4,1,V,
420SU,8667,2130000,CIRRUS DESIGN CORP,SR20,SR Series,1,2022,7,OK,2,US,20230929,20230105,20220606,4,1,V,
421C,0434,2130001,CIRRUS DESIGN CORP,SR22,SR Series,1,2002,7,WI,C,US,20230825,20030206,20021223,4,1,V,
421CB,2363,2130004,CIRRUS DESIGN CORP,SR22T,SR Series,1,2021,7,CO,S,US,20230616,20211019,20210722,4,1,V,
421CD,1791,2130001,CIRRUS DESIGN CORP,SR22,SR Series,1,2006,7,FL,7,US,20250318,20250318,20060130,4,1,V,
421N,10103,2130004,CIRRUS DESIGN CORP,SR22T,SR Series,1,2024,4,FL,7,US,20260610,20260610,20240814,4,1,V,
422AK,4099,2130001,CIRRUS DESIGN CORP,SR22,SR Series,1,2014,7,TX,2,US,20230310,20200819,20140624,4,1,V,
422BM,10412,2130004,CIRRUS DESIGN CORP,SR22T,SR Series,1,2025,7,TX,2,US,20260213,20251102,20250111,4,1,V,
422BS,4362,2130001,CIRRUS DESIGN CORP,SR22,SR Series,1,2016,7,SC,7,US,20230909,20191010,20160622,4,1,V,
422DR,2705,2130001,CIRRUS DESIGN CORP,SR22,SR Series,1,2007,7,,8,DE,20230130,20230130,20070918,4,1,V,
422DS,10542,2130004,CIRRUS DESIGN CORP,SR22T,SR Series,1,2025,7,CA,4,US,20250519,20250519,20250311,4,1,V,
422EM,2467,2130004,CIRRUS DESIGN CORP,SR22T,SR Series,1,2021,7,WI,C,US,20230804,20220519,20211217,4,1,V,
422GH,3177,2130001,CIRRUS DESIGN CORP,SR22,SR Series,1,2008,7,FL,7,US,20240731,20080925,20080807,4,1,V,
422GK,10996,2130001,CIRRUS DESIGN CORP,SR22,SR Series,1,2025,7,SC,7,US,20251205,20251205,20251019,4,1,V,
422JM,3656,2130001,CIRRUS DESIGN CORP,SR22,SR Series,1,2010,7,ID,S,US,20250115,20250115,20100804,4,1,V,
422LD,2154,2130001,CIRRUS DESIGN CORP,SR22,SR Series,1,2006,7,FL,7,US,20230707,20061226,20060920,4,1,V,
422LM,0118,2130001,CIRRUS DESIGN CORP,SR22,SR Series,1,2001,1,OK,2,US,20230122,20170510,20011106,4,1,V,
422LT,0730,2130001,CIRRUS DESIGN CORP,SR22,SR Series,1,2003,7,MD,1,US,20260514,20260514,20031030,4,1,V,
422M,1354,2130000,CIRRUS DESIGN CORP,SR20,SR Series,1,2003,3,OK,2,US,20230317,20110901,20030922,4,1,V,
422PC,10318,2130001,CIRRUS DESIGN CORP,SR22,SR Series,1,2024,7,PA,1,US,20241210,20241210,20241111,4,1,V,
422RJ,3942,2130001,CIRRUS DESIGN CORP,SR22,SR Series,1,2013,3,TN,3,US,20231013,20200318,20130509,4,1,V,
422SN,3508,2130001,CIRRUS DESIGN CORP,SR22,SR Series,1,,7,NV,4,US,20230728,20190411,20090901,4,1,V,
422SR,1976,2130001,CIRRUS DESIGN CORP,SR22,SR Series,1,2006,7,NV,4,US,20230922,20191216,20060531,4,1,V,
422SX,1867,2130004,CIRRUS DESIGN CORP,SR22T,SR Series,1,2019,1,CA,4,US,20230728,20190429,20190214,4,1,V,
422TB,1888,2130001,CIRRUS DESIGN CORP,SR22,SR Series,1,2006,7,OK,2,US,20240630,20240630,20060403,4,1,V,
422WA,1929,2130004,CIRRUS DESIGN CORP,SR22T,SR Series,1,2019,3,CA,4,US,20230909,20191003,20190530,4,1,V,
422WT,0641,2130004,CIRRUS DESIGN CORP,SR22T,SR Series,1,2013,3,NM,2,US,20240409,20240409,20131106,4,1,V,
423BD,4893,2130001,CIRRUS DESIGN CORP,SR22,SR Series,1,2020,7,NJ,1,US,20231020,20200427,20200303,4,1,V,
423BE,2106,2130004,CIRRUS DESIGN CORP,SR22T,SR Series,1,2020,7,FL,7,US,20250813,20250813,20200512,4,1,V,
423CD,1109,2130001,CIRRUS DESIGN CORP,SR22,SR Series,1,,1,CA,4,US,20230125,20230125,20041006,4,1,V,
423CP,3944,2130001,CIRRUS DESIGN CORP,SR22,SR Series,1,2013,7,AL,7,US,20230414,20150109,20130520,4,1,V,
423EH,0566,2130010,CIRRUS DESIGN CORP,SF50,Vision Jet,1,2024,7,TN,3,US,20240820,20240820,20240725,4,5,V,
423LG,11266,2130004,CIRRUS DESIGN CORP,SR22T,SR Series,1,2026,7,FL,7,US,20260624,20260624,20260329,4,1,V,
423PJ,0193,2130010,CIRRUS DESIGN CORP,SF50,Vision Jet,1,2020,7,FL,7,US,20231020,20200423,20200322,4,5,V,
423SR,2459,2130001,CIRRUS DESIGN CORP,SR22,SR Series,1,2007,7,MN,C,US,20240701,20240701,20070426,4,1,V,
423WB,10464,2130004,CIRRUS DESIGN CORP,SR22T,SR Series,1,2025,7,TN,3,US,20250415,20250415,20250216,4,1,V,
424AT,3817,2130001,CIRRUS DESIGN CORP,SR22,SR Series,1,2011,3,CA,4,US,20240113,20240113,20111205,4,1,V,
424AX,4308,2130001,CIRRUS DESIGN CORP,SR22,SR Series,1,2016,7,NJ,1,US,20251008,20210726,20160303,4,1,V,
424BB,4195,2130001,CIRRUS DESIGN CORP,SR22,SR Series,1,2015,4,NH,E,US,20241030,20241030,20150427,4,1,V,
424BD,1723,2130001,CIRRUS DESIGN CORP,SR22,SR Series,1,2005,7,FL,7,US,20250327,20250327,20051208,4,1,V,
424CD,1439,2130000,CIRRUS DESIGN CORP,SR20,SR Series,1,2004,3,DE,1,US,20230909,20101026,20040720,4,1,V,
424CK,3495,2130001,CIRRUS DESIGN CORP,SR22,SR Series,1,,7,KS,3,US,20230304,20200717,20091021,4,1,V,
424EG,0887,2130001,CIRRUS DESIGN CORP,SR22,SR Series,1,2004,7,TN,3,US,20230414,20210123,20040414,4,1,V,
424G,0537,2130004,CIRRUS DESIGN CORP,SR22T,SR Series,1,,7,TX,2,US,20230615,20230615,20130613,4,1,V,
424GB,11507,2130004,CIRRUS DESIGN CORP,SR22T,SR Series,1,,8,MN,C,US,20260513,,,4,1,M,
424PB,4277,2130001,CIRRUS DESIGN CORP,SR22,SR Series,1,2015,4,TX,2,US,20230915,20221114,20151123,4,1,V,
424RA,0376,2130010,CIRRUS DESIGN CORP,SF50,Vision Jet,1,2022,7,FL,7,US,20230203,20230129,20220812,4,5,V,
424RS,10604,2130001,CIRRUS DESIGN CORP,SR22,SR Series,1,2025,7,GA,7,US,20250509,20250509,20250409,4,1,V,
424SR,2464,2130001,CIRRUS DESIGN CORP,SR22,SR Series,1,2007,1,TX,2,US,20240103,20220912,20070430,4,1,V,
424SW,3380,2130001,CIRRUS DESIGN CORP,SR22,SR Series,1,2009,7,ID,S,US,20230306,20230306,20090714,4,1,V,
424X,4153,2130001,CIRRUS DESIGN CORP,SR22,SR Series,1,2014,7,TX,2,US,20240518,20240518,20141217,4,1,V,
425AV,8877,2130000,CIRRUS DESIGN CORP,SR20,SR Series,1,2022,7,AZ,4,US,20230223,20230223,20221013,4,1,V,
425BV,4158,2130001,CIRRUS DESIGN CORP,SR22,SR Series,1,2014,7,ND,C,US,20230414,20150113,20141222,4,1,V,
425CD,0892,2130001,CIRRUS DESIGN CORP,SR22,SR Series,1,2004,7,MN,C,US,20251107,20251107,20040419,4,1,V,
425CG,2814,2130001,CIRRUS DESIGN CORP,SR22,SR Series,1,2007,3,OH,C,US,20230811,20160603,20071119,4,1,V,
425ES,11332,2130004,CIRRUS DESIGN CORP,SR22T,SR Series,1,2026,1,NY,1,US,20260711,20260711,20260419,4,1,V,
425JA,2452,2130001,CIRRUS DESIGN CORP,SR22,SR Series,1,2007,7,OR,S,US,20230122,20170622,20070423,4,1,V,
425MH,4517,2130001,CIRRUS DESIGN CORP,SR22,SR Series,1,2017,7,LA,2,US,20251215,20240710,20170822,4,1,V,
425MS,1256,2130001,CIRRUS DESIGN CORP,SR22,SR Series,1,2005,4,MS,2,US,20230519,20210626,20050105,4,1,V,
425MT,4201,2130001,CIRRUS DESIGN CORP,SR22,SR Series,1,2015,3,MN,C,US,20260722,20260722,20150518,4,1,V,
425SJ,1342,2130000,CIRRUS DESIGN CORP,SR20,SR Series,1,2003,1,GA,7,US,20230407,20201229,20030812,4,1,V,
425SW,1463,2130004,CIRRUS DESIGN CORP,SR22T,SR Series,1,2016,7,NV,4,US,20230616,20230616,20161129,4,1,V,
425WM,1628,2130004,CIRRUS DESIGN CORP,SR22T,SR Series,1,2017,1,,,,20230516,20220921,20171114,4,1,V,
426AC,10080,2130004,CIRRUS DESIGN CORP,SR22T,SR Series,1,2024,7,TX,2,US,20241211,20241211,20240802,4,1,V,
426AH,2740,2130000,CIRRUS DESIGN CORP,SR20,SR Series,1,2021,7,MD,1,US,20250605,20250605,20210803,4,1,V,
426BG,11277,2130001,CIRRUS DESIGN CORP,SR22,SR Series,1,2026,7,NV,4,US,20260618,20260618,20260330,4,1,V,
426BL,8653,2130001,CIRRUS DESIGN CORP,SR22,SR Series,1,2022,7,LA,2,US,20260530,20260530,20220522,4,1,V,
426CD,11329,2130000,CIRRUS DESIGN CORP,SR20,SR Series,1,2026,8,MN,C,US,20260212,,20260425,4,1,M,
426DJ,4867,2130001,CIRRUS DESIGN CORP,SR22,SR Series,1,2019,7,GA,7,US,20230210,20200127,20191217,4,1,V,
426E,2315,2130000,CIRRUS DESIGN CORP,SR20,SR Series,1,2016,7,SC,7,US,20240228,20240228,20230529,4,1,V,
426GW,4520,2130001,CIRRUS DESIGN CORP,SR22,SR Series,1,2017,7,SC,7,US,20250929,20250929,20170609,4,1,V,
426M,10057,2130004,CIRRUS DESIGN CORP,SR22T,SR Series,1,2024,7,MS,2,US,20240814,20240814,20240714,4,1,V,
426MR,10642,2130000,CIRRUS DESIGN CORP,SR20,SR Series,1,2025,7,MA,E,US,20250606,20250606,20250509,4,1,V,
426SB,0425,2130010,CIRRUS DESIGN CORP,SF50,Vision Jet,1,2023,7,FL,7,US,20250610,20250610,20230125,4,5,V,
426SH,1882,2130004,CIRRUS DESIGN CORP,SR22T,SR Series,1,2019,7,AZ,4,US,20260622,20230413,20190313,4,1,V,
426SJ,0148,2130010,CIRRUS DESIGN CORP,SF50,Vision Jet,1,2019,7,WI,C,US,20260331,20230410,20190926,4,5,V,
426SR,2205,2130001,CIRRUS DESIGN CORP,SR22,SR Series,1,2006,1,OR,S,US,20230310,20200820,20061027,4,1,V,
426TD,8779,2130004,CIRRUS DESIGN CORP,SR22T,SR Series,1,2022,3,DE,1,US,20260702,20220907,20220821,4,1,V,
426WV,10548,2130001,CIRRUS DESIGN CORP,SR22,SR Series,1,2025,7,WV,1,US,20250409,20250409,20250313,4,1,V,
427AG,0528,2130010,CIRRUS DESIGN CORP,SF50,Vision Jet,1,2024,7,IL,C,US,20240630,20240630,20240530,4,5,V,
427AR,1109,2130004,CIRRUS DESIGN CORP,SR22T,SR Series,1,2015,7,CO,S,US,20230610,20150901,20150811,4,1,V,
427AT,0954,2130001,CIRRUS DESIGN CORP,SR22,SR Series,1,2004,7,IN,C,US,20230902,20160913,20040601,4,1,V,
427CE,10743,2130004,CIRRUS DESIGN CORP,SR22T,SR Series,1,2025,7,MT,S,US,20250802,20250802,20250622,4,1,V,
427HP,1528,2130000,CIRRUS DESIGN CORP,SR20,SR Series,1,2005,1,TX,2,US,20240117,20240117,20050606,4,1,V,
427JT,11637,2130004,CIRRUS DESIGN CORP,SR22T,SR Series,1,,8,MN,C,US,20260720,,,4,1,M,
427KD,1967,2130004,CIRRUS DESIGN CORP,SR22T,SR Series,1,2019,3,,,,20230310,20230227,20190820,4,1,V,
427KG,3068,2130001,CIRRUS DESIGN CORP,SR22,SR Series,1,2008,4,TX,2,US,20230304,20200724,20080617,4,1,V,
427LC,1626,2130000,CIRRUS DESIGN CORP,SR20,SR Series,1,2006,7,CA,4,US,20230225,20230225,20060315,4,1,V,
427LJ,2513,2130000,CIRRUS DESIGN CORP,SR20,SR Series,1,2019,1,CA,4,US,20230510,20221219,20190904,4,1,V,
427SR,2432,2130001,CIRRUS DESIGN CORP,SR22,SR Series,1,2007,7,LA,2,US,20230623,20181117,20070405,4,1,V,
427YE,0500,2130004,CIRRUS DESIGN CORP,SR22T,SR Series,1,2013,7,NC,1,US,20260304,20260304,20130418,4,1,V,
428AM,4896,2130001,CIRRUS DESIGN CORP,SR22,SR Series,1,2020,3,NY,1,US,20231020,20200421,20200304,4,1,V,
428AN,2092,2130001,CIRRUS DESIGN CORP,SR22,SR Series,1,2006,7,AZ,4,US,20231127,20231127,20060821,4,1,V,
428AP,11406,2130001,CIRRUS DESIGN CORP,SR22,SR Series,1,2026,8,MN,C,US,20260227,,20260517,4,1,M,
428CC,10780,2130000,CIRRUS DESIGN CORP,SR20,SR Series,1,2025,7,GA,7,US,20250822,20250822,20250707,4,1,V,
428CD,11359,2130000,CIRRUS DESIGN CORP,SR20,SR Series,1,2026,7,IL,C,US,20260730,20260730,20260429,4,1,V,
428ES,1572,2130004,CIRRUS DESIGN CORP,SR22T,SR Series,1,2017,7,NV,4,US,20230424,20230424,20170720,4,1,V,
428SR,2258,2130001,CIRRUS DESIGN CORP,SR22,SR Series,1,2006,1,CA,4,US,20231013,20110304,20061130,4,1,V,
428T,0049,2130001,CIRRUS DESIGN CORP,SR22,SR Series,1,2001,1,TX,2,US,20230915,20161123,20010630,4,1,V,
428TM,0167,2130001,CIRRUS DESIGN CORP,SR22,SR Series,1,,7,ND,C,US,20230407,20201218,20020305,4,1,V,
428WS,0141,2130004,CIRRUS DESIGN CORP,SR22T,SR Series,1,2011,1,TX,2,US,20230401,20201117,20110511,4,1,V,
428ZZ,4987,2130001,CIRRUS DESIGN CORP,SR22,SR Series,1,2020,7,TN,3,US,20230901,20230901,20201211,4,1,V,
429CD,1064,2130001,CIRRUS DESIGN CORP,SR22,SR Series,1,2004,7,,8,DE,20260130,20260130,20040830,4,1,V,
429KR,10785,2130004,CIRRUS DESIGN CORP,SR22T,SR Series,1,2025,7,IN,C,US,20250813,20250813,20250715,4,1,V,
429S,1399,2130000,CIRRUS DESIGN CORP,SR20,SR Series,1,2004,1,WA,S,US,20230922,20221224,20040205,4,1,V,
429SR,2686,2130001,CIRRUS DESIGN CORP,SR22,SR Series,1,2007,7,WY,S,US,20230718,20220225,20070911,4,1,V,
42A,11618,2130004,CIRRUS DESIGN CORP,SR22T,SR Series,1,,8,MN,C,US,20251101,,,4,1,M,
42BE,3903,2130001,CIRRUS DESIGN CORP,SR22,SR Series,1,,7,LA,2,US,20231105,20231105,20121203,4,1,V,
42BW,8754,2130004,CIRRUS DESIGN CORP,SR22T,SR Series,1,2022,7,TX,2,US,20231205,20231205,20220811,4,1,V,
42BZ,11231,2130000,CIRRUS DESIGN CORP,SR20,SR Series,1,2026,7,SC,7,US,20260503,20260503,20260221,4,1,V,
42ES,1985,2130004,CIRRUS DESIGN CORP,SR22T,SR Series,1,2019,7,TN,3,US,20241021,20230218,20190917,4,1,V,
42LC,10684,2130004,CIRRUS DESIGN CORP,SR22T,SR Series,1,2025,7,NJ,1,US,20251205,20250802,20250525,4,1,V,
42LG,9875,2130000,CIRRUS DESIGN CORP,SR20,SR Series,1,2024,7,GA,7,US,20240611,20240611,20240429,4,1,V,
42PY,8941,2130001,CIRRUS DESIGN CORP,SR22,SR Series,1,2022,7,TX,2,US,20231202,20231202,20221129,4,1,V,
42QA,9598,2130004,CIRRUS DESIGN CORP,SR22T,SR Series,1,2023,7,CA,4,US,20240111,20240111,20231206,4,1,V,
42SH,10066,2130004,CIRRUS DESIGN CORP,SR22T,SR Series,1,2024,7,CA,4,US,20240806,20240806,20240719,4,1,V,
42TJ,4507,2130001,CIRRUS DESIGN CORP,SR22,SR Series,1,2017,7,FL,7,US,20250113,20250113,20170721,4,1,V,
42TN,11521,2130004,CIRRUS DESIGN CORP,SR22T,SR Series,1,,8,MN,C,US,20260403,,,4,1,M,
42TX,0297,2130004,CIRRUS DESIGN CORP,SR22T,SR Series,1,2012,7,AZ,4,US,20250120,20250120,20120220,4,1,V,
42VR,1673,2130000,CIRRUS DESIGN CORP,SR20,SR Series,1,2006,5,MI,C,US,20230512,20200415,20060614,4,1,V,
42VU,2440,2130000,CIRRUS DESIGN CORP,SR20,SR Series,1,2018,4,TX,2,US,20260112,20260112,20180503,4,1,V,
42VX,9025,2130004,CIRRUS DESIGN CORP,SR22T,SR Series,1,2022,7,IA,3,US,20241024,20240510,20221228,4,1,V,
42ZB,1449,2130004,CIRRUS DESIGN CORP,SR22T,SR Series,1,2016,7,FL,7,US,20230818,20190719,20161003,4,1,V,
42ZN,0042,2130001,CIRRUS DESIGN CORP,SR22,SR Series,1,2001,7,AL,7,US,20240221,20240212,20221101,4,1,V,
430BJ,9374,2130004,CIRRUS DESIGN CORP,SR22T,SR Series,1,2023,7,NJ,1,US,20231011,20231011,20230813,4,1,V,
430LP,4454,2130001,CIRRUS DESIGN CORP,SR22,SR Series,1,2017,7,CT,E,US,20250911,20250911,20170227,4,1,V,
430MW,0880,2130004,CIRRUS DESIGN CORP,SR22T,SR Series,1,2014,7,CA,4,US,20241130,20200420,20140930,4,1,V,
430PD,8867,2130004,CIRRUS DESIGN CORP,SR22T,SR Series,1,2022,3,NC,1,US,20230221,20230221,20221011,4,1,V,
430SU,8668,2130000,CIRRUS DESIGN CORP,SR20,SR Series,1,2022,7,OK,2,US,20230930,20230105,20220608,4,1,V,
431CD,1501,2130001,CIRRUS DESIGN CORP,SR22,SR Series,1,2005,7,KY,3,US,20230505,20180412,20050628,4,1,V,
431PD,9803,2130004,CIRRUS DESIGN CORP,SR22T,SR Series,1,2024,7,WA,S,US,20240403,20240403,20240301,4,1,V,
432CB,1175,2130001,CIRRUS DESIGN CORP,SR22,SR Series,1,2004,7,IN,C,US,20240115,20240115,20041115,4,1,V,
432CD,0941,2130001,CIRRUS DESIGN CORP,SR22,SR Series,1,2004,7,FL,7,US,20230616,20211028,20040520,4,1,V,
432CE,8792,2130004,CIRRUS DESIGN CORP,SR22T,SR Series,1,2022,3,AZ,4,US,20241126,20241126,20220830,4,1,V,
432DC,3928,2130001,CIRRUS DESIGN CORP,SR22,SR Series,1,2013,4,NC,1,US,20260206,20260206,20130326,4,1,V,
432WB,8725,2130000,CIRRUS DESIGN CORP,SR20,SR Series,1,2022,7,FL,7,US,20260212,20230112,20220629,4,1,V,
432WK,0220,2130010,CIRRUS DESIGN CORP,SF50,Vision Jet,1,2020,8,MN,C,US,20260224,20260224,20200828,4,5,V,
433AL,11357,2130001,CIRRUS DESIGN CORP,SR22,SR Series,1,2026,7,FL,7,US,20260722,20260722,20260426,4,1,V,
433BV,10455,2130000,CIRRUS DESIGN CORP,SR20,SR Series,1,2025,7,NC,1,US,20250311,20250311,20250201,4,1,V,
433CA,9503,2130004,CIRRUS DESIGN CORP,SR22T,SR Series,1,2023,7,CA,4,US,20260418,20260418,20231018,4,1,V,
433CF,0710,2130001,CIRRUS DESIGN CORP,SR22,SR Series,1,,7,TX,2,US,20250918,20250918,20031027,4,1,V,
433CP,3070,2130001,CIRRUS DESIGN CORP,SR22,SR Series,1,2008,7,CA,4,US,20230722,20220317,20080622,4,1,V,
433KA,9170,2130000,CIRRUS DESIGN CORP,SR20,SR Series,1,2023,7,ID,S,US,20250618,20250618,20230412,4,1,V,
433M,11656,2130000,CIRRUS DESIGN CORP,SR20,SR Series,1,,8,MN,C,US,20260720,,,4,1,M,
433MJ,1469,2130000,CIRRUS DESIGN CORP,SR20,SR Series,1,2004,1,FL,7,US,20230728,20190403,20040929,4,1,V,
433ML,1936,2130004,CIRRUS DESIGN CORP,SR22T,SR Series,1,2019,7,AL,7,US,20230825,20190805,20190617,4,1,V,
433TM,0144,2130001,CIRRUS DESIGN CORP,SR22,SR Series,1,2002,2,AZ,4,US,20230324,20090707,20020129,4,1,V,
433WS,0254,2130001,CIRRUS DESIGN CORP,SR22,SR Series,1,,3,NJ,1,US,20230615,20230615,,4,1,V,
434BR,11320,2130004,CIRRUS DESIGN CORP,SR22T,SR Series,1,2026,7,SC,7,US,20260713,20260713,20260407,4,1,V,
434BY,0413,2130010,CIRRUS DESIGN CORP,SF50,Vision Jet,1,,7,NY,1,US,20260430,20260213,,4,5,V,
434BZ,2505,2130000,CIRRUS DESIGN CORP,SR20,SR Series,1,2019,7,PA,1,US,20250505,20250505,20190702,4,1,V,
434CD,1514,2130001,CIRRUS DESIGN CORP,SR22,SR Series,1,2005,7,NC,1,US,20240315,20240314,20050708,4,1,V,
434KB,11300,2130001,CIRRUS DESIGN CORP,SR22,SR Series,1,2026,7,TX,2,US,20260624,20260624,20260402,4,1,V,
434M,11322,2130000,CIRRUS DESIGN CORP,SR20,SR Series,1,2026,7,WY,S,US,20260713,20260713,20260414,4,1,V,
434MM,2643,2130001,CIRRUS DESIGN CORP,SR22,SR Series,1,2007,7,MN,C,US,20250512,20200924,20070814,4,1,V,
434SR,2557,2130001,CIRRUS DESIGN CORP,SR22,SR Series,1,2007,4,NC,1,US,20230421,20120222,20070614,4,1,V,
434TB,0290,2130001,CIRRUS DESIGN CORP,SR22,SR Series,1,,7,VA,1,US,20230718,20190226,20020802,4,1,V,
434TX,11239,2130004,CIRRUS DESIGN CORP,SR22T,SR Series,1,2026,7,TX,2,US,20260514,20260514,20260304,4,1,V,
435CD,0836,2130001,CIRRUS DESIGN CORP,SR22,SR Series,1,2004,3,WY,S,US,20260511,20260219,20050706,4,1,V,
435CP,3264,2130001,CIRRUS DESIGN CORP,SR22,SR Series,1,2008,7,FL,7,US,20230707,20081014,20080916,4,1,V,
435EF,11045,2130000,CIRRUS DESIGN CORP,SR20,SR Series,1,2025,7,MT,S,US,20260308,20260308,20251114,4,1,V,
435JA,1419,2130004,CIRRUS DESIGN CORP,SR22T,SR Series,1,2016,3,UT,S,US,20230909,20161031,20160817,4,1,V,
435JB,11558,2130000,CIRRUS DESIGN CORP,SR20,SR Series,1,,8,MN,C,US,20260702,,,4,1,M,
435SR,2022,2130001,CIRRUS DESIGN CORP,SR22,SR Series,1,2006,7,OH,C,US,20240724,20240724,20100412,4,1,V,
435TX,2217,2130004,CIRRUS DESIGN CORP,SR22T,SR Series,1,2020,1,TX,2,US,20260621,,20201209,4,1,R,
435WP,10613,2130004,CIRRUS DESIGN CORP,SR22T,SR Series,1,2025,7,DE,1,US,20250529,20250529,20250413,4,1,V,
436CD,1522,2130001,CIRRUS DESIGN CORP,SR22,SR Series,1,2005,3,NM,2,US,20230922,20221209,20050719,4,1,V,
436CP,3266,2130001,CIRRUS DESIGN CORP,SR22,SR Series,1,2008,7,TX,2,US,20260730,20260730,20080917,4,1,V,
437C,0375,2130001,CIRRUS DESIGN CORP,SR22,SR Series,1,2002,4,DE,1,US,20260731,20260731,20021119,4,1,V,
437KM,8693,2130004,CIRRUS DESIGN CORP,SR22T,SR Series,1,2022,7,SD,C,US,20250519,20250519,20220630,4,1,V,
438CD,1404,2130001,CIRRUS DESIGN CORP,SR22,SR Series,1,2005,1,OH,C,US,20230608,20230608,20050419,4,1,V,
438PC,3625,2130001,CIRRUS DESIGN CORP,SR22,SR Series,1,2010,7,OR,S,US,20230603,20180827,20100311,4,1,V,
438SR,2567,2130001,CIRRUS DESIGN CORP,SR22,SR Series,1,2007,7,OK,2,US,20251112,20251112,20070618,4,1,V,
439NK,0919,2130001,CIRRUS DESIGN CORP,SR22,SR Series,1,2004,7,MO,3,US,20230428,20150325,20040504,4,1,V,
43CK,8742,2130000,CIRRUS DESIGN CORP,SR20,SR Series,1,2022,7,FL,7,US,20250917,20250917,20220725,4,1,V,
43ES,11098,2130000,CIRRUS DESIGN CORP,SR20,SR Series,1,2025,7,OH,C,US,20260209,20260209,20251207,4,1,V,
43GR,1531,2130000,CIRRUS DESIGN CORP,SR20,SR Series,1,,7,AZ,4,US,20260722,20260722,20050707,4,1,V,
43JM,2544,2130000,CIRRUS DESIGN CORP,SR20,SR Series,1,2020,7,SC,7,US,20250817,20250817,20200226,4,1,V,
43KM,11375,2130004,CIRRUS DESIGN CORP,SR22T,SR Series,1,2026,7,OR,S,US,20260801,20260801,20260430,4,1,V,
43KN,11438,2130004,CIRRUS DESIGN CORP,SR22T,SR Series,1,,8,MN,C,US,20260319,,,4,1,M,
43LD,5093,2130001,CIRRUS DESIGN CORP,SR22,SR Series,1,2021,7,NH,E,US,20260215,20260215,20210927,4,1,V,
43LP,8630,2130004,CIRRUS DESIGN CORP,SR22T,SR Series,1,2022,7,OK,2,US,20230915,20221130,20220511,4,1,V,
43PS,2411,2130000,CIRRUS DESIGN CORP,SR20,SR Series,1,2018,7,DE,1,US,20240925,20210721,20180222,4,1,V,
43TM,3838,2130001,CIRRUS DESIGN CORP,SR22,SR Series,1,2012,7,OH,C,US,20250114,20250114,20120308,4,1,V,
43VU,2441,2130000,CIRRUS DESIGN CORP,SR20,SR Series,1,2018,7,NY,1,US,20260721,20260721,20180508,4,1,V,
43W,10551,2130004,CIRRUS DESIGN CORP,SR22T,SR Series,1,2025,7,DE,1,US,20250414,20250414,20250326,4,1,V,
440CD,1515,2130001,CIRRUS DESIGN CORP,SR22,SR Series,1,2005,7,VA,1,US,20250602,20250602,20050708,4,1,V,
440MA,0326,2130010,CIRRUS DESIGN CORP,SF50,Vision Jet,1,2021,7,TX,2,US,20231023,20231023,20211216,4,5,V,
441CF,1924,2130004,CIRRUS DESIGN CORP,SR22T,SR Series,1,2019,1,VA,1,US,20230818,20190723,20190521,4,1,V,
441FP,11207,2130004,CIRRUS DESIGN CORP,SR22T,SR Series,1,2026,1,AL,7,US,20260417,20260417,20260216,4,1,V,
441GW,1060,2130001,CIRRUS DESIGN CORP,SR22,SR Series,1,2004,7,IA,3,US,20230902,20220902,20040826,4,1,V,
441SR,1704,2130000,CIRRUS DESIGN CORP,SR20,SR Series,1,2006,7,KY,3,US,20230610,20150930,20060719,4,1,V,
441WP,11413,2130004,CIRRUS DESIGN CORP,SR22T,SR Series,1,2026,8,MN,C,US,20260109,,20260529,4,1,M,
442CV,0442,2130010,CIRRUS DESIGN CORP,SF50,Vision Jet,1,2023,7,DE,1,US,20251030,20230523,20230322,4,5,V,
442EG,1716,2130004,CIRRUS DESIGN CORP,SR22T,SR Series,1,2018,3,CA,4,US,20230519,20180621,20180503,4,1,V,
442GM,2257,2130000,CIRRUS DESIGN CORP,SR20,SR Series,1,,7,IL,C,US,20230505,20210407,20140514,4,1,V,
442JS,9948,2130000,CIRRUS DESIGN CORP,SR20,SR Series,1,2024,7,FL,7,US,20260228,20260228,20240602,4,1,V,
442TT,1012,2130001,CIRRUS DESIGN CORP,SR22,SR Series,1,2004,7,,8,DE,20230811,20220630,20040712,4,1,V,
442WD,11694,2130004,CIRRUS DESIGN CORP,SR22T,SR Series,1,,8,MN,C,US,20260811,,,4,1,M,
4435P,9629,2130004,CIRRUS DESIGN CORP,SR22T,SR Series,1,2023,7,ID,S,US,20240124,20240124,20231221,4,1,V,
443AK,10344,2130004,CIRRUS DESIGN CORP,SR22T,SR Series,1,2024,7,NV,4,US,20241228,20241228,20241124,4,1,V,
443CP,3296,2130001,CIRRUS DESIGN CORP,SR22,SR Series,1,2008,3,UT,S,US,20230217,20120723,20081006,4,1,V,
443FC,9227,2130000,CIRRUS DESIGN CORP,SR20,SR Series,1,2023,7,MT,S,US,20250823,20250823,20230508,4,1,V,
443PG,11657,2130004,CIRRUS DESIGN CORP,SR22T,SR Series,1,,8,MN,C,US,20260604,,,4,1,M,
443VJ,0443,2130010,CIRRUS DESIGN CORP,SF50,Vision Jet,1,2023,7,NC,1,US,20260511,20260511,20230327,4,5,V,
4441V,1758,2130004,CIRRUS DESIGN CORP,SR22T,SR Series,1,2018,7,PA,1,US,20241028,20240716,20180723,4,1,V,
444AH,2137,2130001,CIRRUS DESIGN CORP,SR22,SR Series,1,2006,7,TX,2,US,20251104,20251104,20060913,4,1,V,
444AN,1154,2130004,CIRRUS DESIGN CORP,SR22T,SR Series,1,2015,7,WA,S,US,20230718,20220211,20150929,4,1,V,
444CV,4527,2130001,CIRRUS DESIGN CORP,SR22,SR Series,1,2017,7,NC,1,US,20250927,20231111,20170906,4,1,V,
444GF,10721,2130000,CIRRUS DESIGN CORP,SR20,SR Series,1,2025,7,TX,2,US,20250730,20250730,20250620,4,1,V,
444HB,0687,2130010,CIRRUS DESIGN CORP,SF50,Vision Jet,1,2025,7,WY,S,US,20251024,20251024,20250911,4,5,V,
444JH,4376,2130001,CIRRUS DESIGN CORP,SR22,SR Series,1,2016,7,LA,2,US,20240118,20211119,20160728,4,1,V,
444KK,9584,2130004,CIRRUS DESIGN CORP,SR22T,SR Series,1,2023,7,OK,2,US,20260331,20260331,20231203,4,1,V,
444MF,0174,2130001,CIRRUS DESIGN CORP,SR22,SR Series,1,2002,3,VI,7,VI,20230811,20220602,20020319,4,1,V,
444NP,11204,2130001,CIRRUS DESIGN CORP,SR22,SR Series,1,2026,7,NC,1,US,20260426,20260426,20250208,4,1,V,
444PT,11601,2130004,CIRRUS DESIGN CORP,SR22T,SR Series,1,,8,MN,C,US,20260630,,,4,1,M,
444RS,9017,2130004,CIRRUS DESIGN CORP,SR22T,SR Series,1,2022,7,AZ,4,US,20230331,20230331,20221228,4,1,V,
444UJ,1348,2130001,CIRRUS DESIGN CORP,SR22,SR Series,1,2005,7,MO,3,US,20250320,20250320,20050314,4,1,V,
444VR,0788,2130001,CIRRUS DESIGN CORP,SR22,SR Series,1,2003,1,CA,4,US,20251028,20251028,20100204,4,1,V,
445CD,2504,2130001,CIRRUS DESIGN CORP,SR22,SR Series,1,2007,7,DE,1,US,20250215,20250215,20070529,4,1,V,
445ML,8876,2130004,CIRRUS DESIGN CORP,SR22T,SR Series,1,2022,3,DE,1,US,20250624,20250523,20241218,4,1,V,
446BD,2366,2130001,CIRRUS DESIGN CORP,SR22,SR Series,1,2007,3,OK,2,US,20230922,20191211,20070212,4,1,V,
446CD,1446,2130000,CIRRUS DESIGN CORP,SR20,SR Series,1,2004,3,IN,C,US,20230922,20161207,20040812,4,1,V,
446CP,3297,2130001,CIRRUS DESIGN CORP,SR22,SR Series,1,2008,7,FL,7,US,20260206,20260206,20081007,4,1,V,
446DM,2036,2130004,CIRRUS DESIGN CORP,SR22T,SR Series,1,2019,7,ME,E,US,20250104,20250104,20191210,4,1,V,
446FM,1643,2130004,CIRRUS DESIGN CORP,SR22T,SR Series,1,2017,7,WA,S,US,20230616,20211021,20171213,4,1,V,
446HB,2379,2130004,CIRRUS DESIGN CORP,SR22T,SR Series,1,2021,7,MN,C,US,20250221,20250221,20210818,4,1,V,
446HD,1626,2130004,CIRRUS DESIGN CORP,SR22T,SR Series,1,2017,7,FL,7,US,20260713,20260713,20171129,4,1,V,
446HK,0898,2130004,CIRRUS DESIGN CORP,SR22T,SR Series,1,2014,7,VA,1,US,20230701,20211228,20141030,4,1,V,
446MT,10708,2130001,CIRRUS DESIGN CORP,SR22,SR Series,1,2025,7,WY,S,US,20250711,20250711,20250530,4,1,V,
446VB,2208,2130004,CIRRUS DESIGN CORP,SR22T,SR Series,1,2020,7,MT,S,US,20251015,20251015,20201208,4,1,V,
4477H,2238,2130004,CIRRUS DESIGN CORP,SR22T,SR Series,1,2020,7,FL,7,US,20250617,20250617,20201223,4,1,V,
447AV,8882,2130000,CIRRUS DESIGN CORP,SR20,SR Series,1,2022,7,AZ,4,US,20230223,20230223,20221013,4,1,V,
447CD,11426,2130004,CIRRUS DESIGN CORP,SR22T,SR Series,1,2026,8,MN,C,US,20260331,,20260604,4,1,M,
447JS,11518,2130004,CIRRUS DESIGN CORP,SR22T,SR Series,1,,8,MN,C,US,20260513,,,4,1,M,
448AM,4205,2130001,CIRRUS DESIGN CORP,SR22,SR Series,1,2015,7,ND,C,US,20240901,20240901,20150511,4,1,V,
448AV,8902,2130000,CIRRUS DESIGN CORP,SR20,SR Series,1,2022,7,AZ,4,US,20230303,20230303,20221027,4,1,V,
448CD,1243,2130000,CIRRUS DESIGN CORP,SR20,SR Series,1,,1,TX,2,US,20230122,20200504,20020916,4,1,V,
448LM,2893,2130001,CIRRUS DESIGN CORP,SR22,SR Series,1,2007,1,FL,7,US,20230407,20201210,20071227,4,1,V,
448SR,1048,2130001,CIRRUS DESIGN CORP,SR22,SR Series,1,,7,KY,3,US,20230701,20211206,20040824,4,1,V,
448TT,3073,2130001,CIRRUS DESIGN CORP,SR22,SR Series,1,2008,1,CA,4,US,20230512,20150522,20080617,4,1,V,
448VA,11148,2130004,CIRRUS DESIGN CORP,SR22T,SR Series,1,2026,7,NJ,1,US,20260130,20260130,20260115,4,1,V,
448WB,10799,2130004,CIRRUS DESIGN CORP,SR22T,SR Series,1,2025,7,TN,3,US,20250822,20250822,20250718,4,1,V,
449M,10931,2130004,CIRRUS DESIGN CORP,SR22T,SR Series,1,2025,7,ME,E,US,20251024,20251024,20250927,4,1,V,
449SR,1980,2130001,CIRRUS DESIGN CORP,SR22,SR Series,1,2006,7,SC,7,US,20230804,20190513,20060530,4,1,V,
449WM,3869,2130001,CIRRUS DESIGN CORP,SR22,SR Series,1,2012,1,NE,3,US,20260504,,20120817,4,1,7,
44CB,11022,2130004,CIRRUS DESIGN CORP,SR22T,SR Series,1,2025,3,NC,1,US,20251209,20251209,20251102,4,1,V,
44CR,0784,2130010,CIRRUS DESIGN CORP,SF50,Vision Jet,1,,8,MN,C,US,20260219,,,4,5,M,
44CT,9581,2130004,CIRRUS DESIGN CORP,SR22T,SR Series,1,2023,3,TX,2,US,20240121,20240121,20231129,4,1,V,
44CV,0648,2130010,CIRRUS DESIGN CORP,SF50,Vision Jet,1,2025,7,MD,1,US,20250613,20250613,20250506,4,5,V,
44DE,0117,2130010,CIRRUS DESIGN CORP,SF50,Vision Jet,1,2019,7,NY,1,US,20251212,20251212,20190521,4,5,V,
44ED,10722,2130004,CIRRUS DESIGN CORP,SR22T,SR Series,1,2025,7,FL,7,US,20250710,20250710,20250607,4,1,V,
44EM,1773,2130004,CIRRUS DESIGN CORP,SR22T,SR Series,1,2018,7,NJ,1,US,20240923,20240330,20180820,4,1,V,
44EN,1467,2130000,CIRRUS DESIGN CORP,SR20,SR Series,1,2004,7,MA,E,US,20230930,20200115,20040928,4,1,V,
44HS,9996,2130004,CIRRUS DESIGN CORP,SR22T,SR Series,1,2024,7,WA,S,US,20260211,20260211,20240611,4,1,V,
44JH,3192,2130001,CIRRUS DESIGN CORP,SR22,SR Series,1,2008,7,LA,2,US,20230317,20220912,20080808,4,1,V,
44KC,0516,2130001,CIRRUS DESIGN CORP,SR22,SR Series,1,2003,8,DE,1,US,20230701,20211217,20030417,4,1,V,
44LS,0133,2130010,CIRRUS DESIGN CORP,SF50,Vision Jet,1,2019,7,UT,S,US,20230902,20190911,20190726,4,5,V,
44MV,10450,2130004,CIRRUS DESIGN CORP,SR22T,SR Series,1,2025,7,GA,7,US,20250311,20250311,20250119,4,1,V,
44QG,8676,2130004,CIRRUS DESIGN CORP,SR22T,SR Series,1,2022,7,WI,C,US,20230930,20230106,20220613,4,1,V,
44RY,0345,2130010,CIRRUS DESIGN CORP,SF50,Vision Jet,1,,7,PA,1,US,20230427,20230327,,4,5,V,
44T,10656,2130004,CIRRUS DESIGN CORP,SR22T,SR Series,1,2025,3,DE,1,US,20250514,20250514,20250512,4,1,V,
44TT,1520,2130004,CIRRUS DESIGN CORP,SR22T,SR Series,1,2017,7,PA,1,US,20250731,20250501,20170406,4,1,V,
44VU,2442,2130000,CIRRUS DESIGN CORP,SR20,SR Series,1,2018,7,AR,2,US,20260212,20260212,20180508,4,1,V,
44WF,0533,2130001,CIRRUS DESIGN CORP,SR22,SR Series,1,2003,1,AR,2,US,20230304,20170725,20030430,4,1,V,
44WW,1946,2130001,CIRRUS DESIGN CORP,SR22,SR Series,1,2006,1,AZ,4,US,20230603,20210812,20060509,4,1,V,
44WX,1258,2130001,CIRRUS DESIGN CORP,SR22,SR Series,1,2005,3,WI,C,US,20230930,20170124,20050106,4,1,V,
44YP,1169,2130000,CIRRUS DESIGN CORP,SR20,SR Series,1,,1,AR,2,US,20250702,20250702,,4,1,V,
450AV,8951,2130000,CIRRUS DESIGN CORP,SR20,SR Series,1,2022,7,AZ,4,US,20230427,20230322,20221201,4,1,V,
450CD,1478,2130001,CIRRUS DESIGN CORP,SR22,SR Series,1,2005,3,KS,3,US,20240517,20240517,20050614,4,1,V,
450SU,3901,2130001,CIRRUS DESIGN CORP,SR22,SR Series,1,2012,7,OK,2,US,20230519,20180625,20121128,4,1,V,
450TX,1063,2130001,CIRRUS DESIGN CORP,SR22,SR Series,1,2004,7,DE,1,US,20251024,20171107,20040827,4,1,V,
451CA,9102,2130004,CIRRUS DESIGN CORP,SR22T,SR Series,1,2023,7,DE,1,US,20251031,20251031,20230301,4,1,V,
451JS,11141,2130004,CIRRUS DESIGN CORP,SR22T,SR Series,1,2026,1,NC,1,US,20260316,20260316,20260109,4,1,V,
451MV,4365,2130001,CIRRUS DESIGN CORP,SR22,SR Series,1,2016,7,CA,4,US,20231020,20200403,20160621,4,1,V,
451RK,1153,2130004,CIRRUS DESIGN CORP,SR22T,SR Series,1,2015,1,CA,4,US,20230915,20221119,20150928,4,1,V,
451SG,1789,2130004,CIRRUS DESIGN CORP,SR22T,SR Series,1,2018,7,PA,1,US,20250812,20211221,20180906,4,1,V,
451SR,2325,2130001,CIRRUS DESIGN CORP,SR22,SR Series,1,2007,7,MS,2,US,20250809,20250809,20070115,4,1,V,
451TJ,0866,2130001,CIRRUS DESIGN CORP,SR22,SR Series,1,2004,7,IL,C,US,20230603,20210819,20040412,4,1,V,
451VL,11370,2130004,CIRRUS DESIGN CORP,SR22T,SR Series,1,2026,8,MN,C,US,20260218,,20260429,4,1,M,
452CD,3652,2130001,CIRRUS DESIGN CORP,SR22,SR Series,1,2010,7,DE,1,US,20230722,20220329,20100623,4,1,V,
452MD,4426,2130001,CIRRUS DESIGN CORP,SR22,SR Series,1,2016,4,TX,2,US,20230930,20170117,20161206,4,1,V,
452TT,8751,2130004,CIRRUS DESIGN CORP,SR22T,SR Series,1,2022,1,NV,4,US,20230517,20230517,20220804,4,1,V,
452TX,4233,2130001,CIRRUS DESIGN CORP,SR22,SR Series,1,2015,7,WV,1,US,20230902,20220914,20150806,4,1,V,
452VA,4776,2130001,CIRRUS DESIGN CORP,SR22,SR Series,1,2019,7,VA,1,US,20230825,20190819,20190409,4,1,V,
453AV,8952,2130000,CIRRUS DESIGN CORP,SR20,SR Series,1,2022,7,AZ,4,US,20230503,20230322,20221204,4,1,V,
453CD,1453,2130000,CIRRUS DESIGN CORP,SR20,SR Series,1,2004,7,SC,7,US,20240131,20240131,20040818,4,1,V,
454CP,3303,2130001,CIRRUS DESIGN CORP,SR22,SR Series,1,2008,7,TX,2,US,20260301,20260301,20081013,4,1,V,
454CR,0114,2130010,CIRRUS DESIGN CORP,SF50,Vision Jet,1,2019,7,AL,7,US,20231103,20231103,20190426,4,5,V,
454MK,1447,2130000,CIRRUS DESIGN CORP,SR20,SR Series,1,2004,1,CA,4,US,20230818,20051221,20040817,4,1,V,
454RC,1624,2130004,CIRRUS DESIGN CORP,SR22T,SR Series,1,2017,7,GA,7,US,20230407,20171208,20171106,4,1,V,
454RK,2084,2130001,CIRRUS DESIGN CORP,SR22,SR Series,1,,1,NJ,1,US,20241209,20241209,20060817,4,1,V,
454SD,3114,2130001,CIRRUS DESIGN CORP,SR22,SR Series,1,2008,7,GA,7,US,20240315,20240315,20080711,4,1,V,
454SR,2428,2130001,CIRRUS DESIGN CORP,SR22,SR Series,1,2007,1,MI,C,US,20250228,20250228,20070402,4,1,V,
4555,3312,2130001,CIRRUS DESIGN CORP,SR22,SR Series,1,2008,3,PA,1,US,20230707,20081212,20081016,4,1,V,
455AV,8954,2130000,CIRRUS DESIGN CORP,SR20,SR Series,1,2022,7,AZ,4,US,20230503,20230322,20221205,4,1,V,
455BD,1029,2130001,CIRRUS DESIGN CORP,SR22,SR Series,1,2004,7,NE,3,US,20230929,20110128,20040729,4,1,V,
455CD,0907,2130001,CIRRUS DESIGN CORP,SR22,SR Series,1,2004,7,CA,4,US,20230421,20120224,20040427,4,1,V,
455KG,0890,2130004,CIRRUS DESIGN CORP,SR22T,SR Series,1,2014,1,TX,2,US,20230811,20190606,20141008,4,1,V,
455MV,4307,2130001,CIRRUS DESIGN CORP,SR22,SR Series,1,2016,7,OK,2,US,20240121,20240121,20170524,4,1,V,
455PC,1961,2130001,CIRRUS DESIGN CORP,SR22,SR Series,1,2006,3,CA,4,US,20230304,20060605,20060515,4,1,V,
455PG,1615,2130000,CIRRUS DESIGN CORP,SR20,SR Series,1,2006,1,WY,S,US,20231219,20171204,20060213,4,1,V,
455RM,2243,2130004,CIRRUS DESIGN CORP,SR22T,SR Series,1,2021,7,TX,2,US,20230428,20210324,20210119,4,1,V,
455SP,2406,2130001,CIRRUS DESIGN CORP,SR22,SR Series,1,2007,7,WI,C,US,20230505,20120426,20070314,4,1,V,
455SR,2229,2130001,CIRRUS DESIGN CORP,SR22,SR Series,1,2006,7,DE,1,US,20260125,20230310,20061102,4,1,V,
455TC,2491,2130001,CIRRUS DESIGN CORP,SR22,SR Series,1,2007,7,NE,3,US,20230922,20131219,20070510,4,1,V,
4567Z,10467,2130004,CIRRUS DESIGN CORP,SR22T,SR Series,1,2025,7,IN,C,US,20250303,20250303,20250205,4,1,V,
456AC,4249,2130001,CIRRUS DESIGN CORP,SR22,SR Series,1,2015,4,SC,7,US,20260719,20260719,20150914,4,1,V,
456AK,1979,2130000,CIRRUS DESIGN CORP,SR20,SR Series,1,2008,7,OR,S,US,20230324,20201028,20080508,4,1,V,
456DC,1525,2130001,CIRRUS DESIGN CORP,SR22,SR Series,1,2005,7,NV,4,US,20250204,20180111,20050721,4,1,V,
456DR,1247,2130004,CIRRUS DESIGN CORP,SR22T,SR Series,1,2016,3,NM,2,US,20230911,20230911,20170925,4,1,V,
456FM,0135,2130010,CIRRUS DESIGN CORP,SF50,Vision Jet,1,2019,7,OK,2,US,20251205,20251205,20190808,4,5,V,
456GG,0896,2130001,CIRRUS DESIGN CORP,SR22,SR Series,1,2004,1,TX,2,US,20250219,20250219,20040419,4,1,V,
456HT,1371,2130004,CIRRUS DESIGN CORP,SR22T,SR Series,1,2016,4,NE,3,US,20250115,20250115,20160614,4,1,V,
456KG,8979,2130004,CIRRUS DESIGN CORP,SR22T,SR Series,1,2022,3,NV,4,US,20230707,20230707,20221215,4,1,V,
456KM,1977,2130001,CIRRUS DESIGN CORP,SR22,SR Series,1,2006,7,AZ,4,US,20230414,20060821,20060530,4,1,V,
456LB,2256,2130000,CIRRUS DESIGN CORP,SR20,SR Series,1,2014,7,DE,1,US,20241211,20241211,20140512,4,1,V,
456LE,1868,2130001,CIRRUS DESIGN CORP,SR22,SR Series,1,2006,1,DE,1,US,20260811,,20160815,4,1,R,
456LL,3009,2130001,CIRRUS DESIGN CORP,SR22,SR Series,1,2008,7,TX,2,US,20260123,20231116,20130711,4,1,V,
456MG,3330,2130001,CIRRUS DESIGN CORP,SR22,SR Series,1,2008,1,NC,1,US,20230823,20230823,20081029,4,1,V,
456MJ,0368,2130010,CIRRUS DESIGN CORP,SF50,Vision Jet,1,2022,4,DE,1,US,20230929,20230118,20220713,4,5,V,
456RT,0314,2130001,CIRRUS DESIGN CORP,SR22,SR Series,1,2002,1,TX,2,US,20260429,,20020821,4,1,R,
456SS,1676,2130000,CIRRUS DESIGN CORP,SR20,SR Series,1,2006,1,CA,4,US,20230603,20180809,20060614,4,1,V,
4570A,1717,2130000,CIRRUS DESIGN CORP,SR20,SR Series,1,2006,1,CA,4,US,20230401,20111122,20060822,4,1,V,
457CA,3160,2130001,CIRRUS DESIGN CORP,SR22,SR Series,1,,1,PA,1,US,20230401,20201105,,4,1,V,
457CB,3058,2130001,CIRRUS DESIGN CORP,SR22,SR Series,1,2008,7,NC,1,US,20250923,20250923,20080611,4,1,V,
457FD,10457,2130001,CIRRUS DESIGN CORP,SR22,SR Series,1,2025,8,MN,C,US,20250222,20250222,20250124,4,1,V,
458BB,4716,2130001,CIRRUS DESIGN CORP,SR22,SR Series,1,2018,7,FL,7,US,20230218,20230218,20181101,4,1,V,
458BT,11031,2130004,CIRRUS DESIGN CORP,SR22T,SR Series,1,2025,7,PA,1,US,20251220,20251220,20251102,4,1,V,
458C,0388,2130001,CIRRUS DESIGN CORP,SR22,SR Series,1,2002,3,OK,2,US,20230317,20170907,20021115,4,1,V,
458CP,3255,2130001,CIRRUS DESIGN CORP,SR22,SR Series,1,2008,1,IA,3,US,20260529,,20080915,4,1,R,
458EM,9874,2130004,CIRRUS DESIGN CORP,SR22T,SR Series,1,2024,7,NV,4,US,20260226,20240604,20240325,4,1,V,
458MM,2560,2130000,CIRRUS DESIGN CORP,SR20,SR Series,1,2020,7,CO,S,US,20260421,20200507,20200401,4,1,V,
458RH,1688,2130001,CIRRUS DESIGN CORP,SR22,SR Series,1,2005,1,TX,2,US,20230728,20060104,20051122,4,1,V,
458TT,0801,2130001,CIRRUS DESIGN CORP,SR22,SR Series,1,2004,4,GA,7,US,20250801,20250801,20040107,4,1,V,
458TW,0697,2130001,CIRRUS DESIGN CORP,SR22,SR Series,1,2003,3,IL,C,US,20230310,20140822,20031002,4,1,V,
459BT,1225,2130000,CIRRUS DESIGN CORP,SR20,SR Series,1,2002,7,PA,1,US,20230902,20220926,20020628,4,1,V,
459CD,1535,2130001,CIRRUS DESIGN CORP,SR22,SR Series,1,2005,7,WA,S,US,20230505,20210417,20050727,4,1,V,
459CP,8759,2130004,CIRRUS DESIGN CORP,SR22T,SR Series,1,2022,3,CA,4,US,20230929,20230114,20220720,4,1,V,
459JA,10357,2130004,CIRRUS DESIGN CORP,SR22T,SR Series,1,2024,8,MN,C,US,20260507,20260507,20241207,4,1,V,
45BK,10410,2130004,CIRRUS DESIGN CORP,SR22T,SR Series,1,2025,7,FL,7,US,20250226,20250226,20250105,4,1,V,
45BV,1007,2130001,CIRRUS DESIGN CORP,SR22,SR Series,1,2004,1,TX,2,US,20230122,20140612,20040708,4,1,V,
45C,2475,2130000,CIRRUS DESIGN CORP,SR20,SR Series,1,2019,7,DE,1,US,20250319,20241010,20190312,4,1,V,
45CC,2437,2130000,CIRRUS DESIGN CORP,SR20,SR Series,1,2018,7,FL,7,US,20230220,20230220,20180424,4,1,V,
45CX,5145,2130001,CIRRUS DESIGN CORP,SR22,SR Series,1,2021,7,MI,C,US,20230308,20230308,20211230,4,1,V,
45DM,4634,2130001,CIRRUS DESIGN CORP,SR22,SR Series,1,2018,1,FL,7,US,20230902,20220917,20180425,4,1,V,
45EA,11097,2130000,CIRRUS DESIGN CORP,SR20,SR Series,1,2025,7,CA,4,US,20260724,20260206,20251212,4,1,V,
45EY,0535,2130010,CIRRUS DESIGN CORP,SF50,Vision Jet,1,2024,7,FL,7,US,20240426,20240426,20240311,4,5,V,
45FD,1641,2130004,CIRRUS DESIGN CORP,SR22T,SR Series,1,2017,1,IN,C,US,20260722,,20171212,4,1,R,
45GL,1870,2130001,CIRRUS DESIGN CORP,SR22,SR Series,1,2006,4,MI,C,US,20230610,20120913,20060325,4,1,V,Y
45JN,0489,2130001,CIRRUS DESIGN CORP,SR22,SR Series,1,2003,1,IA,3,US,20231007,20140219,20030316,4,1,V,
45KS,11080,2130001,CIRRUS DESIGN CORP,SR22,SR Series,1,2025,7,FL,7,US,20260126,20260126,20251123,4,1,V,
45ME,11115,2130004,CIRRUS DESIGN CORP,SR22T,SR Series,1,2026,7,VA,1,US,20260303,20260303,20260105,4,1,V,
45PW,4841,2130001,CIRRUS DESIGN CORP,SR22,SR Series,1,2019,3,DE,1,US,20230626,20230428,20191025,4,1,V,
45PZ,10324,2130004,CIRRUS DESIGN CORP,SR22T,SR Series,1,2024,3,MA,E,US,20250701,20250123,20241117,4,1,V,
45TR,10444,2130004,CIRRUS DESIGN CORP,SR22T,SR Series,1,2025,7,DE,1,US,20260530,20260530,20250119,4,1,V,
45VU,2443,2130000,CIRRUS DESIGN CORP,SR20,SR Series,1,2018,5,IN,C,US,20240214,20180716,20180516,4,1,V,
45WT,3709,2130001,CIRRUS DESIGN CORP,SR22,SR Series,1,2010,7,KY,3,US,20230707,20190109,20101209,4,1,V,
45ZT,9516,2130004,CIRRUS DESIGN CORP,SR22T,SR Series,1,2023,3,FL,7,US,20250710,20250710,20231115,4,1,V,
460CA,10352,2130004,CIRRUS DESIGN CORP,SR22T,SR Series,1,2024,7,CA,4,US,20250107,20250107,20241126,4,1,V,
460LA,11159,2130000,CIRRUS DESIGN CORP,SR20,SR Series,1,2026,7,CA,4,US,20260429,20260429,20260130,4,1,V,
460SR,3093,2130001,CIRRUS DESIGN CORP,SR22,SR Series,1,2008,1,GA,7,US,20251209,20251121,20251209,4,1,V,
460SU,8669,2130000,CIRRUS DESIGN CORP,SR20,SR Series,1,2022,7,OK,2,US,20230929,20230105,20220607,4,1,V,
461CA,10963,2130004,CIRRUS DESIGN CORP,SR22T,SR Series,1,2025,7,CA,4,US,20251211,20251211,20250930,4,1,V,
461CB,0141,2130010,CIRRUS DESIGN CORP,SF50,Vision Jet,1,2019,7,TX,2,US,20250822,20250822,20190905,4,5,V,
461CD,1189,2130001,CIRRUS DESIGN CORP,SR22,SR Series,1,2004,7,MN,C,US,20230930,20060427,20041124,4,1,V,
461E,2717,2130001,CIRRUS DESIGN CORP,SR22,SR Series,1,2007,7,MO,3,US,20250904,20250904,20070927,4,1,V,
461MG,2261,2130004,CIRRUS DESIGN CORP,SR22T,SR Series,1,2021,7,CO,S,US,20230818,20230818,20210218,4,1,V,
461P,9293,2130000,CIRRUS DESIGN CORP,SR20,SR Series,1,2023,3,NY,1,US,20230904,20230904,20230615,4,1,V,
461SR,2604,2130001,CIRRUS DESIGN CORP,SR22,SR Series,1,2007,4,CA,4,US,20231009,20230916,20070713,4,1,V,
4620,0411,2130010,CIRRUS DESIGN CORP,SF50,Vision Jet,1,2022,3,PA,1,US,20230614,20230614,20221213,4,5,V,
462BG,0080,2130010,CIRRUS DESIGN CORP,SF50,Vision Jet,1,2018,7,SC,7,US,20230728,20220429,20181019,4,5,V,
462CA,2462,2130004,CIRRUS DESIGN CORP,SR22T,SR Series,1,2021,7,OK,2,US,20250516,20250516,20211204,4,1,V,
462CD,1546,2130001,CIRRUS DESIGN CORP,SR22,SR Series,1,2005,7,NC,1,US,20241206,20241206,20080313,4,1,V,
462CP,3275,2130001,CIRRUS DESIGN CORP,SR22,SR Series,1,2008,4,MI,C,US,20230526,20150724,20080922,4,1,V,
462DL,10961,2130004,CIRRUS DESIGN CORP,SR22T,SR Series,1,2025,7,AR,2,US,20251105,20251105,20250926,4,1,V,
462HS,0775,2130001,CIRRUS DESIGN CORP,SR22,SR Series,1,2003,7,LA,2,US,20230712,20230712,20031218,4,1,V,
462PT,4282,2130001,CIRRUS DESIGN CORP,SR22,SR Series,1,2015,7,GA,7,US,20230610,20210921,20151208,4,1,V,
462PW,9858,2130000,CIRRUS DESIGN CORP,SR20,SR Series,1,2024,1,CT,E,US,20251029,20240513,20240404,4,1,V,
462TJ,1919,2130004,CIRRUS DESIGN CORP,SR22T,SR Series,1,2019,4,OK,2,US,20240615,20240615,20190514,4,1,V,
463DP,10152,2130004,CIRRUS DESIGN CORP,SR22T,SR Series,1,2024,7,TN,3,US,20241003,20241003,20240818,4,1,V,
463KJ,8605,2130004,CIRRUS DESIGN CORP,SR22T,SR Series,1,2022,7,IN,C,US,20230909,20221031,20220413,4,1,V,
464AC,1816,2130000,CIRRUS DESIGN CORP,SR20,SR Series,1,,7,TN,3,US,20230915,20191119,20070723,4,1,V,
464CD,1495,2130000,CIRRUS DESIGN CORP,SR20,SR Series,1,,7,TX,2,US,20231115,20231115,20050308,4,1,V,
464KB,1786,2130004,CIRRUS DESIGN CORP,SR22T,SR Series,1,2018,7,CA,4,US,20230728,20190425,20180910,4,1,V,
464M,0221,2130001,CIRRUS DESIGN CORP,SR22,SR Series,1,2002,4,TX,2,US,20230922,20131213,20020518,4,1,V,
464MG,2729,2130000,CIRRUS DESIGN CORP,SR20,SR Series,1,2021,7,AL,7,US,20250728,20250728,20210716,4,1,V,
464MW,8593,2130004,CIRRUS DESIGN CORP,SR22T,SR Series,1,2022,3,DE,1,US,20260128,20260128,20220411,4,1,V,
464PC,1208,2130001,CIRRUS DESIGN CORP,SR22,SR Series,1,2004,1,GA,7,US,20230930,20170103,20041213,4,1,V,
464WH,1928,2130004,CIRRUS DESIGN CORP,SR22T,SR Series,1,2019,7,CA,4,US,20260422,20260206,20190529,4,1,V,
4652C,0583,2130010,CIRRUS DESIGN CORP,SF50,Vision Jet,1,2024,3,MN,C,US,20250914,20250609,20240925,4,5,V,
465CP,3279,2130001,CIRRUS DESIGN CORP,SR22,SR Series,1,2008,7,TX,2,US,20241106,20241106,20080929,4,1,V,
465J,0157,2130004,CIRRUS DESIGN CORP,SR22T,SR Series,1,2011,7,,,,20230817,20230817,20110603,4,1,V,
465KJ,10663,2130004,CIRRUS DESIGN CORP,SR22T,SR Series,1,2025,1,MI,C,US,20250528,20250527,20250509,4,1,V,
465TX,2073,2130004,CIRRUS DESIGN CORP,SR22T,SR Series,1,2020,7,TX,2,US,20251224,20251224,20200211,4,1,V,
465TY,11494,2130004,CIRRUS DESIGN CORP,SR22T,SR Series,1,,8,MN,C,US,20260414,,,4,1,M,
466AM,1530,2130000,CIRRUS DESIGN CORP,SR20,SR Series,1,2005,7,OR,S,US,20230124,20230124,20050608,4,1,V,
466AV,8959,2130000,CIRRUS DESIGN CORP,SR20,SR Series,1,2022,7,AZ,4,US,20230325,20230325,20221221,4,1,V,
466CD,1466,2130001,CIRRUS DESIGN CORP,SR22,SR Series,1,2005,7,TN,3,US,20240306,20240306,20050601,4,1,V,
466CE,0999,2130001,CIRRUS DESIGN CORP,SR22,SR Series,1,2004,7,FL,7,US,20241115,20241115,20040630,4,1,V,
466MP,0852,2130001,CIRRUS DESIGN CORP,SR22,SR Series,1,2004,7,GA,7,US,20230512,20150512,20040325,4,1,V,
466T,9846,2130004,CIRRUS DESIGN CORP,SR22T,SR Series,1,2024,7,MO,3,US,20240426,20240426,20240321,4,1,V,
467CA,2369,2130000,CIRRUS DESIGN CORP,SR20,SR Series,1,2017,7,AZ,4,US,20250103,20250103,20170822,4,1,V,
467CC,8619,2130004,CIRRUS DESIGN CORP,SR22T,SR Series,1,2022,7,TN,3,US,20240124,20240124,20220425,4,1,V,
467CD,1439,2130001,CIRRUS DESIGN CORP,SR22,SR Series,1,2005,7,TX,2,US,20230718,20220207,20050513,4,1,V,
467WF,9840,2130004,CIRRUS DESIGN CORP,SR22T,SR Series,1,2024,7,NC,1,US,20240515,20240515,20240319,4,1,V,
468AV,9083,2130000,CIRRUS DESIGN CORP,SR20,SR Series,1,2023,7,AZ,4,US,20230425,20230425,20230203,4,1,V,
468BB,1264,2130000,CIRRUS DESIGN CORP,SR20,SR Series,1,,7,NV,4,US,20241023,20230510,20021001,4,1,V,
468CD,3338,2130001,CIRRUS DESIGN CORP,SR22,SR Series,1,2008,7,MD,1,US,20231020,20200427,20081216,4,1,V,
468CV,0012,2130010,CIRRUS DESIGN CORP,SF50,Vision Jet,1,2017,7,DE,1,US,20231110,20231110,20170629,4,5,V,
468GT,3199,2130001,CIRRUS DESIGN CORP,SR22,SR Series,1,2008,7,OR,S,US,20230718,20160229,20080814,4,1,V,
468JP,1261,2130000,CIRRUS DESIGN CORP,SR20,SR Series,1,2002,1,NY,1,US,20230616,20021029,20021001,4,1,V,
468KA,8576,2130004,CIRRUS DESIGN CORP,SR22T,SR Series,1,2022,7,FL,7,US,20250119,20250119,20220322,4,1,V,
468KC,10639,2130004,CIRRUS DESIGN CORP,SR22T,SR Series,1,2025,7,UT,S,US,20260214,20260214,20250502,4,1,V,
468LA,10766,2130000,CIRRUS DESIGN CORP,SR20,SR Series,1,2025,7,CA,4,US,20250822,20250822,20250628,4,1,V,
468MB,3679,2130001,CIRRUS DESIGN CORP,SR22,SR Series,1,2010,7,DE,1,US,20241109,20220518,20100630,4,1,V,
468MR,3559,2130001,CIRRUS DESIGN CORP,SR22,SR Series,1,2009,7,DE,1,US,20230707,20130104,20091202,4,1,V,
468PR,1661,2130000,CIRRUS DESIGN CORP,SR20,SR Series,1,2006,7,NC,1,US,20250117,20250117,20060522,4,1,V,
468SE,1161,2130004,CIRRUS DESIGN CORP,SR22T,SR Series,1,2015,7,FL,7,US,20230414,20210114,20151005,4,1,V,
469AL,4389,2130001,CIRRUS DESIGN CORP,SR22,SR Series,1,2016,7,NE,3,US,20241011,20200416,20160906,4,1,V,
469AV,9084,2130000,CIRRUS DESIGN CORP,SR20,SR Series,1,2023,7,AZ,4,US,20230425,20230425,20230204,4,1,V,
469BC,0058,2130010,CIRRUS DESIGN CORP,SF50,Vision Jet,1,2018,7,FL,7,US,20251014,20251014,20180613,4,5,V,
469CD,1555,2130001,CIRRUS DESIGN CORP,SR22,SR Series,1,2005,7,MS,2,US,20251028,20251028,20050805,4,1,V,
469CP,3277,2130001,CIRRUS DESIGN CORP,SR22,SR Series,1,2008,7,CA,4,US,20250305,20210426,20080923,4,1,V,
469FD,10469,2130001,CIRRUS DESIGN CORP,SR22,SR Series,1,2025,8,MN,C,US,20250613,20250613,20250218,4,1,V,
469GB,4234,2130001,CIRRUS DESIGN CORP,SR22,SR Series,1,2015,1,FL,7,US,20260422,,20150817,4,1,7,
469H,1333,2130001,CIRRUS DESIGN CORP,SR22,SR Series,1,2005,3,ND,C,US,20240228,20220416,20050228,4,1,V,
469JG,2100,2130004,CIRRUS DESIGN CORP,SR22T,SR Series,1,2020,7,FL,7,US,20230915,20221117,20200326,4,1,V,
469M,0464,2130010,CIRRUS DESIGN CORP,SF50,Vision Jet,1,2023,7,MA,E,US,20230812,20230812,20230619,4,5,V,
469ME,0385,2130010,CIRRUS DESIGN CORP,SF50,Vision Jet,1,2022,7,CA,4,US,20230215,20230215,20220921,4,5,V,
469SR,2107,2130001,CIRRUS DESIGN CORP,SR22,SR Series,1,2006,7,OH,C,US,20230122,20100521,20060831,4,1,V,
469SY,10015,2130004,CIRRUS DESIGN CORP,SR22T,SR Series,1,2024,3,DE,1,US,20240708,20240708,20240627,4,1,V,
46CN,9646,2130004,CIRRUS DESIGN CORP,SR22T,SR Series,1,2023,7,UT,S,US,20250925,20250925,20231226,4,1,V,
46JG,8814,2130001,CIRRUS DESIGN CORP,SR22,SR Series,1,2022,7,PA,1,US,20260715,20260715,20220919,4,1,V,
46KV,5130,2130001,CIRRUS DESIGN CORP,SR22,SR Series,1,2021,7,TX,2,US,20250609,20220514,20211216,4,1,V,
46MV,2275,2130004,CIRRUS DESIGN CORP,SR22T,SR Series,1,2021,7,FL,7,US,20260714,20250728,20210308,4,1,V,
46TE,1694,2130001,CIRRUS DESIGN CORP,SR22,SR Series,1,2005,7,MO,3,US,20230401,20171115,20051122,4,1,V,
46TR,0043,2130004,CIRRUS DESIGN CORP,SR22T,SR Series,1,2010,7,WI,C,US,20240627,20230217,20101124,4,1,V,
46VU,2444,2130000,CIRRUS DESIGN CORP,SR20,SR Series,1,2018,5,IN,C,US,20230526,20180716,20180516,4,1,V,
46ZE,1790,2130004,CIRRUS DESIGN CORP,SR22T,SR Series,1,2018,3,NV,4,US,20230707,20190102,20180911,4,1,V,
470AV,9085,2130000,CIRRUS DESIGN CORP,SR20,SR Series,1,2023,7,AZ,4,US,20230501,20230501,20230214,4,1,V,
470CD,1611,2130001,CIRRUS DESIGN CORP,SR22,SR Series,1,2005,7,PA,1,US,20230722,20160322,20050926,4,1,V,
470DA,1786,2130000,CIRRUS DESIGN CORP,SR20,SR Series,1,2007,3,FL,7,US,20230922,20161221,20070321,4,1,V,
470ST,10545,2130001,CIRRUS DESIGN CORP,SR22,SR Series,1,2025,7,GA,7,US,20250409,20250409,20250311,4,1,V,
470SU,8670,2130000,CIRRUS DESIGN CORP,SR20,SR Series,1,2022,7,OK,2,US,20230929,20230105,20220602,4,1,V,
471AV,9086,2130000,CIRRUS DESIGN CORP,SR20,SR Series,1,2023,7,AZ,4,US,20230501,20230501,20230215,4,1,V,
471DA,1787,2130000,CIRRUS DESIGN CORP,SR20,SR Series,1,2007,3,FL,7,US,20230922,20161221,20070521,4,1,V,
471FD,10471,2130001,CIRRUS DESIGN CORP,SR22,SR Series,1,2025,8,MN,C,US,20250228,20250228,20250130,4,1,V,
471TT,2061,2130000,CIRRUS DESIGN CORP,SR20,SR Series,1,2010,7,IN,C,US,20230909,20101020,20100817,4,1,V,
471WM,3801,2130001,CIRRUS DESIGN CORP,SR22,SR Series,1,2011,4,,,,20230519,20150602,20111013,4,1,V,
472AG,2408,2130004,CIRRUS DESIGN CORP,SR22T,SR Series,1,2021,4,IN,C,US,20230707,20220129,20211007,4,1,V,
472CD,1197,2130001,CIRRUS DESIGN CORP,SR22,SR Series,1,2004,1,NY,1,US,20230616,20211021,20041129,4,1,V,
472DA,1788,2130000,CIRRUS DESIGN CORP,SR20,SR Series,1,2007,7,DE,1,US,20251113,20251113,20070328,4,1,V,
472DV,9836,2130004,CIRRUS DESIGN CORP,SR22T,SR Series,1,2024,3,DE,1,US,20250715,20250715,20240405,4,1,V,
472JJ,1889,2130004,CIRRUS DESIGN CORP,SR22T,SR Series,1,2019,8,TN,3,US,20230406,20200331,20190326,4,1,V,
472KE,4781,2130001,CIRRUS DESIGN CORP,SR22,SR Series,1,2019,7,CA,4,US,20240902,20240902,20190506,4,1,V,
472MB,10166,2130001,CIRRUS DESIGN CORP,SR22,SR Series,1,2024,4,TX,2,US,20241024,20241024,20240825,4,1,V,
472PL,11133,2130004,CIRRUS DESIGN CORP,SR22T,SR Series,1,2026,3,CA,4,US,20260318,20260318,20260107,4,1,V,
472SR,2272,2130001,CIRRUS DESIGN CORP,SR22,SR Series,1,2006,7,CA,4,US,20230407,20171206,20061229,4,1,V,
473AV,9095,2130000,CIRRUS DESIGN CORP,SR20,SR Series,1,2023,7,AZ,4,US,20230506,20230506,20230220,4,1,V,
473BC,1658,2130001,CIRRUS DESIGN CORP,SR22,SR Series,1,,7,OH,C,US,20230915,20221115,20051026,4,1,V,
473BJ,3700,2130001,CIRRUS DESIGN CORP,SR22,SR Series,1,2010,7,WY,S,US,20260223,20260223,20100607,4,1,V,
473CD,1564,2130001,CIRRUS DESIGN CORP,SR22,SR Series,1,2005,4,TX,2,US,20230407,20111212,20050822,4,1,V,
473DA,1798,2130000,CIRRUS DESIGN CORP,SR20,SR Series,1,2007,3,FL,7,US,20230922,20161221,20070619,4,1,V,
473DV,2073,2130000,CIRRUS DESIGN CORP,SR20,SR Series,1,2010,7,WA,S,US,20230828,20230828,20101202,4,1,V,
473MB,9295,2130004,CIRRUS DESIGN CORP,SR22T,SR Series,1,2023,1,TX,2,US,20251230,20230914,20230622,4,1,V,
473MM,0107,2130010,CIRRUS DESIGN CORP,SF50,Vision Jet,1,2019,4,DE,1,US,20230310,20220815,20190313,4,5,V,Y
473P,2244,2130004,CIRRUS DESIGN CORP,SR22T,SR Series,1,2021,7,FL,7,US,20250128,20250128,20210114,4,1,V,
474AV,9100,2130000,CIRRUS DESIGN CORP,SR20,SR Series,1,2023,7,AZ,4,US,20230506,20230506,20230222,4,1,V,
474CD,1573,2130001,CIRRUS DESIGN CORP,SR22,SR Series,1,2005,7,NY,1,US,20230614,20230614,20050823,4,1,V,
474DA,1799,2130000,CIRRUS DESIGN CORP,SR20,SR Series,1,2007,3,FL,7,US,20230922,20161221,20070620,4,1,V,
474F,0617,2130010,CIRRUS DESIGN CORP,SF50,Vision Jet,1,2024,7,NV,4,US,20260210,20260210,20241230,4,5,V,
474K,11152,2130004,CIRRUS DESIGN CORP,SR22T,SR Series,1,2026,7,TX,2,US,20260330,20260330,20260121,4,1,V,
474PD,4936,2130001,CIRRUS DESIGN CORP,SR22,SR Series,1,2020,7,DE,1,US,20260108,20251202,20200812,4,1,V,
474RL,3820,2130001,CIRRUS DESIGN CORP,SR22,SR Series,1,2011,3,MS,2,US,20230505,20150406,20111130,4,1,V,
474WY,11364,2130004,CIRRUS DESIGN CORP,SR22T,SR Series,1,2026,7,UT,S,US,20260729,20260729,20260430,4,1,V,
475AV,9118,2130000,CIRRUS DESIGN CORP,SR20,SR Series,1,2023,7,AZ,4,US,20230526,20230518,20230316,4,1,V,
475CD,1574,2130001,CIRRUS DESIGN CORP,SR22,SR Series,1,2005,7,WY,S,US,20240717,20240717,20050823,4,1,V,
475DA,1800,2130000,CIRRUS DESIGN CORP,SR20,SR Series,1,2007,3,FL,7,US,20230922,20161221,20070620,4,1,V,
475DR,11202,2130000,CIRRUS DESIGN CORP,SR20,SR Series,1,2026,7,PA,1,US,20260416,20260416,20260208,4,1,V,
475HL,1092,2130004,CIRRUS DESIGN CORP,SR22T,SR Series,1,2015,3,CA,4,US,20260511,20240512,20150728,4,1,V,
475KV,1155,2130000,CIRRUS DESIGN CORP,SR20,SR Series,1,2001,1,PA,1,US,20250724,20250724,20011115,4,1,V,
476AV,9128,2130000,CIRRUS DESIGN CORP,SR20,SR Series,1,2023,7,AZ,4,US,20230525,20230522,20230317,4,1,V,
476CR,0494,2130010,CIRRUS DESIGN CORP,SF50,Vision Jet,1,2023,7,NE,3,US,20260403,20231215,20231024,4,5,V,
476DA,1818,2130000,CIRRUS DESIGN CORP,SR20,SR Series,1,2007,3,FL,7,US,20230922,20161221,20070718,4,1,V,
476SR,2746,2130001,CIRRUS DESIGN CORP,SR22,SR Series,1,2007,7,GA,7,US,20230414,20100825,20071016,4,1,V,
476TK,3667,2130001,CIRRUS DESIGN CORP,SR22,SR Series,1,2010,7,TX,2,US,20230414,20210109,20100629,4,1,V,
476WG,0389,2130001,CIRRUS DESIGN CORP,SR22,SR Series,1,2002,1,WA,S,US,20230519,20210624,20021119,4,1,V,
476Y,2624,2130001,CIRRUS DESIGN CORP,SR22,SR Series,1,2007,7,MT,S,US,20250810,20250810,20070803,4,1,V,
477CR,0790,2130010,CIRRUS DESIGN CORP,SF50,Vision Jet,1,,8,MN,C,US,20260403,,,4,5,M,
477DA,1819,2130000,CIRRUS DESIGN CORP,SR20,SR Series,1,2007,3,FL,7,US,20230922,20161221,20070725,4,1,V,
477ML,0246,2130004,CIRRUS DESIGN CORP,SR22T,SR Series,1,2011,1,MN,C,US,20230811,20160616,20111207,4,1,V,
477WW,4770,2130001,CIRRUS DESIGN CORP,SR22,SR Series,1,2019,7,FL,7,US,20250502,20250502,20190306,4,1,V,
478AM,1866,2130004,CIRRUS DESIGN CORP,SR22T,SR Series,1,2019,7,FL,7,US,20260728,20260728,20190207,4,1,V,
478AV,9175,2130000,CIRRUS DESIGN CORP,SR20,SR Series,1,2023,7,AZ,4,US,20230612,20230612,20230331,4,1,V,
478BC,2503,2130000,CIRRUS DESIGN CORP,SR20,SR Series,1,2019,4,CO,S,US,20230304,20200721,20190624,4,1,V,
478C,0400,2130001,CIRRUS DESIGN CORP,SR22,SR Series,1,2002,3,WA,S,US,20260225,20260225,20021123,4,1,V,
478CV,0478,2130010,CIRRUS DESIGN CORP,SF50,Vision Jet,1,2023,7,MO,3,US,20241031,20241031,20230810,4,5,V,
478CZ,9478,2130001,CIRRUS DESIGN CORP,SR22,SR Series,1,2023,7,LA,2,US,20231224,20231224,20231008,4,1,V,
478DA,1820,2130000,CIRRUS DESIGN CORP,SR20,SR Series,1,2007,3,FL,7,US,20230922,20161221,20070726,4,1,V,
478G,1227,2130001,CIRRUS DESIGN CORP,SR22,SR Series,1,2004,1,OR,S,US,20230728,20090114,20041217,4,1,V,
478JW,1826,2130004,CIRRUS DESIGN CORP,SR22T,SR Series,1,2018,7,AL,7,US,20250609,20231110,20181128,4,1,V,
478KM,4533,2130001,CIRRUS DESIGN CORP,SR22,SR Series,1,2017,7,GA,7,US,20231119,20231119,20171009,4,1,V,
478MP,3470,2130001,CIRRUS DESIGN CORP,SR22,SR Series,1,2009,7,VA,1,US,20250609,20231023,20090721,4,1,V,
478SE,1158,2130001,CIRRUS DESIGN CORP,SR22,SR Series,1,2004,1,FL,7,US,20230414,20140219,20041105,4,1,V,
478SR,2009,2130001,CIRRUS DESIGN CORP,SR22,SR Series,1,2006,7,IA,3,US,20230428,20150305,20060613,4,1,V,
4791C,1725,2130004,CIRRUS DESIGN CORP,SR22T,SR Series,1,2018,7,AR,2,US,20231127,20230315,20180523,4,1,V,
479AV,9180,2130000,CIRRUS DESIGN CORP,SR20,SR Series,1,2023,7,AZ,4,US,20230612,20230612,20230331,4,1,V,
479BC,1073,2130004,CIRRUS DESIGN CORP,SR22T,SR Series,1,2015,7,AZ,4,US,20231230,20231230,20150629,4,1,V,
479BW,10317,2130004,CIRRUS DESIGN CORP,SR22T,SR Series,1,2024,7,WI,C,US,20260604,20260604,20241119,4,1,V,
479CV,0479,2130010,CIRRUS DESIGN CORP,SF50,Vision Jet,1,2023,7,OK,2,US,20231027,20231027,20230816,4,5,V,
479DA,1821,2130000,CIRRUS DESIGN CORP,SR20,SR Series,1,2007,3,FL,7,US,20230922,20161221,20070726,4,1,V,
479WW,11221,2130004,CIRRUS DESIGN CORP,SR22T,SR Series,1,2026,7,AR,2,US,20260430,20260430,20260218,4,1,V,
47AA,0772,2130010,CIRRUS DESIGN CORP,SF50,Vision Jet,1,2026,7,OK,2,US,20260623,20260623,20260515,4,5,V,
47AL,10083,2130004,CIRRUS DESIGN CORP,SR22T,SR Series,1,2024,7,AL,7,US,20241002,20241002,20240706,4,1,V,
47AM,1054,2130000,CIRRUS DESIGN CORP,SR20,SR Series,1,2000,7,CO,S,US,20240517,20231002,20000729,4,1,V,
47AW,10089,2130001,CIRRUS DESIGN CORP,SR22,SR Series,1,,7,LA,2,US,20240921,20240921,,4,1,V,
47CE,0672,2130010,CIRRUS DESIGN CORP,SF50,Vision Jet,1,2025,7,FL,7,US,20250717,20250717,20250716,4,5,V,
47FA,0965,2130001,CIRRUS DESIGN CORP,SR22,SR Series,1,2004,4,NC,1,US,20230707,20220124,20040608,4,1,V,
47GT,10893,2130004,CIRRUS DESIGN CORP,SR22T,SR Series,1,2025,7,FL,7,US,20251014,20251014,20250829,4,1,V,
47LG,1316,2130004,CIRRUS DESIGN CORP,SR22T,SR Series,1,,1,TN,3,US,20250502,20250502,20160429,4,1,V,
47MA,11617,2130004,CIRRUS DESIGN CORP,SR22T,SR Series,1,,8,MN,C,US,20260616,,,4,1,M,
47SA,9759,2130001,CIRRUS DESIGN CORP,SR22,SR Series,1,2024,7,WY,S,US,20260520,20240222,20240121,4,1,V,
47SR,1418,2130001,CIRRUS DESIGN CORP,SR22,SR Series,1,,7,TX,2,US,20251024,20251024,20050428,4,1,V,
47TP,2037,2130000,CIRRUS DESIGN CORP,SR20,SR Series,1,2010,3,TX,2,US,20250506,,20100302,4,1,V,
47VU,2445,2130000,CIRRUS DESIGN CORP,SR20,SR Series,1,2018,7,GA,7,US,20260620,20260620,20180606,4,1,V,
47ZZ,2648,2130000,CIRRUS DESIGN CORP,SR20,SR Series,1,2020,7,TX,2,US,20230505,20210420,20201120,4,1,V,
480AM,1570,2130004,CIRRUS DESIGN CORP,SR22T,SR Series,1,2017,7,AZ,4,US,20230707,20220129,20170719,4,1,V,
480DA,1822,2130000,CIRRUS DESIGN CORP,SR20,SR Series,1,2007,3,FL,7,US,20230922,20161221,20070727,4,1,V,
480MB,2172,2130004,CIRRUS DESIGN CORP,SR22T,SR Series,1,2020,7,CA,4,US,20230421,20210217,20200923,4,1,V,
480PG,1887,2130000,CIRRUS DESIGN CORP,SR20,SR Series,1,2008,1,CO,S,US,20260202,20251204,20200919,4,1,V,
480SU,9998,2130000,CIRRUS DESIGN CORP,SR20,SR Series,1,2024,7,DE,1,US,20241008,20240823,20240623,4,1,V,
481CD,1488,2130000,CIRRUS DESIGN CORP,SR20,SR Series,1,2005,1,FL,7,US,20250507,20230410,20050209,4,1,V,
481DA,1823,2130000,CIRRUS DESIGN CORP,SR20,SR Series,1,2007,3,FL,7,US,20230922,20161221,20070727,4,1,V,
481FD,10481,2130001,CIRRUS DESIGN CORP,SR22,SR Series,1,2025,8,MN,C,US,20250407,20250407,20250221,4,1,V,
481GJ,10302,2130004,CIRRUS DESIGN CORP,SR22T,SR Series,1,2024,7,WI,C,US,20241126,20241126,20241106,4,1,V,
481JK,11658,2130000,CIRRUS DESIGN CORP,SR20,SR Series,1,,8,MN,C,US,20260721,,,4,1,M,
481MW,10675,2130004,CIRRUS DESIGN CORP,SR22T,SR Series,1,2025,7,NV,4,US,20250804,20250804,20250610,4,1,V,
481RA,1643,2130000,CIRRUS DESIGN CORP,SR20,SR Series,1,2006,5,MI,C,US,20230512,20200415,20060414,4,1,V,
482CD,1482,2130001,CIRRUS DESIGN CORP,SR22,SR Series,1,2005,3,WY,S,US,20260129,20260129,20050616,4,1,V,
482DM,9832,2130004,CIRRUS DESIGN CORP,SR22T,SR Series,1,2024,7,FL,7,US,20240419,20240419,20240319,4,1,V,
482WT,1899,2130004,CIRRUS DESIGN CORP,SR22T,SR Series,1,2019,7,IA,3,US,20251008,20251008,20190403,4,1,V,
483AD,11616,2130004,CIRRUS DESIGN CORP,SR22T,SR Series,1,,8,MN,C,US,20260609,,,4,1,M,
483AV,9325,2130000,CIRRUS DESIGN CORP,SR20,SR Series,1,2023,7,AZ,4,US,20230830,20230830,20230710,4,1,V,
483C,0269,2130010,CIRRUS DESIGN CORP,SF50,Vision Jet,1,2021,7,GA,7,US,20260519,20260519,20210518,4,5,V,
483DA,1825,2130000,CIRRUS DESIGN CORP,SR20,SR Series,1,2007,7,DE,1,US,20230122,20200501,20070730,4,1,V,
483P,2579,2130001,CIRRUS DESIGN CORP,SR22,SR Series,1,2007,7,PA,1,US,20240531,20240531,20070702,4,1,V,
483PG,1895,2130000,CIRRUS DESIGN CORP,SR20,SR Series,1,2008,1,CO,S,US,20251204,20251204,20200920,4,1,V,
484CD,2589,2130000,CIRRUS DESIGN CORP,SR20,SR Series,1,2020,7,NC,1,US,20241214,20200829,20200630,4,1,V,
484JS,8662,2130000,CIRRUS DESIGN CORP,SR20,SR Series,1,2022,1,TX,2,US,20250123,20250123,20220610,4,1,V,
484KC,2752,2130001,CIRRUS DESIGN CORP,SR22,SR Series,1,2007,7,OR,S,US,20240606,20240606,20071022,4,1,V,
484LA,11585,2130004,CIRRUS DESIGN CORP,SR22T,SR Series,1,,8,MN,C,US,20260605,,,4,1,M,
484T,11042,2130004,CIRRUS DESIGN CORP,SR22T,SR Series,1,2025,7,TX,2,US,20260126,20260126,20251111,4,1,V,
4858M,1501,2130004,CIRRUS DESIGN CORP,SR22T,SR Series,1,2017,3,MT,S,US,20250418,20240119,20170223,4,1,V,
485AV,9311,2130000,CIRRUS DESIGN CORP,SR20,SR Series,1,2023,7,AZ,4,US,20230816,20230815,20230624,4,1,V,
485DA,1830,2130000,CIRRUS DESIGN CORP,SR20,SR Series,1,2007,3,FL,7,US,20230922,20161221,20070731,4,1,V,
485DL,2694,2130000,CIRRUS DESIGN CORP,SR20,SR Series,1,2021,4,CO,S,US,20260107,20260107,20210220,4,1,V,
485DV,4473,2130001,CIRRUS DESIGN CORP,SR22,SR Series,1,2017,7,NC,1,US,20240324,20240324,20170508,4,1,V,
485DW,9642,2130004,CIRRUS DESIGN CORP,SR22T,SR Series,1,2023,3,NY,1,US,20240123,20240123,20231222,4,1,V,
485EM,2277,2130004,CIRRUS DESIGN CORP,SR22T,SR Series,1,2021,7,CA,4,US,20230512,20210506,20210304,4,1,V,
485KB,2123,2130001,CIRRUS DESIGN CORP,SR22,SR Series,1,2006,7,NH,E,US,20230818,20190711,20060906,4,1,V,
485VB,3867,2130001,CIRRUS DESIGN CORP,SR22,SR Series,1,2012,1,FL,7,US,20231231,20170403,20120821,4,1,V,
485VT,4501,2130001,CIRRUS DESIGN CORP,SR22,SR Series,1,2017,7,PA,1,US,20230304,20170726,20170627,4,1,V,
4863D,2699,2130000,CIRRUS DESIGN CORP,SR20,SR Series,1,2021,7,TX,2,US,20240730,20210615,20210223,4,1,V,
486AV,9315,2130000,CIRRUS DESIGN CORP,SR20,SR Series,1,2023,7,AZ,4,US,20231022,20231022,20230629,4,1,V,
486DC,1138,2130001,CIRRUS DESIGN CORP,SR22,SR Series,1,2004,1,KY,3,US,20230718,20190223,20041026,4,1,V,
486JG,1222,2130000,CIRRUS DESIGN CORP,SR20,SR Series,1,2002,7,MT,S,US,20260327,20260327,20020627,4,1,V,
486JP,3834,2130001,CIRRUS DESIGN CORP,SR22,SR Series,1,2012,7,KS,3,US,20230915,20191119,20120208,4,1,V,
486WB,9968,2130004,CIRRUS DESIGN CORP,SR22T,SR Series,1,2024,7,MA,E,US,20240610,20240610,20240514,4,1,V,
486WC,2040,2130004,CIRRUS DESIGN CORP,SR22T,SR Series,1,2019,7,VT,E,US,20240517,20240517,20191212,4,1,V,
487DA,1832,2130000,CIRRUS DESIGN CORP,SR20,SR Series,1,2007,3,FL,7,US,20230922,20161221,20070801,4,1,V,
487PG,1934,2130000,CIRRUS DESIGN CORP,SR20,SR Series,1,2008,4,TX,2,US,20230909,20191008,20080325,4,1,V,
487SR,2818,2130001,CIRRUS DESIGN CORP,SR22,SR Series,1,2007,7,IA,3,US,20231107,20231107,20071206,4,1,V,
488AJ,4147,2130001,CIRRUS DESIGN CORP,SR22,SR Series,1,2014,7,DE,1,US,20240910,20141103,20141031,4,1,V,
488AV,9305,2130000,CIRRUS DESIGN CORP,SR20,SR Series,1,2023,7,AZ,4,US,20240701,20230918,20230618,4,1,V,
488BW,2251,2130004,CIRRUS DESIGN CORP,SR22T,SR Series,1,2021,7,IN,C,US,20250329,20250329,20210128,4,1,V,
488DA,1833,2130000,CIRRUS DESIGN CORP,SR20,SR Series,1,2007,3,FL,7,US,20230922,20161221,20070801,4,1,V,
488GT,1612,2130004,CIRRUS DESIGN CORP,SR22T,SR Series,1,2017,7,TX,2,US,20230325,20230325,20170928,4,1,V,
489AV,9329,2130000,CIRRUS DESIGN CORP,SR20,SR Series,1,2023,7,AZ,4,US,20230830,20230830,20230708,4,1,V,
489CD,1591,2130001,CIRRUS DESIGN CORP,SR22,SR Series,1,,7,FL,7,US,20230811,20220629,20050906,4,1,V,
489CP,3294,2130001,CIRRUS DESIGN CORP,SR22,SR Series,1,2008,1,OH,C,US,20230407,20201205,20081006,4,1,V,
489CV,0489,2130010,CIRRUS DESIGN CORP,SF50,Vision Jet,1,2023,7,MI,C,US,20240718,20240718,20231010,4,5,V,
489DA,1835,2130000,CIRRUS DESIGN CORP,SR20,SR Series,1,2007,3,FL,7,US,20260105,20161221,20070827,4,1,V,
489SR,2701,2130001,CIRRUS DESIGN CORP,SR22,SR Series,1,2007,3,DE,1,US,20231227,20231227,20070918,4,1,V,
48BE,9577,2130004,CIRRUS DESIGN CORP,SR22T,SR Series,1,2023,4,MT,S,US,20260122,20260122,20231127,4,1,V,
48BZ,10689,2130000,CIRRUS DESIGN CORP,SR20,SR Series,1,2025,7,WI,C,US,20250805,20250805,20250518,4,1,V,
48DB,10235,2130001,CIRRUS DESIGN CORP,SR22,SR Series,1,2024,7,NY,1,US,20241031,20241031,20241001,4,1,V,
48HS,0053,2130010,CIRRUS DESIGN CORP,SF50,Vision Jet,1,2018,1,OH,C,US,20231120,20200826,20180523,4,5,V,
48JN,1317,2130004,CIRRUS DESIGN CORP,SR22T,SR Series,1,2016,3,UT,S,US,20260811,20260811,20160425,4,1,V,
48JS,2496,2130000,CIRRUS DESIGN CORP,SR20,SR Series,1,2019,1,PA,1,US,20230915,20221104,20190605,4,1,V,
48KL,0372,2130001,CIRRUS DESIGN CORP,SR22,SR Series,1,2002,1,SC,7,US,20260507,20260213,20021110,4,1,V,
48LP,10859,2130001,CIRRUS DESIGN CORP,SR22,SR Series,1,2025,8,MA,E,US,20251030,20251030,20250819,4,1,V,
48MD,10388,2130004,CIRRUS DESIGN CORP,SR22T,SR Series,1,2024,7,OR,S,US,20250128,20250128,20241221,4,1,V,
48NM,11316,2130000,CIRRUS DESIGN CORP,SR20,SR Series,1,2026,7,WI,C,US,20260707,20260707,20260409,4,1,V,
48RB,10424,2130004,CIRRUS DESIGN CORP,SR22T,SR Series,1,2025,3,DE,1,US,20250314,20250314,20250116,4,1,V,
48RC,3420,2130001,CIRRUS DESIGN CORP,SR22,SR Series,1,,3,IL,C,US,20250125,20250125,20090306,4,1,V,
48RE,0404,2130001,CIRRUS DESIGN CORP,SR22,SR Series,1,2002,7,OR,S,US,20250305,20250305,20021127,4,1,V,
48TG,1637,2130000,CIRRUS DESIGN CORP,SR20,SR Series,1,2006,7,MI,C,US,20260722,20260722,20060320,4,1,V,
48VU,2446,2130000,CIRRUS DESIGN CORP,SR20,SR Series,1,2018,5,IN,C,US,20230603,20180801,20180605,4,1,V,
48WP,0431,2130010,CIRRUS DESIGN CORP,SF50,Vision Jet,1,2023,7,AZ,4,US,20251230,20250226,20230307,4,5,V,
4904,2924,2130001,CIRRUS DESIGN CORP,SR22,SR Series,1,2008,7,FL,7,US,20240724,20240724,20080128,4,1,V,
490CD,1559,2130000,CIRRUS DESIGN CORP,SR20,SR Series,1,2005,1,GA,7,US,20230825,20220831,20050914,4,1,V,
490CE,8515,2130000,CIRRUS DESIGN CORP,SR20,SR Series,1,2022,7,WI,C,US,20230825,20220810,20220215,4,1,V,
490DA,1836,2130000,CIRRUS DESIGN CORP,SR20,SR Series,1,2007,3,FL,7,US,20230922,20161221,20070823,4,1,V,
490MM,2197,2130004,CIRRUS DESIGN CORP,SR22T,SR Series,1,2020,7,SC,7,US,20241221,20241221,20201029,4,1,V,
490PD,2234,2130004,CIRRUS DESIGN CORP,SR22T,SR Series,1,2020,7,UT,S,US,20230323,20230323,20201221,4,1,V,
490PG,1971,2130000,CIRRUS DESIGN CORP,SR20,SR Series,1,2008,1,,,,20230902,20190905,20080424,4,1,V,
490SR,2840,2130001,CIRRUS DESIGN CORP,SR22,SR Series,1,2007,7,WY,S,US,20230216,20230216,20071229,4,1,V,
490SU,10032,2130000,CIRRUS DESIGN CORP,SR20,SR Series,1,2024,7,DE,1,US,20240712,20240712,20240619,4,1,V,
490UD,0224,2130010,CIRRUS DESIGN CORP,SF50,Vision Jet,1,2020,7,TX,2,US,20251125,20251125,20201020,4,5,V,
491AV,9333,2130000,CIRRUS DESIGN CORP,SR20,SR Series,1,2023,7,AZ,4,US,20231022,20231022,20230713,4,1,V,
491CJ,1029,2130004,CIRRUS DESIGN CORP,SR22T,SR Series,1,2015,7,MO,3,US,20260708,20260708,20150514,4,1,V,
491DA,1837,2130000,CIRRUS DESIGN CORP,SR20,SR Series,1,2007,3,FL,7,US,20260105,20161221,20070823,4,1,V,
491MM,0835,2130010,CIRRUS DESIGN CORP,SF50,Vision Jet,1,,8,MN,C,US,20260708,,,4,5,M,
491S,0491,2130001,CIRRUS DESIGN CORP,SR22,SR Series,1,2003,7,FL,7,US,20230830,20210308,20030325,4,1,V,
4927,2598,2130001,CIRRUS DESIGN CORP,SR22,SR Series,1,2007,3,DE,1,US,20230414,20180112,20120319,4,1,V,
492AV,9361,2130000,CIRRUS DESIGN CORP,SR20,SR Series,1,2023,7,AZ,4,US,20231022,20231022,20230728,4,1,V,
492CP,3309,2130001,CIRRUS DESIGN CORP,SR22,SR Series,1,2008,7,TX,2,US,20260310,20260310,20081014,4,1,V,
492DA,1838,2130000,CIRRUS DESIGN CORP,SR20,SR Series,1,2007,3,FL,7,US,20230922,20161221,20070827,4,1,V,
492DM,3282,2130001,CIRRUS DESIGN CORP,SR22,SR Series,1,2008,1,GA,7,US,20250820,20250820,20080925,4,1,V,
492DP,8765,2130004,CIRRUS DESIGN CORP,SR22T,SR Series,1,2022,1,TX,2,US,20260108,20260108,20220812,4,1,V,
492DZ,2337,2130004,CIRRUS DESIGN CORP,SR22T,SR Series,1,2021,7,UT,S,US,20230610,20210911,20210621,4,1,V,
492MM,10671,2130004,CIRRUS DESIGN CORP,SR22T,SR Series,1,2025,7,FL,7,US,20250905,20250905,20250606,4,1,V,
4930V,0960,2130001,CIRRUS DESIGN CORP,SR22,SR Series,1,2004,7,WA,S,US,20230512,20210527,20040603,4,1,V,
493AV,9367,2130000,CIRRUS DESIGN CORP,SR20,SR Series,1,2023,7,AZ,4,US,20231022,20231022,20230807,4,1,V,
493CD,1603,2130001,CIRRUS DESIGN CORP,SR22,SR Series,1,2005,1,FL,7,US,20230616,20230616,20050920,4,1,V,
493MS,2450,2130001,CIRRUS DESIGN CORP,SR22,SR Series,1,2007,1,ID,S,US,20230208,20191031,20070424,4,1,V,
493PC,11707,2130004,CIRRUS DESIGN CORP,SR22T,SR Series,1,,8,MN,C,US,20260707,,,4,1,M,
493TR,0776,2130004,CIRRUS DESIGN CORP,SR22T,SR Series,1,2014,3,OK,2,US,20230728,20160420,20140505,4,1,V,
4949S,3796,2130001,CIRRUS DESIGN CORP,SR22,SR Series,1,2011,7,FL,7,US,20240718,20210426,20110929,4,1,V,
494AV,9375,2130000,CIRRUS DESIGN CORP,SR20,SR Series,1,2023,7,AZ,4,US,20231022,20231022,20230806,4,1,V,
494DA,1840,2130000,CIRRUS DESIGN CORP,SR20,SR Series,1,2007,3,FL,7,US,20230922,20161221,20070831,4,1,V,
494SR,2263,2130001,CIRRUS DESIGN CORP,SR22,SR Series,1,2006,7,OH,C,US,20230707,20190102,20061229,4,1,V,
495BC,2239,2130004,CIRRUS DESIGN CORP,SR22T,SR Series,1,2021,7,KS,3,US,20250807,20250807,20210106,4,1,V,
495CC,2011,2130001,CIRRUS DESIGN CORP,SR22,SR Series,1,2006,7,OH,C,US,20230915,20161110,20060619,4,1,V,
495CD,1605,2130001,CIRRUS DESIGN CORP,SR22,SR Series,1,2005,7,KY,3,US,20230310,20200831,20050921,4,1,V,
495PD,9044,2130004,CIRRUS DESIGN CORP,SR22T,SR Series,1,2023,7,ND,C,US,20250913,20250913,20230124,4,1,V,
495PG,1954,2130000,CIRRUS DESIGN CORP,SR20,SR Series,1,,7,IA,3,US,20230915,20191105,20080417,4,1,V,
495RM,1557,2130004,CIRRUS DESIGN CORP,SR22T,SR Series,1,2017,7,CA,4,US,20230930,20200109,20170621,4,1,V,
495SC,10484,2130001,CIRRUS DESIGN CORP,SR22,SR Series,1,2025,7,VA,1,US,20250312,20250312,20250215,4,1,V,
496AL,1836,2130004,CIRRUS DESIGN CORP,SR22T,SR Series,1,2018,7,TN,3,US,20240226,20240226,20181214,4,1,V,
496AV,9409,2130000,CIRRUS DESIGN CORP,SR20,SR Series,1,2023,7,AZ,4,US,20231025,20231025,20230825,4,1,V,
496CD,1612,2130001,CIRRUS DESIGN CORP,SR22,SR Series,1,2005,7,MO,3,US,20230909,20221012,20050926,4,1,V,
496CJ,10918,2130001,CIRRUS DESIGN CORP,SR22,SR Series,1,2025,7,IN,C,US,20251214,20251023,20250908,4,1,V,
496CP,3314,2130001,CIRRUS DESIGN CORP,SR22,SR Series,1,2008,7,FL,7,US,20230721,20190313,20081017,4,1,V,
496DA,1842,2130000,CIRRUS DESIGN CORP,SR20,SR Series,1,2007,3,FL,7,US,20230922,20161221,20070822,4,1,V,
496GR,4779,2130001,CIRRUS DESIGN CORP,SR22,SR Series,1,2019,1,,,,20250116,20250115,20190423,4,1,V,
496KG,2066,2130000,CIRRUS DESIGN CORP,SR20,SR Series,1,2010,7,AZ,4,US,20230909,20230909,20101022,4,1,V,
496LL,9055,2130004,CIRRUS DESIGN CORP,SR22T,SR Series,1,2023,7,FL,7,US,20250828,20250828,20230130,4,1,V,
496PD,9589,2130004,CIRRUS DESIGN CORP,SR22T,SR Series,1,,7,UT,S,US,20260722,20240109,,4,1,V,
4971,4174,2130001,CIRRUS DESIGN CORP,SR22,SR Series,1,2015,3,KY,3,US,20210216,,20150217,4,1,V,
497AV,9413,2130000,CIRRUS DESIGN CORP,SR20,SR Series,1,2023,7,AZ,4,US,20231024,20231024,20230830,4,1,V,
497CP,3315,2130001,CIRRUS DESIGN CORP,SR22,SR Series,1,2008,7,FL,7,US,20231020,20170413,20081017,4,1,V,
497MT,10191,2130004,CIRRUS DESIGN CORP,SR22T,SR Series,1,2024,1,IL,C,US,20241009,20241009,20240922,4,1,V,
497PD,10832,2130004,CIRRUS DESIGN CORP,SR22T,SR Series,1,2025,7,UT,S,US,20260731,20251004,20250807,4,1,V,
497PG,1973,2130000,CIRRUS DESIGN CORP,SR20,SR Series,1,,7,AZ,4,US,20240321,20231028,20080425,4,1,V,
497TZ,8773,2130001,CIRRUS DESIGN CORP,SR22,SR Series,1,2022,7,FL,7,US,20260208,20260208,20220810,4,1,V,
498AV,9417,2130000,CIRRUS DESIGN CORP,SR20,SR Series,1,2023,7,AZ,4,US,20231024,20231024,20230829,4,1,V,
498BC,4268,2130001,CIRRUS DESIGN CORP,SR22,SR Series,1,2015,7,IA,3,US,20230414,20180123,20151111,4,1,V,
498CD,1549,2130001,CIRRUS DESIGN CORP,SR22,SR Series,1,2005,7,AR,2,US,20250411,20120430,20050802,4,1,V,
498DD,4910,2130001,CIRRUS DESIGN CORP,SR22,SR Series,1,2020,7,MA,E,US,20230809,20230607,20200507,4,1,V,
498GN,2587,2130001,CIRRUS DESIGN CORP,SR22,SR Series,1,2007,7,TX,2,US,20230930,20140113,20070703,4,1,V,
498PF,1601,2130004,CIRRUS DESIGN CORP,SR22T,SR Series,1,2017,3,MI,C,US,20231121,20171017,20170918,4,1,V,
498SR,2081,2130001,CIRRUS DESIGN CORP,SR22,SR Series,1,2006,3,NM,2,US,20230623,20211103,20060809,4,1,V,
498TT,4239,2130001,CIRRUS DESIGN CORP,SR22,SR Series,1,2015,3,KY,3,US,20230718,20190206,20150826,4,1,V,
499RJ,3588,2130001,CIRRUS DESIGN CORP,SR22,SR Series,1,2009,7,NC,1,US,20231115,20231115,20091217,4,1,V,
499VA,1921,2130001,CIRRUS DESIGN CORP,SR22,SR Series,1,2006,3,MO,3,US,20230428,20180320,20060426,4,1,V,
49BS,8871,2130004,CIRRUS DESIGN CORP,SR22T,SR Series,1,2022,7,IN,C,US,20230301,20230301,20221016,4,1,V,
49CE,4504,2130001,CIRRUS DESIGN CORP,SR22,SR Series,1,2017,7,FL,7,US,20230428,20210318,20170717,4,1,V,
49CJ,0286,2130010,CIRRUS DESIGN CORP,SF50,Vision Jet,1,2021,7,,,,20230603,20210820,20210817,4,5,V,
49DA,11555,2130001,CIRRUS DESIGN CORP,SR22,SR Series,1,,8,MN,C,US,20260604,,,4,1,M,
49ED,4388,2130001,CIRRUS DESIGN CORP,SR22,SR Series,1,2016,7,CA,4,US,20260316,20260316,20160909,4,1,V,
49EM,10275,2130004,CIRRUS DESIGN CORP,SR22T,SR Series,1,2024,7,WI,C,US,20241119,20241119,20241029,4,1,V,
49ER,10013,2130000,CIRRUS DESIGN CORP,SR20,SR Series,1,2024,7,CA,4,US,20240722,20240722,20240613,4,1,V,
49NN,0630,2130010,CIRRUS DESIGN CORP,SF50,Vision Jet,1,2025,3,DE,1,US,20250318,20250318,20250313,4,5,V,
49PX,3570,2130001,CIRRUS DESIGN CORP,SR22,SR Series,1,2009,7,UT,S,US,20230902,20220909,20091116,4,1,V,
49TB,1466,2130000,CIRRUS DESIGN CORP,SR20,SR Series,1,2004,1,TX,2,US,20260624,20260624,20040930,4,1,V,
49WF,2610,2130001,CIRRUS DESIGN CORP,SR22,SR Series,1,2007,7,FL,7,US,20230619,20230619,20070720,4,1,V,
4AJ,11703,2130004,CIRRUS DESIGN CORP,SR22T,SR Series,1,,8,MN,C,US,20260723,,,4,1,M,
4BC,0222,2130010,CIRRUS DESIGN CORP,SF50,Vision Jet,1,2020,7,UT,S,US,20230414,20210113,20201211,4,5,V,
4E,1397,2130004,CIRRUS DESIGN CORP,SR22T,SR Series,1,2016,7,NV,4,US,20230424,20221026,20160726,4,1,V,
4GH,3941,2130001,CIRRUS DESIGN CORP,SR22,SR Series,1,2013,7,AR,2,US,20230920,20221031,20130508,4,1,V,
4GT,0426,2130010,CIRRUS DESIGN CORP,SF50,Vision Jet,1,2023,8,MN,C,US,20260531,20260531,20230131,4,5,V,
4HY,11362,2130004,CIRRUS DESIGN CORP,SR22T,SR Series,1,2026,8,MN,C,US,20260105,,20260430,4,1,M,
4KE,0384,2130004,CIRRUS DESIGN CORP,SR22T,SR Series,1,2012,7,FL,7,US,20230623,20230623,20230728,4,1,V,
4KW,4352,2130001,CIRRUS DESIGN CORP,SR22,SR Series,1,2016,7,MT,S,US,20240504,20211028,20160602,4,1,V,
4LS,0844,2130010,CIRRUS DESIGN CORP,SF50,Vision Jet,1,,8,MN,C,US,20260811,,,4,5,M,
4MB,2183,2130004,CIRRUS DESIGN CORP,SR22T,SR Series,1,2020,1,CA,4,US,20230407,20201231,20201006,4,1,V,
4MS,11487,2130004,CIRRUS DESIGN CORP,SR22T,SR Series,1,,8,MN,C,US,20260217,,,4,1,M,
4RH,0657,2130010,CIRRUS DESIGN CORP,SF50,Vision Jet,1,2025,1,MT,S,US,20250610,20250610,20250528,4,5,V,
4SD,0702,2130010,CIRRUS DESIGN CORP,SF50,Vision Jet,1,2025,3,UT,S,US,20251031,20251031,20251015,4,5,V,
4WM,10745,2130004,CIRRUS DESIGN CORP,SR22T,SR Series,1,2025,7,GA,7,US,20250729,20250729,20250620,4,1,V,
4WP,0799,2130010,CIRRUS DESIGN CORP,SF50,Vision Jet,1,,8,MN,C,US,20260403,,,4,5,M,
4ZY,1502,2130001,CIRRUS DESIGN CORP,SR22,SR Series,1,2005,7,WY,S,US,20260520,20210720,20050705,4,1,V,
5000C,0803,2130001,CIRRUS DESIGN CORP,SR22,SR Series,1,2004,7,WI,C,US,20230519,20210617,20040108,4,1,V,
5000J,0192,2130004,CIRRUS DESIGN CORP,SR22T,SR Series,1,2011,7,LA,2,US,20231227,20231227,20110915,4,1,V,
50068,2723,2130000,CIRRUS DESIGN CORP,SR20,SR Series,1,2021,7,FL,7,US,20230124,20230124,20210602,4,1,V,
5009U,0847,2130001,CIRRUS DESIGN CORP,SR22,SR Series,1,2004,7,HI,4,US,20260618,20210210,20040322,4,1,V,
500CP,2636,2130001,CIRRUS DESIGN CORP,SR22,SR Series,1,2007,7,DE,1,US,20230707,20220105,20070813,4,1,V,
500HB,1745,2130001,CIRRUS DESIGN CORP,SR22,SR Series,1,2006,7,NJ,1,US,20230915,20070103,20060103,4,1,V,
500MH,2067,2130000,CIRRUS DESIGN CORP,SR20,SR Series,1,2010,7,CA,4,US,20230407,20171218,20101105,4,1,V,
500RC,1680,2130001,CIRRUS DESIGN CORP,SR22,SR Series,1,2005,1,NV,4,US,20230324,20201007,20051114,4,1,V,
500SA,8859,2130000,CIRRUS DESIGN CORP,SR20,SR Series,1,2022,7,TX,2,US,20230222,20230222,20221003,4,1,V,
500SF,0500,2130010,CIRRUS DESIGN CORP,SF50,Vision Jet,1,2023,1,GA,7,US,20231204,20231204,20231120,4,5,V,
500SW,0337,2130010,CIRRUS DESIGN CORP,SF50,Vision Jet,1,2022,7,NC,1,US,20250804,20250804,20220202,4,5,V,
501CG,4358,2130001,CIRRUS DESIGN CORP,SR22,SR Series,1,2016,7,AZ,4,US,20260321,20260321,20160601,4,1,V,
501DF,1173,2130000,CIRRUS DESIGN CORP,SR20,SR Series,1,2002,7,CA,4,US,20230125,20230125,20020118,4,1,V,
501HR,10506,2130004,CIRRUS DESIGN CORP,SR22T,SR Series,1,2025,7,CA,4,US,20250328,20250328,20250305,4,1,V,
501LA,0374,2130010,CIRRUS DESIGN CORP,SF50,Vision Jet,1,2022,1,FL,7,US,20231120,20230222,20220818,4,5,V,
501NA,0012,2130001,CIRRUS DESIGN CORP,SR22,SR Series,1,2001,5,VA,1,US,20231020,20010518,20010409,4,1,V,
501PT,4076,2130001,CIRRUS DESIGN CORP,SR22,SR Series,1,2014,3,DE,1,US,20240213,20200923,20140421,4,1,V,
501PX,4313,2130001,CIRRUS DESIGN CORP,SR22,SR Series,1,2016,7,OH,C,US,20230122,20170621,20160224,4,1,V,
501TX,1592,2130000,CIRRUS DESIGN CORP,SR20,SR Series,1,2005,7,DE,1,US,20231017,20231017,20051111,4,1,V,
5023F,0842,2130001,CIRRUS DESIGN CORP,SR22,SR Series,1,2004,7,CA,4,US,20230610,20210909,20040319,4,1,V,
5024E,1401,2130000,CIRRUS DESIGN CORP,SR20,SR Series,1,2004,1,TX,2,US,20230915,20191112,20040204,4,1,V,
502AV,9459,2130000,CIRRUS DESIGN CORP,SR20,SR Series,1,2023,7,AZ,4,US,20231108,20231108,20231004,4,1,V,
502BE,10781,2130004,CIRRUS DESIGN CORP,SR22T,SR Series,1,2025,7,FL,7,US,20250812,20250812,20250703,4,1,V,
502BP,11325,2130004,CIRRUS DESIGN CORP,SR22T,SR Series,1,2026,7,WY,S,US,20260518,20260518,20260411,4,1,V,
502BZ,1485,2130001,CIRRUS DESIGN CORP,SR22,SR Series,1,2005,1,OH,C,US,20230915,20131120,20050620,4,1,V,
502CD,1149,2130001,CIRRUS DESIGN CORP,SR22,SR Series,1,2004,7,,8,DE,20231207,20230912,20041028,4,1,V,
502DT,2244,2130000,CIRRUS DESIGN CORP,SR20,SR Series,1,2014,7,CA,4,US,20230324,20201005,20140326,4,1,V,
502RR,2315,2130004,CIRRUS DESIGN CORP,SR22T,SR Series,1,2021,7,UT,S,US,20230219,20230219,20210528,4,1,V,
502SR,2460,2130001,CIRRUS DESIGN CORP,SR22,SR Series,1,2007,1,,,,20260507,20260507,20070427,4,1,V,
502WS,0262,2130010,CIRRUS DESIGN CORP,SF50,Vision Jet,1,2021,3,DE,1,US,20230922,20221229,20230116,4,5,V,
5030S,0827,2130001,CIRRUS DESIGN CORP,SR22,SR Series,1,2004,3,FL,7,US,20240605,20240605,20040317,4,1,V,
503AV,9465,2130000,CIRRUS DESIGN CORP,SR20,SR Series,1,2023,7,AZ,4,US,20231108,20231108,20230922,4,1,V,
503BN,1276,2130001,CIRRUS DESIGN CORP,SR22,SR Series,1,2005,1,PA,1,US,20230930,20080410,20050120,4,1,V,
503CD,0909,2130001,CIRRUS DESIGN CORP,SR22,SR Series,1,2004,1,FL,7,US,20230122,20200507,20040427,4,1,V,
503DL,0124,2130010,CIRRUS DESIGN CORP,SF50,Vision Jet,1,2019,7,MI,C,US,20250602,20200915,20190620,4,5,V,
503SM,8791,2130001,CIRRUS DESIGN CORP,SR22,SR Series,1,2022,7,NJ,1,US,20240723,20230213,20220828,4,1,V,
503WK,4980,2130001,CIRRUS DESIGN CORP,SR22,SR Series,1,2020,7,TN,3,US,20240729,20240729,20201203,4,1,V,
504CS,4131,2130001,CIRRUS DESIGN CORP,SR22,SR Series,1,2014,7,PA,1,US,20231010,20210120,20140923,4,1,V,
504FP,1192,2130001,CIRRUS DESIGN CORP,SR22,SR Series,1,2004,4,LA,2,US,20260325,20171016,20041123,4,1,V,
504HX,2191,2130004,CIRRUS DESIGN CORP,SR22T,SR Series,1,2020,7,FL,7,US,20231214,20231214,20201026,4,1,V,
504L,8682,2130004,CIRRUS DESIGN CORP,SR22T,SR Series,1,2022,7,DE,1,US,20240916,20240916,20220614,4,1,V,
504LM,2912,2130001,CIRRUS DESIGN CORP,SR22,SR Series,1,2008,3,WA,S,US,20230930,20080402,20080110,4,1,V,
504PG,3014,2130001,CIRRUS DESIGN CORP,SR22,SR Series,1,2008,7,MI,C,US,20230401,20080721,20080502,4,1,V,
504TK,8842,2130004,CIRRUS DESIGN CORP,SR22T,SR Series,1,2022,7,AL,7,US,20250620,20230215,20220927,4,1,V,
5050G,0833,2130001,CIRRUS DESIGN CORP,SR22,SR Series,1,2004,7,GA,7,US,20240726,20240726,20040316,4,1,V,
5050M,4326,2130001,CIRRUS DESIGN CORP,SR22,SR Series,1,2016,7,FL,7,US,20230317,20200917,20160404,4,1,V,
5051A,1419,2130000,CIRRUS DESIGN CORP,SR20,SR Series,1,2004,1,CA,4,US,20230407,20070621,20040216,4,1,V,
505AC,9580,2130004,CIRRUS DESIGN CORP,SR22T,SR Series,1,2023,7,TX,2,US,20240109,20240109,20231128,4,1,V,
505AR,2798,2130001,CIRRUS DESIGN CORP,SR22,SR Series,1,2007,4,TX,2,US,20250122,20250122,20170121,4,1,V,
505CD,0323,2130001,CIRRUS DESIGN CORP,SR22,SR Series,1,2002,7,WY,S,US,20260122,20260122,20020830,4,1,V,
505FR,9317,2130004,CIRRUS DESIGN CORP,SR22T,SR Series,1,2023,7,TX,2,US,20240118,20240118,20230708,4,1,V,
505MA,11201,2130001,CIRRUS DESIGN CORP,SR22,SR Series,1,2026,7,NJ,1,US,20260418,20260418,20260206,4,1,V,
505PC,8666,2130004,CIRRUS DESIGN CORP,SR22T,SR Series,1,2022,7,CO,S,US,20251120,20250505,20220531,4,1,V,
505PG,3016,2130001,CIRRUS DESIGN CORP,SR22,SR Series,1,,7,MN,C,US,20230718,20190211,20080502,4,1,V,
505PT,1352,2130001,CIRRUS DESIGN CORP,SR22,SR Series,1,,3,CO,S,US,20230825,20190807,20050316,4,1,V,
505TS,0788,2130004,CIRRUS DESIGN CORP,SR22T,SR Series,1,2014,7,ID,S,US,20230308,20230308,20140521,4,1,V,
5060V,0829,2130001,CIRRUS DESIGN CORP,SR22,SR Series,1,2004,7,OH,C,US,20230915,20191118,20040314,4,1,V,
506AV,9469,2130000,CIRRUS DESIGN CORP,SR20,SR Series,1,2023,7,AZ,4,US,20231115,20231115,20231010,4,1,V,
506CP,3317,2130001,CIRRUS DESIGN CORP,SR22,SR Series,1,2008,3,OK,2,US,20230707,20091222,20081020,4,1,V,
506LM,10048,2130001,CIRRUS DESIGN CORP,SR22,SR Series,1,2024,3,UT,S,US,20240819,20240819,20240630,4,1,V,
506LR,10458,2130004,CIRRUS DESIGN CORP,SR22T,SR Series,1,2025,7,FL,7,US,20250819,20250819,20250205,4,1,V,
506PG,3005,2130001,CIRRUS DESIGN CORP,SR22,SR Series,1,2008,7,OH,C,US,20240620,20240620,20080429,4,1,V,
506SR,1692,2130000,CIRRUS DESIGN CORP,SR20,SR Series,1,2006,7,NC,1,US,20251219,20251219,20060811,4,1,V,
506WC,0506,2130010,CIRRUS DESIGN CORP,SF50,Vision Jet,1,2023,7,DE,1,US,20250823,20240109,20231201,4,5,V,
507AV,9519,2130000,CIRRUS DESIGN CORP,SR20,SR Series,1,2023,7,AZ,4,US,20231209,20231209,20231102,4,1,V,
507CD,1533,2130000,CIRRUS DESIGN CORP,SR20,SR Series,1,,7,IA,3,US,20230224,20230224,20050712,4,1,V,
507CP,3319,2130001,CIRRUS DESIGN CORP,SR22,SR Series,1,2008,7,AZ,4,US,20240124,20240124,20081022,4,1,V,
507D,0813,2130010,CIRRUS DESIGN CORP,SF50,Vision Jet,1,,8,MN,C,US,20260422,,,4,5,M,
507KB,3631,2130001,CIRRUS DESIGN CORP,SR22,SR Series,1,2010,3,DE,1,US,20230603,20180814,20100331,4,1,V,
507MC,3389,2130001,CIRRUS DESIGN CORP,SR22,SR Series,1,,1,UT,S,US,20240907,20240907,20090714,4,1,V,
507RW,0664,2130004,CIRRUS DESIGN CORP,SR22T,SR Series,1,2013,7,AR,2,US,20231115,20231115,20131211,4,1,V,
507SA,0025,2130010,CIRRUS DESIGN CORP,SF50,Vision Jet,1,2017,7,FL,7,US,20251229,20251229,20171130,4,5,V,
5084V,0831,2130001,CIRRUS DESIGN CORP,SR22,SR Series,1,2004,7,DE,1,US,20230616,20091119,20040318,4,1,V,
508BM,9012,2130004,CIRRUS DESIGN CORP,SR22T,SR Series,1,2022,7,KS,3,US,20240717,20240717,20221228,4,1,V,
508DK,0309,2130001,CIRRUS DESIGN CORP,SR22,SR Series,1,2002,7,IL,C,US,20230707,20130118,20020820,4,1,V,
508JB,2474,2130001,CIRRUS DESIGN CORP,SR22,SR Series,1,2007,7,KS,3,US,20240515,20240115,20070509,4,1,V,
508JD,3184,2130001,CIRRUS DESIGN CORP,SR22,SR Series,1,2008,7,CO,S,US,20260122,20260122,20080806,4,1,V,
508JS,1170,2130000,CIRRUS DESIGN CORP,SR20,SR Series,1,2002,1,NC,1,US,20230930,20020304,20020110,4,1,V,
508KM,10665,2130004,CIRRUS DESIGN CORP,SR22T,SR Series,1,2025,7,MA,E,US,20250605,20250605,20250520,4,1,V,
508LC,0835,2130004,CIRRUS DESIGN CORP,SR22T,SR Series,1,2014,4,AL,7,US,20230930,20230119,20140731,4,1,V,
508PG,1978,2130000,CIRRUS DESIGN CORP,SR20,SR Series,1,2008,5,MN,C,US,20230603,20080916,20080507,4,1,V,
508RA,4458,2130001,CIRRUS DESIGN CORP,SR22,SR Series,1,2017,3,WY,S,US,20260130,20260130,20170308,4,1,V,
508SA,0448,2130010,CIRRUS DESIGN CORP,SF50,Vision Jet,1,2023,7,AZ,4,US,20250730,20250730,20230413,4,5,V,
508SB,0361,2130004,CIRRUS DESIGN CORP,SR22T,SR Series,1,2012,7,TX,2,US,20241209,20150311,20120813,4,1,V,
508TP,2334,2130000,CIRRUS DESIGN CORP,SR20,SR Series,1,2016,7,NY,1,US,20231219,20231219,20230324,4,1,V,
508VB,9576,2130004,CIRRUS DESIGN CORP,SR22T,SR Series,1,2023,7,DE,1,US,20250922,20250922,20231121,4,1,V,
508VJ,0508,2130010,CIRRUS DESIGN CORP,SF50,Vision Jet,1,2023,7,WY,S,US,20260520,20240229,20231208,4,5,V,
508WH,4603,2130001,CIRRUS DESIGN CORP,SR22,SR Series,1,2018,1,CO,S,US,20260624,,20180213,4,1,7,
508WK,11036,2130004,CIRRUS DESIGN CORP,SR22T,SR Series,1,2025,7,MA,E,US,20251218,20251218,20251106,4,1,V,
509CD,1194,2130001,CIRRUS DESIGN CORP,SR22,SR Series,1,2004,7,ME,E,US,20231020,20200430,20041124,4,1,V,
509CE,0979,2130001,CIRRUS DESIGN CORP,SR22,SR Series,1,2004,7,UT,S,US,20230310,20170830,20040618,4,1,V,
509CM,3509,2130001,CIRRUS DESIGN CORP,SR22,SR Series,1,2010,7,FL,7,US,20230714,20230619,20100602,4,1,V,
509CP,3320,2130001,CIRRUS DESIGN CORP,SR22,SR Series,1,2008,1,AZ,4,US,20230317,20200924,20081023,4,1,V,
509LJ,0308,2130010,CIRRUS DESIGN CORP,SF50,Vision Jet,1,2021,7,WA,S,US,20230722,20220324,20211108,4,5,V,
509RR,0843,2130001,CIRRUS DESIGN CORP,SR22,SR Series,1,2004,7,IL,C,US,20230316,20230316,20040322,4,1,V,
509SA,0453,2130010,CIRRUS DESIGN CORP,SF50,Vision Jet,1,2023,7,NM,2,US,20250927,20250927,20230504,4,5,V,
509SR,10366,2130004,CIRRUS DESIGN CORP,SR22T,SR Series,1,2024,7,WA,S,US,20250117,20250117,20241215,4,1,V,
50BV,8912,2130001,CIRRUS DESIGN CORP,SR22,SR Series,1,2022,1,AL,7,US,20240621,20240620,20221202,4,1,V,
50BZ,1327,2130000,CIRRUS DESIGN CORP,SR20,SR Series,1,2003,7,TX,2,US,20260128,20220228,20180412,4,1,V,
50DN,10758,2130004,CIRRUS DESIGN CORP,SR22T,SR Series,1,2025,3,IN,C,US,20250811,20250811,20250625,4,1,V,
50FT,2019,2130001,CIRRUS DESIGN CORP,SR22,SR Series,1,2006,7,FL,7,US,20230722,20230722,20060630,4,1,V,
50G,0098,2130010,CIRRUS DESIGN CORP,SF50,Vision Jet,1,2019,7,CO,S,US,20230201,20230201,20190122,4,5,V,
50GE,0275,2130010,CIRRUS DESIGN CORP,SF50,Vision Jet,1,2021,1,IL,C,US,20230610,20210922,20210629,4,5,V,
50GM,0797,2130010,CIRRUS DESIGN CORP,SF50,Vision Jet,1,,8,MN,C,US,20260410,,,4,5,M,
50LU,2424,2130000,CIRRUS DESIGN CORP,SR20,SR Series,1,2018,7,CO,S,US,20250824,20250127,20180320,4,1,V,
50MF,2452,2130000,CIRRUS DESIGN CORP,SR20,SR Series,1,2018,7,CO,S,US,20250824,20231118,20180626,4,1,V,
50QM,0451,2130010,CIRRUS DESIGN CORP,SF50,Vision Jet,1,2023,7,OR,S,US,20260410,20230626,20230425,4,5,V,
50SF,0563,2130010,CIRRUS DESIGN CORP,SF50,Vision Jet,1,2024,7,FL,7,US,20240725,20240725,20240711,4,5,V,
50TT,0473,2130010,CIRRUS DESIGN CORP,SF50,Vision Jet,1,2023,7,CA,4,US,20230912,20230912,20230725,4,5,V,
50VG,0335,2130010,CIRRUS DESIGN CORP,SF50,Vision Jet,1,2022,7,AZ,4,US,20260226,20260226,20220127,4,5,V,
50VR,0048,2130010,CIRRUS DESIGN CORP,SF50,Vision Jet,1,2018,7,FL,7,US,20230930,20200124,20180507,4,5,V,
50WJ,0201,2130010,CIRRUS DESIGN CORP,SF50,Vision Jet,1,2020,7,DE,1,US,20230304,20200721,20200514,4,5,V,
50WT,1122,2130004,CIRRUS DESIGN CORP,SR22T,SR Series,1,2015,7,CO,S,US,20230623,20230623,20150831,4,1,V,
510CD,1324,2130001,CIRRUS DESIGN CORP,SR22,SR Series,1,2005,1,AK,5,US,20230603,20150810,20050224,4,1,V,
510CK,2350,2130004,CIRRUS DESIGN CORP,SR22T,SR Series,1,2021,7,MT,S,US,20240216,20210927,20210629,4,1,V,
510JE,10215,2130004,CIRRUS DESIGN CORP,SR22T,SR Series,1,2024,7,CO,S,US,20241121,20241121,20240916,4,1,V,
510LG,9259,2130004,CIRRUS DESIGN CORP,SR22T,SR Series,1,2023,3,UT,S,US,20231030,20231030,20230525,4,1,V,
510SB,0719,2130010,CIRRUS DESIGN CORP,SF50,Vision Jet,1,,7,IN,C,US,20260112,20260112,,4,5,V,
510TX,1765,2130004,CIRRUS DESIGN CORP,SR22T,SR Series,1,2018,4,DE,1,US,20231011,20231011,20180801,4,1,V,
511AA,10389,2130004,CIRRUS DESIGN CORP,SR22T,SR Series,1,2024,7,WY,S,US,20260520,20250801,20241220,4,1,V,
511AT,4854,2130001,CIRRUS DESIGN CORP,SR22,SR Series,1,2019,8,TN,3,US,20230406,20230120,20191023,4,1,V,
511B,5045,2130001,CIRRUS DESIGN CORP,SR22,SR Series,1,2021,1,WI,C,US,20250406,20250406,20210603,4,1,V,
511BP,0476,2130010,CIRRUS DESIGN CORP,SF50,Vision Jet,1,2023,7,DE,1,US,20230822,20230822,20230802,4,5,V,
511CD,1602,2130001,CIRRUS DESIGN CORP,SR22,SR Series,1,2005,7,LA,2,US,20230804,20090116,20080724,4,1,V,
511CT,9501,2130004,CIRRUS DESIGN CORP,SR22T,SR Series,1,2023,7,FL,7,US,20260407,20260407,20231023,4,1,V,
511GB,0658,2130010,CIRRUS DESIGN CORP,SF50,Vision Jet,1,2025,7,IA,3,US,20250708,20250708,20250529,4,5,V,
511JT,11150,2130004,CIRRUS DESIGN CORP,SR22T,SR Series,1,2026,7,GA,7,US,20260314,20260314,20260116,4,1,V,
511JW,10738,2130004,CIRRUS DESIGN CORP,SR22T,SR Series,1,2025,7,OK,2,US,20250910,20250910,20250626,4,1,V,
511PG,1980,2130000,CIRRUS DESIGN CORP,SR20,SR Series,1,2008,1,TN,3,US,20240613,20120723,20080508,4,1,V,
511RM,10286,2130004,CIRRUS DESIGN CORP,SR22T,SR Series,1,2024,7,CO,S,US,20250107,20250107,20241023,4,1,V,
511RT,2018,2130000,CIRRUS DESIGN CORP,SR20,SR Series,1,2009,7,NY,1,US,20230722,20190321,20090528,4,1,V,
511SE,4331,2130001,CIRRUS DESIGN CORP,SR22,SR Series,1,2016,4,FL,7,US,20250806,20250806,20160413,4,1,V,
511SK,2062,2130004,CIRRUS DESIGN CORP,SR22T,SR Series,1,2020,1,TX,2,US,20260523,,20200130,4,1,R,
511SR,2050,2130001,CIRRUS DESIGN CORP,SR22,SR Series,1,2006,1,CA,4,US,20230728,20070130,20060727,4,1,V,
511SX,2220,2130000,CIRRUS DESIGN CORP,SR20,SR Series,1,2012,7,MN,C,US,20250131,20250131,20170920,4,1,V,
511TB,0003,2130004,CIRRUS DESIGN CORP,SR22T,SR Series,1,2010,7,OH,C,US,20231129,20231129,20100602,4,1,V,
511TR,10195,2130004,CIRRUS DESIGN CORP,SR22T,SR Series,1,2024,7,OH,C,US,20241023,20241023,20240908,4,1,V,
511WY,8735,2130004,CIRRUS DESIGN CORP,SR22T,SR Series,1,2022,7,MI,C,US,20230823,20230823,20220718,4,1,V,
5121B,11695,2130000,CIRRUS DESIGN CORP,SR20,SR Series,1,,8,MN,C,US,20260713,,,4,1,M,
5123Y,0886,2130001,CIRRUS DESIGN CORP,SR22,SR Series,1,2004,3,OR,S,US,20231020,20170424,20040414,4,1,V,
512AM,2332,2130000,CIRRUS DESIGN CORP,SR20,SR Series,1,2016,7,PA,1,US,20230217,20230217,20161014,4,1,V,
512AP,1889,2130001,CIRRUS DESIGN CORP,SR22,SR Series,1,2006,7,VA,1,US,20230505,20180402,20060403,4,1,V,
512AV,9521,2130000,CIRRUS DESIGN CORP,SR20,SR Series,1,2023,7,AZ,4,US,20231209,20231209,20231028,4,1,V,
512AW,4045,2130001,CIRRUS DESIGN CORP,SR22,SR Series,1,2013,7,TX,2,US,20230122,20200501,20131224,4,1,V,
512BP,0694,2130010,CIRRUS DESIGN CORP,SF50,Vision Jet,1,2025,7,TX,2,US,20251024,20251024,20250922,4,5,V,
512CD,1614,2130001,CIRRUS DESIGN CORP,SR22,SR Series,1,2005,7,FL,7,US,20250306,20250306,20050927,4,1,V,
512CP,3169,2130001,CIRRUS DESIGN CORP,SR22,SR Series,1,2008,7,OH,C,US,20231130,20231130,20080801,4,1,V,
512FA,11564,2130000,CIRRUS DESIGN CORP,SR20,SR Series,1,,8,MN,C,US,20260421,,,4,1,M,
512HJ,4316,2130001,CIRRUS DESIGN CORP,SR22,SR Series,1,2016,7,FL,7,US,20230310,20230310,20160315,4,1,V,
512HW,9122,2130004,CIRRUS DESIGN CORP,SR22T,SR Series,1,2023,7,CA,4,US,20230513,20230513,20230315,4,1,V,
512KP,10034,2130004,CIRRUS DESIGN CORP,SR22T,SR Series,1,2024,3,CA,4,US,20240713,20240713,20240628,4,1,V,
512LT,8600,2130004,CIRRUS DESIGN CORP,SR22T,SR Series,1,2022,7,FL,7,US,20240521,20240516,20220422,4,1,V,
512MC,2260,2130004,CIRRUS DESIGN CORP,SR22T,SR Series,1,2021,3,TX,2,US,20260610,20260610,20210210,4,1,V,
512MD,1659,2130004,CIRRUS DESIGN CORP,SR22T,SR Series,1,2018,7,GA,7,US,20230930,20200121,20180103,4,1,V,
512PE,9434,2130004,CIRRUS DESIGN CORP,SR22T,SR Series,1,2023,1,TX,2,US,20231101,20231021,20230916,4,1,V,
512RD,0770,2130004,CIRRUS DESIGN CORP,SR22T,SR Series,1,2014,7,OH,C,US,20230818,20160726,20140429,4,1,V,
512TA,9890,2130004,CIRRUS DESIGN CORP,SR22T,SR Series,1,2024,7,TX,2,US,20240613,20240613,20240501,4,1,V,
512TR,0993,2130001,CIRRUS DESIGN CORP,SR22,SR Series,1,2004,3,PA,1,US,20230923,20230923,20040628,4,1,V,
512TT,2325,2130004,CIRRUS DESIGN CORP,SR22T,SR Series,1,2021,7,TX,2,US,20251205,20251205,20210607,4,1,V,
512UT,10341,2130004,CIRRUS DESIGN CORP,SR22T,SR Series,1,2024,7,TX,2,US,20251125,20250104,20241123,4,1,V,
513AC,0515,2130010,CIRRUS DESIGN CORP,SF50,Vision Jet,1,2023,1,TX,2,US,20251006,20240121,20231222,4,5,V,
513AV,9523,2130000,CIRRUS DESIGN CORP,SR20,SR Series,1,2023,7,AZ,4,US,20231209,20231209,20231028,4,1,V,
513CD,0487,2130010,CIRRUS DESIGN CORP,SF50,Vision Jet,1,2023,1,OH,C,US,20231110,20231110,20230921,4,5,V,
513CR,9489,2130004,CIRRUS DESIGN CORP,SR22T,SR Series,1,2023,4,CA,4,US,20231201,20231201,20231017,4,1,V,
513JP,1693,2130004,CIRRUS DESIGN CORP,SR22T,SR Series,1,2018,7,TX,2,US,20250626,20250626,20180309,4,1,V,
513NG,0493,2130010,CIRRUS DESIGN CORP,SF50,Vision Jet,1,2023,7,MT,S,US,20250509,20250509,20231018,4,5,V,
513P,10507,2130000,CIRRUS DESIGN CORP,SR20,SR Series,1,2025,7,MA,E,US,20250402,20250402,20250312,4,1,V,
513PA,1974,2130000,CIRRUS DESIGN CORP,SR20,SR Series,1,2008,4,OR,S,US,20230728,20190416,20080428,4,1,V,
513PZ,1978,2130004,CIRRUS DESIGN CORP,SR22T,SR Series,1,2019,7,NY,1,US,20230202,20230202,20190906,4,1,V,
513SR,2059,2130001,CIRRUS DESIGN CORP,SR22,SR Series,1,2006,7,GA,7,US,20230324,20201007,20060727,4,1,V,
513TW,4267,2130001,CIRRUS DESIGN CORP,SR22,SR Series,1,2015,7,FL,7,US,20230701,20151210,20151111,4,1,V,
513UC,9297,2130004,CIRRUS DESIGN CORP,SR22T,SR Series,1,2023,7,IL,C,US,20230904,20230904,20230614,4,1,V,
513VJ,0513,2130010,CIRRUS DESIGN CORP,SF50,Vision Jet,1,2023,3,TX,2,US,20260610,20260610,20231220,4,5,V,
513W,2707,2130001,CIRRUS DESIGN CORP,SR22,SR Series,1,2007,7,NY,1,US,20230519,20210626,20070914,4,1,V,
513WC,0519,2130004,CIRRUS DESIGN CORP,SR22T,SR Series,1,2013,3,NE,3,US,20250203,20250203,20130515,4,1,V,
513X,3886,2130001,CIRRUS DESIGN CORP,SR22,SR Series,1,2012,1,OH,C,US,20240202,20210417,20121026,4,1,V,
513YZ,9349,2130004,CIRRUS DESIGN CORP,SR22T,SR Series,1,2023,7,WI,C,US,20231008,20231008,20230721,4,1,V,
513Z,1734,2130001,CIRRUS DESIGN CORP,SR22,SR Series,1,2005,7,DE,1,US,20230311,20230311,20051117,4,1,V,
5147Y,0848,2130001,CIRRUS DESIGN CORP,SR22,SR Series,1,2004,7,MN,C,US,20230616,20181027,20040323,4,1,V,
514BR,1245,2130001,CIRRUS DESIGN CORP,SR22,SR Series,1,2004,7,IA,3,US,20230430,20230430,20041230,4,1,V,
514CC,9495,2130004,CIRRUS DESIGN CORP,SR22T,SR Series,1,2023,7,GA,7,US,20231222,20231222,20231027,4,1,V,
514DT,1972,2130001,CIRRUS DESIGN CORP,SR22,SR Series,1,2006,3,NY,1,US,20230304,20170731,20060525,4,1,V,
514ED,1420,2130001,CIRRUS DESIGN CORP,SR22,SR Series,1,2005,1,NC,1,US,20230505,20120412,20050429,4,1,V,
514PG,1981,2130000,CIRRUS DESIGN CORP,SR20,SR Series,1,2008,4,WI,C,US,20250917,20250917,20080512,4,1,V,
514PR,10331,2130000,CIRRUS DESIGN CORP,SR20,SR Series,1,2024,7,TX,2,US,20250108,20250108,20241126,4,1,V,
514PZ,8505,2130004,CIRRUS DESIGN CORP,SR22T,SR Series,1,2022,7,CA,4,US,20240417,20220730,20220202,4,1,V,
514RJ,10901,2130004,CIRRUS DESIGN CORP,SR22T,SR Series,1,2025,7,SC,7,US,20251110,20251110,20250913,4,1,V,
514RT,8990,2130004,CIRRUS DESIGN CORP,SR22T,SR Series,1,2022,3,CA,4,US,20251209,20251209,20221218,4,1,V,
514SL,2175,2130004,CIRRUS DESIGN CORP,SR22T,SR Series,1,2020,7,CO,S,US,20230407,20201208,20200922,4,1,V,
514SM,1303,2130001,CIRRUS DESIGN CORP,SR22,SR Series,1,2005,7,TX,2,US,20230902,20220928,20050207,4,1,V,
514SR,1873,2130001,CIRRUS DESIGN CORP,SR22,SR Series,1,2006,3,CA,4,US,20230722,20220328,20060326,4,1,V,
514VK,0733,2130010,CIRRUS DESIGN CORP,SF50,Vision Jet,1,2026,7,CO,S,US,20260424,20260424,20260129,4,5,V,
5150B,9015,2130004,CIRRUS DESIGN CORP,SR22T,SR Series,1,2022,7,OK,2,US,20230329,20230329,20221226,4,1,V,
5150X,0605,2130010,CIRRUS DESIGN CORP,SF50,Vision Jet,1,2024,7,FL,7,US,20250602,20250602,20241210,4,5,V,
515AV,9560,2130000,CIRRUS DESIGN CORP,SR20,SR Series,1,2023,7,AZ,4,US,20231226,20231226,20231116,4,1,V,
515BP,10384,2130004,CIRRUS DESIGN CORP,SR22T,SR Series,1,2024,7,FL,7,US,20250123,20250123,20241224,4,1,V,
515C,1862,2130004,CIRRUS DESIGN CORP,SR22T,SR Series,1,2019,7,FL,7,US,20260618,20260122,20190124,4,1,V,
515CD,0539,2130010,CIRRUS DESIGN CORP,SF50,Vision Jet,1,2024,3,WI,C,US,20240418,20240418,20240327,4,5,V,
515HD,11469,2130004,CIRRUS DESIGN CORP,SR22T,SR Series,1,,7,WY,S,US,20260729,20260706,,4,1,V,
515JP,11235,2130000,CIRRUS DESIGN CORP,SR20,SR Series,1,2026,7,MS,2,US,20260514,20260514,20260304,4,1,V,
515LA,2254,2130000,CIRRUS DESIGN CORP,SR20,SR Series,1,2014,7,FL,7,US,20230122,20140611,20140507,4,1,V,
515MH,3841,2130001,CIRRUS DESIGN CORP,SR22,SR Series,1,2012,8,CA,4,US,20260218,20251217,20120320,4,1,V,
515P,0184,2130010,CIRRUS DESIGN CORP,SF50,Vision Jet,1,2020,7,LA,2,US,20231020,20200407,20200220,4,5,V,
515SC,4627,2130001,CIRRUS DESIGN CORP,SR22,SR Series,1,2018,7,FL,7,US,20230922,20191216,20180411,4,1,V,
515SM,8500,2130001,CIRRUS DESIGN CORP,SR22,SR Series,1,2022,7,TX,2,US,20231211,20231208,20220120,4,1,V,
515VC,1257,2130004,CIRRUS DESIGN CORP,SR22T,SR Series,1,2016,7,WY,S,US,20240124,20240124,20181012,4,1,V,
515WT,1039,2130004,CIRRUS DESIGN CORP,SR22T,SR Series,1,2015,7,MT,S,US,20260501,20260501,20150513,4,1,V,
5167L,11089,2130004,CIRRUS DESIGN CORP,SR22T,SR Series,1,2025,7,TX,2,US,20260204,20260204,20251206,4,1,V,
516AL,0743,0563277,CIRRUS DESIGN CORPORATION,SF50,Vision Jet,1,2026,7,DE,1,US,20260430,20260430,20260226,4,5,V,
516CP,3321,2130001,CIRRUS DESIGN CORP,SR22,SR Series,1,2008,1,IL,C,US,20230610,20150908,20081023,4,1,V,
516CR,1309,2130001,CIRRUS DESIGN CORP,SR22,SR Series,1,2005,7,WI,C,US,20260206,20260206,20050216,4,1,V,
516EV,1445,2130001,CIRRUS DESIGN CORP,SR22,SR Series,1,2005,7,OK,2,US,20250612,20250612,20250618,4,1,V,
516JR,0166,2130010,CIRRUS DESIGN CORP,SF50,Vision Jet,1,2019,7,AL,7,US,20260706,20251114,20191127,4,5,V,
516KS,1604,2130004,CIRRUS DESIGN CORP,SR22T,SR Series,1,2017,3,DE,1,US,20250116,20250116,20170919,4,1,V,
516MD,10934,2130004,CIRRUS DESIGN CORP,SR22T,SR Series,1,2025,7,FL,7,US,20251118,20251118,20251006,4,1,V,
516ML,2572,2130000,CIRRUS DESIGN CORP,SR20,SR Series,1,,7,PA,1,US,20230304,20200728,,4,1,V,
516PG,1982,2130000,CIRRUS DESIGN CORP,SR20,SR Series,1,2008,7,CA,4,US,20230930,20110106,20080509,4,1,V,
516PT,2490,2130000,CIRRUS DESIGN CORP,SR20,SR Series,1,2019,8,MN,C,US,20231215,20231215,20190508,4,1,V,
516SR,2062,2130001,CIRRUS DESIGN CORP,SR22,SR Series,1,,7,TN,3,US,20230929,20230119,20060728,4,1,V,
517,1352,2130004,CIRRUS DESIGN CORP,SR22T,SR Series,1,2016,7,CA,4,US,20241028,20240923,20160531,4,1,V,
5175F,0818,2130001,CIRRUS DESIGN CORP,SR22,SR Series,1,2004,7,IA,3,US,20230304,20100618,20040127,4,1,V,
5175L,1542,2130001,CIRRUS DESIGN CORP,SR22,SR Series,1,2005,7,ID,S,US,20230825,20220803,20050729,4,1,V,
517AB,0011,2130010,CIRRUS DESIGN CORP,SF50,Vision Jet,1,2017,7,AL,7,US,20250505,20250505,20170623,4,5,V,
517AV,9564,2130000,CIRRUS DESIGN CORP,SR20,SR Series,1,2023,7,AZ,4,US,20231226,20231226,20231113,4,1,V,
517BS,10870,2130004,CIRRUS DESIGN CORP,SR22T,SR Series,1,2025,7,GA,7,US,20251017,20251017,20250827,4,1,V,
517CD,1126,2130001,CIRRUS DESIGN CORP,SR22,SR Series,1,2004,4,CA,4,US,20230825,20160823,20041020,4,1,V,
517CG,0650,2130010,CIRRUS DESIGN CORP,SF50,Vision Jet,1,2025,7,MT,S,US,20251007,20250609,20250506,4,5,V,
517CP,3323,2130001,CIRRUS DESIGN CORP,SR22,SR Series,1,2008,3,MS,2,US,20230603,20210813,20081024,4,1,V,
517LM,3715,2130001,CIRRUS DESIGN CORP,SR22,SR Series,1,2011,7,ND,C,US,20260524,20260524,20110118,4,1,V,
517PT,2658,2130000,CIRRUS DESIGN CORP,SR20,SR Series,1,2021,7,IL,C,US,20241008,20210417,20210127,4,1,V,
517PZ,0931,2130001,CIRRUS DESIGN CORP,SR22,SR Series,1,2004,7,OR,S,US,20260615,20150409,20040517,4,1,V,
517SB,2407,2130004,CIRRUS DESIGN CORP,SR22T,SR Series,1,2021,7,CO,S,US,20250808,20250808,20211007,4,1,V,
517SW,0666,2130001,CIRRUS DESIGN CORP,SR22,SR Series,1,2003,7,MI,C,US,20230421,20210203,20030902,4,1,V,
518AV,9568,2130000,CIRRUS DESIGN CORP,SR20,SR Series,1,2023,7,AZ,4,US,20231227,20231226,20231117,4,1,V,
518AW,4129,2130001,CIRRUS DESIGN CORP,SR22,SR Series,1,2014,7,LA,2,US,20240411,20240411,20140918,4,1,V,
518BA,4183,2130001,CIRRUS DESIGN CORP,SR22,SR Series,1,2015,3,GA,7,US,20230310,20200811,20150319,4,1,V,
518BG,0145,2130010,CIRRUS DESIGN CORP,SF50,Vision Jet,1,2019,1,NE,3,US,20260324,20190919,20190917,4,5,V,
518BP,2683,2130001,CIRRUS DESIGN CORP,SR22,SR Series,1,2007,7,SC,7,US,20230601,20230601,20070907,4,1,V,
518CD,1229,2130001,CIRRUS DESIGN CORP,SR22,SR Series,1,2004,7,KS,3,US,20230427,20230427,20041217,4,1,V,
518CP,3324,2130001,CIRRUS DESIGN CORP,SR22,SR Series,1,2008,7,TN,3,US,20260109,20260109,20081027,4,1,V,
518FD,10518,2130001,CIRRUS DESIGN CORP,SR22,SR Series,1,2025,8,MN,C,US,20250328,20250328,20250228,4,1,V,
518JT,1715,2130004,CIRRUS DESIGN CORP,SR22T,SR Series,1,2018,7,AZ,4,US,20260609,20260609,20180502,4,1,V,
518LL,11425,2130004,CIRRUS DESIGN CORP,SR22T,SR Series,1,2026,8,MN,C,US,20260318,,20260602,4,1,M,
518LM,2183,2130001,CIRRUS DESIGN CORP,SR22,SR Series,1,2006,4,AZ,4,US,20230718,20190219,20061011,4,1,V,
518MD,1183,2130001,CIRRUS DESIGN CORP,SR22,SR Series,1,2004,7,OH,C,US,20250401,20250401,20041118,4,1,V,
518PM,9517,2130004,CIRRUS DESIGN CORP,SR22T,SR Series,1,2023,7,MN,C,US,20251215,20251215,20231104,4,1,V,
518PT,2704,2130000,CIRRUS DESIGN CORP,SR20,SR Series,1,2021,7,OK,2,US,20240623,20240623,20210409,4,1,V,
518TD,2342,2130004,CIRRUS DESIGN CORP,SR22T,SR Series,1,2021,7,CA,4,US,20230610,20210908,20210616,4,1,V,
518TM,9789,2130004,CIRRUS DESIGN CORP,SR22T,SR Series,1,2023,7,AL,7,US,20240425,20240425,20240227,4,1,V,
518VA,11169,2130001,CIRRUS DESIGN CORP,SR22,SR Series,1,2026,7,NY,1,US,20260408,20260408,20260125,4,1,V,
518VV,11174,2130000,CIRRUS DESIGN CORP,SR20,SR Series,1,2026,7,NY,1,US,20260721,20260408,20260129,4,1,V,
518WT,1828,2130004,CIRRUS DESIGN CORP,SR22T,SR Series,1,2018,7,DE,1,US,20230718,20190223,20181129,4,1,V,
519AB,0381,2130010,CIRRUS DESIGN CORP,SF50,Vision Jet,1,2022,7,MN,C,US,20240411,20230202,20220906,4,5,V,
519AP,2323,2130004,CIRRUS DESIGN CORP,SR22T,SR Series,1,2021,7,MN,C,US,20251114,20250905,20210528,4,1,V,
519BR,3948,2130001,CIRRUS DESIGN CORP,SR22,SR Series,1,2013,7,NC,1,US,20260623,20221012,20130528,4,1,V,
519CB,3819,2130001,CIRRUS DESIGN CORP,SR22,SR Series,1,2011,7,MN,C,US,20240315,20240315,20111128,4,1,V,
519CC,10072,2130004,CIRRUS DESIGN CORP,SR22T,SR Series,1,2024,7,GA,7,US,20240827,20240827,20240731,4,1,V,
519DE,1964,2130001,CIRRUS DESIGN CORP,SR22,SR Series,1,2006,3,DE,1,US,20230623,20181130,20060516,4,1,V,
519DH,0233,2130001,CIRRUS DESIGN CORP,SR22,SR Series,1,2002,4,CA,4,US,20231020,20170421,20020605,4,1,V,
519EB,0552,2130010,CIRRUS DESIGN CORP,SF50,Vision Jet,1,2024,3,UT,S,US,20240624,20240624,20240529,4,5,V,
519KR,1250,2130000,CIRRUS DESIGN CORP,SR20,SR Series,1,2002,7,TN,3,US,20230616,20021120,20020919,4,1,V,
519PD,9977,2130004,CIRRUS DESIGN CORP,SR22T,SR Series,1,2024,7,MI,C,US,20240622,20240622,20240601,4,1,V,
519PP,11531,2130004,CIRRUS DESIGN CORP,SR22T,SR Series,1,,8,MN,C,US,20260604,,,4,1,M,
519PR,9224,2130004,CIRRUS DESIGN CORP,SR22T,SR Series,1,2023,7,MT,S,US,20241105,20241105,20230506,4,1,V,
519SR,2072,2130001,CIRRUS DESIGN CORP,SR22,SR Series,1,2006,7,GA,7,US,20231016,20231016,20060803,4,1,V,
519WV,2998,2130001,CIRRUS DESIGN CORP,SR22,SR Series,1,2008,1,,,,20230421,20210225,20080414,4,1,V,
51CW,4969,2130001,CIRRUS DESIGN CORP,SR22,SR Series,1,2020,7,ME,E,US,20240515,20231215,20201019,4,1,V,
51FC,0006,2130010,CIRRUS DESIGN CORP,SF50,Vision Jet,1,2016,7,VA,1,US,20230610,20180911,20161219,4,5,V,
51FM,2156,2130004,CIRRUS DESIGN CORP,SR22T,SR Series,1,2020,4,AZ,4,US,20230317,20200915,20200821,4,1,V,
51HW,0572,2130010,CIRRUS DESIGN CORP,SF50,Vision Jet,1,2024,7,LA,2,US,20241120,20241015,20241003,4,5,V,
51L,0507,2130010,CIRRUS DESIGN CORP,SF50,Vision Jet,1,2023,7,,,,20231220,20231220,20231214,4,5,V,
51LA,1756,2130001,CIRRUS DESIGN CORP,SR22,SR Series,1,2005,1,NJ,1,US,20230707,20190118,20060109,4,1,V,
51RE,10895,2130004,CIRRUS DESIGN CORP,SR22T,SR Series,1,2025,7,CA,4,US,20251202,20251202,20250831,4,1,V,
51XJ,4611,2130001,CIRRUS DESIGN CORP,SR22,SR Series,1,,7,AL,7,US,20240730,20240730,20180228,4,1,V,
520AV,9574,2130000,CIRRUS DESIGN CORP,SR20,SR Series,1,2023,7,AZ,4,US,20240110,20240110,20231127,4,1,V,
520BC,0996,2130001,CIRRUS DESIGN CORP,SR22,SR Series,1,2004,1,OR,S,US,20230505,20180410,20040628,4,1,V,
520CE,1784,2130004,CIRRUS DESIGN CORP,SR22T,SR Series,1,2018,7,DE,1,US,20230616,20181029,20180905,4,1,V,
520CL,10228,2130001,CIRRUS DESIGN CORP,SR22,SR Series,1,2024,7,FL,7,US,20241105,20241105,20240928,4,1,V,
520CT,0924,2130004,CIRRUS DESIGN CORP,SR22T,SR Series,1,2014,7,NY,1,US,20230401,20201114,20141126,4,1,V,
520S,8973,2130004,CIRRUS DESIGN CORP,SR22T,SR Series,1,2022,7,ND,C,US,20241126,20241105,20221216,4,1,V,
520SU,9983,2130000,CIRRUS DESIGN CORP,SR20,SR Series,1,2024,7,DE,1,US,20240712,20240712,20240529,4,1,V,
520TD,0636,2130010,CIRRUS DESIGN CORP,SF50,Vision Jet,1,2025,7,VA,1,US,20250320,20250320,20250319,4,5,V,
520TR,0450,2130010,CIRRUS DESIGN CORP,SF50,Vision Jet,1,2023,7,TN,3,US,20230810,20230810,20230419,4,5,V,
520WK,3797,2130001,CIRRUS DESIGN CORP,SR22,SR Series,1,2011,7,VA,1,US,20240413,20240413,20111006,4,1,V,
520YZ,2279,2130000,CIRRUS DESIGN CORP,SR20,SR Series,1,2015,3,CA,4,US,20260716,20220831,20150304,4,1,V,
521BA,1614,2130000,CIRRUS DESIGN CORP,SR20,SR Series,1,2006,7,IL,C,US,20231228,20231228,20060214,4,1,V,
521BT,0752,2130001,CIRRUS DESIGN CORP,SR22,SR Series,1,2003,4,NC,1,US,20250408,20181116,20031126,4,1,V,
521CD,2441,2130001,CIRRUS DESIGN CORP,SR22,SR Series,1,2007,3,OK,2,US,20230428,20150331,20070412,4,1,V,
521CM,1558,2130000,CIRRUS DESIGN CORP,SR20,SR Series,1,2005,4,NH,E,US,20250408,20250408,20050913,4,1,V,
521CV,0179,2130010,CIRRUS DESIGN CORP,SF50,Vision Jet,1,2020,3,KY,3,US,20250912,20250912,20200207,4,5,V,
521DA,9506,2130000,CIRRUS DESIGN CORP,SR20,SR Series,1,2023,7,MD,1,US,20240711,20240711,20231026,4,1,V,
521DG,8575,2130004,CIRRUS DESIGN CORP,SR22T,SR Series,1,2022,7,MT,S,US,20241123,20241123,20220318,4,1,V,
521LM,2243,2130001,CIRRUS DESIGN CORP,SR22,SR Series,1,2006,1,OH,C,US,20230825,20160804,20061208,4,1,V,
521P,1841,2130004,CIRRUS DESIGN CORP,SR22T,SR Series,1,2019,7,MI,C,US,20230722,20220330,20190103,4,1,V,
521PT,9194,2130000,CIRRUS DESIGN CORP,SR20,SR Series,1,2023,7,TN,3,US,20250116,20250116,20230415,4,1,V,
521SR,1695,2130000,CIRRUS DESIGN CORP,SR20,SR Series,1,2006,1,AZ,4,US,20230401,20201106,20060714,4,1,V,
521TS,1753,2130001,CIRRUS DESIGN CORP,SR22,SR Series,1,2005,1,CA,4,US,20230722,20130314,20060106,4,1,V,
521WP,0247,2130004,CIRRUS DESIGN CORP,SR22T,SR Series,1,2011,7,FL,7,US,20260711,20260711,20111208,4,1,V,
521Y,10509,2130004,CIRRUS DESIGN CORP,SR22T,SR Series,1,2025,7,CO,S,US,20260421,20260421,20250308,4,1,V,
521Z,0176,2130001,CIRRUS DESIGN CORP,SR22,SR Series,1,2002,3,SD,C,US,20230317,20140926,20020319,4,1,V,
521ZA,2222,2130004,CIRRUS DESIGN CORP,SR22T,SR Series,1,2020,7,NV,4,US,20250501,20250501,20201210,4,1,V,
521ZM,2583,2130001,CIRRUS DESIGN CORP,SR22,SR Series,1,2007,1,MI,C,US,20230718,20190206,20070710,4,1,V,
5226R,1767,2130001,CIRRUS DESIGN CORP,SR22,SR Series,1,2006,1,,7,AN,20230122,20200514,20060112,4,1,V,
522A,5139,2130001,CIRRUS DESIGN CORP,SR22,SR Series,1,2021,7,AL,7,US,20241211,20241211,20211221,4,1,V,
522AR,1534,2130001,CIRRUS DESIGN CORP,SR22,SR Series,1,2005,7,AR,2,US,20230926,20230926,20050725,4,1,V,
522CD,0193,2130001,CIRRUS DESIGN CORP,SR22,SR Series,1,2002,7,IN,C,US,20230505,20020920,20020403,4,1,V,
522CM,10445,2130004,CIRRUS DESIGN CORP,SR22T,SR Series,1,2025,1,CA,4,US,20250317,20250222,20250125,4,1,V,
522CP,3201,2130001,CIRRUS DESIGN CORP,SR22,SR Series,1,2008,7,CA,4,US,20250906,20250906,20080813,4,1,V,
522DD,1322,2130001,CIRRUS DESIGN CORP,SR22,SR Series,1,2005,7,FL,7,US,20230922,20050317,20050222,4,1,V,
522DX,5064,2130001,CIRRUS DESIGN CORP,SR22,SR Series,1,2021,7,NJ,1,US,20230616,20211022,20210727,4,1,V,
522FD,10522,2130001,CIRRUS DESIGN CORP,SR22,SR Series,1,2025,8,MN,C,US,20250328,20250328,20250308,4,1,V,
522KG,1170,2130001,CIRRUS DESIGN CORP,SR22,SR Series,1,2004,3,CA,4,US,20230930,20170110,20041110,4,1,V,
522MG,0540,2130001,CIRRUS DESIGN CORP,SR22,SR Series,1,2003,4,NC,1,US,20230122,20200210,20030504,4,1,V,
522PD,11562,2130004,CIRRUS DESIGN CORP,SR22T,SR Series,1,,8,MN,C,US,20260623,,,4,1,M,
522PK,0321,2130004,CIRRUS DESIGN CORP,SR22T,SR Series,1,2012,7,NY,1,US,20230922,20191216,20120518,4,1,V,
522PU,1561,2130001,CIRRUS DESIGN CORP,SR22,SR Series,1,2005,7,NY,1,US,20230603,20210811,20050816,4,1,V,
522PW,2210,2130004,CIRRUS DESIGN CORP,SR22T,SR Series,1,2020,7,IL,C,US,20230421,20210220,20201207,4,1,V,
522RK,1076,2130004,CIRRUS DESIGN CORP,SR22T,SR Series,1,2015,7,AZ,4,US,20250820,20250820,20150708,4,1,V,
522SR,2475,2130001,CIRRUS DESIGN CORP,SR22,SR Series,1,2007,1,AZ,4,US,20240624,20240624,20070517,4,1,V,
522T,1204,2130004,CIRRUS DESIGN CORP,SR22T,SR Series,1,2015,1,,,,20250909,20190329,20151208,4,1,V,
522V,3951,2130001,CIRRUS DESIGN CORP,SR22,SR Series,1,,7,AL,7,US,20231106,20231106,20130610,4,1,V,
522VX,0656,2130010,CIRRUS DESIGN CORP,SF50,Vision Jet,1,2025,7,MO,3,US,20250529,20250529,20250522,4,5,V,
522WM,0670,2130001,CIRRUS DESIGN CORP,SR22,SR Series,1,2003,7,MN,C,US,20230915,20221116,20030905,4,1,V,
522WT,4823,2130001,CIRRUS DESIGN CORP,SR22,SR Series,1,2019,7,VA,1,US,20230922,20221201,20190920,4,1,V,
5235V,1417,2130000,CIRRUS DESIGN CORP,SR20,SR Series,1,2004,3,OK,2,US,20231007,20200228,20040211,4,1,V,
523AC,11113,2130004,CIRRUS DESIGN CORP,SR22T,SR Series,1,2026,7,MA,E,US,20260405,20260405,20260103,4,1,V,
523CM,4733,2130001,CIRRUS DESIGN CORP,SR22,SR Series,1,2018,7,NC,1,US,20230512,20210519,20181206,4,1,V,
523CV,10937,2130004,CIRRUS DESIGN CORP,SR22T,SR Series,1,2025,7,KY,3,US,20260722,20260209,20251008,4,1,V,
523DA,9999,2130000,CIRRUS DESIGN CORP,SR20,SR Series,1,2024,7,VA,1,US,20240910,20240717,20240628,4,1,V,
523DK,9781,2130004,CIRRUS DESIGN CORP,SR22T,SR Series,1,2024,3,DE,1,US,20250822,20250822,20240211,4,1,V,
523DL,2693,2130000,CIRRUS DESIGN CORP,SR20,SR Series,1,2021,4,CO,S,US,20260107,20260107,20210220,4,1,V,
523GW,4832,2130001,CIRRUS DESIGN CORP,SR22,SR Series,1,2019,7,DE,1,US,20250224,20250224,20191008,4,1,V,
523JW,2302,2130004,CIRRUS DESIGN CORP,SR22T,SR Series,1,2021,7,KS,3,US,20240216,20240215,20210421,4,1,V,
523KA,9034,2130004,CIRRUS DESIGN CORP,SR22T,SR Series,1,2022,7,AZ,4,US,20260420,20260420,20221228,4,1,V,
523KD,9296,2130004,CIRRUS DESIGN CORP,SR22T,SR Series,1,2023,1,TX,2,US,20251012,20250806,20230620,4,1,V,
523KM,2213,2130004,CIRRUS DESIGN CORP,SR22T,SR Series,1,2020,1,OR,S,US,20230616,20211016,20201203,4,1,V,
523LR,0721,2130010,CIRRUS DESIGN CORP,SF50,Vision Jet,1,2025,7,KS,3,US,20260216,20260216,20251217,4,5,V,
523LS,2058,2130000,CIRRUS DESIGN CORP,SR20,SR Series,1,2010,7,OK,2,US,20260810,20251204,20101020,4,1,V,
523MK,1848,2130004,CIRRUS DESIGN CORP,SR22T,SR Series,1,2019,7,AL,7,US,20240119,20240119,20190115,4,1,V,
523MP,11319,2130004,CIRRUS DESIGN CORP,SR22T,SR Series,1,2026,7,DE,1,US,20260702,20260702,20260412,4,1,V,
523PG,1985,2130000,CIRRUS DESIGN CORP,SR20,SR Series,1,2008,1,FL,7,US,20260112,20171215,20080507,4,1,V,
523RS,5071,2130001,CIRRUS DESIGN CORP,SR22,SR Series,1,2021,7,DE,1,US,20230701,20211204,20210825,4,1,V,
523TV,0494,2130004,CIRRUS DESIGN CORP,SR22T,SR Series,1,2013,3,DE,1,US,20230610,20210903,20130425,4,1,V,
524AR,2757,2130000,CIRRUS DESIGN CORP,SR20,SR Series,1,2021,7,CA,4,US,20240823,20240823,20210902,4,1,V,
524CC,9796,2130001,CIRRUS DESIGN CORP,SR22,SR Series,1,2024,1,MI,C,US,20240324,20240324,20240303,4,1,V,
524CM,8550,2130004,CIRRUS DESIGN CORP,SR22T,SR Series,1,2022,7,GA,7,US,20250926,20250926,20220302,4,1,V,
524DA,4259,2130001,CIRRUS DESIGN CORP,SR22,SR Series,1,2015,7,NV,4,US,20231115,20231115,20151013,4,1,V,
524ET,8798,2130001,CIRRUS DESIGN CORP,SR22,SR Series,1,2022,7,MN,C,US,20241108,20241108,20220828,4,1,V,
524HP,0226,2130010,CIRRUS DESIGN CORP,SF50,Vision Jet,1,2020,7,WY,S,US,20230421,20210220,20201002,4,5,V,
524LL,10342,2130004,CIRRUS DESIGN CORP,SR22T,SR Series,1,2024,7,AZ,4,US,20241230,20241230,20241122,4,1,V,
524MK,1277,2130000,CIRRUS DESIGN CORP,SR20,SR Series,1,2003,1,NJ,1,US,20230929,20030327,20030122,4,1,V,
524PE,11043,2130001,CIRRUS DESIGN CORP,SR22,SR Series,1,2025,7,TX,2,US,20260124,20260124,20251209,4,1,V,
524PG,1986,2130000,CIRRUS DESIGN CORP,SR20,SR Series,1,2008,7,TX,2,US,20230610,20150918,20080513,4,1,V,
524PT,9946,2130000,CIRRUS DESIGN CORP,SR20,SR Series,1,2024,7,FL,7,US,20251226,20251226,20240525,4,1,V,
524SB,11461,2130004,CIRRUS DESIGN CORP,SR22T,SR Series,1,,8,MN,C,US,20251219,,,4,1,M,
524SR,2313,2130001,CIRRUS DESIGN CORP,SR22,SR Series,1,2007,7,GA,7,US,20230902,20080205,20070109,4,1,V,
5251B,10489,2130000,CIRRUS DESIGN CORP,SR20,SR Series,1,2025,7,VA,1,US,20250321,20250321,20250211,4,1,V,
525BE,0136,2130001,CIRRUS DESIGN CORP,SR22,SR Series,1,2001,7,WV,1,US,20251215,20251215,20011227,4,1,V,
525CB,0049,2130010,CIRRUS DESIGN CORP,SF50,Vision Jet,1,2018,7,AZ,4,US,20250211,20250113,20180508,4,5,V,
525EC,4039,2130001,CIRRUS DESIGN CORP,SR22,SR Series,1,2014,7,NY,1,US,20251024,20190226,20140124,4,1,V,
525EL,10724,2130004,CIRRUS DESIGN CORP,SR22T,SR Series,1,2025,1,CA,4,US,20250715,20250715,20250610,4,1,V,
525JT,10935,2130000,CIRRUS DESIGN CORP,SR20,SR Series,1,2025,3,IL,C,US,20251201,20251201,20250920,4,1,V,
525PC,10589,2130001,CIRRUS DESIGN CORP,SR22,SR Series,1,2025,7,AR,2,US,20250508,20250508,20250331,4,1,V,
525SR,2165,2130001,CIRRUS DESIGN CORP,SR22,SR Series,1,2006,7,MT,S,US,20260127,20260127,20060928,4,1,V,
5261W,0845,2130001,CIRRUS DESIGN CORP,SR22,SR Series,1,2004,4,WA,S,US,20250421,20250421,20040323,4,1,V,
526AV,9578,2130000,CIRRUS DESIGN CORP,SR20,SR Series,1,2023,7,AZ,4,US,20240118,20240118,20231127,4,1,V,
526BP,10728,2130000,CIRRUS DESIGN CORP,SR20,SR Series,1,2025,7,NY,1,US,20250719,20250719,20250610,4,1,V,
526CA,11205,2130001,CIRRUS DESIGN CORP,SR22,SR Series,1,2026,1,FL,7,US,20260610,,20260227,4,1,R,
526CM,1565,2130000,CIRRUS DESIGN CORP,SR20,SR Series,1,2005,1,CA,4,US,20230814,20230107,20050916,4,1,V,
526CW,9610,2130004,CIRRUS DESIGN CORP,SR22T,SR Series,1,2023,7,MO,3,US,20240118,20240118,20231210,4,1,V,
526HD,8887,2130001,CIRRUS DESIGN CORP,SR22,SR Series,1,2022,7,GA,7,US,20230322,20230322,20221022,4,1,V,
526PW,0622,2130004,CIRRUS DESIGN CORP,SR22T,SR Series,1,2013,3,SD,C,US,20230915,20221117,20131017,4,1,V,
526S,1667,2130001,CIRRUS DESIGN CORP,SR22,SR Series,1,2005,1,NY,1,US,20230310,20110831,20051103,4,1,V,
526SR,2253,2130001,CIRRUS DESIGN CORP,SR22,SR Series,1,2006,1,GA,7,US,20230303,20230303,20061122,4,1,V,
526TB,1326,2130004,CIRRUS DESIGN CORP,SR22T,SR Series,1,2016,7,VA,1,US,20230519,20210624,20160503,4,1,V,
526TS,4675,2130001,CIRRUS DESIGN CORP,SR22,SR Series,1,2018,4,LA,2,US,20230821,20230821,20180807,4,1,V,
526ZK,8885,2130004,CIRRUS DESIGN CORP,SR22T,SR Series,1,2022,7,CA,4,US,20240613,20240208,20221014,4,1,V,
527AG,1770,2130001,CIRRUS DESIGN CORP,SR22,SR Series,1,2006,7,TX,2,US,20240517,20240517,20060116,4,1,V,
527AV,9582,2130000,CIRRUS DESIGN CORP,SR20,SR Series,1,2023,7,AZ,4,US,20240111,20240110,20231125,4,1,V,
527CD,1628,2130001,CIRRUS DESIGN CORP,SR22,SR Series,1,2005,7,FL,7,US,20260311,20260311,20051004,4,1,V,
527CF,10205,2130004,CIRRUS DESIGN CORP,SR22T,SR Series,1,2024,3,FL,7,US,20241017,20241017,20240915,4,1,V,
527CP,3029,2130001,CIRRUS DESIGN CORP,SR22,SR Series,1,,7,UT,S,US,20240827,20230623,20080609,4,1,V,
527CR,3577,2130001,CIRRUS DESIGN CORP,SR22,SR Series,1,2010,7,NC,1,US,20230825,20220818,20100316,4,1,V,
527GS,1383,2130000,CIRRUS DESIGN CORP,SR20,SR Series,1,2004,7,IL,C,US,20250524,20250524,20040121,4,1,V,
527HE,0468,2130010,CIRRUS DESIGN CORP,SF50,Vision Jet,1,2023,7,TN,3,US,20230714,20230714,20230629,4,5,V,
527JK,2950,2130001,CIRRUS DESIGN CORP,SR22,SR Series,1,2008,7,IA,3,US,20230529,20150709,20080306,4,1,V,
527LQ,1110,2130004,CIRRUS DESIGN CORP,SR22T,SR Series,1,2015,7,TN,3,US,20231207,20231207,20150814,4,1,V,
527MC,1436,2130000,CIRRUS DESIGN CORP,SR20,SR Series,1,2004,1,CO,S,US,20230811,20220628,20040727,4,1,V,
527PS,1034,2130004,CIRRUS DESIGN CORP,SR22T,SR Series,1,2015,3,TX,2,US,20260411,20260411,20150507,4,1,V,
527TD,1360,2130000,CIRRUS DESIGN CORP,SR20,SR Series,1,2003,7,CA,4,US,20260716,20260716,20031009,4,1,V,
527TH,2430,2130004,CIRRUS DESIGN CORP,SR22T,SR Series,1,2021,3,TX,2,US,20250605,20250605,20211028,4,1,V,
527TJ,0463,2130010,CIRRUS DESIGN CORP,SF50,Vision Jet,1,2023,7,SC,7,US,20260219,20260219,20230612,4,5,V,
527TR,0265,2130001,CIRRUS DESIGN CORP,SR22,SR Series,1,2002,1,CO,S,US,20240213,20240212,20020717,4,1,V,
527WW,3118,2130001,CIRRUS DESIGN CORP,SR22,SR Series,1,2008,7,VA,1,US,20250312,20250312,20080714,4,1,V,
527WY,8851,2130004,CIRRUS DESIGN CORP,SR22T,SR Series,1,2022,7,WY,S,US,20230217,20230217,20220929,4,1,V,
528AV,9586,2130000,CIRRUS DESIGN CORP,SR20,SR Series,1,2023,7,AZ,4,US,20240111,20240110,20231130,4,1,V,
528AW,9583,2130004,CIRRUS DESIGN CORP,SR22T,SR Series,1,2023,7,TN,3,US,20240112,20240112,20231128,4,1,V,
528BJ,8884,2130001,CIRRUS DESIGN CORP,SR22,SR Series,1,2022,7,WV,1,US,20230915,20221128,20221012,4,1,V,
528CA,11208,2130001,CIRRUS DESIGN CORP,SR22,SR Series,1,2026,1,MS,2,US,20260501,20260501,20260220,4,1,V,
528CM,1966,2130004,CIRRUS DESIGN CORP,SR22T,SR Series,1,2019,7,CA,4,US,20240529,20190911,20190821,4,1,V,
528DB,4248,2130001,CIRRUS DESIGN CORP,SR22,SR Series,1,2015,7,,,,20250529,20190329,20150918,4,1,V,
528DL,9004,2130001,CIRRUS DESIGN CORP,SR22,SR Series,1,2022,7,WI,C,US,20260203,20250918,20221222,4,1,V,
528HB,2037,2130004,CIRRUS DESIGN CORP,SR22T,SR Series,1,2019,7,CA,4,US,20260524,20260524,20191213,4,1,V,
528HE,1409,2130001,CIRRUS DESIGN CORP,SR22,SR Series,1,2005,7,NV,4,US,20260122,20260122,20050422,4,1,V,
528JJ,2232,2130004,CIRRUS DESIGN CORP,SR22T,SR Series,1,2020,7,TX,2,US,20251211,20250206,20201221,4,1,V,
528M,4470,2130001,CIRRUS DESIGN CORP,SR22,SR Series,1,2017,7,FL,7,US,20251028,20251028,20170420,4,1,V,
528PC,4404,2130001,CIRRUS DESIGN CORP,SR22,SR Series,1,2016,7,NV,4,US,20230322,20200109,20161017,4,1,V,
528PF,4231,2130001,CIRRUS DESIGN CORP,SR22,SR Series,1,2015,7,NY,1,US,20260414,20260414,20150731,4,1,V,
528R,1850,2130004,CIRRUS DESIGN CORP,SR22T,SR Series,1,2019,7,AL,7,US,20230804,20190501,20190122,4,1,V,
528RY,10486,2130004,CIRRUS DESIGN CORP,SR22T,SR Series,1,2025,7,WA,S,US,20260210,20260210,20250214,4,1,V,
528SM,9080,2130001,CIRRUS DESIGN CORP,SR22,SR Series,1,2023,7,IL,C,US,20240709,20230605,20230224,4,1,V,
528SR,2314,2130001,CIRRUS DESIGN CORP,SR22,SR Series,1,,3,IN,C,US,20230915,20221105,20070104,4,1,V,
528TH,9947,2130004,CIRRUS DESIGN CORP,SR22T,SR Series,1,2024,3,TX,2,US,20240701,20240701,20240514,4,1,V,
528U,0764,2130010,CIRRUS DESIGN CORP,SF50,Vision Jet,1,2026,7,NV,4,US,20260603,20260603,20260429,4,5,V,
528VV,1498,2130000,CIRRUS DESIGN CORP,SR20,SR Series,1,2005,7,CA,4,US,20251130,20251130,20050308,4,1,V,
528WD,0778,2130010,CIRRUS DESIGN CORP,SF50,Vision Jet,1,2026,7,WY,S,US,20260616,20260616,20260604,4,5,V,
528WL,1952,2130004,CIRRUS DESIGN CORP,SR22T,SR Series,1,2019,4,CO,S,US,20250519,20200921,20190716,4,1,V,
52915,1411,2130000,CIRRUS DESIGN CORP,SR20,SR Series,1,2004,7,TN,3,US,20230921,20230921,20040210,4,1,V,
529AJ,1242,2130001,CIRRUS DESIGN CORP,SR22,SR Series,1,2004,1,NY,1,US,20230825,20160831,20041223,4,1,V,
529BJ,9933,2130000,CIRRUS DESIGN CORP,SR20,SR Series,1,2024,7,MA,E,US,20240622,20240622,20240605,4,1,V,
529BK,4003,2130001,CIRRUS DESIGN CORP,SR22,SR Series,1,2013,7,MA,E,US,20250923,20250923,20131009,4,1,V,
529BL,4749,2130001,CIRRUS DESIGN CORP,SR22,SR Series,1,2019,7,OK,2,US,20230728,20190424,20190206,4,1,V,
529CD,1621,2130001,CIRRUS DESIGN CORP,SR22,SR Series,1,2005,3,UT,S,US,20230616,20211007,20050930,4,1,V,
529CT,11111,2130004,CIRRUS DESIGN CORP,SR22T,SR Series,1,2026,7,MA,E,US,20260228,20260228,20260103,4,1,V,
529HS,11587,2130004,CIRRUS DESIGN CORP,SR22T,SR Series,1,,8,MN,C,US,20260702,,,4,1,M,
529JD,8665,2130004,CIRRUS DESIGN CORP,SR22T,SR Series,1,2022,1,OH,C,US,20230330,20230330,20220607,4,1,V,
529MK,1590,2130001,CIRRUS DESIGN CORP,SR22,SR Series,1,2005,7,CO,S,US,20230616,20151008,20050901,4,1,V,
529MM,8935,2130004,CIRRUS DESIGN CORP,SR22T,SR Series,1,2022,7,AR,2,US,20230309,20230309,20221120,4,1,V,
529MP,2047,2130004,CIRRUS DESIGN CORP,SR22T,SR Series,1,2019,3,CA,4,US,20250610,20250610,20191219,4,1,V,
529PV,9508,2130001,CIRRUS DESIGN CORP,SR22,SR Series,1,2023,7,FL,7,US,20231204,20231202,20231027,4,1,V,
529RN,0213,2130010,CIRRUS DESIGN CORP,SF50,Vision Jet,1,2020,7,FL,7,US,20230317,20200901,20200727,4,5,V,
529SP,1085,2130004,CIRRUS DESIGN CORP,SR22T,SR Series,1,2015,7,MT,S,US,20230407,20201208,20150717,4,1,V,
529SR,2266,2130001,CIRRUS DESIGN CORP,SR22,SR Series,1,2006,3,AL,7,US,20230505,20150420,20061205,4,1,V,
52AZ,10406,2130004,CIRRUS DESIGN CORP,SR22T,SR Series,1,2025,1,FL,7,US,20250218,20250218,20250107,4,1,V,
52CF,9218,2130000,CIRRUS DESIGN CORP,SR20,SR Series,1,2023,7,KS,3,US,20251031,20250723,20230504,4,1,V,
52CT,1555,2130004,CIRRUS DESIGN CORP,SR22T,SR Series,1,2017,1,NE,3,US,20230613,20230613,20170619,4,1,V,
52DG,10226,2130001,CIRRUS DESIGN CORP,SR22,SR Series,1,2024,7,FL,7,US,20241025,20241025,20240929,4,1,V,
52GJ,0834,2130010,CIRRUS DESIGN CORP,SF50,Vision Jet,1,,8,MN,C,US,20260518,,,4,5,M,
52KR,0210,2130010,CIRRUS DESIGN CORP,SF50,Vision Jet,1,2020,7,DE,1,US,20250809,20231201,20200709,4,5,V,
52MK,2468,2130004,CIRRUS DESIGN CORP,SR22T,SR Series,1,2021,3,CA,4,US,20250507,20250507,20211208,4,1,V,
52PJ,0850,2130001,CIRRUS DESIGN CORP,SR22,SR Series,1,2004,1,TX,2,US,20231020,20040408,20040324,4,1,V,
52PR,2396,2130004,CIRRUS DESIGN CORP,SR22T,SR Series,1,2021,7,GA,7,US,20260211,20260211,20210916,4,1,V,
52SA,2139,2130001,CIRRUS DESIGN CORP,SR22,SR Series,1,2006,7,AL,7,US,20231015,20231015,20060926,4,1,V,
53000,0855,2130001,CIRRUS DESIGN CORP,SR22,SR Series,1,2004,1,SD,C,US,20230317,20230317,20040326,4,1,V,
530BP,9562,2130001,CIRRUS DESIGN CORP,SR22,SR Series,1,2023,1,MA,E,US,20250611,20250611,20231120,4,1,V,
530CP,3030,2130001,CIRRUS DESIGN CORP,SR22,SR Series,1,2008,1,NE,3,US,20250927,20211102,20080602,4,1,V,
530E,0575,2130001,CIRRUS DESIGN CORP,SR22,SR Series,1,2003,7,VA,1,US,20230407,20171218,20030613,4,1,V,
530ET,3471,2130001,CIRRUS DESIGN CORP,SR22,SR Series,1,,7,VA,1,US,20230703,20230703,20090725,4,1,V,
530GL,2487,2130001,CIRRUS DESIGN CORP,SR22,SR Series,1,2007,3,KS,3,US,20230310,20070605,20251111,4,1,V,
530JF,0690,2130004,CIRRUS DESIGN CORP,SR22T,SR Series,1,2014,7,NE,3,US,20251211,20251211,20140114,4,1,V,
530PC,4981,2130001,CIRRUS DESIGN CORP,SR22,SR Series,1,2020,8,TN,3,US,20230406,20220802,20201130,4,1,V,
531CC,3681,2130001,CIRRUS DESIGN CORP,SR22,SR Series,1,2010,7,NY,1,US,20250819,20250819,20100901,4,1,V,
531CD,1622,2130001,CIRRUS DESIGN CORP,SR22,SR Series,1,2005,7,AZ,4,US,20231007,20140225,20051003,4,1,V,
531HB,1579,2130000,CIRRUS DESIGN CORP,SR20,SR Series,1,2005,7,PA,1,US,20260608,20160715,20051013,4,1,V,
531JJ,10374,2130004,CIRRUS DESIGN CORP,SR22T,SR Series,1,2024,7,UT,S,US,20251212,20250122,20241215,4,1,V,
531MD,2028,2130004,CIRRUS DESIGN CORP,SR22T,SR Series,1,2019,7,TN,3,US,20231229,20231229,20191121,4,1,V,
531NC,1200,2130004,CIRRUS DESIGN CORP,SR22T,SR Series,1,2015,7,IA,3,US,20230818,20190702,20151204,4,1,V,
531SD,1906,2130001,CIRRUS DESIGN CORP,SR22,SR Series,1,2006,4,LA,2,US,20250801,20250801,20060413,4,1,V,
531SF,10079,2130001,CIRRUS DESIGN CORP,SR22,SR Series,1,2024,7,FL,7,US,20240821,20240821,20240713,4,1,V,
531SG,0621,2130010,CIRRUS DESIGN CORP,SF50,Vision Jet,1,2025,7,AZ,4,US,20260804,20260804,20250129,4,5,V,
531SJ,0579,2130010,CIRRUS DESIGN CORP,SF50,Vision Jet,1,2024,7,CO,S,US,20241011,20241011,20240913,4,5,V,
531SR,2438,2130001,CIRRUS DESIGN CORP,SR22,SR Series,1,2007,7,TX,2,US,20230726,20230726,20070413,4,1,V,
531TR,11112,2130000,CIRRUS DESIGN CORP,SR20,SR Series,1,2026,8,MN,C,US,20251028,,20260102,4,1,M,
53220,0865,2130001,CIRRUS DESIGN CORP,SR22,SR Series,1,2004,7,AL,7,US,20230122,20170501,20040401,4,1,V,
53297,0898,2130001,CIRRUS DESIGN CORP,SR22,SR Series,1,2004,3,NM,2,US,20230224,20160505,20040421,4,1,V,
5329A,10534,2130004,CIRRUS DESIGN CORP,SR22T,SR Series,1,2025,7,IL,C,US,20260806,20260806,20250308,4,1,V,
532JT,0834,2130001,CIRRUS DESIGN CORP,SR22,SR Series,1,2004,1,GA,7,US,20260304,20260304,20040316,4,1,V,
532LB,0725,2130010,CIRRUS DESIGN CORP,SF50,Vision Jet,1,2025,7,AZ,4,US,20260214,20260214,20251222,4,5,V,
532PG,1991,2130000,CIRRUS DESIGN CORP,SR20,SR Series,1,2008,7,AR,2,US,20230710,20230710,20080513,4,1,V,
532SG,0742,2130010,CIRRUS DESIGN CORP,SF50,Vision Jet,1,2026,7,MT,S,US,20260623,20260514,20260223,4,5,V,
5336Z,1413,2130000,CIRRUS DESIGN CORP,SR20,SR Series,1,2004,7,,8,DE,20230603,20210830,20040210,4,1,V,
533CD,0995,2130001,CIRRUS DESIGN CORP,SR22,SR Series,1,2004,7,UT,S,US,20230922,20191209,20040629,4,1,V,
533CF,1479,2130001,CIRRUS DESIGN CORP,SR22,SR Series,1,2005,3,OK,2,US,20230610,20180911,20050614,4,1,V,
533CP,3031,2130001,CIRRUS DESIGN CORP,SR22,SR Series,1,2008,7,SC,7,US,20260708,20260708,20080603,4,1,V,
533HT,1046,2130001,CIRRUS DESIGN CORP,SR22,SR Series,1,2004,7,NE,3,US,20230825,20220809,20040819,4,1,V,
533PG,1993,2130000,CIRRUS DESIGN CORP,SR20,SR Series,1,2008,7,IN,C,US,20230324,20201020,20080515,4,1,V,
533TJ,4292,2130001,CIRRUS DESIGN CORP,SR22,SR Series,1,2015,7,SC,7,US,20230718,20220211,20151230,4,1,V,
5347D,1415,2130000,CIRRUS DESIGN CORP,SR20,SR Series,1,2004,7,MT,S,US,20230922,20221208,20040211,4,1,V,
5348M,0792,2130001,CIRRUS DESIGN CORP,SR22,SR Series,1,2004,7,NE,3,US,20230722,20220304,20040106,4,1,V,
534CD,1623,2130001,CIRRUS DESIGN CORP,SR22,SR Series,1,2005,3,IL,C,US,20230218,20230218,20051003,4,1,V,
534CP,3035,2130001,CIRRUS DESIGN CORP,SR22,SR Series,1,2008,7,CA,4,US,20250630,20250221,20080611,4,1,V,
534SR,1079,2130001,CIRRUS DESIGN CORP,SR22,SR Series,1,2004,7,DE,1,US,20230512,20120525,20070111,4,1,V,
53511,0864,2130001,CIRRUS DESIGN CORP,SR22,SR Series,1,2004,1,MI,C,US,20251113,20251113,20040402,4,1,V,
53512,0868,2130001,CIRRUS DESIGN CORP,SR22,SR Series,1,2004,2,CA,4,US,20230603,20150820,20040402,4,1,V,
535CC,1859,2130004,CIRRUS DESIGN CORP,SR22T,SR Series,1,2019,7,MN,C,US,20230421,20210208,20190123,4,1,V,
535CP,0127,2130010,CIRRUS DESIGN CORP,SF50,Vision Jet,1,2019,7,AZ,4,US,20230825,20190813,20190628,4,5,V,
535CS,2466,2130004,CIRRUS DESIGN CORP,SR22T,SR Series,1,2021,7,FL,7,US,20250904,20220510,20211211,4,1,V,
535GG,2291,2130004,CIRRUS DESIGN CORP,SR22T,SR Series,1,2021,7,CA,4,US,20240420,20240420,20210308,4,1,V,
535J,0265,2130004,CIRRUS DESIGN CORP,SR22T,SR Series,1,,1,AL,7,US,20241008,20241008,20111228,4,1,V,
535JP,0028,2130010,CIRRUS DESIGN CORP,SF50,Vision Jet,1,2017,7,OK,2,US,20260408,20200921,20171222,4,5,V,
535LB,2873,2130001,CIRRUS DESIGN CORP,SR22,SR Series,1,,7,FL,7,US,20241127,20241127,20071220,4,1,V,
535PG,1293,2130001,CIRRUS DESIGN CORP,SR22,SR Series,1,2005,7,LA,2,US,20260808,20260808,20050131,4,1,V,
535RT,0407,2130001,CIRRUS DESIGN CORP,SR22,SR Series,1,,7,UT,S,US,20231213,20231213,20021127,4,1,V,
535S,0014,2130001,CIRRUS DESIGN CORP,SR22,SR Series,1,2001,3,ID,S,US,20230815,20210517,20010430,4,1,V,
5360X,0076,2130010,CIRRUS DESIGN CORP,SF50,Vision Jet,1,2018,7,PA,1,US,20230623,20181129,20180913,4,5,V,
536AJ,3579,2130001,CIRRUS DESIGN CORP,SR22,SR Series,1,2010,7,TN,3,US,20230317,20200909,20100115,4,1,V,
536B,0272,2130010,CIRRUS DESIGN CORP,SF50,Vision Jet,1,2021,4,TX,2,US,20250115,20250115,20210616,4,5,V,
536CA,11211,2130004,CIRRUS DESIGN CORP,SR22T,SR Series,1,2026,1,TX,2,US,20260413,20260413,20260210,4,1,V,
536CP,3036,2130001,CIRRUS DESIGN CORP,SR22,SR Series,1,,1,UT,S,US,20251029,,20080609,4,1,R,
536PC,1763,2130001,CIRRUS DESIGN CORP,SR22,SR Series,1,2006,3,KS,3,US,20260103,20260103,20060110,4,1,V,
5372S,0816,2130001,CIRRUS DESIGN CORP,SR22,SR Series,1,2004,7,WI,C,US,20241126,20241126,20040123,4,1,V,
5379W,1414,2130000,CIRRUS DESIGN CORP,SR20,SR Series,1,2004,7,WI,C,US,20230122,20170202,20040211,4,1,V,
537AB,4332,2130001,CIRRUS DESIGN CORP,SR22,SR Series,1,2016,1,OR,S,US,20240719,20240719,20160418,4,1,V,
537CD,1388,2130001,CIRRUS DESIGN CORP,SR22,SR Series,1,2005,4,OR,S,US,20240925,20210923,20050404,4,1,V,
537CP,3038,2130001,CIRRUS DESIGN CORP,SR22,SR Series,1,2008,1,,,,20231013,20170306,20080608,4,1,V,
537FD,10537,2130001,CIRRUS DESIGN CORP,SR22,SR Series,1,2025,8,MN,C,US,20250328,20250328,20250327,4,1,V,
537LB,3939,2130001,CIRRUS DESIGN CORP,SR22,SR Series,1,2013,7,TX,2,US,20250315,20200127,20130507,4,1,V,
537PG,1997,2130000,CIRRUS DESIGN CORP,SR20,SR Series,1,2008,7,FL,7,US,20250821,20250821,20080516,4,1,V,
537V,1009,2130001,CIRRUS DESIGN CORP,SR22,SR Series,1,2004,7,GA,7,US,20251121,20251121,20040709,4,1,V,
5382W,1416,2130000,CIRRUS DESIGN CORP,SR20,SR Series,1,2004,3,OK,2,US,20230310,20110831,20040212,4,1,V,
5384W,0854,2130001,CIRRUS DESIGN CORP,SR22,SR Series,1,2004,3,CA,4,US,20241125,20041019,20040331,4,1,V,
538CD,1538,2130001,CIRRUS DESIGN CORP,SR22,SR Series,1,2005,1,CA,4,US,20230407,20200408,20050728,4,1,V,
538N,0308,2130001,CIRRUS DESIGN CORP,SR22,SR Series,1,2002,3,IN,C,US,20230603,20150817,20020820,4,1,V,
538SR,2502,2130001,CIRRUS DESIGN CORP,SR22,SR Series,1,2007,1,,,,20250822,20110630,20070604,4,1,V,
538SY,1816,2130004,CIRRUS DESIGN CORP,SR22T,SR Series,1,2018,7,VA,1,US,20230718,20190214,20181031,4,1,V,
538TT,10986,2130004,CIRRUS DESIGN CORP,SR22T,SR Series,1,2025,7,WI,C,US,20260306,20260306,20251014,4,1,V,
539CD,1127,2130001,CIRRUS DESIGN CORP,SR22,SR Series,1,2004,1,CA,4,US,20240520,20240520,20041021,4,1,V,
539CF,1537,2130000,CIRRUS DESIGN CORP,SR20,SR Series,1,2005,3,MD,1,US,20230623,20181105,20050713,4,1,V,
539FD,10539,2130001,CIRRUS DESIGN CORP,SR22,SR Series,1,2025,8,MN,C,US,20250414,20250414,20250328,4,1,V,
539MH,11402,2130004,CIRRUS DESIGN CORP,SR22T,SR Series,1,2026,8,MN,C,US,20260317,,20260513,4,1,M,
539SR,2543,2130001,CIRRUS DESIGN CORP,SR22,SR Series,1,2007,1,IN,C,US,20231007,20200204,20070612,4,1,V,
53CK,0442,2130004,CIRRUS DESIGN CORP,SR22T,SR Series,1,2013,7,AZ,4,US,20230915,20191126,20130208,4,1,V,
53CR,3947,2130001,CIRRUS DESIGN CORP,SR22,SR Series,1,2013,7,LA,2,US,20230324,20141028,20130522,4,1,V,
53DH,5116,2130001,CIRRUS DESIGN CORP,SR22,SR Series,1,2021,3,VT,E,US,20230823,20230823,20230914,4,1,V,
53KH,8960,2130004,CIRRUS DESIGN CORP,SR22T,SR Series,1,2022,7,TX,2,US,20240403,20240124,20230602,4,1,V,
53LG,0812,2130004,CIRRUS DESIGN CORP,SR22T,SR Series,1,2014,3,DE,1,US,20250721,20250721,20140702,4,1,V,
53PB,1684,2130000,CIRRUS DESIGN CORP,SR20,SR Series,1,2006,7,DE,1,US,20260326,20260326,20060710,4,1,V,
53SH,5008,2130001,CIRRUS DESIGN CORP,SR22,SR Series,1,2021,7,GA,7,US,20251230,20251230,20210226,4,1,V,
53WP,1435,2130000,CIRRUS DESIGN CORP,SR20,SR Series,1,2004,7,FL,7,US,20230915,20221112,20040720,4,1,V,
540PG,1998,2130000,CIRRUS DESIGN CORP,SR20,SR Series,1,2008,7,SC,7,US,20250107,20250107,20080516,4,1,V,
54105,1139,2130001,CIRRUS DESIGN CORP,SR22,SR Series,1,2004,3,DE,1,US,20230915,20191106,20041025,4,1,V,
5411,1249,2130004,CIRRUS DESIGN CORP,SR22T,SR Series,1,2018,7,TX,2,US,20230303,20230303,20180402,4,1,V,
54175,1337,2130001,CIRRUS DESIGN CORP,SR22,SR Series,1,2005,3,OK,2,US,20230317,20110928,20050301,4,1,V,
5419W,0857,2130001,CIRRUS DESIGN CORP,SR22,SR Series,1,,7,FL,7,US,20260609,20260609,20040331,4,1,V,
541BN,10605,2130004,CIRRUS DESIGN CORP,SR22T,SR Series,1,2025,4,OR,S,US,20250515,20250515,20250410,4,1,V,
541CD,1491,2130001,CIRRUS DESIGN CORP,SR22,SR Series,1,2005,1,MN,C,US,20230603,20210810,20050620,4,1,V,
541DF,10869,2130001,CIRRUS DESIGN CORP,SR22,SR Series,1,2025,7,FL,7,US,20260601,20260601,20250817,4,1,V,
541JD,0315,2130001,CIRRUS DESIGN CORP,SR22,SR Series,1,2002,7,AL,7,US,20230616,20121004,20020823,4,1,V,
541SR,2109,2130001,CIRRUS DESIGN CORP,SR22,SR Series,1,,7,NC,1,US,20230616,20211013,20060905,4,1,V,
541VR,1351,2130004,CIRRUS DESIGN CORP,SR22T,SR Series,1,2016,7,NV,4,US,20260627,20260627,20160526,4,1,V,
541WP,1931,2130001,CIRRUS DESIGN CORP,SR22,SR Series,1,,1,WI,C,US,20260321,20260321,20060429,4,1,V,
542AM,2666,2130001,CIRRUS DESIGN CORP,SR22,SR Series,1,2007,3,OK,2,US,20230915,20131104,20070830,4,1,V,
542CD,1186,2130001,CIRRUS DESIGN CORP,SR22,SR Series,1,2004,1,AZ,4,US,20250930,20250930,20041119,4,1,V,
542DT,2486,2130004,CIRRUS DESIGN CORP,SR22T,SR Series,1,2021,7,CA,4,US,20260730,20221012,20211229,4,1,V,
542PF,3144,2130001,CIRRUS DESIGN CORP,SR22,SR Series,1,2008,7,FL,7,US,20230223,20230223,20080718,4,1,V,
542PG,3002,2130001,CIRRUS DESIGN CORP,SR22,SR Series,1,2008,7,WY,S,US,20240329,20230415,20080728,4,1,V,
542SF,4439,2130001,CIRRUS DESIGN CORP,SR22,SR Series,1,2017,7,SC,7,US,20230922,20221222,20170127,4,1,V,
542SR,2213,2130001,CIRRUS DESIGN CORP,SR22,SR Series,1,2006,3,VA,1,US,20230818,20070201,20061030,4,1,V,
542VJ,0542,2130010,CIRRUS DESIGN CORP,SF50,Vision Jet,1,2024,3,WA,S,US,20250408,20250408,20240329,4,5,V,
543FC,10794,2130001,CIRRUS DESIGN CORP,SR22,SR Series,1,2025,7,TX,2,US,20260202,20260202,20250713,4,1,V,
543GW,4102,2130001,CIRRUS DESIGN CORP,SR22,SR Series,1,2014,4,KS,3,US,20241025,20240812,20140703,4,1,V,
543LK,5058,2130001,CIRRUS DESIGN CORP,SR22,SR Series,1,2021,7,DC,1,US,20230616,20211019,20210716,4,1,V,
543MW,4767,2130001,CIRRUS DESIGN CORP,SR22,SR Series,1,2019,1,CA,4,US,20230728,20190426,20190320,4,1,V,
543SK,1213,2130001,CIRRUS DESIGN CORP,SR22,SR Series,1,2004,1,TX,2,US,20230623,20151106,20041213,4,1,V,
544CD,1544,2130001,CIRRUS DESIGN CORP,SR22,SR Series,1,2005,7,NC,1,US,20230804,20220507,20050729,4,1,V,
5454M,1226,2130000,CIRRUS DESIGN CORP,SR20,SR Series,1,2002,7,TN,3,US,20230428,20210315,20020629,4,1,V,
5457P,11225,2130000,CIRRUS DESIGN CORP,SR20,SR Series,1,2026,7,GA,7,US,20260609,20260609,20260226,4,1,V,
545BB,1939,2130004,CIRRUS DESIGN CORP,SR22T,SR Series,1,2019,7,TX,2,US,20241230,20241230,20190624,4,1,V,
545CB,2134,2130001,CIRRUS DESIGN CORP,SR22,SR Series,1,2006,1,,,,20230603,20210804,20060912,4,1,V,
545CD,1508,2130001,CIRRUS DESIGN CORP,SR22,SR Series,1,2005,7,WY,S,US,20260520,20221216,20050630,4,1,V,
545CP,1462,2130001,CIRRUS DESIGN CORP,SR22,SR Series,1,2005,7,CO,S,US,20230505,20210409,20050601,4,1,V,
545DG,2072,2130004,CIRRUS DESIGN CORP,SR22T,SR Series,1,2020,7,CA,4,US,20230122,20200324,20200212,4,1,V,
545GB,9316,2130004,CIRRUS DESIGN CORP,SR22T,SR Series,1,2023,7,AL,7,US,20251016,20251016,20230729,4,1,V,
545PM,3703,2130001,CIRRUS DESIGN CORP,SR22,SR Series,1,2010,7,AK,5,US,20230728,20220415,20101220,4,1,V,
545TX,11688,2130004,CIRRUS DESIGN CORP,SR22T,SR Series,1,,8,MN,C,US,20260813,,,4,1,M,
545WT,3422,2130001,CIRRUS DESIGN CORP,SR22,SR Series,1,2009,3,MN,C,US,20230304,20090409,20090326,4,1,V,
546CD,1627,2130001,CIRRUS DESIGN CORP,SR22,SR Series,1,2005,1,CA,4,US,20230701,20121205,20051004,4,1,V,
546DM,10323,2130004,CIRRUS DESIGN CORP,SR22T,SR Series,1,2024,7,DE,1,US,20241230,20241230,20241112,4,1,V,
546KM,3262,2130001,CIRRUS DESIGN CORP,SR22,SR Series,1,2008,7,GA,7,US,20240817,20210709,20080917,4,1,V,
546MY,10903,2130000,CIRRUS DESIGN CORP,SR20,SR Series,1,2025,7,WY,S,US,20260719,20260719,20250904,4,1,V,
546PA,10094,2130004,CIRRUS DESIGN CORP,SR22T,SR Series,1,2024,7,NC,1,US,20251130,20240913,20240731,4,1,V,
546PG,2002,2130000,CIRRUS DESIGN CORP,SR20,SR Series,1,2008,7,WV,1,US,20230519,20150608,20080519,4,1,V,
547C,0484,2130001,CIRRUS DESIGN CORP,SR22,SR Series,1,2003,1,WA,S,US,20251118,20030326,20030314,4,1,V,
547DH,0039,2130010,CIRRUS DESIGN CORP,SF50,Vision Jet,1,2018,7,WA,S,US,20230519,20180627,20180323,4,5,V,
547DT,10368,2130001,CIRRUS DESIGN CORP,SR22,SR Series,1,2024,7,FL,7,US,20250117,20250117,20241210,4,1,V,
547JS,9906,2130000,CIRRUS DESIGN CORP,SR20,SR Series,1,2024,7,TX,2,US,20240701,20240701,20240513,4,1,V,
547SM,1828,2130001,CIRRUS DESIGN CORP,SR22,SR Series,1,,7,GA,7,US,20230913,20230913,20060222,4,1,V,
547TJ,1497,2130004,CIRRUS DESIGN CORP,SR22T,SR Series,1,2017,7,FL,7,US,20240620,20181103,20170209,4,1,V,
548AR,10454,2130000,CIRRUS DESIGN CORP,SR20,SR Series,1,2025,7,AL,7,US,20251115,20251115,20250129,4,1,V,
548CD,1582,2130000,CIRRUS DESIGN CORP,SR20,SR Series,1,2005,7,MA,E,US,20260502,20230419,20051031,4,1,V,
548CP,3329,2130001,CIRRUS DESIGN CORP,SR22,SR Series,1,2008,3,CA,4,US,20240112,20240112,20081029,4,1,V,
548EB,0291,2130001,CIRRUS DESIGN CORP,SR22,SR Series,1,,7,AR,2,US,20230825,20220823,20020802,4,1,V,
548PG,2005,2130000,CIRRUS DESIGN CORP,SR20,SR Series,1,2008,4,CA,4,US,20240924,20240924,20080520,4,1,V,
548PR,2584,2130000,CIRRUS DESIGN CORP,SR20,SR Series,1,2020,4,WI,C,US,20251010,20251010,20200618,4,1,V,
548RE,10969,2130001,CIRRUS DESIGN CORP,SR22,SR Series,1,2025,7,PA,1,US,20251125,20251125,20251004,4,1,V,
548TR,1743,2130000,CIRRUS DESIGN CORP,SR20,SR Series,1,2006,7,DE,1,US,20230130,20230130,20061025,4,1,V,
548VJ,0548,2130010,CIRRUS DESIGN CORP,SF50,Vision Jet,1,2024,7,CO,S,US,20240605,20240605,20240426,4,5,V,
549CD,1088,2130001,CIRRUS DESIGN CORP,SR22,SR Series,1,2004,3,WY,S,US,20260520,20230801,20040917,4,1,V,
549SR,2177,2130001,CIRRUS DESIGN CORP,SR22,SR Series,1,2006,3,WA,S,US,20241024,20241024,20061005,4,1,V,
54DN,1671,2130000,CIRRUS DESIGN CORP,SR20,SR Series,1,2006,5,MI,C,US,20230721,20200415,20060612,4,1,V,
54DT,9248,2130004,CIRRUS DESIGN CORP,SR22T,SR Series,1,2023,7,GA,7,US,20250406,20240308,20230528,4,1,V,
54FA,9885,2130000,CIRRUS DESIGN CORP,SR20,SR Series,1,2024,7,PA,1,US,20240523,20240523,20240408,4,1,V,
54FM,10039,2130004,CIRRUS DESIGN CORP,SR22T,SR Series,1,2024,7,FL,7,US,20250130,20250130,20240711,4,1,V,
54KS,10403,2130004,CIRRUS DESIGN CORP,SR22T,SR Series,1,2025,7,CA,4,US,20250218,20250218,20250102,4,1,V,
54KY,4207,2130001,CIRRUS DESIGN CORP,SR22,SR Series,1,2015,3,NY,1,US,20250130,20250121,20150528,4,1,V,
54LG,2685,2130001,CIRRUS DESIGN CORP,SR22,SR Series,1,2007,3,CA,4,US,20250407,20250407,20070909,4,1,V,
54LW,2407,2130001,CIRRUS DESIGN CORP,SR22,SR Series,1,2007,7,WY,S,US,20241023,20100602,20070307,4,1,V,
54SJ,1657,2130000,CIRRUS DESIGN CORP,SR20,SR Series,1,2006,5,MI,C,US,20230512,20200415,20070119,4,1,V,
54SX,0419,2130004,CIRRUS DESIGN CORP,SR22T,SR Series,1,,7,FL,7,US,20260622,20260622,20121129,4,1,V,
54TJ,0793,2130010,CIRRUS DESIGN CORP,SF50,Vision Jet,1,,8,MN,C,US,20260413,,,4,5,M,
54TS,10797,2130000,CIRRUS DESIGN CORP,SR20,SR Series,1,2025,4,NY,1,US,20250822,20250822,20250717,4,1,V,
54VL,4791,2130001,CIRRUS DESIGN CORP,SR22,SR Series,1,,7,TX,2,US,20230621,20230620,20190603,4,1,V,
54WF,4506,2130001,CIRRUS DESIGN CORP,SR22,SR Series,1,2017,4,NJ,1,US,20251205,20251205,20170724,4,1,V,
550CD,1124,2130001,CIRRUS DESIGN CORP,SR22,SR Series,1,2004,1,TN,3,US,20230930,20090422,20041014,4,1,V,
550GK,0805,2130004,CIRRUS DESIGN CORP,SR22T,SR Series,1,2014,7,CA,4,US,20230707,20220113,20140619,4,1,V,
550JG,1161,2130000,CIRRUS DESIGN CORP,SR20,SR Series,1,2001,7,MA,E,US,20230620,20210910,20011126,4,1,V,
550PK,2525,2130001,CIRRUS DESIGN CORP,SR22,SR Series,1,2007,3,NY,1,US,20260510,20260510,20070524,4,1,V,
550RG,1635,2130001,CIRRUS DESIGN CORP,SR22,SR Series,1,2005,7,FL,7,US,20230414,20100803,20051016,4,1,V,
551AT,5149,2130001,CIRRUS DESIGN CORP,SR22,SR Series,1,2021,7,VA,1,US,20230804,20220521,20211230,4,1,V,
551BP,2876,2130001,CIRRUS DESIGN CORP,SR22,SR Series,1,2007,1,MO,3,US,20230728,20080115,20071218,4,1,V,
551CD,1550,2130001,CIRRUS DESIGN CORP,SR22,SR Series,1,2005,7,NM,2,US,20230512,20210504,20050802,4,1,V,
551JW,0454,2130004,CIRRUS DESIGN CORP,SR22T,SR Series,1,2013,7,AZ,4,US,20230317,20200911,20130222,4,1,V,
551SG,4562,2130001,CIRRUS DESIGN CORP,SR22,SR Series,1,2017,7,CA,4,US,20230328,20230328,20171122,4,1,V,
551SR,2126,2130001,CIRRUS DESIGN CORP,SR22,SR Series,1,2006,7,GA,7,US,20230324,20201022,20060907,4,1,V,
552AM,0189,2130004,CIRRUS DESIGN CORP,SR22T,SR Series,1,2011,3,DE,1,US,20231013,20200313,20200611,4,1,V,
552CD,0922,2130001,CIRRUS DESIGN CORP,SR22,SR Series,1,,3,MI,C,US,20230428,20180312,20040506,4,1,V,
552FS,9552,2130001,CIRRUS DESIGN CORP,SR22,SR Series,1,2023,1,NY,1,US,20240122,20240122,20231113,4,1,V,
552PG,2007,2130000,CIRRUS DESIGN CORP,SR20,SR Series,1,2008,3,CA,4,US,20250913,20250913,20080521,4,1,V,
552SR,2278,2130001,CIRRUS DESIGN CORP,SR22,SR Series,1,2007,1,FL,7,US,20251209,20251209,20070103,4,1,V,
553CD,1638,2130001,CIRRUS DESIGN CORP,SR22,SR Series,1,2005,7,DE,1,US,20250129,20250129,20051017,4,1,V,
553LB,4242,2130001,CIRRUS DESIGN CORP,SR22,SR Series,1,2015,7,GA,7,US,20230610,20150929,20150831,4,1,V,
553MC,0598,2130004,CIRRUS DESIGN CORP,SR22T,SR Series,1,2013,7,OH,C,US,20230902,20160901,20130912,4,1,V,
553SP,1878,2130004,CIRRUS DESIGN CORP,SR22T,SR Series,1,2019,7,NC,1,US,20230728,20190408,20190228,4,1,V,
553X,0803,2130010,CIRRUS DESIGN CORP,SF50,Vision Jet,1,,8,MN,C,US,20260324,,,4,5,M,
5544M,1335,2130000,CIRRUS DESIGN CORP,SR20,SR Series,1,2003,7,TX,2,US,20230304,20230304,20030521,4,1,V,
554BC,0602,2130004,CIRRUS DESIGN CORP,SR22T,SR Series,1,2013,7,ND,C,US,20230701,20181215,20130918,4,1,V,
554CB,3687,2130001,CIRRUS DESIGN CORP,SR22,SR Series,1,2010,1,NC,1,US,20231020,20200413,20100921,4,1,V,
554EE,0460,2130010,CIRRUS DESIGN CORP,SF50,Vision Jet,1,2023,7,SC,7,US,20250402,20230814,20230531,4,5,V,
554MC,2057,2130001,CIRRUS DESIGN CORP,SR22,SR Series,1,2006,1,IN,C,US,20230902,20220928,20060727,4,1,V,
554UT,9014,2130001,CIRRUS DESIGN CORP,SR22,SR Series,1,2022,7,AR,2,US,20230501,20230329,20221224,4,1,V,
555AE,11404,2130004,CIRRUS DESIGN CORP,SR22T,SR Series,1,2026,8,MN,C,US,20260311,,20260605,4,1,M,
555AV,0990,2130001,CIRRUS DESIGN CORP,SR22,SR Series,1,2004,7,CO,S,US,20240618,20240618,20040623,4,1,V,
555CB,3729,2130001,CIRRUS DESIGN CORP,SR22,SR Series,1,2011,1,NY,1,US,20240724,20231130,20110125,4,1,V,
555GQ,1988,2130000,CIRRUS DESIGN CORP,SR20,SR Series,1,2008,7,VA,1,US,20260729,20131127,20080520,4,1,V,
555HS,1575,2130004,CIRRUS DESIGN CORP,SR22T,SR Series,1,2017,4,CA,4,US,20240322,20240322,20170731,4,1,V,Y
555JP,0970,2130001,CIRRUS DESIGN CORP,SR22,SR Series,1,2004,7,SD,C,US,20230505,20210429,20040610,4,1,V,
555KC,1438,2130000,CIRRUS DESIGN CORP,SR20,SR Series,1,2004,7,DE,1,US,20230616,20061121,20040721,4,1,V,
555KP,11096,2130001,CIRRUS DESIGN CORP,SR22,SR Series,1,2025,7,WY,S,US,20260207,20260207,20251209,4,1,V,
555MN,0664,2130001,CIRRUS DESIGN CORP,SR22,SR Series,1,2003,1,NC,1,US,20230902,20160907,20030828,4,1,V,
555SB,4765,2130001,CIRRUS DESIGN CORP,SR22,SR Series,1,2019,7,CA,4,US,20230802,20230619,20190318,4,1,V,
555TL,4970,2130001,CIRRUS DESIGN CORP,SR22,SR Series,1,2020,7,GA,7,US,20240530,20240530,20201119,4,1,V,
555TT,0373,2130004,CIRRUS DESIGN CORP,SR22T,SR Series,1,2012,7,CA,4,US,20251010,20190808,20120907,4,1,V,
555VG,3701,2130001,CIRRUS DESIGN CORP,SR22,SR Series,1,2010,1,CO,S,US,20260506,20260325,20101111,4,1,V,
555ZG,1116,2130001,CIRRUS DESIGN CORP,SR22,SR Series,1,2004,7,AZ,4,US,20230818,20050131,20041011,4,1,V,
5567J,4424,2130001,CIRRUS DESIGN CORP,SR22,SR Series,1,2016,7,LA,2,US,20251205,20251205,20161129,4,1,V,
556CB,0475,2130010,CIRRUS DESIGN CORP,SF50,Vision Jet,1,2023,3,NV,4,US,20230906,20230906,20230801,4,5,V,
556CD,1033,2130001,CIRRUS DESIGN CORP,SR22,SR Series,1,2004,7,IL,C,US,20230915,20191112,20040803,4,1,V,
556CE,3653,2130001,CIRRUS DESIGN CORP,SR22,SR Series,1,2010,7,MO,3,US,20240508,20240508,20100622,4,1,V,
556GG,10139,2130001,CIRRUS DESIGN CORP,SR22,SR Series,1,2024,7,FL,7,US,20240921,20240921,20240811,4,1,V,
556KA,9050,2130004,CIRRUS DESIGN CORP,SR22T,SR Series,1,2023,7,DE,1,US,20230515,20230515,20230205,4,1,V,
556L,0132,2130001,CIRRUS DESIGN CORP,SR22,SR Series,1,,3,NV,4,US,20260305,20260305,20011219,4,1,V,
556PL,9388,2130001,CIRRUS DESIGN CORP,SR22,SR Series,1,2023,7,PA,1,US,20230929,20230929,20230818,4,1,V,
556SR,2856,2130001,CIRRUS DESIGN CORP,SR22,SR Series,1,2007,7,TX,2,US,20230610,20180907,20071210,4,1,V,
557CA,1594,2130001,CIRRUS DESIGN CORP,SR22,SR Series,1,2005,7,SD,C,US,20260302,20260302,20050906,4,1,V,
557CC,9557,2130001,CIRRUS DESIGN CORP,SR22,SR Series,1,2023,7,MS,2,US,20240103,20240103,20231112,4,1,V,
557XX,2395,2130004,CIRRUS DESIGN CORP,SR22T,SR Series,1,2021,7,TX,2,US,20230707,20220115,20210917,4,1,V,
558AT,4915,2130001,CIRRUS DESIGN CORP,SR22,SR Series,1,2020,7,FL,7,US,20260204,20260204,20200610,4,1,V,
558CD,1414,2130001,CIRRUS DESIGN CORP,SR22,SR Series,1,2005,7,CA,4,US,20230902,20160908,20050427,4,1,V,
558PG,3024,2130001,CIRRUS DESIGN CORP,SR22,SR Series,1,2008,3,NC,1,US,20230526,20150720,20100607,4,1,V,
558SR,2193,2130001,CIRRUS DESIGN CORP,SR22,SR Series,1,2006,7,WI,C,US,20230526,20150714,20061010,4,1,V,
558SW,1504,2130000,CIRRUS DESIGN CORP,SR20,SR Series,1,2005,7,GA,7,US,20240224,20240224,20050411,4,1,V,
559AC,1927,2130001,CIRRUS DESIGN CORP,SR22,SR Series,1,2006,7,MS,2,US,20230603,20150818,20060427,4,1,V,
559BK,0052,2130010,CIRRUS DESIGN CORP,SF50,Vision Jet,1,2018,4,OH,C,US,20260209,20200910,20180515,4,5,V,
559CF,9765,2130004,CIRRUS DESIGN CORP,SR22T,SR Series,1,2024,3,CA,4,US,20240227,20240227,20240205,4,1,V,
559MM,0349,2130001,CIRRUS DESIGN CORP,SR22,SR Series,1,2002,7,WI,C,US,20260717,20191122,20071221,4,1,V,
559MS,9831,2130004,CIRRUS DESIGN CORP,SR22T,SR Series,1,2024,7,NY,1,US,20250515,20240418,20240310,4,1,V,
559RR,0051,2130004,CIRRUS DESIGN CORP,SR22T,SR Series,1,2010,7,OK,2,US,20250708,20250708,20101207,4,1,V,
559SR,2875,2130001,CIRRUS DESIGN CORP,SR22,SR Series,1,2007,3,NM,2,US,20230811,20190618,20071212,4,1,V,
559WA,11559,2130000,CIRRUS DESIGN CORP,SR20,SR Series,1,,8,MN,C,US,20260611,,,4,1,M,
559WM,2392,2130004,CIRRUS DESIGN CORP,SR22T,SR Series,1,2021,7,DE,1,US,20250415,20250415,20210913,4,1,V,
559WT,1553,2130004,CIRRUS DESIGN CORP,SR22T,SR Series,1,2017,7,VA,1,US,20260421,20260421,20170608,4,1,V,
55AQ,9154,2130004,CIRRUS DESIGN CORP,SR22T,SR Series,1,2023,7,OK,2,US,20260525,20260525,20230330,4,1,V,
55CQ,0722,2130004,CIRRUS DESIGN CORP,SR22T,SR Series,1,2014,7,OR,S,US,20260509,20260509,20140228,4,1,V,
55CT,9193,2130001,CIRRUS DESIGN CORP,SR22,SR Series,1,2023,7,FL,7,US,20230630,20230630,20230425,4,1,V,
55DD,2679,2130000,CIRRUS DESIGN CORP,SR20,SR Series,1,2021,3,NC,1,US,20241017,20241017,20210309,4,1,V,
55DS,1010,2130000,CIRRUS DESIGN CORP,SR20,SR Series,1,1999,7,OH,C,US,20260610,20260610,20031010,4,1,V,
55FA,9886,2130000,CIRRUS DESIGN CORP,SR20,SR Series,1,2024,7,PA,1,US,20240617,20240617,20240517,4,1,V,
55FB,11172,2130004,CIRRUS DESIGN CORP,SR22T,SR Series,1,2026,8,MN,C,US,20251118,,20260120,4,1,M,
55GY,4684,2130001,CIRRUS DESIGN CORP,SR22,SR Series,1,2018,7,VA,1,US,20230818,20220711,20180827,4,1,V,
55HT,0718,2130010,CIRRUS DESIGN CORP,SF50,Vision Jet,1,2025,7,IN,C,US,20260126,20260126,20251205,4,5,V,
55KS,0550,2130001,CIRRUS DESIGN CORP,SR22,SR Series,1,2003,7,FL,7,US,20230317,20030617,20030511,4,1,V,
55KW,10705,2130004,CIRRUS DESIGN CORP,SR22T,SR Series,1,2025,4,CA,4,US,20260107,20250829,20250528,4,1,V,
55L,9277,2130004,CIRRUS DESIGN CORP,SR22T,SR Series,1,2023,4,CA,4,US,20230712,20230712,20230607,4,1,V,
55MM,8740,2130004,CIRRUS DESIGN CORP,SR22T,SR Series,1,2022,7,WA,S,US,20251203,20221114,20220727,4,1,V,
55NW,9550,2130004,CIRRUS DESIGN CORP,SR22T,SR Series,1,2023,7,TX,2,US,20260612,20260612,20231110,4,1,V,
55RJ,3202,2130001,CIRRUS DESIGN CORP,SR22,SR Series,1,2008,7,NM,2,US,20230903,20230203,20080818,4,1,V,
55TN,11120,2130004,CIRRUS DESIGN CORP,SR22T,SR Series,1,2026,3,DE,1,US,20260810,20260810,20260104,4,1,V,
55WT,11685,2130001,CIRRUS DESIGN CORP,SR22,SR Series,1,,8,MN,C,US,20260727,,,4,1,M,
55WV,4964,2130001,CIRRUS DESIGN CORP,SR22,SR Series,1,2020,7,TX,2,US,20230421,20210206,20201111,4,1,V,
560CD,1644,2130001,CIRRUS DESIGN CORP,SR22,SR Series,1,2005,1,TX,2,US,20241028,20241028,20051031,4,1,V,
560EA,1506,2130000,CIRRUS DESIGN CORP,SR20,SR Series,1,,7,SC,7,US,20260605,20260605,,4,1,V,
560RG,0915,2130004,CIRRUS DESIGN CORP,SR22T,SR Series,1,2014,7,OR,S,US,20230407,20141203,20141113,4,1,V,
560SR,2615,2130001,CIRRUS DESIGN CORP,SR22,SR Series,1,2007,7,TN,3,US,20250303,20170131,20070823,4,1,V,
561AU,11289,2130001,CIRRUS DESIGN CORP,SR22,SR Series,1,2026,1,NV,4,US,20260705,,20260328,4,1,R,
561CD,1640,2130001,CIRRUS DESIGN CORP,SR22,SR Series,1,,3,FL,7,US,20251105,,20051018,4,1,V,
561CP,3331,2130001,CIRRUS DESIGN CORP,SR22,SR Series,1,2008,7,DE,1,US,20230811,20220613,20081111,4,1,V,
561DJ,0871,2130004,CIRRUS DESIGN CORP,SR22T,SR Series,1,2014,7,NY,1,US,20230623,20181105,20140912,4,1,V,
561R,9899,2130000,CIRRUS DESIGN CORP,SR20,SR Series,1,2024,7,FL,7,US,20240605,20240605,20240502,4,1,V,
561RT,2355,2130004,CIRRUS DESIGN CORP,SR22T,SR Series,1,2021,3,MN,C,US,20251027,20251027,20210708,4,1,V,
561S,4917,2130001,CIRRUS DESIGN CORP,SR22,SR Series,1,2020,7,FL,7,US,20230310,20200815,20200618,4,1,V,
561SM,8703,2130004,CIRRUS DESIGN CORP,SR22T,SR Series,1,2022,7,FL,7,US,20230902,20220912,20220709,4,1,V,
562CD,1198,2130001,CIRRUS DESIGN CORP,SR22,SR Series,1,2004,1,WA,S,US,20260213,20260213,20041129,4,1,V,
562FD,10562,2130001,CIRRUS DESIGN CORP,SR22,SR Series,1,2025,7,MA,E,US,20250516,20250516,20250320,4,1,V,
562GH,11055,2130004,CIRRUS DESIGN CORP,SR22T,SR Series,1,2025,7,TX,2,US,20260108,20260108,20251119,4,1,V,
562M,10936,2130004,CIRRUS DESIGN CORP,SR22T,SR Series,1,2025,7,WY,S,US,20251007,20251007,20250920,4,1,V,
562PG,0562,2130001,CIRRUS DESIGN CORP,SR22,SR Series,1,,7,,8,DE,20230304,20200713,,4,1,V,
562SB,9018,2130004,CIRRUS DESIGN CORP,SR22T,SR Series,1,2022,4,NC,1,US,20251218,20251218,20221228,4,1,V,
562SD,10383,2130001,CIRRUS DESIGN CORP,SR22,SR Series,1,2024,7,PA,1,US,20250117,20250117,20241218,4,1,V,
562SH,10847,2130004,CIRRUS DESIGN CORP,SR22T,SR Series,1,2025,7,NC,1,US,20250923,20250923,20250815,4,1,V,
5632,10988,2130004,CIRRUS DESIGN CORP,SR22T,SR Series,1,2025,7,MO,3,US,20251205,20251205,20251024,4,1,V,
563CD,1182,2130001,CIRRUS DESIGN CORP,SR22,SR Series,1,2004,3,TX,2,US,20250620,20250620,20041117,4,1,V,
563CP,3333,2130001,CIRRUS DESIGN CORP,SR22,SR Series,1,2008,7,OR,S,US,20250121,20250121,20081126,4,1,V,
563DT,0200,2130004,CIRRUS DESIGN CORP,SR22T,SR Series,1,2011,1,NC,1,US,20230930,20170120,20110923,4,1,V,
563MM,1938,2130001,CIRRUS DESIGN CORP,SR22,SR Series,1,,7,GA,7,US,20250806,20250806,20060504,4,1,V,
563PG,0033,2130001,CIRRUS DESIGN CORP,SR22,SR Series,1,2001,1,WV,1,US,20230415,20230415,20010616,4,1,V,
563RF,9563,2130001,CIRRUS DESIGN CORP,SR22,SR Series,1,2023,7,IA,3,US,20231229,20231229,20231115,4,1,V,
563SM,11476,2130001,CIRRUS DESIGN CORP,SR22,SR Series,1,,8,MN,C,US,20260305,,,4,1,M,
564BA,9891,2130001,CIRRUS DESIGN CORP,SR22,SR Series,1,2024,7,AR,2,US,20251106,20251106,20240421,4,1,V,
564BP,0135,2130001,CIRRUS DESIGN CORP,SR22,SR Series,1,2001,7,CA,4,US,20230616,20211026,20011228,4,1,V,
564CA,2350,2130000,CIRRUS DESIGN CORP,SR20,SR Series,1,2017,7,AZ,4,US,20250103,20250103,20170323,4,1,V,
564FD,10564,2130001,CIRRUS DESIGN CORP,SR22,SR Series,1,2025,7,DE,1,US,20250428,20250428,20250320,4,1,V,
564JH,3265,2130001,CIRRUS DESIGN CORP,SR22,SR Series,1,2008,7,WA,S,US,20230505,20080930,20080917,4,1,V,
564N,0921,2130004,CIRRUS DESIGN CORP,SR22T,SR Series,1,2014,7,FL,7,US,20250325,20180713,20141204,4,1,V,
564P,0196,2130010,CIRRUS DESIGN CORP,SF50,Vision Jet,1,2020,7,DE,1,US,20260126,20260126,20200327,4,5,V,
564PM,2203,2130001,CIRRUS DESIGN CORP,SR22,SR Series,1,2006,1,TX,2,US,20231127,20231127,20061023,4,1,V,
5656M,0341,2130004,CIRRUS DESIGN CORP,SR22T,SR Series,1,2012,1,NC,1,US,20240117,20240117,20120626,4,1,V,
565CP,3334,2130001,CIRRUS DESIGN CORP,SR22,SR Series,1,,7,CO,S,US,20251031,,20081028,4,1,V,
565PC,0227,2130010,CIRRUS DESIGN CORP,SF50,Vision Jet,1,2020,7,MA,E,US,20240305,20240305,20201209,4,5,V,
565S,0576,2130001,CIRRUS DESIGN CORP,SR22,SR Series,1,2003,1,TX,2,US,20260417,20250918,20030610,4,1,V,
565TV,2708,2130001,CIRRUS DESIGN CORP,SR22,SR Series,1,2007,7,OK,2,US,20230526,20210709,20070919,4,1,V,
565TX,10685,2130004,CIRRUS DESIGN CORP,SR22T,SR Series,1,2025,7,TX,2,US,20250703,20250703,20250601,4,1,V,
566BL,8560,2130004,CIRRUS DESIGN CORP,SR22T,SR Series,1,2022,7,LA,2,US,20260326,20260326,20220314,4,1,V,
566CD,1510,2130000,CIRRUS DESIGN CORP,SR20,SR Series,1,2005,7,SC,7,US,20230722,20190306,20050412,4,1,V,
566DP,1068,2130000,CIRRUS DESIGN CORP,SR20,SR Series,1,2000,3,MD,1,US,20230526,20150723,20000921,4,1,V,
566EA,2460,2130004,CIRRUS DESIGN CORP,SR22T,SR Series,1,2021,7,MS,2,US,20240530,20240221,20210927,4,1,V,
566SR,2864,2130001,CIRRUS DESIGN CORP,SR22,SR Series,1,2007,7,FL,7,US,20230927,20190605,20071213,4,1,V,
566TL,11153,2130004,CIRRUS DESIGN CORP,SR22T,SR Series,1,2026,7,TX,2,US,20260315,20260315,20260114,4,1,V,
566TT,1587,2130004,CIRRUS DESIGN CORP,SR22T,SR Series,1,2017,1,AZ,4,US,20230324,20171019,20170824,4,1,V,
56722,11497,2130004,CIRRUS DESIGN CORP,SR22T,SR Series,1,,8,MN,C,US,20260227,,,4,1,M,
567AB,0030,2130001,CIRRUS DESIGN CORP,SR22,SR Series,1,2001,7,DE,1,US,20251211,20200624,20010601,4,1,V,
567AM,0795,2130010,CIRRUS DESIGN CORP,SF50,Vision Jet,1,,8,MN,C,US,20260415,,,4,5,M,
567AT,2188,2130001,CIRRUS DESIGN CORP,SR22,SR Series,1,2006,7,MS,2,US,20240110,20200803,20061011,4,1,V,
567CT,3205,2130001,CIRRUS DESIGN CORP,SR22,SR Series,1,2008,7,IL,C,US,20230324,20090720,20080819,4,1,V,
567DM,2353,2130001,CIRRUS DESIGN CORP,SR22,SR Series,1,2007,3,OK,2,US,20230825,20130829,20070131,4,1,V,
567MG,2446,2130001,CIRRUS DESIGN CORP,SR22,SR Series,1,2007,7,FL,7,US,20230317,20200902,20070419,4,1,V,
567PA,2640,2130001,CIRRUS DESIGN CORP,SR22,SR Series,1,2007,7,TX,2,US,20230414,20180111,20070814,4,1,V,
567PF,0077,2130004,CIRRUS DESIGN CORP,SR22T,SR Series,1,2011,7,OK,2,US,20230701,20211206,20110131,4,1,V,
567PM,1748,2130004,CIRRUS DESIGN CORP,SR22T,SR Series,1,2018,7,WY,S,US,20260521,20220824,20180718,4,1,V,
567R,9630,2130001,CIRRUS DESIGN CORP,SR22,SR Series,1,,7,DE,1,US,20240124,20240124,,4,1,V,
567RF,0486,2130010,CIRRUS DESIGN CORP,SF50,Vision Jet,1,2023,7,FL,7,US,20251121,20240118,20230927,4,5,V,
567RT,8844,2130004,CIRRUS DESIGN CORP,SR22T,SR Series,1,2022,7,TN,3,US,20230222,20230222,20220921,4,1,V,
567SR,2097,2130001,CIRRUS DESIGN CORP,SR22,SR Series,1,2006,3,FL,7,US,20241031,20241031,20060823,4,1,V,
568RS,1474,2130000,CIRRUS DESIGN CORP,SR20,SR Series,1,2004,1,CA,4,US,20230317,20140909,20041203,4,1,V,
568SR,1083,2130001,CIRRUS DESIGN CORP,SR22,SR Series,1,2004,1,GA,7,US,20250807,20250807,20040913,4,1,V,
5695D,11395,2130001,CIRRUS DESIGN CORP,SR22,SR Series,1,2026,7,MA,E,US,20260804,20260804,20260509,4,1,V,
5695S,9176,2130001,CIRRUS DESIGN CORP,SR22,SR Series,1,2023,7,MA,E,US,20231016,20230622,20230407,4,1,V,
569AJ,0770,2130010,CIRRUS DESIGN CORP,SF50,Vision Jet,1,2026,8,MN,C,US,20260109,,20260513,4,5,M,
569ML,10964,2130000,CIRRUS DESIGN CORP,SR20,SR Series,1,2025,3,TX,2,US,20260122,20260122,20251008,4,1,V,
569PG,3003,2130001,CIRRUS DESIGN CORP,SR22,SR Series,1,2008,7,IN,C,US,20230825,20190812,20090403,4,1,V,
569SF,3739,2130001,CIRRUS DESIGN CORP,SR22,SR Series,1,2011,4,AL,7,US,20230414,20210108,20110223,4,1,V,
56AH,2781,2130001,CIRRUS DESIGN CORP,SR22,SR Series,1,2007,3,WY,S,US,20260316,20260211,20120112,4,1,V,
56AP,2768,2130001,CIRRUS DESIGN CORP,SR22,SR Series,1,,7,TX,2,US,20260510,20260510,20071024,4,1,V,
56BM,4085,2130001,CIRRUS DESIGN CORP,SR22,SR Series,1,2014,7,ND,C,US,20250618,20250618,20170608,4,1,V,
56DA,11556,2130001,CIRRUS DESIGN CORP,SR22,SR Series,1,,8,MN,C,US,20260604,,,4,1,M,
56GY,0324,2130010,CIRRUS DESIGN CORP,SF50,Vision Jet,1,2021,8,MN,C,US,20250620,20250602,20211217,4,5,V,
56HP,0118,2130010,CIRRUS DESIGN CORP,SF50,Vision Jet,1,2019,7,RI,E,US,20230718,20220201,20190524,4,5,V,
56LL,2788,2130001,CIRRUS DESIGN CORP,SR22,SR Series,1,2007,3,DE,1,US,20250326,20100722,20071114,4,1,V,
56MC,0060,2130010,CIRRUS DESIGN CORP,SF50,Vision Jet,1,2018,7,NV,4,US,20251007,20200127,20180622,4,5,V,
56MN,0509,2130010,CIRRUS DESIGN CORP,SF50,Vision Jet,1,2023,7,FL,7,US,20240113,20240113,20231213,4,5,V,
56PE,3634,2130001,CIRRUS DESIGN CORP,SR22,SR Series,1,2010,1,MD,1,US,20230428,20180320,20100326,4,1,V,
56PF,0274,2130001,CIRRUS DESIGN CORP,SR22,SR Series,1,2002,1,FL,7,US,20230304,20200708,20020723,4,1,V,
56PJ,0538,0563277,CIRRUS DESIGN CORPORATION,SF50,Vision Jet,1,2024,7,GA,7,US,20240416,20240416,20240319,4,5,V,
56PN,1444,2130004,CIRRUS DESIGN CORP,SR22T,SR Series,1,2016,7,WI,C,US,20260808,20260808,20160919,4,1,V,
56RM,9628,2130004,CIRRUS DESIGN CORP,SR22T,SR Series,1,2023,7,IA,3,US,20250722,20250722,20231222,4,1,V,
56RR,11490,2130004,CIRRUS DESIGN CORP,SR22T,SR Series,1,,8,MN,C,US,20260109,,,4,1,M,
56VG,2629,2130000,CIRRUS DESIGN CORP,SR20,SR Series,1,2020,7,OH,C,US,20240105,20240105,20201026,4,1,V,
56WK,2488,2130000,CIRRUS DESIGN CORP,SR20,SR Series,1,2019,7,CO,S,US,20250824,20231019,20231027,4,1,V,
570CD,1340,2130001,CIRRUS DESIGN CORP,SR22,SR Series,1,2005,7,SC,7,US,20230603,20180816,20050302,4,1,V,
570CP,3340,2130001,CIRRUS DESIGN CORP,SR22,SR Series,1,2008,7,AR,2,US,20251211,20251211,20081217,4,1,V,
570RJ,1446,2130004,CIRRUS DESIGN CORP,SR22T,SR Series,1,2016,7,NV,4,US,20260207,20260207,20160926,4,1,V,
570SL,11135,2130004,CIRRUS DESIGN CORP,SR22T,SR Series,1,,7,,,,20260630,20260630,,4,1,V,
570TB,10770,2130004,CIRRUS DESIGN CORP,SR22T,SR Series,1,2025,7,WA,S,US,20250812,20250812,20250708,4,1,V,
570TP,10498,2130004,CIRRUS DESIGN CORP,SR22T,SR Series,1,2025,7,MN,C,US,20250504,20250504,20250227,4,1,V,
570WE,10757,2130001,CIRRUS DESIGN CORP,SR22,SR Series,1,2025,7,VA,1,US,20250805,20250805,20250622,4,1,V,
571CD,1659,2130001,CIRRUS DESIGN CORP,SR22,SR Series,1,2005,7,VA,1,US,20241212,20241212,20051026,4,1,V,
571JC,2005,2130004,CIRRUS DESIGN CORP,SR22T,SR Series,1,2019,7,TN,3,US,20230915,20191121,20191018,4,1,V,
571SK,1818,2130004,CIRRUS DESIGN CORP,SR22T,SR Series,1,2018,4,CA,4,US,20230421,20210227,20181108,4,1,V,
571TA,1668,2130004,CIRRUS DESIGN CORP,SR22T,SR Series,1,2018,3,CA,4,US,20230306,20230306,20180116,4,1,V,
572CA,10301,2130004,CIRRUS DESIGN CORP,SR22T,SR Series,1,2024,7,WY,S,US,20250728,20250728,20241109,4,1,V,
572CD,1663,2130001,CIRRUS DESIGN CORP,SR22,SR Series,1,2005,7,OH,C,US,20230421,20210218,20051031,4,1,V,
572CP,3327,2130001,CIRRUS DESIGN CORP,SR22,SR Series,1,2009,7,FL,7,US,20230519,20210624,20090309,4,1,V,
572CT,3200,2130001,CIRRUS DESIGN CORP,SR22,SR Series,1,2008,7,AR,2,US,20241028,20241028,20080815,4,1,V,
572DG,0257,2130010,CIRRUS DESIGN CORP,SF50,Vision Jet,1,2021,7,FL,7,US,20230526,20210707,20210402,4,5,V,
572GT,2448,2130001,CIRRUS DESIGN CORP,SR22,SR Series,1,2007,7,AR,2,US,20231130,20231130,20070418,4,1,V,
573CD,1038,2130001,CIRRUS DESIGN CORP,SR22,SR Series,1,2004,7,AL,7,US,20230922,20221208,20040804,4,1,V,
573CP,3328,2130001,CIRRUS DESIGN CORP,SR22,SR Series,1,2008,7,CA,4,US,20231104,20231104,20081024,4,1,V,
573DS,0981,2130004,CIRRUS DESIGN CORP,SR22T,SR Series,1,2015,1,SC,7,US,20250520,20250520,20150224,4,1,V,
573JR,2305,2130001,CIRRUS DESIGN CORP,SR22,SR Series,1,2006,7,CA,4,US,20260330,20070220,20061222,4,1,V,
573SA,9923,2130000,CIRRUS DESIGN CORP,SR20,SR Series,1,2024,7,TX,2,US,20260213,20260213,20240512,4,1,V,
573SR,2230,2130001,CIRRUS DESIGN CORP,SR22,SR Series,1,2006,3,TX,2,US,20250311,20250311,20061108,4,1,V,
573TT,4344,2130001,CIRRUS DESIGN CORP,SR22,SR Series,1,2016,7,DE,1,US,20230721,20220325,20160510,4,1,V,
573WB,8971,2130004,CIRRUS DESIGN CORP,SR22T,SR Series,1,2022,7,MO,3,US,20230809,20230809,20221211,4,1,V,
574CD,1554,2130001,CIRRUS DESIGN CORP,SR22,SR Series,1,2005,1,TN,3,US,20250725,20250725,20050804,4,1,V,
574CP,3336,2130001,CIRRUS DESIGN CORP,SR22,SR Series,1,2008,7,TX,2,US,20251118,20251118,20081218,4,1,V,
574CS,9837,2130004,CIRRUS DESIGN CORP,SR22T,SR Series,1,2024,7,VA,1,US,20250930,20250930,20240316,4,1,V,
574DM,1543,2130000,CIRRUS DESIGN CORP,SR20,SR Series,1,2005,1,HI,4,US,20230818,20130722,20050809,4,1,V,
574J,9137,2130000,CIRRUS DESIGN CORP,SR20,SR Series,1,2023,7,DE,1,US,20231109,20231109,20230324,4,1,V,
574RK,4423,2130001,CIRRUS DESIGN CORP,SR22,SR Series,1,2016,7,WI,C,US,20230902,20170105,20161201,4,1,V,
574S,0343,2130001,CIRRUS DESIGN CORP,SR22,SR Series,1,2002,7,OH,C,US,20230623,20121102,20240724,4,1,V,
574SA,9924,2130000,CIRRUS DESIGN CORP,SR20,SR Series,1,2024,7,CA,4,US,20251028,20251028,20240518,4,1,V,
574TB,0909,2130004,CIRRUS DESIGN CORP,SR22T,SR Series,1,2014,7,TX,2,US,20241218,20210114,20141106,4,1,V,
5754M,4945,2130001,CIRRUS DESIGN CORP,SR22,SR Series,1,2020,7,MA,E,US,20230324,20201020,20200812,4,1,V,
575BW,0434,2130010,CIRRUS DESIGN CORP,SF50,Vision Jet,1,2023,3,UT,S,US,20260528,20230323,20230303,4,5,V,
575CD,0936,2130001,CIRRUS DESIGN CORP,SR22,SR Series,1,2004,7,TN,3,US,20240918,20240918,20040517,4,1,V,
575CP,3341,2130001,CIRRUS DESIGN CORP,SR22,SR Series,1,2008,7,AL,7,US,20230421,20150218,20081229,4,1,V,
575JM,11579,2130000,CIRRUS DESIGN CORP,SR20,SR Series,1,,8,MN,C,US,20260109,,,4,1,M,
575JP,10350,2130004,CIRRUS DESIGN CORP,SR22T,SR Series,1,2024,7,IN,C,US,20250122,20250122,20241124,4,1,V,
575LD,2293,2130000,CIRRUS DESIGN CORP,SR20,SR Series,1,2015,7,DE,1,US,20250719,20250719,20150812,4,1,V,
575LP,9616,2130004,CIRRUS DESIGN CORP,SR22T,SR Series,1,2023,7,OH,C,US,20250108,20250108,20231228,4,1,V,
575MC,2764,2130001,CIRRUS DESIGN CORP,SR22,SR Series,1,2007,7,OK,2,US,20230421,20120223,20071023,4,1,V,
575MD,2221,2130000,CIRRUS DESIGN CORP,SR20,SR Series,1,2012,7,DE,1,US,20230930,20200121,20121217,4,1,V,
575PW,2442,2130004,CIRRUS DESIGN CORP,SR22T,SR Series,1,2021,3,UT,S,US,20260526,20220825,20211115,4,1,V,
575SA,2003,2130001,CIRRUS DESIGN CORP,SR22,SR Series,1,2006,7,NE,3,US,20230228,20230228,20060607,4,1,V,
575SM,0537,2130010,CIRRUS DESIGN CORP,SF50,Vision Jet,1,2024,4,MT,S,US,20250924,20250924,20240314,4,5,V,
575TV,0807,2130004,CIRRUS DESIGN CORP,SR22T,SR Series,1,2014,3,CA,4,US,20230304,20140715,20140624,4,1,V,
575TX,3520,2130001,CIRRUS DESIGN CORP,SR22,SR Series,1,2010,1,CA,4,US,20230721,20160318,20100528,4,1,V,
575WT,1533,2130001,CIRRUS DESIGN CORP,SR22,SR Series,1,2005,1,NM,2,US,20251204,20251204,20260211,4,1,V,
575X,2403,2130004,CIRRUS DESIGN CORP,SR22T,SR Series,1,2021,7,AZ,4,US,20230523,20230523,20210923,4,1,V,
576CD,1665,2130001,CIRRUS DESIGN CORP,SR22,SR Series,1,2005,3,OK,2,US,20230317,20140904,20051101,4,1,V,
576CP,3342,2130001,CIRRUS DESIGN CORP,SR22,SR Series,1,2008,7,,8,DE,20230721,20220328,20081231,4,1,V,
576DG,1617,2130001,CIRRUS DESIGN CORP,SR22,SR Series,1,2005,1,NC,1,US,20230505,20080904,20050929,4,1,V,
576NM,1147,2130004,CIRRUS DESIGN CORP,SR22T,SR Series,1,2015,7,NV,4,US,20240610,20240610,20150921,4,1,V,
576TM,10483,2130004,CIRRUS DESIGN CORP,SR22T,SR Series,1,2025,7,IL,C,US,20250314,20250314,20250223,4,1,V,
577DG,4887,2130001,CIRRUS DESIGN CORP,SR22,SR Series,1,2020,7,AZ,4,US,20250731,20240212,20200217,4,1,V,
577DH,4339,2130001,CIRRUS DESIGN CORP,SR22,SR Series,1,2016,7,OH,C,US,20250108,20250108,20160428,4,1,V,
577HS,0738,2130004,CIRRUS DESIGN CORP,SR22T,SR Series,1,2014,3,OK,2,US,20230811,20190628,20140312,4,1,V,
577PG,2978,2130001,CIRRUS DESIGN CORP,SR22,SR Series,1,2008,8,MN,3,US,20230406,,20080415,4,1,V,
577SR,2845,2130001,CIRRUS DESIGN CORP,SR22,SR Series,1,2007,1,NY,1,US,20230421,20180227,20071211,4,1,V,
5785C,8888,2130004,CIRRUS DESIGN CORP,SR22T,SR Series,1,2022,7,NY,1,US,20230224,20230224,20221019,4,1,V,
578AC,11308,2130000,CIRRUS DESIGN CORP,SR20,SR Series,1,2026,7,MA,E,US,20260716,20260716,20260405,4,1,V,
578AG,2822,2130001,CIRRUS DESIGN CORP,SR22,SR Series,1,2007,7,FL,7,US,20230623,20211102,20071116,4,1,V,
578CD,1643,2130001,CIRRUS DESIGN CORP,SR22,SR Series,1,2005,1,CA,4,US,20230930,20230122,20051020,4,1,V,
578CP,3350,2130001,CIRRUS DESIGN CORP,SR22,SR Series,1,2008,1,FL,7,US,20260128,20260128,20081126,4,1,V,
578DJ,10826,2130004,CIRRUS DESIGN CORP,SR22T,SR Series,1,2025,7,OK,2,US,20251031,20251031,20250729,4,1,V,
578PS,0966,2130001,CIRRUS DESIGN CORP,SR22,SR Series,1,2004,3,OK,2,US,20230701,20181206,20040610,4,1,V,
578SB,1682,2130004,CIRRUS DESIGN CORP,SR22T,SR Series,1,2018,7,TX,2,US,20250815,20250815,20231025,4,1,V,
579AG,0315,2130004,CIRRUS DESIGN CORP,SR22T,SR Series,1,2012,1,MA,E,US,20230207,20230207,20120427,4,1,V,
579MW,4785,2130001,CIRRUS DESIGN CORP,SR22,SR Series,1,2019,7,AL,7,US,20230407,20230402,20190514,4,1,V,
579RC,1200,2130000,CIRRUS DESIGN CORP,SR20,SR Series,1,2002,3,FL,7,US,20230707,20081210,20020522,4,1,V,
579SR,2376,2130001,CIRRUS DESIGN CORP,SR22,SR Series,1,2007,1,OH,C,US,20230505,20210415,20070228,4,1,V,
579TW,8976,2130004,CIRRUS DESIGN CORP,SR22T,SR Series,1,2022,1,OH,C,US,20230501,20230323,20221216,4,1,V,
579WW,1639,2130000,CIRRUS DESIGN CORP,SR20,SR Series,1,2006,1,CA,4,US,20240826,20240826,20060414,4,1,V,
57AE,11422,2130004,CIRRUS DESIGN CORP,SR22T,SR Series,1,,8,MN,C,US,20260403,,,4,1,M,
57CJ,0388,2130004,CIRRUS DESIGN CORP,SR22T,SR Series,1,2012,7,FL,7,US,20230301,20121031,20121017,4,1,V,
57DB,5108,2130001,CIRRUS DESIGN CORP,SR22,SR Series,1,2021,7,FL,7,US,20231124,20220409,20211130,4,1,V,
57DC,9202,2130004,CIRRUS DESIGN CORP,SR22T,SR Series,1,2023,1,AZ,4,US,20251215,,20230427,4,1,R,
57DE,10129,2130001,CIRRUS DESIGN CORP,SR22,SR Series,1,2024,7,DE,1,US,20240916,20240916,20240811,4,1,V,
57DG,2190,2130004,CIRRUS DESIGN CORP,SR22T,SR Series,1,2020,3,WY,S,US,20260630,20240815,20201026,4,1,V,
57FE,1521,2130001,CIRRUS DESIGN CORP,SR22,SR Series,1,2005,7,MO,3,US,20230122,20200521,20050719,4,1,V,
57JW,1641,2130000,CIRRUS DESIGN CORP,SR20,SR Series,1,2006,5,MI,C,US,20230512,20200415,20060413,4,1,V,
57KZ,10827,2130004,CIRRUS DESIGN CORP,SR22T,SR Series,1,2025,7,SC,7,US,20250915,20250915,20250730,4,1,V,
57PG,2674,2130001,CIRRUS DESIGN CORP,SR22,SR Series,1,2007,1,CA,4,US,20230922,20191204,20070905,4,1,V,
57PX,2738,2130000,CIRRUS DESIGN CORP,SR20,SR Series,1,2021,7,IN,C,US,20230623,20211101,20210803,4,1,V,
57RJ,4382,2130001,CIRRUS DESIGN CORP,SR22,SR Series,1,2016,7,UT,S,US,20260404,20241010,20160822,4,1,V,
57RX,11295,2130001,CIRRUS DESIGN CORP,SR22,SR Series,1,2026,7,OK,2,US,20260801,20260801,20260328,4,1,V,
57RZ,3439,2130001,CIRRUS DESIGN CORP,SR22,SR Series,1,2009,7,CA,4,US,20231228,20171218,20090414,4,1,V,
57SA,10093,2130001,CIRRUS DESIGN CORP,SR22,SR Series,1,2024,7,IN,C,US,20240825,20240825,20240723,4,1,V,
57TU,0377,2130001,CIRRUS DESIGN CORP,SR22,SR Series,1,2002,4,SC,7,US,20230505,20210413,20021115,4,1,V,
57WF,0126,2130010,CIRRUS DESIGN CORP,SF50,Vision Jet,1,2019,7,DC,1,US,20260129,20251122,20190624,4,5,V,
57XT,10001,2130004,CIRRUS DESIGN CORP,SR22T,SR Series,1,2024,1,GA,7,US,20240705,20240705,20240604,4,1,V,
580C,1293,2130000,CIRRUS DESIGN CORP,SR20,SR Series,1,2003,7,NJ,1,US,20230310,20140825,20030214,4,1,V,
580CA,11063,2130000,CIRRUS DESIGN CORP,SR20,SR Series,1,2025,7,MS,2,US,20260515,20260515,20251113,4,1,V,
580SR,2580,2130001,CIRRUS DESIGN CORP,SR22,SR Series,1,2007,7,CO,S,US,20230905,20230905,20070703,4,1,V,
5813M,2414,2130004,CIRRUS DESIGN CORP,SR22T,SR Series,1,2021,7,MI,C,US,20250326,20220108,20210916,4,1,V,
581C,1271,2130000,CIRRUS DESIGN CORP,SR20,SR Series,1,2003,7,TN,3,US,20260615,20230315,20030113,4,1,V,
581CD,8972,2130001,CIRRUS DESIGN CORP,SR22,SR Series,1,2022,7,NY,1,US,20230503,20230321,20221210,4,1,V,
581CV,0367,2130004,CIRRUS DESIGN CORP,SR22T,SR Series,1,,7,MT,S,US,20230811,20220629,20120824,4,1,V,
581SD,3171,2130001,CIRRUS DESIGN CORP,SR22,SR Series,1,2008,7,ND,C,US,20230526,20210726,20080805,4,1,V,
581TH,11605,2130001,CIRRUS DESIGN CORP,SR22,SR Series,1,,8,MN,C,US,20260512,,,4,1,M,
582CD,1584,2130000,CIRRUS DESIGN CORP,SR20,SR Series,1,,1,MT,S,US,20230922,20221216,20051108,4,1,V,
582T,10367,2130004,CIRRUS DESIGN CORP,SR22T,SR Series,1,2024,7,CO,S,US,20250609,20250609,20241223,4,1,V,
582TT,2354,2130000,CIRRUS DESIGN CORP,SR20,SR Series,1,2017,7,WA,S,US,20250714,20250324,20170428,4,1,V,
583CD,1809,2130001,CIRRUS DESIGN CORP,SR22,SR Series,1,2006,3,NV,4,US,20230414,20120113,20101006,4,1,V,
583PU,2043,2130000,CIRRUS DESIGN CORP,SR20,SR Series,1,2010,1,FL,7,US,20260501,,20100513,4,1,7,
584B,2330,2130001,CIRRUS DESIGN CORP,SR22,SR Series,1,2007,3,,8,GB,20231120,20231117,20070117,4,1,V,
584CD,1652,2130001,CIRRUS DESIGN CORP,SR22,SR Series,1,2005,1,MO,3,US,20240822,20240719,20051024,4,1,V,
584CF,8584,2130001,CIRRUS DESIGN CORP,SR22,SR Series,1,2022,7,VA,1,US,20250606,20250606,20220325,4,1,V,
584CP,3353,2130001,CIRRUS DESIGN CORP,SR22,SR Series,1,,7,FL,7,US,20251230,20251230,20081231,4,1,V,
584DB,1767,2130004,CIRRUS DESIGN CORP,SR22T,SR Series,1,2018,7,DE,1,US,20260207,20260207,20180802,4,1,V,
584SR,2378,2130001,CIRRUS DESIGN CORP,SR22,SR Series,1,2007,4,CA,4,US,20230909,20161011,20070220,4,1,V,
5854A,0171,2130001,CIRRUS DESIGN CORP,SR22,SR Series,1,2002,7,OR,S,US,20240803,20210318,20020316,4,1,V,
5858,1821,2130004,CIRRUS DESIGN CORP,SR22T,SR Series,1,2018,1,TX,2,US,20241125,20241125,20181108,4,1,V,
585AB,3499,2130001,CIRRUS DESIGN CORP,SR22,SR Series,1,2009,7,CO,S,US,20260321,20260321,20090925,4,1,V,
585CD,1661,2130001,CIRRUS DESIGN CORP,SR22,SR Series,1,2005,7,AR,2,US,20250710,20250710,20051028,4,1,V,
585CF,8585,2130001,CIRRUS DESIGN CORP,SR22,SR Series,1,2022,7,FL,7,US,20240722,20240722,20220404,4,1,V,
585EC,4816,2130001,CIRRUS DESIGN CORP,SR22,SR Series,1,2019,4,FL,7,US,20260304,20260304,20190823,4,1,V,
585EJ,2319,2130000,CIRRUS DESIGN CORP,SR20,SR Series,1,2016,1,OK,2,US,20241010,20241010,20160321,4,1,V,
585GB,3959,2130001,CIRRUS DESIGN CORP,SR22,SR Series,1,2013,8,TN,3,US,20250506,20220127,20130711,4,1,V,
585GT,4491,2130001,CIRRUS DESIGN CORP,SR22,SR Series,1,2017,3,NY,1,US,20230428,20180320,20170417,4,1,V,
585PK,0005,2130010,CIRRUS DESIGN CORP,SF50,Vision Jet,1,2016,7,DE,1,US,20230929,20200115,20161229,4,5,V,
585SP,1737,2130000,CIRRUS DESIGN CORP,SR20,SR Series,1,2006,7,SC,7,US,20260223,,20061025,4,1,V,
585SR,2347,2130001,CIRRUS DESIGN CORP,SR22,SR Series,1,2007,7,AL,7,US,20230519,20230519,20070130,4,1,V,
585SW,2255,2130004,CIRRUS DESIGN CORP,SR22T,SR Series,1,2021,7,SC,7,US,20250815,20250815,20210203,4,1,V,
585TC,2230,2130000,CIRRUS DESIGN CORP,SR20,SR Series,1,2013,7,TX,2,US,20230909,20221014,20130524,4,1,V,
585TX,2360,2130004,CIRRUS DESIGN CORP,SR22T,SR Series,1,2021,7,TX,2,US,20260813,20211019,20210715,4,1,V,
5863,4764,2130001,CIRRUS DESIGN CORP,SR22,SR Series,1,2019,7,MT,S,US,20241126,20241122,20190311,4,1,V,
586B,11258,2130000,CIRRUS DESIGN CORP,SR20,SR Series,1,2026,7,NC,1,US,20260513,20260513,20260307,4,1,V,
586CA,11081,2130001,CIRRUS DESIGN CORP,SR22,SR Series,1,2026,7,NY,1,US,20260427,20260427,20260107,4,1,V,
586CF,8596,2130001,CIRRUS DESIGN CORP,SR22,SR Series,1,2022,7,KY,3,US,20230619,20230619,20220411,4,1,V,
586EF,11381,2130000,CIRRUS DESIGN CORP,SR20,SR Series,1,2026,7,NJ,1,US,20260805,20260805,20260508,4,1,V,
586SR,2348,2130001,CIRRUS DESIGN CORP,SR22,SR Series,1,2007,3,OK,2,US,20230718,20190223,20070206,4,1,V,
586WJ,0492,2130004,CIRRUS DESIGN CORP,SR22T,SR Series,1,2013,8,TN,3,US,20230406,20220127,20130410,4,1,V,
587AT,3459,2130001,CIRRUS DESIGN CORP,SR22,SR Series,1,2009,7,IN,C,US,20240526,20220730,20090623,4,1,V,
587CP,3354,2130001,CIRRUS DESIGN CORP,SR22,SR Series,1,2008,3,AR,2,US,20230825,20220829,20081202,4,1,V,
587DG,3745,2130001,CIRRUS DESIGN CORP,SR22,SR Series,1,2011,7,GA,7,US,20231212,20231212,20110317,4,1,V,
587PG,1940,2130000,CIRRUS DESIGN CORP,SR20,SR Series,1,2008,7,TX,2,US,20240610,20211103,20080327,4,1,V,
587PU,2048,2130000,CIRRUS DESIGN CORP,SR20,SR Series,1,2010,7,AZ,4,US,20230909,20221028,20100714,4,1,V,
58801,1099,2130004,CIRRUS DESIGN CORP,SR22T,SR Series,1,,7,CO,S,US,20230420,20230420,20150803,4,1,V,
5886M,2248,2130000,CIRRUS DESIGN CORP,SR20,SR Series,1,2014,7,FL,7,US,20230408,20200930,20140327,4,1,V,
588CA,11105,2130004,CIRRUS DESIGN CORP,SR22T,SR Series,1,2025,7,DE,1,US,20260428,20260427,20260104,4,1,V,
588CT,3207,2130001,CIRRUS DESIGN CORP,SR22,SR Series,1,2008,1,NC,1,US,20250819,20250819,20080821,4,1,V,
588EB,1306,2130004,CIRRUS DESIGN CORP,SR22T,SR Series,1,2016,7,GA,7,US,20230428,20180307,20160414,4,1,V,
588RM,0038,2130010,CIRRUS DESIGN CORP,SF50,Vision Jet,1,2018,7,AL,7,US,20260526,20260526,20180310,4,5,V,
588SR,2351,2130001,CIRRUS DESIGN CORP,SR22,SR Series,1,2007,7,TX,2,US,20240219,20240219,20070131,4,1,V,
588SW,2449,2130000,CIRRUS DESIGN CORP,SR20,SR Series,1,2018,7,CA,4,US,20230526,20180725,20180531,4,1,V,
589CA,2078,2130000,CIRRUS DESIGN CORP,SR20,SR Series,1,,7,MD,1,US,20231020,20110404,,4,1,V,
589CT,3203,2130001,CIRRUS DESIGN CORP,SR22,SR Series,1,2008,4,CA,4,US,20260401,20260401,20080815,4,1,V,
589DS,9256,2130000,CIRRUS DESIGN CORP,SR20,SR Series,1,2023,5,MS,2,US,20230724,20230724,20230525,4,1,V,
589MP,11010,2130004,CIRRUS DESIGN CORP,SR22T,SR Series,1,2025,4,ND,C,US,20251217,20251217,20251029,4,1,V,
589PU,2050,2130000,CIRRUS DESIGN CORP,SR20,SR Series,1,2010,7,FL,7,US,20230616,20211012,20100720,4,1,V,
589RC,0871,2130001,CIRRUS DESIGN CORP,SR22,SR Series,1,2004,7,OR,S,US,20231024,20231024,20040406,4,1,V,
589SR,2273,2130001,CIRRUS DESIGN CORP,SR22,SR Series,1,2006,1,OH,C,US,20240318,20240312,20061220,4,1,V,
58AA,SF50-0100,2130010,CIRRUS DESIGN CORP,SF50,Vision Jet,1,2019,7,NV,4,US,20260516,20260516,20190206,4,5,V,
58AC,5040,2130001,CIRRUS DESIGN CORP,SR22,SR Series,1,2021,7,FL,7,US,20260516,20260516,20210527,4,1,V,
58BR,0020,2130004,CIRRUS DESIGN CORP,SR22T,SR Series,1,2010,7,MS,2,US,20240613,20240608,20100826,4,1,V,
58CJ,0760,2130004,CIRRUS DESIGN CORP,SR22T,SR Series,1,2014,7,ND,C,US,20230701,20181218,20140410,4,1,V,
58DB,1180,2130004,CIRRUS DESIGN CORP,SR22T,SR Series,1,2015,3,CO,S,US,20230728,20220404,20151112,4,1,V,
58GP,11157,2130004,CIRRUS DESIGN CORP,SR22T,SR Series,1,2026,7,AZ,4,US,20260403,20260403,20260125,4,1,V,
5907,2388,2130001,CIRRUS DESIGN CORP,SR22,SR Series,1,2007,7,CO,S,US,20240620,20240301,20070228,4,1,V,
590CD,0957,2130001,CIRRUS DESIGN CORP,SR22,SR Series,1,2004,3,NV,4,US,20230414,20100825,20040601,4,1,V,
590DS,9270,2130000,CIRRUS DESIGN CORP,SR20,SR Series,1,2023,5,MS,2,US,20230724,20230724,20230602,4,1,V,
591C,0439,2130001,CIRRUS DESIGN CORP,SR22,SR Series,1,2002,3,NY,1,US,20240805,20240805,20021230,4,1,V,
591DS,9279,2130000,CIRRUS DESIGN CORP,SR20,SR Series,1,2023,5,MS,2,US,20230803,20230803,20230605,4,1,V,
591GT,1835,2130004,CIRRUS DESIGN CORP,SR22T,SR Series,1,2018,7,NM,2,US,20241104,20241104,20181204,4,1,V,
591H,0576,2130010,CIRRUS DESIGN CORP,SF50,Vision Jet,1,2024,7,DE,1,US,20250212,20250212,20240830,4,5,V,
591SC,4511,2130001,CIRRUS DESIGN CORP,SR22,SR Series,1,2017,7,CA,4,US,20250627,20190730,20170707,4,1,V,
591WA,2110,2130001,CIRRUS DESIGN CORP,SR22,SR Series,1,2006,7,AL,7,US,20230326,20230326,20060830,4,1,V,
592CT,2113,2130000,CIRRUS DESIGN CORP,SR20,SR Series,1,2011,7,DE,1,US,20230317,20170911,20111004,4,1,V,
592DS,9284,2130000,CIRRUS DESIGN CORP,SR20,SR Series,1,2023,5,MS,2,US,20230818,20230804,20230611,4,1,V,
592PU,2053,2130000,CIRRUS DESIGN CORP,SR20,SR Series,1,2010,1,IL,C,US,20230519,20210623,20100806,4,1,V,
592TG,11738,2130001,CIRRUS DESIGN CORP,SR22,SR Series,1,,8,MN,C,US,20260813,,,4,1,M,
593DS,9298,2130000,CIRRUS DESIGN CORP,SR20,SR Series,1,2023,5,MS,2,US,20230811,20230811,20230620,4,1,V,
593EH,2398,2130000,CIRRUS DESIGN CORP,SR20,SR Series,1,2018,7,CA,4,US,20250917,20210208,20180228,4,1,V,
593GR,4149,2130001,CIRRUS DESIGN CORP,SR22,SR Series,1,2014,7,MI,C,US,20230414,20210121,20141111,4,1,V,
593MC,4864,2130001,CIRRUS DESIGN CORP,SR22,SR Series,1,2019,1,OH,C,US,20230930,20200109,20191204,4,1,V,
593MW,5111,2130001,CIRRUS DESIGN CORP,SR22,SR Series,1,2021,1,PA,1,US,20250408,20250408,20211130,4,1,V,
593PU,2040,2130000,CIRRUS DESIGN CORP,SR20,SR Series,1,2010,1,MN,C,US,20251107,20251107,20100318,4,1,V,
593VF,9855,2130004,CIRRUS DESIGN CORP,SR22T,SR Series,1,2024,7,TX,2,US,20240510,20240510,20240328,4,1,V,
594CD,1607,2130000,CIRRUS DESIGN CORP,SR20,SR Series,1,2006,7,CA,4,US,20230122,20110505,20060119,4,1,V,
594M,2595,2130000,CIRRUS DESIGN CORP,SR20,SR Series,1,2020,7,OH,C,US,20250215,20250215,20200806,4,1,V,
594PU,2046,2130000,CIRRUS DESIGN CORP,SR20,SR Series,1,2010,7,CA,4,US,20230608,20210422,20100518,4,1,V,
594W,10097,2130004,CIRRUS DESIGN CORP,SR22T,SR Series,1,2024,7,MO,3,US,20240829,20240829,20240729,4,1,V,
5953,0641,2130001,CIRRUS DESIGN CORP,SR22,SR Series,1,2003,7,AR,2,US,20230811,20190604,20030808,4,1,V,
5959A,1526,2130000,CIRRUS DESIGN CORP,SR20,SR Series,1,2005,7,FL,7,US,20230512,20180514,20050603,4,1,V,
595AS,1105,2130001,CIRRUS DESIGN CORP,SR22,SR Series,1,2004,1,TX,2,US,20230623,20041110,20041007,4,1,V,
595CD,1761,2130001,CIRRUS DESIGN CORP,SR22,SR Series,1,2006,1,IN,C,US,20230512,20180523,20060109,4,1,V,
595DD,1543,2130004,CIRRUS DESIGN CORP,SR22T,SR Series,1,2017,7,AZ,4,US,20250417,20250417,20170523,4,1,V,
595DL,1681,2130004,CIRRUS DESIGN CORP,SR22T,SR Series,1,2018,7,TN,3,US,20250911,20250911,20180206,4,1,V,
595JM,0706,2130001,CIRRUS DESIGN CORP,SR22,SR Series,1,2003,3,MA,E,US,20230401,20171115,20031011,4,1,V,
595KR,9595,2130004,CIRRUS DESIGN CORP,SR22T,SR Series,1,2023,7,FL,7,US,20240117,20240117,20231203,4,1,V,
595MW,4359,2130001,CIRRUS DESIGN CORP,SR22,SR Series,1,2016,7,LA,2,US,20231007,20231007,20160614,4,1,V,
595SR,2449,2130001,CIRRUS DESIGN CORP,SR22,SR Series,1,2007,7,PA,1,US,20230421,20070831,20070423,4,1,V,
595TV,0485,2130001,CIRRUS DESIGN CORP,SR22,SR Series,1,2003,1,IN,C,US,20230922,20161219,20030328,4,1,V,
595WP,1993,2130001,CIRRUS DESIGN CORP,SR22,SR Series,1,,7,LA,2,US,20230610,20210920,20060605,4,1,V,
596AC,4245,2130001,CIRRUS DESIGN CORP,SR22,SR Series,1,2015,7,LA,2,US,20250206,20250206,20150908,4,1,V,
596CC,1117,2130004,CIRRUS DESIGN CORP,SR22T,SR Series,1,2015,7,FL,7,US,20260716,20260716,20150820,4,1,V,
596CD,1710,2130001,CIRRUS DESIGN CORP,SR22,SR Series,1,2005,7,DE,1,US,20230728,20160427,20051202,4,1,V,
596CP,3357,2130001,CIRRUS DESIGN CORP,SR22,SR Series,1,2008,7,TX,2,US,20230909,20191017,20081201,4,1,V,
596RT,8541,2130004,CIRRUS DESIGN CORP,SR22T,SR Series,1,2022,7,NJ,1,US,20230825,20220823,20220301,4,1,V,
596SR,2795,2130001,CIRRUS DESIGN CORP,SR22,SR Series,1,2007,7,NH,E,US,20230122,20170522,20071108,4,1,V,
596WS,2056,2130001,CIRRUS DESIGN CORP,SR22,SR Series,1,2006,7,MA,E,US,20230930,20110126,20060803,4,1,V,
597CD,1532,2130001,CIRRUS DESIGN CORP,SR22,SR Series,1,2005,4,CA,4,US,20230206,20180807,20050725,4,1,V,
597LA,10446,2130004,CIRRUS DESIGN CORP,SR22T,SR Series,1,2025,7,SC,7,US,20250219,20250219,20250126,4,1,V,
597LP,2339,2130004,CIRRUS DESIGN CORP,SR22T,SR Series,1,2021,1,VT,E,US,20250409,20250409,20210615,4,1,V,
597SR,2023,2130001,CIRRUS DESIGN CORP,SR22,SR Series,1,2006,3,IA,3,US,20230915,20221110,20060626,4,1,V,
598CD,1653,2130001,CIRRUS DESIGN CORP,SR22,SR Series,1,2005,7,NY,1,US,20230728,20220426,20051024,4,1,V,
598DD,1459,2130000,CIRRUS DESIGN CORP,SR20,SR Series,1,2004,7,VA,1,US,20230616,20041104,20040927,4,1,V,
598SR,2045,2130001,CIRRUS DESIGN CORP,SR22,SR Series,1,2006,7,SC,7,US,20230728,20220421,20060721,4,1,V,
599BC,4037,2130001,CIRRUS DESIGN CORP,SR22,SR Series,1,2014,1,FL,7,US,20230421,20210217,20140114,4,1,V,
599CD,1525,2130000,CIRRUS DESIGN CORP,SR20,SR Series,1,2005,7,MA,E,US,20230706,20230621,20050603,4,1,V,
599MG,2762,2130001,CIRRUS DESIGN CORP,SR22,SR Series,1,2007,7,CO,S,US,20230331,20230331,20071024,4,1,V,
599MM,9833,2130004,CIRRUS DESIGN CORP,SR22T,SR Series,1,2024,8,MN,C,US,20250827,20250827,20240322,4,1,V,
599MR,3655,2130001,CIRRUS DESIGN CORP,SR22,SR Series,1,2010,4,MO,3,US,20230421,20210222,20100526,4,1,V,
599NR,11599,2130000,CIRRUS DESIGN CORP,SR20,SR Series,1,,8,MN,C,US,20260513,,,4,1,M,
599PM,1246,2130001,CIRRUS DESIGN CORP,SR22,SR Series,1,2004,7,CA,4,US,20231007,20080430,20041229,4,1,V,
599SG,9022,2130004,CIRRUS DESIGN CORP,SR22T,SR Series,1,2022,7,WI,C,US,20231208,20230330,20221228,4,1,V,
59AB,0251,2130010,CIRRUS DESIGN CORP,SF50,Vision Jet,1,2021,7,KY,3,US,20230512,20210520,20210226,4,5,V,
59CR,10501,2130004,CIRRUS DESIGN CORP,SR22T,SR Series,1,2025,7,DE,1,US,20250311,20250311,20250220,4,1,V,
59FE,3810,2130001,CIRRUS DESIGN CORP,SR22,SR Series,1,2011,1,DE,1,US,20260303,20260303,20111108,4,1,V,
59HS,0295,2130004,CIRRUS DESIGN CORP,SR22T,SR Series,1,2012,7,TX,2,US,20250906,20250906,20120212,4,1,V,
59JM,11543,2130001,CIRRUS DESIGN CORP,SR22,SR Series,1,,8,MN,C,US,20260506,,,4,1,M,
59LF,9967,2130000,CIRRUS DESIGN CORP,SR20,SR Series,1,2024,7,TX,2,US,20250507,20240826,20240531,4,1,V,
59NH,10909,2130001,CIRRUS DESIGN CORP,SR22,SR Series,1,2025,8,MN,C,US,20250617,,20250906,4,1,M,
59PB,10076,2130001,CIRRUS DESIGN CORP,SR22,SR Series,1,2024,7,MA,E,US,20240923,20240923,20240721,4,1,V,
59PF,9805,2130000,CIRRUS DESIGN CORP,SR20,SR Series,1,2024,7,NY,1,US,20240509,20240509,20240405,4,1,V,
59PX,2576,2130001,CIRRUS DESIGN CORP,SR22,SR Series,1,2007,7,TN,3,US,20230122,20170616,20070626,4,1,V,
59SB,0196,2130001,CIRRUS DESIGN CORP,SR22,SR Series,1,2002,7,FL,7,US,20250328,20250328,20250403,4,1,V,
59VJ,0696,2130010,CIRRUS DESIGN CORP,SF50,Vision Jet,1,2025,4,OR,S,US,20251007,20251007,20250929,4,5,V,
59WV,0516,2130004,CIRRUS DESIGN CORP,SR22T,SR Series,1,2013,1,PA,1,US,20230728,20190411,20130513,4,1,V,
59ZZ,10692,2130004,CIRRUS DESIGN CORP,SR22T,SR Series,1,2025,7,NY,1,US,20250703,20250703,20250604,4,1,V,
5AP,0759,2130004,CIRRUS DESIGN CORP,SR22T,SR Series,1,2014,7,MT,S,US,20230122,20140515,20140410,4,1,V,
5CC,1701,2130004,CIRRUS DESIGN CORP,SR22T,SR Series,1,2018,7,NV,4,US,20230512,20210503,20180328,4,1,V,
5CS,0590,2130010,CIRRUS DESIGN CORP,SF50,Vision Jet,1,2024,7,NV,4,US,20250327,20241113,20241022,4,5,V,
5DS,4321,2130001,CIRRUS DESIGN CORP,SR22,SR Series,1,2016,7,FL,7,US,20230401,20201121,20160321,4,1,V,
5DV,2020,2130004,CIRRUS DESIGN CORP,SR22T,SR Series,1,2019,7,FL,7,US,20230325,20230325,20191024,4,1,V,
5EV,0780,2130004,CIRRUS DESIGN CORP,SR22T,SR Series,1,2014,1,NV,4,US,20240613,20140610,20140507,4,1,V,
5GM,10101,2130004,CIRRUS DESIGN CORP,SR22T,SR Series,1,2024,1,TX,2,US,20250602,20250602,20240809,4,1,V,
5JH,0604,2130010,CIRRUS DESIGN CORP,SF50,Vision Jet,1,2024,7,CA,4,US,20241216,20241216,20241126,4,5,V,
5JW,0634,2130010,CIRRUS DESIGN CORP,SF50,Vision Jet,1,2025,7,NY,1,US,20260130,20250313,20250313,4,5,V,
5KB,11376,2130004,CIRRUS DESIGN CORP,SR22T,SR Series,1,2026,8,MN,C,US,20260317,,20260506,4,1,M,
5KM,0458,2130001,CIRRUS DESIGN CORP,SR22,SR Series,1,2003,7,UT,S,US,20230818,20220706,20030223,4,1,V,
5MK,0329,2130001,CIRRUS DESIGN CORP,SR22,SR Series,1,2002,1,TX,2,US,20260618,,20020830,4,1,R,
5MP,1294,2130000,CIRRUS DESIGN CORP,SR20,SR Series,1,2003,7,NC,1,US,20230526,20180725,20030217,4,1,V,
5MW,0077,2130010,CIRRUS DESIGN CORP,SF50,Vision Jet,1,2018,3,UT,S,US,20230718,20190211,20180919,4,5,V,
5PB,5119,2130001,CIRRUS DESIGN CORP,SR22,SR Series,1,2021,3,UT,S,US,20260722,20260722,20211209,4,1,V,
5PR,10913,2130004,CIRRUS DESIGN CORP,SR22T,SR Series,1,2025,7,TX,2,US,20251209,20251209,20250909,4,1,V,
5PV,3469,2130001,CIRRUS DESIGN CORP,SR22,SR Series,1,2010,1,MN,C,US,20260107,,20100114,4,1,R,
5TT,0693,2130004,CIRRUS DESIGN CORP,SR22T,SR Series,1,2014,1,AZ,4,US,20250113,20250113,20140206,4,1,V,
5XN,1975,2130001,CIRRUS DESIGN CORP,SR22,SR Series,1,2006,1,CT,E,US,20230310,20200828,20060526,4,1,V,
5YV,1491,2130004,CIRRUS DESIGN CORP,SR22T,SR Series,1,2017,1,UT,S,US,20230303,20170508,20170201,4,1,V,
60034,0596,2130001,CIRRUS DESIGN CORP,SR22,SR Series,1,2003,3,MT,S,US,20250605,20250605,20030625,4,1,V,
6005C,0597,2130001,CIRRUS DESIGN CORP,SR22,SR Series,1,,7,CO,S,US,20250319,20250319,20030625,4,1,V,
6005L,0563,2130001,CIRRUS DESIGN CORP,SR22,SR Series,1,2003,1,CA,4,US,20230401,20141103,20030530,4,1,V,
600BZ,4606,2130001,CIRRUS DESIGN CORP,SR22,SR Series,1,2018,8,MN,C,US,20260626,20230515,20180222,4,1,V,
600KG,10782,2130001,CIRRUS DESIGN CORP,SR22,SR Series,1,2025,7,DE,1,US,20260626,20250820,20250705,4,1,V,
600KT,3086,2130001,CIRRUS DESIGN CORP,SR22,SR Series,1,,7,SC,7,US,20260618,20260618,20080623,4,1,V,
600LB,1693,2130001,CIRRUS DESIGN CORP,SR22,SR Series,1,2005,3,WY,S,US,20230428,20210317,20091006,4,1,V,
600SK,1495,2130001,CIRRUS DESIGN CORP,SR22,SR Series,1,2005,7,MD,1,US,20230310,20170809,20050622,4,1,V,
6012B,0598,2130001,CIRRUS DESIGN CORP,SR22,SR Series,1,2003,7,,8,DE,20260106,20260106,20030627,4,1,V,
6013U,0603,2130001,CIRRUS DESIGN CORP,SR22,SR Series,1,2003,7,OH,C,US,20230929,20190326,20030701,4,1,V,
6019Q,0637,2130001,CIRRUS DESIGN CORP,SR22,SR Series,1,2003,1,TX,2,US,20260615,20260615,20030730,4,1,V,
6019Z,0599,2130001,CIRRUS DESIGN CORP,SR22,SR Series,1,2003,4,IN,C,US,20230707,20220128,20030626,4,1,V,
601AA,0720,2130010,CIRRUS DESIGN CORP,SF50,Vision Jet,1,2025,7,TX,2,US,20260210,20260210,20251211,4,5,V,
601CR,2131,2130004,CIRRUS DESIGN CORP,SR22T,SR Series,1,2020,7,NV,4,US,20240130,20240130,20200630,4,1,V,
6026K,0605,2130001,CIRRUS DESIGN CORP,SR22,SR Series,1,2003,7,CT,E,US,20251010,20251010,20030702,4,1,V,
602CA,11377,2130004,CIRRUS DESIGN CORP,SR22T,SR Series,1,2026,8,MN,C,US,20260306,,20260502,4,1,M,
602CG,4381,2130001,CIRRUS DESIGN CORP,SR22,SR Series,1,2016,7,DE,1,US,20230902,20160926,20160815,4,1,V,
602PG,1189,2130000,CIRRUS DESIGN CORP,SR20,SR Series,1,2002,3,DE,1,US,20231013,20110317,20020426,4,1,V,
602SA,3295,2130001,CIRRUS DESIGN CORP,SR22,SR Series,1,2008,3,WY,S,US,20260220,20260220,20081002,4,1,V,
602SR,1448,2130000,CIRRUS DESIGN CORP,SR20,SR Series,1,2004,7,NJ,1,US,20230830,20230830,20060718,4,1,V,
602UK,3306,2130001,CIRRUS DESIGN CORP,SR22,SR Series,1,2008,7,CA,4,US,20231102,20231102,20081010,4,1,V,
6030B,0606,2130001,CIRRUS DESIGN CORP,SR22,SR Series,1,2003,1,WA,S,US,20260115,20250320,20030703,4,1,V,
6036Q,0636,2130001,CIRRUS DESIGN CORP,SR22,SR Series,1,2003,7,WY,S,US,20260521,20230518,20030729,4,1,V,
603AP,0057,2130010,CIRRUS DESIGN CORP,SF50,Vision Jet,1,2018,7,CO,S,US,20260101,20260101,20180607,4,5,V,
603CP,3361,2130001,CIRRUS DESIGN CORP,SR22,SR Series,1,2008,7,UT,S,US,20230628,20191022,20081210,4,1,V,
603CR,0438,2130010,CIRRUS DESIGN CORP,SF50,Vision Jet,1,2023,7,TN,3,US,20230517,20230517,20230313,4,5,V,
603DJ,10313,2130001,CIRRUS DESIGN CORP,SR22,SR Series,1,2024,7,NH,E,US,20241204,20241204,20241113,4,1,V,
603DP,1825,2130001,CIRRUS DESIGN CORP,SR22,SR Series,1,2006,3,NM,2,US,20230401,20201109,20060224,4,1,V,
603EF,10295,2130001,CIRRUS DESIGN CORP,SR22,SR Series,1,2024,7,NJ,1,US,20241130,20241130,20241026,4,1,V,
603JA,2464,2130000,CIRRUS DESIGN CORP,SR20,SR Series,1,2018,7,TX,2,US,20260807,20260807,20181112,4,1,V,
603LC,1861,2130004,CIRRUS DESIGN CORP,SR22T,SR Series,1,2019,8,TN,3,US,20230406,20220401,20190124,4,1,V,
603MH,4629,2130001,CIRRUS DESIGN CORP,SR22,SR Series,1,2018,7,TN,3,US,20230707,20220124,20180412,4,1,V,
603SR,2078,2130001,CIRRUS DESIGN CORP,SR22,SR Series,1,2006,7,DE,1,US,20230722,20061004,20060810,4,1,V,
603WW,9040,2130001,CIRRUS DESIGN CORP,SR22,SR Series,1,2023,7,OH,C,US,20240831,20240831,20230121,4,1,V,
6043G,0607,2130001,CIRRUS DESIGN CORP,SR22,SR Series,1,2003,3,MN,C,US,20250625,20250625,20030703,4,1,V,
60454,1373,2130001,CIRRUS DESIGN CORP,SR22,SR Series,1,2005,7,WY,S,US,20260521,20231027,20050325,4,1,V,
604CC,11281,2130000,CIRRUS DESIGN CORP,SR20,SR Series,1,2026,1,HI,4,US,20260618,20260618,20260320,4,1,V,
604HB,1223,2130001,CIRRUS DESIGN CORP,SR22,SR Series,1,2004,7,LA,2,US,20230603,20180806,20041215,4,1,V,
604WM,1260,2130001,CIRRUS DESIGN CORP,SR22,SR Series,1,2005,7,MN,C,US,20240104,20231229,20050105,4,1,V,
6051C,0600,2130001,CIRRUS DESIGN CORP,SR22,SR Series,1,2003,7,,8,DE,20241209,20241209,20030626,4,1,V,
6053S,1328,2130000,CIRRUS DESIGN CORP,SR20,SR Series,1,2003,7,MN,C,US,20230122,20200106,20030518,4,1,V,
6053U,0621,2130001,CIRRUS DESIGN CORP,SR22,SR Series,1,2003,3,CA,4,US,20230721,20220308,20030717,4,1,V,
605CD,1486,2130001,CIRRUS DESIGN CORP,SR22,SR Series,1,2005,7,TX,2,US,20230825,20220802,20050620,4,1,V,
605EZ,1178,2130004,CIRRUS DESIGN CORP,SR22T,SR Series,1,2015,7,ID,S,US,20231007,20200220,20151102,4,1,V,
605FB,9421,2130004,CIRRUS DESIGN CORP,SR22T,SR Series,1,2023,7,UT,S,US,20240124,20240124,20230831,4,1,V,
605HK,11563,2130004,CIRRUS DESIGN CORP,SR22T,SR Series,1,,8,MN,C,US,20260331,,,4,1,M,
605LM,4530,2130001,CIRRUS DESIGN CORP,SR22,SR Series,1,2017,7,NC,1,US,20240723,20240723,20170920,4,1,V,
605MH,1469,2130001,CIRRUS DESIGN CORP,SR22,SR Series,1,2005,1,NJ,1,US,20230421,20080804,20050602,4,1,V,
605PT,1692,2130004,CIRRUS DESIGN CORP,SR22T,SR Series,1,2018,1,NC,1,US,20230505,20210414,20180306,4,1,V,
605RM,4133,2130001,CIRRUS DESIGN CORP,SR22,SR Series,1,2014,7,CA,4,US,20230310,20200810,20141001,4,1,V,
605TF,10217,2130004,CIRRUS DESIGN CORP,SR22T,SR Series,1,2024,7,SD,C,US,20241010,20241010,20240929,4,1,V,
605WK,10994,2130004,CIRRUS DESIGN CORP,SR22T,SR Series,1,2025,7,GA,7,US,20251129,20251129,20251017,4,1,V,
606CT,4852,2130001,CIRRUS DESIGN CORP,SR22,SR Series,1,2019,7,MA,E,US,20251008,20250115,20191104,4,1,V,
606KH,4418,2130001,CIRRUS DESIGN CORP,SR22,SR Series,1,2016,7,AL,7,US,20230706,20230706,20161128,4,1,V,
606MF,3799,2130001,CIRRUS DESIGN CORP,SR22,SR Series,1,,1,SC,7,US,20260212,,20111013,4,1,R,
606SR,2478,2130001,CIRRUS DESIGN CORP,SR22,SR Series,1,2007,7,DE,1,US,20260807,20251124,20070504,4,1,V,
606TH,0178,2130010,CIRRUS DESIGN CORP,SF50,Vision Jet,1,2020,3,KY,3,US,20251028,20250506,20200127,4,5,V,
6071B,0566,2130001,CIRRUS DESIGN CORP,SR22,SR Series,1,2003,1,MS,2,US,20230728,20130430,20030606,4,1,V,
607PC,1624,2130001,CIRRUS DESIGN CORP,SR22,SR Series,1,2005,1,NY,1,US,20230122,20200630,20051005,4,1,V,
607SA,9104,2130000,CIRRUS DESIGN CORP,SR20,SR Series,1,2023,7,WY,S,US,20260228,20260228,20230228,4,1,V,
607TL,9853,2130004,CIRRUS DESIGN CORP,SR22T,SR Series,1,2024,3,OH,C,US,20240524,20240524,20240331,4,1,V,
607WM,9777,2130000,CIRRUS DESIGN CORP,SR20,SR Series,1,2024,5,MI,C,US,20240422,20240422,20240307,4,1,V,
608AE,0611,2130001,CIRRUS DESIGN CORP,SR22,SR Series,1,2003,7,TX,2,US,20240327,20120121,20030709,4,1,V,
608BR,1512,2130000,CIRRUS DESIGN CORP,SR20,SR Series,1,2005,7,CT,E,US,20230722,20220321,20050413,4,1,V,
608CA,11107,2130004,CIRRUS DESIGN CORP,SR22T,SR Series,1,2026,7,TX,2,US,20260428,20260428,20260107,4,1,V,
608CD,2076,2130001,CIRRUS DESIGN CORP,SR22,SR Series,1,2006,4,AR,2,US,20230501,20230327,20060804,4,1,V,
608JS,11144,2130004,CIRRUS DESIGN CORP,SR22T,SR Series,1,2026,7,TX,2,US,20260408,20260408,20260118,4,1,V,
608SR,2520,2130001,CIRRUS DESIGN CORP,SR22,SR Series,1,2007,1,OR,S,US,20250320,20250320,20070523,4,1,V,
6099Z,0625,2130001,CIRRUS DESIGN CORP,SR22,SR Series,1,,3,DE,1,US,20230526,20210708,,4,1,V,
609AE,0609,2130001,CIRRUS DESIGN CORP,SR22,SR Series,1,2003,1,CA,4,US,20230825,20160803,20030708,4,1,V,
609AY,0920,2130004,CIRRUS DESIGN CORP,SR22T,SR Series,1,2022,3,WY,S,US,20240515,20240515,20240517,4,1,V,
609C,0440,2130001,CIRRUS DESIGN CORP,SR22,SR Series,1,2003,2,WI,C,US,20241010,20200928,20030106,4,1,V,
609CD,0948,2130001,CIRRUS DESIGN CORP,SR22,SR Series,1,2004,7,AL,7,US,20230915,20161104,20040525,4,1,V,
609CT,1721,2130000,CIRRUS DESIGN CORP,SR20,SR Series,1,2006,1,MD,1,US,20250825,20230327,20060821,4,1,V,
609D,10609,2130001,CIRRUS DESIGN CORP,SR22,SR Series,1,2025,7,NY,1,US,20250823,20250823,20250409,4,1,V,
609DA,1844,2130000,CIRRUS DESIGN CORP,SR20,SR Series,1,2007,3,FL,7,US,20230922,20161221,20070827,4,1,V,
609KG,1731,2130001,CIRRUS DESIGN CORP,SR22,SR Series,1,2005,7,DE,1,US,20230122,20060210,20051213,4,1,V,
609M,0824,2130010,CIRRUS DESIGN CORP,SF50,Vision Jet,1,,8,MN,C,US,20260520,,,4,5,M,
609MR,4654,2130001,CIRRUS DESIGN CORP,SR22,SR Series,1,2018,7,OK,2,US,20230728,20220427,20180621,4,1,V,
609SA,9114,2130000,CIRRUS DESIGN CORP,SR20,SR Series,1,2023,7,TX,2,US,20241125,20230520,20230307,4,1,V,
609W,0830,2130010,CIRRUS DESIGN CORP,SF50,Vision Jet,1,,8,MN,C,US,20260630,,,4,5,M,
60CF,10153,2130001,CIRRUS DESIGN CORP,SR22,SR Series,1,2024,7,NC,1,US,20240920,20240920,20240820,4,1,V,
60DN,10798,2130004,CIRRUS DESIGN CORP,SR22T,SR Series,1,2025,3,IN,C,US,20250820,20250820,20250715,4,1,V,
60HS,8642,2130004,CIRRUS DESIGN CORP,SR22T,SR Series,1,2022,3,NH,E,US,20230922,20221201,20220517,4,1,V,
60JH,0529,2130004,CIRRUS DESIGN CORP,SR22T,SR Series,1,2013,7,NC,1,US,20230930,20170105,20130606,4,1,V,
60PZ,1275,2130004,CIRRUS DESIGN CORP,SR22T,SR Series,1,2016,7,WY,S,US,20250313,20250313,20160315,4,1,V,
60UH,3784,2130001,CIRRUS DESIGN CORP,SR22,SR Series,1,2011,7,LA,2,US,20240326,20240326,20110817,4,1,V,
6103Y,0634,2130001,CIRRUS DESIGN CORP,SR22,SR Series,1,2003,7,,8,DE,20230512,20210527,20030804,4,1,V,
6105X,0618,2130001,CIRRUS DESIGN CORP,SR22,SR Series,1,2003,1,PA,1,US,20250520,20250520,20030711,4,1,V,
6106C,0601,2130001,CIRRUS DESIGN CORP,SR22,SR Series,1,2003,7,FL,7,US,20230512,20180510,20030630,4,1,V,
6107Q,0633,2130001,CIRRUS DESIGN CORP,SR22,SR Series,1,2003,7,TX,2,US,20230728,20090108,20030725,4,1,V,
610CD,4759,2130001,CIRRUS DESIGN CORP,SR22,SR Series,1,2019,7,DE,1,US,20240326,20240326,20190228,4,1,V,
610CF,2278,2130004,CIRRUS DESIGN CORP,SR22T,SR Series,1,2021,7,TX,2,US,20230512,20210521,20210304,4,1,V,
610GB,0444,2130004,CIRRUS DESIGN CORP,SR22T,SR Series,1,2013,7,MN,C,US,20250515,20170413,20130219,4,1,V,
610PP,11028,2130004,CIRRUS DESIGN CORP,SR22T,SR Series,1,2025,7,PA,1,US,20260313,20260117,20251109,4,1,V,
6116N,8843,2130004,CIRRUS DESIGN CORP,SR22T,SR Series,1,2022,2,AL,7,US,20260602,20260602,20220924,4,1,V,
611AW,11020,2130004,CIRRUS DESIGN CORP,SR22T,SR Series,1,2025,7,NY,1,US,20260108,20260108,20251107,4,1,V,
611CD,1599,2130001,CIRRUS DESIGN CORP,SR22,SR Series,1,2005,7,FL,7,US,20250612,20250612,20050907,4,1,V,
611CT,2911,2130001,CIRRUS DESIGN CORP,SR22,SR Series,1,2008,1,TX,2,US,20230809,20230718,20080114,4,1,V,
611DA,1848,2130000,CIRRUS DESIGN CORP,SR20,SR Series,1,2007,3,FL,7,US,20230922,20161221,20070921,4,1,V,
611ES,3053,2130001,CIRRUS DESIGN CORP,SR22,SR Series,1,2008,7,PA,1,US,20230707,20081229,20080728,4,1,V,
611KG,1551,2130001,CIRRUS DESIGN CORP,SR22,SR Series,1,2005,7,NY,1,US,20230526,20210708,20050804,4,1,V,
611RA,0914,2130004,CIRRUS DESIGN CORP,SR22T,SR Series,1,2014,7,AZ,4,US,20230805,20230805,20141031,4,1,V,
611RM,1133,2130001,CIRRUS DESIGN CORP,SR22,SR Series,1,2004,3,TN,3,US,20230623,20041103,20041023,4,1,V,
611RP,1498,2130004,CIRRUS DESIGN CORP,SR22T,SR Series,1,2017,3,IN,C,US,20230122,20170307,20170214,4,1,V,
611RT,2523,2130001,CIRRUS DESIGN CORP,SR22,SR Series,1,2007,1,KY,3,US,20230310,20110801,20070522,4,1,V,
611VA,2690,2130000,CIRRUS DESIGN CORP,SR20,SR Series,1,2021,2,KS,3,US,20241002,20241002,20210224,4,1,V,
611VR,0924,2130001,CIRRUS DESIGN CORP,SR22,SR Series,1,2004,1,CA,4,US,20230707,20190108,20040510,4,1,V,
611WB,9006,2130001,CIRRUS DESIGN CORP,SR22,SR Series,1,2022,7,IN,C,US,20230330,20230330,20221223,4,1,V,
611WM,9778,2130000,CIRRUS DESIGN CORP,SR20,SR Series,1,2024,5,MI,C,US,20240422,20240422,20240216,4,1,V,
6121X,1082,2130004,CIRRUS DESIGN CORP,SR22T,SR Series,1,2015,3,CA,4,US,20230603,20150806,20150714,4,1,V,
612CB,0633,2130010,CIRRUS DESIGN CORP,SF50,Vision Jet,1,2025,7,NC,1,US,20250327,20250327,20250312,4,5,V,
612CD,1591,2130000,CIRRUS DESIGN CORP,SR20,SR Series,1,,7,CO,S,US,20240404,20240403,20051110,4,1,V,
612CT,3062,2130001,CIRRUS DESIGN CORP,SR22,SR Series,1,2008,7,IA,3,US,20230414,20210120,20080612,4,1,V,
612DA,1849,2130000,CIRRUS DESIGN CORP,SR20,SR Series,1,2007,7,FL,7,US,20260730,20260702,20070921,4,1,V,
612EC,0190,2130010,CIRRUS DESIGN CORP,SF50,Vision Jet,1,2020,7,WI,C,US,20231219,20231219,20200319,4,5,V,
612EZ,4734,2130001,CIRRUS DESIGN CORP,SR22,SR Series,1,2018,3,DE,1,US,20250122,20190219,20181217,4,1,V,
612JJ,10508,2130004,CIRRUS DESIGN CORP,SR22T,SR Series,1,2025,7,DE,1,US,20250327,20250327,20250302,4,1,V,
612JM,3692,2130001,CIRRUS DESIGN CORP,SR22,SR Series,1,2010,7,IN,C,US,20231020,20110404,20101221,4,1,V,
612JW,0020,2130010,CIRRUS DESIGN CORP,SF50,Vision Jet,1,2017,3,MT,S,US,20230809,20201005,20170928,4,5,V,
612LT,0840,2130010,CIRRUS DESIGN CORP,SF50,Vision Jet,1,,8,MN,C,US,20260810,,,4,5,M,
612M,11666,2130004,CIRRUS DESIGN CORP,SR22T,SR Series,1,,8,MN,C,US,20260811,,,4,1,M,
612MT,1058,2130004,CIRRUS DESIGN CORP,SR22T,SR Series,1,2015,1,PR,7,RQ,20240504,20240504,20150528,4,1,V,
612PB,3156,2130001,CIRRUS DESIGN CORP,SR22,SR Series,1,,1,TX,2,US,20230902,20190920,,4,1,V,
612RC,0810,2130004,CIRRUS DESIGN CORP,SR22T,SR Series,1,2014,7,OH,C,US,20230811,20190626,20140708,4,1,V,
612SS,11009,2130004,CIRRUS DESIGN CORP,SR22T,SR Series,1,2025,7,TX,2,US,20251210,20251210,20251031,4,1,V,
612TH,10473,2130004,CIRRUS DESIGN CORP,SR22T,SR Series,1,2025,7,DE,1,US,20250929,20250307,20250208,4,1,V,
612W,10008,2130001,CIRRUS DESIGN CORP,SR22,SR Series,1,2024,7,TX,2,US,20251027,20240706,20240619,4,1,V,
612XC,4023,2130001,CIRRUS DESIGN CORP,SR22,SR Series,1,2013,7,MN,C,US,20240208,20230319,20131209,4,1,V,
612ZM,0527,2130010,CIRRUS DESIGN CORP,SF50,Vision Jet,1,2024,7,IL,C,US,20240306,20240306,20240213,4,5,V,
6133P,0639,2130001,CIRRUS DESIGN CORP,SR22,SR Series,1,2003,7,KY,3,US,20230310,20110822,20030730,4,1,V,
613BC,0421,2130004,CIRRUS DESIGN CORP,SR22T,SR Series,1,2012,7,CA,4,US,20230126,20230126,20121203,4,1,V,
613BZ,8688,2130000,CIRRUS DESIGN CORP,SR20,SR Series,1,2022,4,MO,3,US,20250820,20250820,20220625,4,1,V,
613C,11436,2130001,CIRRUS DESIGN CORP,SR22,SR Series,1,,8,MN,C,US,20260311,,,4,1,M,
613DA,1851,2130000,CIRRUS DESIGN CORP,SR20,SR Series,1,2007,3,FL,7,US,20230922,20161221,20070920,4,1,V,
613EL,10666,2130000,CIRRUS DESIGN CORP,SR20,SR Series,1,2025,7,WI,C,US,20250712,20250712,20250508,4,1,V,
613HK,0597,2130010,CIRRUS DESIGN CORP,SF50,Vision Jet,1,2024,7,LA,2,US,20260807,20260807,20241113,4,5,V,
613HT,9151,2130004,CIRRUS DESIGN CORP,SR22T,SR Series,1,2023,4,MO,3,US,20251222,20251222,20230324,4,1,V,
613MK,4400,2130001,CIRRUS DESIGN CORP,SR22,SR Series,1,2016,7,NY,1,US,20230324,20201016,20161012,4,1,V,
613MM,1497,2130001,CIRRUS DESIGN CORP,SR22,SR Series,1,2005,7,VA,1,US,20230505,20180403,20050624,4,1,V,
613RS,10025,2130004,CIRRUS DESIGN CORP,SR22T,SR Series,1,2024,7,TN,3,US,20240715,20240715,20240626,4,1,V,
613ST,11573,2130004,CIRRUS DESIGN CORP,SR22T,SR Series,1,,8,MN,C,US,20260602,,,4,1,M,
613VJ,11034,2130004,CIRRUS DESIGN CORP,SR22T,SR Series,1,2025,7,MS,2,US,20260630,20260630,20251022,4,1,V,
613W,2326,2130000,CIRRUS DESIGN CORP,SR20,SR Series,1,2016,7,AZ,4,US,20240711,20240711,20160823,4,1,V,
613WT,11640,2130004,CIRRUS DESIGN CORP,SR22T,SR Series,1,,8,MN,C,US,20260706,,,4,1,M,
613X,2055,2130004,CIRRUS DESIGN CORP,SR22T,SR Series,1,2020,7,GA,7,US,20230324,20230324,20200122,4,1,V,
613YR,0700,2130010,CIRRUS DESIGN CORP,SF50,Vision Jet,1,2025,7,OH,C,US,20260117,20260117,20251020,4,5,V,
614C,0411,2130001,CIRRUS DESIGN CORP,SR22,SR Series,1,2002,1,IN,C,US,20260515,,20021207,4,1,R,
614CF,9876,2130000,CIRRUS DESIGN CORP,SR20,SR Series,1,2024,7,OH,C,US,20240610,20240610,20240425,4,1,V,
614CT,9988,2130004,CIRRUS DESIGN CORP,SR22T,SR Series,1,2024,1,OR,S,US,20251217,20251217,20240602,4,1,V,
614CY,1050,2130001,CIRRUS DESIGN CORP,SR22,SR Series,1,2004,7,IA,3,US,20230925,20040921,20040824,4,1,V,
614EA,9591,2130001,CIRRUS DESIGN CORP,SR22,SR Series,1,2023,4,IN,C,US,20251221,20251221,20231203,4,1,V,
614KC,0913,2130004,CIRRUS DESIGN CORP,SR22T,SR Series,1,2014,7,LA,2,US,20240821,20240821,20141201,4,1,V,
614KK,9957,2130004,CIRRUS DESIGN CORP,SR22T,SR Series,1,2024,7,NC,1,US,20240828,20240718,20240531,4,1,V,
614PA,1981,2130001,CIRRUS DESIGN CORP,SR22,SR Series,1,,7,MS,2,US,20260518,20240124,20060530,4,1,V,
614PC,1011,2130004,CIRRUS DESIGN CORP,SR22T,SR Series,1,2015,3,IA,3,US,20230927,20230920,20150331,4,1,V,
614RC,0249,2130001,CIRRUS DESIGN CORP,SR22,SR Series,1,2002,1,MA,E,US,20230603,20120808,20020614,4,1,V,
614RZ,0897,2130001,CIRRUS DESIGN CORP,SR22,SR Series,1,2004,1,NY,1,US,20230304,20080605,20040421,4,1,V,
614SR,2166,2130001,CIRRUS DESIGN CORP,SR22,SR Series,1,2006,3,OR,S,US,20230621,20230621,20060929,4,1,V,
6154W,0632,2130001,CIRRUS DESIGN CORP,SR22,SR Series,1,2003,7,TX,2,US,20230929,20040323,20030726,4,1,V,
615AC,10930,2130004,CIRRUS DESIGN CORP,SR22T,SR Series,1,2025,7,DE,1,US,20251027,20251027,20250918,4,1,V,
615BB,1682,2130001,CIRRUS DESIGN CORP,SR22,SR Series,1,2005,7,OH,C,US,20230428,20210302,20051114,4,1,V,
615BT,8823,2130004,CIRRUS DESIGN CORP,SR22T,SR Series,1,2022,7,CA,4,US,20230221,20230221,20220915,4,1,V,
615CM,2010,2130001,CIRRUS DESIGN CORP,SR22,SR Series,1,2006,7,CA,4,US,20251007,20251007,20060619,4,1,V,
615DA,1853,2130000,CIRRUS DESIGN CORP,SR20,SR Series,1,2007,7,MD,1,US,20230505,20180424,20070924,4,1,V,
615DW,8899,2130004,CIRRUS DESIGN CORP,SR22T,SR Series,1,2022,7,TN,3,US,20230922,20221202,20221031,4,1,V,
615EM,3682,2130001,CIRRUS DESIGN CORP,SR22,SR Series,1,2010,7,NY,1,US,20230414,20180111,20180116,4,1,V,
615HB,10842,2130004,CIRRUS DESIGN CORP,SR22T,SR Series,1,2025,7,TN,3,US,20250922,20250922,20250809,4,1,V,
615JP,2401,2130001,CIRRUS DESIGN CORP,SR22,SR Series,1,2007,7,TX,2,US,20230414,20180116,20160527,4,1,V,
615K,11256,2130004,CIRRUS DESIGN CORP,SR22T,SR Series,1,2026,7,TN,3,US,20260629,20260522,20260310,4,1,V,
615LM,0412,2130001,CIRRUS DESIGN CORP,SR22,SR Series,1,2002,3,NE,3,US,20230804,20160519,20021208,4,1,V,
615LT,2459,2130004,CIRRUS DESIGN CORP,SR22T,SR Series,1,2021,7,NM,2,US,20260402,20260402,20211203,4,1,V,
615MB,4029,2130001,CIRRUS DESIGN CORP,SR22,SR Series,1,2013,7,MT,S,US,20250117,20250117,20131223,4,1,V,
615PW,1157,2130001,CIRRUS DESIGN CORP,SR22,SR Series,1,2004,7,TX,2,US,20230707,20041229,20041103,4,1,V,
615SM,1711,2130004,CIRRUS DESIGN CORP,SR22T,SR Series,1,2018,7,TX,2,US,20230718,20220228,20180425,4,1,V,
615TD,1343,2130000,CIRRUS DESIGN CORP,SR20,SR Series,1,2003,7,MT,S,US,20230922,20221201,20160414,4,1,V,
615TM,2435,2130004,CIRRUS DESIGN CORP,SR22T,SR Series,1,2021,7,CA,4,US,20230825,20220820,20211117,4,1,V,
615TN,10202,2130004,CIRRUS DESIGN CORP,SR22T,SR Series,1,2024,1,TN,3,US,20241007,20241007,20240918,4,1,V,
6162C,0619,2130001,CIRRUS DESIGN CORP,SR22,SR Series,1,2003,1,ND,C,US,20260810,20260810,20030715,4,1,V,
6162X,1371,2130001,CIRRUS DESIGN CORP,SR22,SR Series,1,2005,7,NE,3,US,20231013,20050418,20050325,4,1,V,
616AS,1428,2130001,CIRRUS DESIGN CORP,SR22,SR Series,1,2005,4,MI,C,US,20230825,20220818,20050503,4,1,V,
616AT,11008,2130004,CIRRUS DESIGN CORP,SR22T,SR Series,1,2025,3,TX,2,US,20251209,20251209,20251019,4,1,V,
616BP,1602,2130004,CIRRUS DESIGN CORP,SR22T,SR Series,1,2017,7,AL,7,US,20250513,20171207,20170913,4,1,V,
616CW,1620,2130001,CIRRUS DESIGN CORP,SR22,SR Series,1,2005,7,KY,3,US,20231020,20200410,20050929,4,1,V,
616DA,1854,2130000,CIRRUS DESIGN CORP,SR20,SR Series,1,2007,7,FL,7,US,20230122,20200102,20070924,4,1,V,
616DP,0055,2130010,CIRRUS DESIGN CORP,SF50,Vision Jet,1,2018,7,FL,7,US,20230825,20190828,20180531,4,5,V,
616JN,3770,2130001,CIRRUS DESIGN CORP,SR22,SR Series,1,2011,7,OH,C,US,20241126,20220125,20110629,4,1,V,
616MB,3493,2130001,CIRRUS DESIGN CORP,SR22,SR Series,1,2009,7,TX,2,US,20230526,20091008,20090813,4,1,V,
616RJ,8964,2130001,CIRRUS DESIGN CORP,SR22,SR Series,1,2022,7,DE,1,US,20230521,20230521,20221207,4,1,V,
616SG,0746,2130004,CIRRUS DESIGN CORP,SR22T,SR Series,1,2014,3,WI,C,US,20230915,20161103,20140326,4,1,V,
616SJ,11099,2130004,CIRRUS DESIGN CORP,SR22T,SR Series,1,2025,1,,,,20260207,20260207,20251209,4,1,V,
616SP,9753,2130001,CIRRUS DESIGN CORP,SR22,SR Series,1,2023,2,SC,7,US,20260107,20260107,20231116,4,1,V,
616TS,0429,2130010,CIRRUS DESIGN CORP,SF50,Vision Jet,1,2023,3,DE,1,US,20230407,20230407,20230302,4,5,V,
616VJ,9860,2130000,CIRRUS DESIGN CORP,SR20,SR Series,1,2024,7,MI,C,US,20240522,20240522,20240410,4,1,V,
616X,8817,2130000,CIRRUS DESIGN CORP,SR20,SR Series,1,2022,7,DE,1,US,20260802,20260802,20220916,4,1,V,
616Y,11689,2130001,CIRRUS DESIGN CORP,SR22,SR Series,1,,8,MN,C,US,20260805,,,4,1,M,
616ZW,5141,2130001,CIRRUS DESIGN CORP,SR22,SR Series,1,2022,7,FL,7,US,20230728,20220421,20220103,4,1,V,
6171Z,0635,2130001,CIRRUS DESIGN CORP,SR22,SR Series,1,2003,7,TN,3,US,20250909,20250909,20030728,4,1,V,
617CP,3363,2130001,CIRRUS DESIGN CORP,SR22,SR Series,1,,1,IL,C,US,20230722,20190313,20081216,4,1,V,
617DA,1867,2130000,CIRRUS DESIGN CORP,SR20,SR Series,1,2007,7,UT,S,US,20260628,20260628,20071017,4,1,V,
617DT,4193,2130001,CIRRUS DESIGN CORP,SR22,SR Series,1,2015,7,FL,7,US,20230818,20220707,20150421,4,1,V,
617EL,10495,2130000,CIRRUS DESIGN CORP,SR20,SR Series,1,2025,7,MA,E,US,20250402,20250402,20250210,4,1,V,
617JJ,3482,2130001,CIRRUS DESIGN CORP,SR22,SR Series,1,2009,7,FL,7,US,20230616,20211028,20210323,4,1,V,
617KH,8837,2130004,CIRRUS DESIGN CORP,SR22T,SR Series,1,2022,3,DE,1,US,20250814,20250814,20220930,4,1,V,
617MH,0015,2130010,CIRRUS DESIGN CORP,SF50,Vision Jet,1,2017,7,FL,7,US,20230208,20230208,20170815,4,5,V,
617PC,0158,2130004,CIRRUS DESIGN CORP,SR22T,SR Series,1,2011,4,MN,C,US,20240819,20240819,20110608,4,1,V,
617TH,4876,2130001,CIRRUS DESIGN CORP,SR22,SR Series,1,2020,1,NC,1,US,20260406,20251017,20200121,4,1,V,
617VA,1237,2130004,CIRRUS DESIGN CORP,SR22T,SR Series,1,2016,7,OR,S,US,20230407,20171201,20160128,4,1,V,
6188X,0629,2130001,CIRRUS DESIGN CORP,SR22,SR Series,1,,4,CA,4,US,20230420,20230420,20030722,4,1,V,
618AB,3649,2130001,CIRRUS DESIGN CORP,SR22,SR Series,1,2010,3,DE,1,US,20230304,20170724,20100520,4,1,V,
618AJ,4327,2130001,CIRRUS DESIGN CORP,SR22,SR Series,1,2016,7,NY,1,US,20230414,20180116,20160405,4,1,V,
618AL,4064,2130001,CIRRUS DESIGN CORP,SR22,SR Series,1,2014,7,DE,1,US,20230301,20230301,20140320,4,1,V,
618JA,4595,2130001,CIRRUS DESIGN CORP,SR22,SR Series,1,,7,MI,C,US,20260418,20260418,20180108,4,1,V,
618JL,8502,2130001,CIRRUS DESIGN CORP,SR22,SR Series,1,2022,7,CA,4,US,20250320,20220730,20220127,4,1,V,
618JP,9264,2130001,CIRRUS DESIGN CORP,SR22,SR Series,1,2023,7,FL,7,US,20230822,20230804,20230530,4,1,V,
618JR,2976,2130001,CIRRUS DESIGN CORP,SR22,SR Series,1,2008,4,,,,20230728,20220421,20080320,4,1,V,
618MB,1148,2130001,CIRRUS DESIGN CORP,SR22,SR Series,1,2004,3,NY,1,US,20230922,20131213,20041102,4,1,V,
618MM,2549,2130000,CIRRUS DESIGN CORP,SR20,SR Series,1,2020,7,CO,S,US,20230222,20230222,20200311,4,1,V,
618SH,11653,2130004,CIRRUS DESIGN CORP,SR22T,SR Series,1,,8,MN,C,US,20260717,,,4,1,M,
618SL,10162,2130004,CIRRUS DESIGN CORP,SR22T,SR Series,1,2024,8,MN,C,US,20260425,20260425,20240921,4,1,V,
618VA,2904,2130001,CIRRUS DESIGN CORP,SR22,SR Series,1,2008,1,CA,4,US,20230610,20210902,20080109,4,1,V,
618VJ,0578,2130010,CIRRUS DESIGN CORP,SF50,Vision Jet,1,2024,7,IL,C,US,20240923,20240923,20240910,4,5,V,
6190L,10768,2130001,CIRRUS DESIGN CORP,SR22,SR Series,1,2025,7,NC,1,US,20250806,20250806,20250625,4,1,V,
619AL,1742,2130001,CIRRUS DESIGN CORP,SR22,SR Series,1,2006,7,ND,C,US,20230804,20060118,20060103,4,1,V,
619AP,0651,2130010,CIRRUS DESIGN CORP,SF50,Vision Jet,1,2025,7,VA,1,US,20260706,20250711,20250508,4,5,V,
619AV,10884,2130000,CIRRUS DESIGN CORP,SR20,SR Series,1,2025,7,AZ,4,US,20251003,20251003,20250822,4,1,V,
619AW,11242,2130001,CIRRUS DESIGN CORP,SR22,SR Series,1,2026,7,NY,1,US,20260607,20260607,20260314,4,1,V,
619BP,1313,2130000,CIRRUS DESIGN CORP,SR20,SR Series,1,2003,1,KY,3,US,20240925,20240925,20030405,4,1,V,
619CD,1672,2130001,CIRRUS DESIGN CORP,SR22,SR Series,1,2005,7,MO,3,US,20260604,20180423,20051104,4,1,V,
619GK,0209,2130010,CIRRUS DESIGN CORP,SF50,Vision Jet,1,2020,7,MI,C,US,20250301,20250301,20200706,4,5,V,
619JE,2119,2130000,CIRRUS DESIGN CORP,SR20,SR Series,1,2011,7,VA,1,US,20250116,20220420,20111103,4,1,V,
619KG,8974,2130004,CIRRUS DESIGN CORP,SR22T,SR Series,1,2022,7,AL,7,US,20251017,20251017,20221210,4,1,V,
619MC,1066,2130004,CIRRUS DESIGN CORP,SR22T,SR Series,1,2015,7,CA,4,US,20230825,20190814,20150622,4,1,V,
619MJ,9494,2130004,CIRRUS DESIGN CORP,SR22T,SR Series,1,2023,7,MI,C,US,20231125,20231125,20231018,4,1,V,
619MT,1119,2130004,CIRRUS DESIGN CORP,SR22T,SR Series,1,2015,7,UT,S,US,20230421,20210223,20150826,4,1,V,
619PM,2661,2130001,CIRRUS DESIGN CORP,SR22,SR Series,1,2007,7,FL,7,US,20230804,20220502,20070822,4,1,V,
619PS,1502,2130004,CIRRUS DESIGN CORP,SR22T,SR Series,1,2017,7,CA,4,US,20251202,20201217,20170302,4,1,V,
619RL,1528,2130001,CIRRUS DESIGN CORP,SR22,SR Series,1,2005,7,MA,E,US,20230718,20190207,20050726,4,1,V,
619SM,9174,2130004,CIRRUS DESIGN CORP,SR22T,SR Series,1,2023,7,AR,2,US,20230624,20230624,20230405,4,1,V,
619SS,1976,2130000,CIRRUS DESIGN CORP,SR20,SR Series,1,2008,1,AL,7,US,20230324,20201024,20080429,4,1,V,
619TP,1483,2130004,CIRRUS DESIGN CORP,SR22T,SR Series,1,2017,7,WI,C,US,20241022,20241022,20170113,4,1,V,
619TX,1459,2130004,CIRRUS DESIGN CORP,SR22T,SR Series,1,2016,7,WI,C,US,20230922,20161222,20161122,4,1,V,
619WM,1447,2130001,CIRRUS DESIGN CORP,SR22,SR Series,1,2005,7,IL,C,US,20230722,20130305,20050520,4,1,V,
61CB,1809,2130004,CIRRUS DESIGN CORP,SR22T,SR Series,1,2018,3,MO,3,US,20230722,20220323,20181022,4,1,V,
61CD,1616,2130000,CIRRUS DESIGN CORP,SR20,SR Series,1,2006,1,AZ,4,US,20230915,20221103,20060214,4,1,V,
61CP,4503,2130001,CIRRUS DESIGN CORP,SR22,SR Series,1,2017,7,DE,1,US,20230802,20230613,20170627,4,1,V,
61CZ,1106,2130004,CIRRUS DESIGN CORP,SR22T,SR Series,1,2015,7,CA,4,US,20230310,20170828,20150812,4,1,V,
61EW,1302,2130000,CIRRUS DESIGN CORP,SR20,SR Series,1,2003,1,NJ,1,US,20230122,20030505,20030321,4,1,V,
61FA,0739,2130004,CIRRUS DESIGN CORP,SR22T,SR Series,1,,7,DE,1,US,20260716,20260716,20140407,4,1,V,
61GE,3229,2130001,CIRRUS DESIGN CORP,SR22,SR Series,1,,7,CO,S,US,20230701,20211201,20080827,4,1,V,
61GT,3824,2130001,CIRRUS DESIGN CORP,SR22,SR Series,1,,1,IA,3,US,20231110,20231110,20111216,4,1,V,
61HW,0469,2130010,CIRRUS DESIGN CORP,SF50,Vision Jet,1,2023,7,CA,4,US,20260402,20230822,20230630,4,5,V,
61JM,4251,2130001,CIRRUS DESIGN CORP,SR22,SR Series,1,,7,FL,7,US,20230304,20200723,,4,1,V,
61JS,3882,2130001,CIRRUS DESIGN CORP,SR22,SR Series,1,2012,7,SC,7,US,20230302,20210512,20201019,4,1,V,
61KR,10113,2130004,CIRRUS DESIGN CORP,SR22T,SR Series,1,2024,7,MT,S,US,20240917,20240917,20240803,4,1,V,
61SA,0677,2130001,CIRRUS DESIGN CORP,SR22,SR Series,1,,7,NY,1,US,20241209,20241209,20030916,4,1,V,
61T,0259,2130010,CIRRUS DESIGN CORP,SF50,Vision Jet,1,2021,7,TX,2,US,20230526,20210714,20210416,4,5,V,
61TZ,10878,2130004,CIRRUS DESIGN CORP,SR22T,SR Series,1,2025,7,NV,4,US,20251115,20251115,20250924,4,1,V,
61VU,10811,2130000,CIRRUS DESIGN CORP,SR20,SR Series,1,2025,7,TX,2,US,20251116,20251116,20250803,4,1,V,
61WE,9261,2130004,CIRRUS DESIGN CORP,SR22T,SR Series,1,2023,7,DE,1,US,20230809,20230804,20230531,4,1,V,
61WP,10615,2130004,CIRRUS DESIGN CORP,SR22T,SR Series,1,2025,7,WI,C,US,20250611,20250611,20250427,4,1,V,
61ZP,3411,2130001,CIRRUS DESIGN CORP,SR22,SR Series,1,2009,3,OK,2,US,20230901,20120831,20090527,4,1,V,
620AA,2118,2130004,CIRRUS DESIGN CORP,SR22T,SR Series,1,2020,1,SD,C,US,20260311,20260311,20200601,4,1,V,
620AB,11484,2130004,CIRRUS DESIGN CORP,SR22T,SR Series,1,,8,MN,C,US,20260416,,,4,1,M,
620AT,10687,2130004,CIRRUS DESIGN CORP,SR22T,SR Series,1,2025,7,CA,4,US,20250710,20250710,20250606,4,1,V,
620DA,1885,2130000,CIRRUS DESIGN CORP,SR20,SR Series,1,2007,7,MI,C,US,20230902,20190913,20071126,4,1,V,
620DF,1117,2130001,CIRRUS DESIGN CORP,SR22,SR Series,1,2004,7,FL,7,US,20241218,20241218,20041015,4,1,V,
620EC,3620,2130001,CIRRUS DESIGN CORP,SR22,SR Series,1,2010,7,OR,S,US,20230616,20211005,20100310,4,1,V,
620HA,2351,2130004,CIRRUS DESIGN CORP,SR22T,SR Series,1,2021,3,DE,1,US,20260327,20260327,20210701,4,1,V,
620MV,4154,2130001,CIRRUS DESIGN CORP,SR22,SR Series,1,2014,7,AR,2,US,20250826,20201218,20141208,4,1,V,
620RJ,2014,2130004,CIRRUS DESIGN CORP,SR22T,SR Series,1,2019,8,CA,4,US,20230518,20230518,20191029,4,1,V,
620TD,10759,2130001,CIRRUS DESIGN CORP,SR22,SR Series,1,2025,7,NH,E,US,20260112,20260112,20250628,4,1,V,
620WM,9779,2130000,CIRRUS DESIGN CORP,SR20,SR Series,1,2024,5,MI,C,US,20240523,20240523,20240331,4,1,V,
6212C,0240,2130001,CIRRUS DESIGN CORP,SR22,SR Series,1,,7,IN,C,US,20230428,20210313,20020614,4,1,V,
621AR,10679,2130001,CIRRUS DESIGN CORP,SR22,SR Series,1,2025,4,TX,2,US,20260127,20260127,20250603,4,1,V,
621CF,3621,2130001,CIRRUS DESIGN CORP,SR22,SR Series,1,2010,1,IL,C,US,20230623,20151119,20100225,4,1,V,
621DG,1897,2130004,CIRRUS DESIGN CORP,SR22T,SR Series,1,2019,7,TX,2,US,20250314,20220721,20190403,4,1,V,
621ER,8683,2130004,CIRRUS DESIGN CORP,SR22T,SR Series,1,2022,7,FL,7,US,20250107,20240819,20220615,4,1,V,
621FW,2594,2130001,CIRRUS DESIGN CORP,SR22,SR Series,1,2007,3,OH,C,US,20250203,20140409,20070711,4,1,V,
621GB,2021,2130000,CIRRUS DESIGN CORP,SR20,SR Series,1,2009,8,TN,3,US,20250321,20220131,20090722,4,1,V,
621GG,9062,2130004,CIRRUS DESIGN CORP,SR22T,SR Series,1,2023,1,NY,1,US,20230807,20230807,20230217,4,1,V,
621JC,11451,2130004,CIRRUS DESIGN CORP,SR22T,SR Series,1,2026,8,MN,C,US,20260316,,20260608,4,1,M,
621JP,10611,2130004,CIRRUS DESIGN CORP,SR22T,SR Series,1,2025,7,MN,C,US,20251119,20251119,20250411,4,1,V,
621K,5063,2130001,CIRRUS DESIGN CORP,SR22,SR Series,1,2021,7,TX,2,US,20241104,20241104,20210722,4,1,V,
621LW,11002,2130004,CIRRUS DESIGN CORP,SR22T,SR Series,1,2025,7,TN,3,US,20260106,20260106,20251020,4,1,V,
621NT,1679,2130000,CIRRUS DESIGN CORP,SR20,SR Series,1,2006,7,MI,C,US,20230208,20230208,20060616,4,1,V,
621RJ,0333,2130001,CIRRUS DESIGN CORP,SR22,SR Series,1,2002,7,OK,2,US,20230421,20150206,20020905,4,1,V,
621RT,8893,2130004,CIRRUS DESIGN CORP,SR22T,SR Series,1,2022,3,NV,4,US,20251121,20251121,20221024,4,1,V,
621SM,10490,2130004,CIRRUS DESIGN CORP,SR22T,SR Series,1,2025,7,MI,C,US,20250319,20250319,20250302,4,1,V,
621VG,0457,2130010,CIRRUS DESIGN CORP,SF50,Vision Jet,1,2023,7,FL,7,US,20240304,20240304,20230523,4,5,V,
621WY,1289,2130001,CIRRUS DESIGN CORP,SR22,SR Series,1,2005,1,WV,1,US,20231013,20200310,20050127,4,1,V,
6224W,11265,2130001,CIRRUS DESIGN CORP,SR22,SR Series,1,2026,4,NJ,1,US,20260607,20260607,20260315,4,1,V,
6225,9861,2130000,CIRRUS DESIGN CORP,SR20,SR Series,1,2024,7,TX,2,US,20240516,20240516,20240421,4,1,V,
622AB,0313,2130004,CIRRUS DESIGN CORP,SR22T,SR Series,1,2012,7,AZ,4,US,20260503,20260503,20120515,4,1,V,
622AD,2403,2130001,CIRRUS DESIGN CORP,SR22,SR Series,1,2007,1,TX,2,US,20240520,20180525,20070402,4,1,V,
622BW,9156,2130000,CIRRUS DESIGN CORP,SR20,SR Series,1,2023,7,GA,7,US,20230612,20230612,20230328,4,1,V,
622C,0368,2130001,CIRRUS DESIGN CORP,SR22,SR Series,1,2002,7,TN,3,US,20231217,20231217,20110204,4,1,V,
622CP,1932,2130000,CIRRUS DESIGN CORP,SR20,SR Series,1,2008,3,VA,1,US,20230721,20190306,20080321,4,1,V,
622DA,1900,2130000,CIRRUS DESIGN CORP,SR20,SR Series,1,2008,7,DE,1,US,20240124,20240113,20080122,4,1,V,
622DM,1810,2130001,CIRRUS DESIGN CORP,SR22,SR Series,1,2006,1,TX,2,US,20260601,20260601,20060207,4,1,V,
622DT,2069,2130000,CIRRUS DESIGN CORP,SR20,SR Series,1,2010,3,SC,7,US,20250605,20250414,20101026,4,1,V,
622EL,0669,2130010,CIRRUS DESIGN CORP,SF50,Vision Jet,1,2025,7,PA,1,US,20250902,20250714,20250630,4,5,V,
622HJ,2079,2130000,CIRRUS DESIGN CORP,SR20,SR Series,1,2011,7,TX,2,US,20230915,20221111,20110328,4,1,V,
622JH,2076,2130004,CIRRUS DESIGN CORP,SR22T,SR Series,1,2020,1,TX,2,US,20250708,20250224,20200213,4,1,V,
622M,9787,2130004,CIRRUS DESIGN CORP,SR22T,SR Series,1,2024,7,MI,C,US,20240308,20240306,20240215,4,1,V,
622MT,8697,2130001,CIRRUS DESIGN CORP,SR22,SR Series,1,2022,7,NY,1,US,20250919,20250919,20220630,4,1,V,
622P,0203,2130010,CIRRUS DESIGN CORP,SF50,Vision Jet,1,2020,1,AZ,4,US,20230310,20200801,20200527,4,5,V,
622PD,9533,2130000,CIRRUS DESIGN CORP,SR20,SR Series,1,2023,3,ME,E,US,20231222,20231222,20231101,4,1,V,
622RC,1610,2130004,CIRRUS DESIGN CORP,SR22T,SR Series,1,2017,3,DE,1,US,20240823,20240823,20170929,4,1,V,
622RM,9797,2130004,CIRRUS DESIGN CORP,SR22T,SR Series,1,2024,3,CA,4,US,20240318,20240315,20240227,4,1,V,
622SK,2206,2130004,CIRRUS DESIGN CORP,SR22T,SR Series,1,2020,7,OK,2,US,20230421,20210216,20201123,4,1,V,
622ST,11593,2130004,CIRRUS DESIGN CORP,SR22T,SR Series,1,,8,MN,C,US,20260605,,,4,1,M,
622TD,4909,2130001,CIRRUS DESIGN CORP,SR22,SR Series,1,2020,7,FL,7,US,20230922,20221212,20200511,4,1,V,
622VN,10144,2130004,CIRRUS DESIGN CORP,SR22T,SR Series,1,2024,7,DE,1,US,20240930,20240930,20240818,4,1,V,
622WH,9857,2130004,CIRRUS DESIGN CORP,SR22T,SR Series,1,2024,7,TX,2,US,20240509,20240509,20240323,4,1,V,
623AD,2437,2130004,CIRRUS DESIGN CORP,SR22T,SR Series,1,2021,7,MI,C,US,20230722,20220312,20211106,4,1,V,
623CA,4744,2130001,CIRRUS DESIGN CORP,SR22,SR Series,1,2019,7,DE,1,US,20250721,20250305,20190123,4,1,V,
623CD,1259,2130001,CIRRUS DESIGN CORP,SR22,SR Series,1,2005,1,OR,S,US,20230909,20101025,20050106,4,1,V,
623CP,1946,2130000,CIRRUS DESIGN CORP,SR20,SR Series,1,,7,MN,C,US,20260718,20260718,20080414,4,1,V,
623DA,1901,2130000,CIRRUS DESIGN CORP,SR20,SR Series,1,2008,1,WA,S,US,20240517,20240517,20080118,4,1,V,
623EB,0826,2130010,CIRRUS DESIGN CORP,SF50,Vision Jet,1,,8,MN,C,US,20260526,,,4,5,M,
623ES,4708,2130001,CIRRUS DESIGN CORP,SR22,SR Series,1,2018,7,TX,2,US,20230610,20210916,20181010,4,1,V,
623HA,11293,2130000,CIRRUS DESIGN CORP,SR20,SR Series,1,2026,7,TN,3,US,20260618,20260618,20260324,4,1,V,
623MC,2477,2130004,CIRRUS DESIGN CORP,SR22T,SR Series,1,2021,7,CA,4,US,20240513,20240513,20211222,4,1,V,
623MD,9883,2130004,CIRRUS DESIGN CORP,SR22T,SR Series,1,2024,7,MT,S,US,20240518,20240518,20240411,4,1,V,
623SB,10626,2130004,CIRRUS DESIGN CORP,SR22T,SR Series,1,2025,7,CA,4,US,20250617,20250617,20250501,4,1,V,
623SD,2833,2130001,CIRRUS DESIGN CORP,SR22,SR Series,1,2007,7,OK,2,US,20230728,20080109,20071121,4,1,V,
623SR,2461,2130001,CIRRUS DESIGN CORP,SR22,SR Series,1,2007,7,SC,7,US,20240911,20240911,20070427,4,1,V,
623VS,1708,2130001,CIRRUS DESIGN CORP,SR22,SR Series,1,2005,1,UT,S,US,20230414,20100824,20051201,4,1,V,
623WM,0208,2130001,CIRRUS DESIGN CORP,SR22,SR Series,1,2002,1,CA,4,US,20230623,20021119,20020417,4,1,V,
624AB,10966,2130001,CIRRUS DESIGN CORP,SR22,SR Series,1,2025,7,NJ,1,US,20251117,20251117,20251005,4,1,V,
624AK,11024,2130004,CIRRUS DESIGN CORP,SR22T,SR Series,1,2025,7,CA,4,US,20251110,20251110,20251030,4,1,V,
624AV,10887,2130000,CIRRUS DESIGN CORP,SR20,SR Series,1,2025,7,AZ,4,US,20251010,20251010,20250819,4,1,V,
624CD,1119,2130001,CIRRUS DESIGN CORP,SR22,SR Series,1,,7,TN,3,US,20250515,20250515,20041015,4,1,V,
624CM,1249,2130001,CIRRUS DESIGN CORP,SR22,SR Series,1,,7,OH,C,US,20231224,20231224,20041228,4,1,V,
624CP,1947,2130000,CIRRUS DESIGN CORP,SR20,SR Series,1,2008,7,NY,1,US,20260212,20260212,20080410,4,1,V,
624CS,2012,2130004,CIRRUS DESIGN CORP,SR22T,SR Series,1,2019,3,DE,1,US,20230915,20191114,20191029,4,1,V,
624DM,8533,2130004,CIRRUS DESIGN CORP,SR22T,SR Series,1,2022,7,TX,2,US,20260207,20260207,20220225,4,1,V,
624HS,0845,2130004,CIRRUS DESIGN CORP,SR22T,SR Series,1,2014,7,GA,7,US,20250611,20250611,20140808,4,1,V,
624KC,2461,2130004,CIRRUS DESIGN CORP,SR22T,SR Series,1,2021,1,WA,S,US,20230804,20220505,20211203,4,1,V,
624KR,1314,2130000,CIRRUS DESIGN CORP,SR20,SR Series,1,2003,3,MD,1,US,20231020,20040301,20030326,4,1,V,
624RP,4263,2130001,CIRRUS DESIGN CORP,SR22,SR Series,1,2015,7,DE,1,US,20230610,20210917,20151029,4,1,V,
624RS,3816,2130001,CIRRUS DESIGN CORP,SR22,SR Series,1,2011,7,LA,2,US,20230424,20220722,20111122,4,1,V,
624SA,1950,2130004,CIRRUS DESIGN CORP,SR22T,SR Series,1,2019,3,CA,4,US,20260429,20260114,20190712,4,1,V,
624SR,2561,2130001,CIRRUS DESIGN CORP,SR22,SR Series,1,2007,7,DE,1,US,20230922,20191230,20070615,4,1,V,
624VA,9570,2130001,CIRRUS DESIGN CORP,SR22,SR Series,1,2023,7,OK,2,US,20240104,20240104,20231117,4,1,V,
624Y,11299,2130004,CIRRUS DESIGN CORP,SR22T,SR Series,1,2026,7,AZ,4,US,20260711,20260711,20260402,4,1,V,
625CB,1391,2130001,CIRRUS DESIGN CORP,SR22,SR Series,1,2005,3,TX,2,US,20230714,20230714,20050405,4,1,V,
625CD,1636,2130001,CIRRUS DESIGN CORP,SR22,SR Series,1,2005,1,MI,C,US,20241017,20221008,20051018,4,1,V,
625LE,1504,2130004,CIRRUS DESIGN CORP,SR22T,SR Series,1,2017,7,NC,1,US,20230122,20170503,20170308,4,1,V,
625LK,10416,2130004,CIRRUS DESIGN CORP,SR22T,SR Series,1,2025,7,OR,S,US,20250304,20250304,20250108,4,1,V,
625SF,1720,2130000,CIRRUS DESIGN CORP,SR20,SR Series,1,2006,1,DC,1,US,20230504,20230503,20060815,4,1,V,
625SM,2448,2130004,CIRRUS DESIGN CORP,SR22T,SR Series,1,2021,3,DE,1,US,20250528,20250528,20211124,4,1,V,
625TR,1730,2130001,CIRRUS DESIGN CORP,SR22,SR Series,1,2005,7,CA,4,US,20231007,20140220,20051215,4,1,V,
625VS,1517,2130001,CIRRUS DESIGN CORP,SR22,SR Series,1,2005,7,TN,3,US,20260422,20260422,20050707,4,1,V,
626BG,0009,2130004,CIRRUS DESIGN CORP,SR22T,SR Series,1,2010,7,CA,4,US,20230122,20200402,20100713,4,1,V,
626BZ,0408,2130010,CIRRUS DESIGN CORP,SF50,Vision Jet,1,2022,7,AR,2,US,20251027,20251027,20221205,4,5,V,
626DP,10376,2130004,CIRRUS DESIGN CORP,SR22T,SR Series,1,2024,7,CA,4,US,20250118,20250118,20241217,4,1,V,
626EE,2067,2130004,CIRRUS DESIGN CORP,SR22T,SR Series,1,2020,1,CA,4,US,20230426,20200706,20200502,4,1,V,
626F,2489,2130001,CIRRUS DESIGN CORP,SR22,SR Series,1,2007,3,GA,7,US,20230902,20130912,20070511,4,1,V,
626HH,2381,2130004,CIRRUS DESIGN CORP,SR22T,SR Series,1,2021,7,AR,2,US,20230707,20220105,20210824,4,1,V,
626JB,2322,2130004,CIRRUS DESIGN CORP,SR22T,SR Series,1,2021,3,UT,S,US,20250213,20240607,20210505,4,1,V,
626ME,10022,2130004,CIRRUS DESIGN CORP,SR22T,SR Series,1,2024,7,WI,C,US,20240729,20240729,20240618,4,1,V,
626MT,10173,2130001,CIRRUS DESIGN CORP,SR22,SR Series,1,2024,7,FL,7,US,20260121,20260121,20241005,4,1,V,
626PT,2293,2130004,CIRRUS DESIGN CORP,SR22T,SR Series,1,2021,7,CO,S,US,20240504,20240123,20210419,4,1,V,
626PZ,11433,2130004,CIRRUS DESIGN CORP,SR22T,SR Series,1,2026,8,MN,C,US,20260311,,20260531,4,1,M,
626RE,3167,2130001,CIRRUS DESIGN CORP,SR22,SR Series,1,2008,7,NM,2,US,20260702,20260215,20080801,4,1,V,
626RF,2233,2130004,CIRRUS DESIGN CORP,SR22T,SR Series,1,2020,7,FL,7,US,20230620,20210308,20201219,4,1,V,
626SG,9447,2130004,CIRRUS DESIGN CORP,SR22T,SR Series,1,2023,4,NC,1,US,20231028,20231028,20230924,4,1,V,
626SR,2001,2130001,CIRRUS DESIGN CORP,SR22,SR Series,1,2006,7,AL,7,US,20251201,20251201,20060609,4,1,V,
626TR,2242,2130001,CIRRUS DESIGN CORP,SR22,SR Series,1,2006,7,GA,7,US,20230505,20210427,20061109,4,1,V,
626TT,2018,2130004,CIRRUS DESIGN CORP,SR22T,SR Series,1,2019,7,UT,S,US,20260104,20250422,20191104,4,1,V,
626UK,0706,2130010,CIRRUS DESIGN CORP,SF50,Vision Jet,1,2025,7,CA,4,US,20251203,20251203,20251028,4,5,V,
626VA,9558,2130000,CIRRUS DESIGN CORP,SR20,SR Series,1,2023,2,KS,3,US,20240318,20240318,20231116,4,1,V,
626VJ,0709,2130010,CIRRUS DESIGN CORP,SF50,Vision Jet,1,2025,7,CO,S,US,20260407,20260407,20251117,4,5,V,
6277C,0573,2130010,CIRRUS DESIGN CORP,SF50,Vision Jet,1,2024,7,IN,C,US,20240930,20240930,20240828,4,5,V,
627AB,10712,2130000,CIRRUS DESIGN CORP,SR20,SR Series,1,2025,7,OH,C,US,20260520,20250710,20250613,4,1,V,
627CN,2508,2130000,CIRRUS DESIGN CORP,SR20,SR Series,1,2019,7,GA,7,US,20250626,20250626,20190730,4,1,V,
627EJ,11679,2130000,CIRRUS DESIGN CORP,SR20,SR Series,1,,8,MN,C,US,20260811,,,4,1,M,
627HE,4855,2130001,CIRRUS DESIGN CORP,SR22,SR Series,1,2019,7,IN,C,US,20230518,20230518,20191107,4,1,V,
627PW,2793,2130001,CIRRUS DESIGN CORP,SR22,SR Series,1,2007,7,AZ,4,US,20230728,20220404,20071109,4,1,V,
627RG,1243,2130001,CIRRUS DESIGN CORP,SR22,SR Series,1,2004,7,DE,1,US,20230227,20220815,20041223,4,1,V,
627SB,2194,2130001,CIRRUS DESIGN CORP,SR22,SR Series,1,2007,4,WI,C,US,20230505,20180403,20070409,4,1,V,
627SG,9009,2130001,CIRRUS DESIGN CORP,SR22,SR Series,1,2022,7,MN,C,US,20240508,20240508,20221223,4,1,V,
627SJ,10056,2130004,CIRRUS DESIGN CORP,SR22T,SR Series,1,2024,7,CA,4,US,20240820,20240820,20240630,4,1,V,
627SR,2047,2130001,CIRRUS DESIGN CORP,SR22,SR Series,1,2006,3,DE,1,US,20230519,20210604,20060723,4,1,V,
627TL,1121,2130004,CIRRUS DESIGN CORP,SR22T,SR Series,1,2015,4,KY,3,US,20250619,20230408,20150824,4,1,V,
627VA,10563,2130001,CIRRUS DESIGN CORP,SR22,SR Series,1,2025,2,KS,3,US,20250923,20250429,20250318,4,1,V,
627WT,9793,2130004,CIRRUS DESIGN CORP,SR22T,SR Series,1,2024,7,CO,S,US,20240320,20240320,20240220,4,1,V,
627ZZ,2479,2130001,CIRRUS DESIGN CORP,SR22,SR Series,1,2007,7,CA,4,US,20230930,20230115,20070509,4,1,V,
6288B,2404,2130004,CIRRUS DESIGN CORP,SR22T,SR Series,1,2021,7,OH,C,US,20230422,20230422,20211012,4,1,V,
628CS,0738,2130001,CIRRUS DESIGN CORP,SR22,SR Series,1,,1,MI,C,US,20230825,20220830,,4,1,V,
628EC,3601,2130001,CIRRUS DESIGN CORP,SR22,SR Series,1,2010,3,FL,7,US,20230324,20201021,20100114,4,1,V,
628M,1682,2130000,CIRRUS DESIGN CORP,SR20,SR Series,1,2006,7,MI,C,US,20251006,20211103,20060711,4,1,V,
628MT,11109,2130004,CIRRUS DESIGN CORP,SR22T,SR Series,1,2026,7,WY,S,US,20260303,20260303,20260104,4,1,V,
628RM,3921,2130001,CIRRUS DESIGN CORP,SR22,SR Series,1,2013,7,MO,3,US,20240911,20240911,20130225,4,1,V,
628WR,1018,2130004,CIRRUS DESIGN CORP,SR22T,SR Series,1,2015,1,TX,2,US,20240313,20161228,20150413,4,1,V,
629AT,2451,2130004,CIRRUS DESIGN CORP,SR22T,SR Series,1,2021,1,AZ,4,US,20250522,20250522,20211129,4,1,V,
629AV,10891,2130000,CIRRUS DESIGN CORP,SR20,SR Series,1,2025,7,AZ,4,US,20251003,20251003,20250828,4,1,V,
629BH,0408,2130004,CIRRUS DESIGN CORP,SR22T,SR Series,1,2012,7,GA,7,US,20231120,20231120,20121128,4,1,V,
629D,2214,2130004,CIRRUS DESIGN CORP,SR22T,SR Series,1,2020,4,KS,3,US,20250523,20250523,20201207,4,1,V,
629DM,3092,2130001,CIRRUS DESIGN CORP,SR22,SR Series,1,2008,7,OH,C,US,20230930,20200115,20080626,4,1,V,
629HF,2485,2130004,CIRRUS DESIGN CORP,SR22T,SR Series,1,2021,7,NC,1,US,20230722,20220325,20211226,4,1,V,
629HP,1485,2130004,CIRRUS DESIGN CORP,SR22T,SR Series,1,2017,7,OH,C,US,20230401,20201104,20170119,4,1,V,
629LF,2189,2130001,CIRRUS DESIGN CORP,SR22,SR Series,1,2006,7,WI,C,US,20230912,20230912,20061010,4,1,V,
629MA,10524,2130000,CIRRUS DESIGN CORP,SR20,SR Series,1,2025,7,NC,1,US,20250328,20250328,20250304,4,1,V,
629ME,10174,2130004,CIRRUS DESIGN CORP,SR22T,SR Series,1,2024,4,CA,4,US,20241002,20241002,20240915,4,1,V,
629MR,0325,2130010,CIRRUS DESIGN CORP,SF50,Vision Jet,1,2021,7,FL,7,US,20250408,20250408,20211217,4,5,V,
62CH,2180,2130001,CIRRUS DESIGN CORP,SR22,SR Series,1,2006,7,TX,2,US,20230915,20161114,20061005,4,1,V,
62EL,0030,2130010,CIRRUS DESIGN CORP,SF50,Vision Jet,1,2017,7,MT,S,US,20240109,20240109,20171221,4,5,V,
62KD,0767,2130001,CIRRUS DESIGN CORP,SR22,SR Series,1,,3,WY,S,US,20260304,20260130,,4,1,V,
62TJ,10069,2130004,CIRRUS DESIGN CORP,SR22T,SR Series,1,2024,7,CO,S,US,20260722,20260722,20240711,4,1,V,
62TZ,0470,2130010,CIRRUS DESIGN CORP,SF50,Vision Jet,1,2023,7,AZ,4,US,20230825,20230825,20230712,4,5,V,
62VB,9166,2130000,CIRRUS DESIGN CORP,SR20,SR Series,1,2023,4,NY,1,US,20230614,20230614,20230330,4,1,V,
62VU,10817,2130000,CIRRUS DESIGN CORP,SR20,SR Series,1,2025,7,IL,C,US,20251213,20251213,20250731,4,1,V,
62VX,0090,2130001,CIRRUS DESIGN CORP,SR22,SR Series,1,2001,1,AL,7,US,20250908,20231024,20180403,4,1,V,
62VY,11219,2130004,CIRRUS DESIGN CORP,SR22T,SR Series,1,2026,7,OR,S,US,20260505,20260505,20260214,4,1,V,
62WR,1606,2130000,CIRRUS DESIGN CORP,SR20,SR Series,1,2006,3,LA,2,US,20230122,20140220,20060119,4,1,V,
6300B,1157,2130000,CIRRUS DESIGN CORP,SR20,SR Series,1,2001,7,NY,1,US,20251004,20251004,20011113,4,1,V,
630AV,10906,2130000,CIRRUS DESIGN CORP,SR20,SR Series,1,2025,7,AZ,4,US,20251010,20251010,20250904,4,1,V,
630CD,0962,2130001,CIRRUS DESIGN CORP,SR22,SR Series,1,,7,MD,1,US,20230324,20201002,20040604,4,1,V,
630CP,1454,2130004,CIRRUS DESIGN CORP,SR22T,SR Series,1,2016,7,MT,S,US,20240626,20240620,20161107,4,1,V,
630CR,10011,2130004,CIRRUS DESIGN CORP,SR22T,SR Series,1,2024,7,AL,7,US,20260715,20260715,20240625,4,1,V,
630JC,2269,2130004,CIRRUS DESIGN CORP,SR22T,SR Series,1,2021,7,NE,3,US,20250721,20250721,20210226,4,1,V,
630MD,1269,2130001,CIRRUS DESIGN CORP,SR22,SR Series,1,2005,3,KS,3,US,20230930,20140130,20050112,4,1,V,
630RA,2872,2130001,CIRRUS DESIGN CORP,SR22,SR Series,1,2007,3,IL,C,US,20260603,20080111,20071217,4,1,V,
630RC,4228,2130001,CIRRUS DESIGN CORP,SR22,SR Series,1,2015,7,FL,7,US,20231122,20221212,20150724,4,1,V,
630SF,1812,2130000,CIRRUS DESIGN CORP,SR20,SR Series,1,2007,3,NC,1,US,20230505,20210409,20070625,4,1,V,
631AP,10276,2130004,CIRRUS DESIGN CORP,SR22T,SR Series,1,2024,7,CO,S,US,20250211,20250211,20241024,4,1,V,
631AV,10933,2130000,CIRRUS DESIGN CORP,SR20,SR Series,1,2025,7,AZ,4,US,20251118,20251118,20250919,4,1,V,
631BR,8513,2130001,CIRRUS DESIGN CORP,SR22,SR Series,1,2022,7,NY,1,US,20230825,20220813,20220210,4,1,V,
631JM,9412,2130004,CIRRUS DESIGN CORP,SR22T,SR Series,1,2023,7,GA,7,US,20231026,20231026,20230831,4,1,V,
631RJ,3425,2130001,CIRRUS DESIGN CORP,SR22,SR Series,1,,4,MA,E,US,20260727,20260727,20090422,4,1,V,
631SR,2442,2130001,CIRRUS DESIGN CORP,SR22,SR Series,1,2007,7,TN,3,US,20230220,20230220,20070416,4,1,V,
632CD,1641,2130001,CIRRUS DESIGN CORP,SR22,SR Series,1,,7,PA,1,US,20230722,20220307,20051018,4,1,V,
632HG,11632,2130001,CIRRUS DESIGN CORP,SR22,SR Series,1,,8,MN,C,US,20260727,,,4,1,M,
632UB,3299,2130001,CIRRUS DESIGN CORP,SR22,SR Series,1,2008,1,ME,E,US,20230512,20150526,20081009,4,1,V,
633AV,10949,2130000,CIRRUS DESIGN CORP,SR20,SR Series,1,2025,7,AZ,4,US,20251118,20251118,20251012,4,1,V,
633B,3103,2130001,CIRRUS DESIGN CORP,SR22,SR Series,1,,7,NV,4,US,20230216,20230216,,4,1,V,
633CD,0369,2130001,CIRRUS DESIGN CORP,SR22,SR Series,1,2002,3,FL,7,US,20230414,20120131,20021101,4,1,V,
633GE,1487,2130001,CIRRUS DESIGN CORP,SR22,SR Series,1,,7,TX,2,US,20230922,20221230,20050622,4,1,V,
633KH,11077,2130004,CIRRUS DESIGN CORP,SR22T,SR Series,1,2025,3,DE,1,US,20260129,20260129,20251124,4,1,V,
633SR,2014,2130001,CIRRUS DESIGN CORP,SR22,SR Series,1,2006,7,IN,C,US,20230407,20111219,20060623,4,1,V,
634BR,11634,2130004,CIRRUS DESIGN CORP,SR22T,SR Series,1,,8,MN,C,US,20260727,,,4,1,M,
634C,8562,2130004,CIRRUS DESIGN CORP,SR22T,SR Series,1,2022,7,MT,S,US,20240419,20240419,20220315,4,1,V,
634SF,1827,2130000,CIRRUS DESIGN CORP,SR20,SR Series,1,2007,1,OH,C,US,20231013,20200302,20070727,4,1,V,
634W,0164,2130001,CIRRUS DESIGN CORP,SR22,SR Series,1,2002,7,LA,2,US,20230407,20111219,20020302,4,1,V,
634WM,9841,2130000,CIRRUS DESIGN CORP,SR20,SR Series,1,2024,5,MI,C,US,20240523,20240523,20240329,4,1,V,
634X,9810,2130004,CIRRUS DESIGN CORP,SR22T,SR Series,1,2024,7,MT,S,US,20240427,20240427,20240301,4,1,V,
635CV,0635,2130010,CIRRUS DESIGN CORP,SF50,Vision Jet,1,2025,7,DE,1,US,20250403,20250403,20250318,4,5,V,
636C,0406,2130001,CIRRUS DESIGN CORP,SR22,SR Series,1,2002,1,KY,3,US,20230304,20140710,20021205,4,1,V,
636CT,2979,2130001,CIRRUS DESIGN CORP,SR22,SR Series,1,2008,7,AZ,4,US,20260317,20260228,20080724,4,1,V,
636KB,1000,2130001,CIRRUS DESIGN CORP,SR22,SR Series,1,2004,3,KS,3,US,20230628,20110906,20040630,4,1,V,
636SR,11261,2130000,CIRRUS DESIGN CORP,SR20,SR Series,1,2026,7,CA,4,US,20260529,20260529,20260311,4,1,V,
636ST,2153,2130001,CIRRUS DESIGN CORP,SR22,SR Series,1,2006,1,TX,2,US,20230722,20160301,20060920,4,1,V,
636TL,3636,2130001,CIRRUS DESIGN CORP,SR22,SR Series,1,2010,7,TX,2,US,20230721,20220329,20100510,4,1,V,
637CB,10638,2130000,CIRRUS DESIGN CORP,SR20,SR Series,1,2025,7,FL,7,US,20250612,20250612,20250506,4,1,V,
637MR,4082,2130001,CIRRUS DESIGN CORP,SR22,SR Series,1,2014,1,NJ,1,US,20230304,20200730,20140410,4,1,V,
638KB,3026,2130001,CIRRUS DESIGN CORP,SR22,SR Series,1,2008,7,GA,7,US,20230922,20191205,20080605,4,1,V,
638SR,2182,2130001,CIRRUS DESIGN CORP,SR22,SR Series,1,2006,1,MA,E,US,20250818,20250818,20061006,4,1,V,
639C,1860,2130001,CIRRUS DESIGN CORP,SR22,SR Series,1,2006,7,WY,S,US,20230718,20220218,20060313,4,1,V,
639DR,1236,2130000,CIRRUS DESIGN CORP,SR20,SR Series,1,2002,1,AL,7,US,20240724,20240724,20020907,4,1,V,
639PC,9172,2130004,CIRRUS DESIGN CORP,SR22T,SR Series,1,2023,7,FL,7,US,20260510,20260510,20230327,4,1,V,
639PW,11199,2130004,CIRRUS DESIGN CORP,SR22T,SR Series,1,2026,3,FL,7,US,20260714,20260714,20260219,4,1,V,
639SR,2639,2130001,CIRRUS DESIGN CORP,SR22,SR Series,1,2007,1,TX,2,US,20230825,20130813,20070917,4,1,V,
63BB,10529,2130004,CIRRUS DESIGN CORP,SR22T,SR Series,1,2025,7,WI,C,US,20250403,20250403,20250305,4,1,V,
63CD,10475,2130004,CIRRUS DESIGN CORP,SR22T,SR Series,1,2025,3,WA,S,US,20250414,20250414,20250206,4,1,V,
63EK,0943,2130004,CIRRUS DESIGN CORP,SR22T,SR Series,1,2014,7,CA,4,US,20240418,20150114,20141217,4,1,V,
63JS,0075,2130010,CIRRUS DESIGN CORP,SF50,Vision Jet,1,2018,7,DE,1,US,20260629,20260518,20180913,4,5,V,
63KA,3444,2130001,CIRRUS DESIGN CORP,SR22,SR Series,1,2009,7,AZ,4,US,20260602,20260602,20090521,4,1,V,
63KL,0311,2130010,CIRRUS DESIGN CORP,SF50,Vision Jet,1,2021,7,DC,1,US,20230722,20220329,20211109,4,5,V,
63LC,10555,2130004,CIRRUS DESIGN CORP,SR22T,SR Series,1,2025,7,AZ,4,US,20260520,20260520,20250319,4,1,V,
63LY,8632,2130000,CIRRUS DESIGN CORP,SR20,SR Series,1,2022,7,DC,1,US,20230922,20221220,20220514,4,1,V,
63ME,5126,2130001,CIRRUS DESIGN CORP,SR22,SR Series,1,2021,4,AL,7,US,20260131,20260131,20211218,4,1,V,
63SB,10026,2130000,CIRRUS DESIGN CORP,SR20,SR Series,1,2024,3,OH,C,US,20240912,20240912,20240629,4,1,V,
63VG,9046,2130004,CIRRUS DESIGN CORP,SR22T,SR Series,1,2023,7,IN,C,US,20260114,20260114,20230112,4,1,V,
63VU,10820,2130000,CIRRUS DESIGN CORP,SR20,SR Series,1,2025,7,OK,2,US,20251125,20251125,20250731,4,1,V,
63YB,1547,2130004,CIRRUS DESIGN CORP,SR22T,SR Series,1,2017,7,CA,4,US,20260502,20260502,20170525,4,1,V,
63YH,1350,2130004,CIRRUS DESIGN CORP,SR22T,SR Series,1,2016,7,OR,S,US,20230818,20190701,20160601,4,1,V,
640CD,1704,2130001,CIRRUS DESIGN CORP,SR22,SR Series,1,2005,1,,,,20231029,20231029,20051130,4,1,V,
640P,1070,2130001,CIRRUS DESIGN CORP,SR22,SR Series,1,2004,7,MO,3,US,20251205,20120330,20040901,4,1,V,
641MB,0589,2130010,CIRRUS DESIGN CORP,SF50,Vision Jet,1,2024,3,DE,1,US,20241030,20241030,20241018,4,5,V,
641MM,10082,2130004,CIRRUS DESIGN CORP,SR22T,SR Series,1,2024,1,TX,2,US,20251213,20251213,20240719,4,1,V,
641SR,2363,2130001,CIRRUS DESIGN CORP,SR22,SR Series,1,2007,7,CO,S,US,20230505,20120403,20070213,4,1,V,
641WT,9913,2130001,CIRRUS DESIGN CORP,SR22,SR Series,1,2024,7,MT,S,US,20240605,20240605,20240427,4,1,V,
642AJ,8583,2130000,CIRRUS DESIGN CORP,SR20,SR Series,1,2022,1,IL,C,US,20230909,20221006,20220329,4,1,V,
642CA,11479,2130004,CIRRUS DESIGN CORP,SR22T,SR Series,1,,8,MN,C,US,20260511,,,4,1,M,
642CD,1720,2130001,CIRRUS DESIGN CORP,SR22,SR Series,1,2005,3,WY,S,US,20260220,20260220,20051207,4,1,V,
642CP,3366,2130001,CIRRUS DESIGN CORP,SR22,SR Series,1,2009,3,KS,3,US,20241010,20241010,20090429,4,1,V,
642MM,8635,2130004,CIRRUS DESIGN CORP,SR22T,SR Series,1,2022,7,FL,7,US,20230922,20230922,20220514,4,1,V,
642RG,2760,2130000,CIRRUS DESIGN CORP,SR20,SR Series,1,2021,4,OH,C,US,20230707,20220108,20210920,4,1,V,
642SR,2195,2130001,CIRRUS DESIGN CORP,SR22,SR Series,1,2006,4,TN,3,US,20250308,20250308,20061012,4,1,V,
642TL,3642,2130001,CIRRUS DESIGN CORP,SR22,SR Series,1,2010,7,WI,C,US,20230421,20100826,20100507,4,1,V,
643JM,0756,2130001,CIRRUS DESIGN CORP,SR22,SR Series,1,2003,7,MI,C,US,20260627,20260627,20031208,4,1,V,
643LV,2632,2130000,CIRRUS DESIGN CORP,SR20,SR Series,1,2020,7,NV,4,US,20240502,20210123,20201029,4,1,V,
643SA,10461,2130000,CIRRUS DESIGN CORP,SR20,SR Series,1,2025,7,TX,2,US,20250326,20250326,20250202,4,1,V,
643SR,2136,2130001,CIRRUS DESIGN CORP,SR22,SR Series,1,2006,7,GA,7,US,20230513,20190418,20060912,4,1,V,
643TF,4796,2130001,CIRRUS DESIGN CORP,SR22,SR Series,1,2019,7,AR,2,US,20240103,20240103,20190618,4,1,V,
644CD,0940,2130001,CIRRUS DESIGN CORP,SR22,SR Series,1,2004,7,TX,2,US,20230324,20111004,20040518,4,1,V,
644HL,2362,2130004,CIRRUS DESIGN CORP,SR22T,SR Series,1,2021,7,NY,1,US,20230616,20211013,20210715,4,1,V,
644LB,9644,2130004,CIRRUS DESIGN CORP,SR22T,SR Series,1,2023,7,SC,7,US,20240125,20240125,20231228,4,1,V,
644SA,10466,2130000,CIRRUS DESIGN CORP,SR20,SR Series,1,2025,7,TX,2,US,20250326,20250326,20250221,4,1,V,
644SR,2070,2130001,CIRRUS DESIGN CORP,SR22,SR Series,1,2006,7,CO,S,US,20230114,,20060802,4,1,V,
645AD,2436,2130004,CIRRUS DESIGN CORP,SR22T,SR Series,1,2021,7,MD,1,US,20230307,20220304,20211104,4,1,V,
645AS,9645,2130004,CIRRUS DESIGN CORP,SR22T,SR Series,1,2023,7,MA,E,US,20240124,20240124,20231228,4,1,V,
645BD,1529,2130001,CIRRUS DESIGN CORP,SR22,SR Series,1,2005,7,KY,3,US,20230812,20230812,20050722,4,1,V,
645C,0395,2130001,CIRRUS DESIGN CORP,SR22,SR Series,1,,1,FL,7,US,20230811,20190627,20021119,4,1,V,
645CD,0913,2130001,CIRRUS DESIGN CORP,SR22,SR Series,1,2004,7,NY,1,US,20230324,20040630,20040504,4,1,V,
645CP,3371,2130001,CIRRUS DESIGN CORP,SR22,SR Series,1,,7,PA,1,US,20230310,20200822,20090506,4,1,V,
645EM,1634,2130001,CIRRUS DESIGN CORP,SR22,SR Series,1,,7,IL,C,US,20230310,20170803,,4,1,V,
645KC,10154,2130004,CIRRUS DESIGN CORP,SR22T,SR Series,1,2024,4,NC,1,US,20241101,20241101,20240816,4,1,V,
645RS,9856,2130001,CIRRUS DESIGN CORP,SR22,SR Series,1,2024,1,UT,S,US,20250130,20250130,20240417,4,1,V,
645SR,2645,2130001,CIRRUS DESIGN CORP,SR22,SR Series,1,2007,7,MO,3,US,20230304,20090602,20070815,4,1,V,
645WM,9842,2130000,CIRRUS DESIGN CORP,SR20,SR Series,1,2024,3,MI,C,US,20240523,20240523,20240404,4,1,V,
646,9287,2130004,CIRRUS DESIGN CORP,SR22T,SR Series,1,2023,7,TX,2,US,20231214,20231214,20230615,4,1,V,
6468,0419,2130001,CIRRUS DESIGN CORP,SR22,SR Series,1,2002,7,IA,3,US,20251004,20251004,20021213,4,1,V,
646AB,9369,2130001,CIRRUS DESIGN CORP,SR22,SR Series,1,2023,7,IL,C,US,20230912,20230911,20230803,4,1,V,
646AF,11355,2130001,CIRRUS DESIGN CORP,SR22,SR Series,1,2026,8,MN,C,US,20260303,,20260502,4,1,M,
646RB,11398,2130004,CIRRUS DESIGN CORP,SR22T,SR Series,1,2026,8,MN,C,US,20260318,,20260513,4,1,M,
646VA,11361,2130000,CIRRUS DESIGN CORP,SR20,SR Series,1,2026,7,CA,4,US,20260812,20260812,20260501,4,1,V,
647AG,9647,2130004,CIRRUS DESIGN CORP,SR22T,SR Series,1,2023,7,NV,4,US,20241123,20241123,20231228,4,1,V,
647CD,1724,2130001,CIRRUS DESIGN CORP,SR22,SR Series,1,2005,1,FL,7,US,20240912,20240912,20051207,4,1,V,
647MD,1772,2130000,CIRRUS DESIGN CORP,SR20,SR Series,1,2007,1,IL,C,US,20241220,20241220,20070124,4,1,V,
648AC,3648,2130001,CIRRUS DESIGN CORP,SR22,SR Series,1,2010,3,NC,1,US,20230304,20100528,20100506,4,1,V,
648C,0441,2130001,CIRRUS DESIGN CORP,SR22,SR Series,1,2003,1,TX,2,US,20240318,20240318,20030108,4,1,V,
648CB,0648,2130001,CIRRUS DESIGN CORP,SR22,SR Series,1,,7,OH,C,US,20230825,20220830,20030811,4,1,V,
648DE,8559,2130004,CIRRUS DESIGN CORP,SR22T,SR Series,1,2022,1,OK,2,US,20260318,20260318,20220320,4,1,V,
648DM,9106,2130004,CIRRUS DESIGN CORP,SR22T,SR Series,1,2023,7,WY,S,US,20231102,20230511,20230309,4,1,V,
648RJ,9648,2130004,CIRRUS DESIGN CORP,SR22T,SR Series,1,2023,7,MT,S,US,20240127,20240127,20231226,4,1,V,
649CD,1709,2130001,CIRRUS DESIGN CORP,SR22,SR Series,1,2005,3,FL,7,US,20230428,20210305,20051201,4,1,V,
649CH,9649,2130004,CIRRUS DESIGN CORP,SR22T,SR Series,1,2023,4,CA,4,US,20260720,20260626,20231228,4,1,V,
649FA,1433,2130004,CIRRUS DESIGN CORP,SR22T,SR Series,1,2016,1,TX,2,US,20230922,20221205,20160907,4,1,V,
649SR,1592,2130004,CIRRUS DESIGN CORP,SR22T,SR Series,1,2017,3,OK,2,US,20230317,20170911,20170829,4,1,V,
64AR,0221,2130010,CIRRUS DESIGN CORP,SF50,Vision Jet,1,2020,7,VA,1,US,20230530,20230530,20200902,4,5,V,
64B,0625,2130010,CIRRUS DESIGN CORP,SF50,Vision Jet,1,2025,7,NC,1,US,20250311,20250311,20250211,4,5,V,
64BE,10288,2130000,CIRRUS DESIGN CORP,SR20,SR Series,1,2024,7,WY,S,US,20250227,20250128,20241020,4,1,V,
64CD,1589,2130000,CIRRUS DESIGN CORP,SR20,SR Series,1,2005,1,PA,1,US,20250318,20241114,20051109,4,1,V,
64CP,1695,2130004,CIRRUS DESIGN CORP,SR22T,SR Series,1,2018,7,OK,2,US,20230505,20180417,20180226,4,1,V,
64EG,0793,2130004,CIRRUS DESIGN CORP,SR22T,SR Series,1,2014,7,UT,S,US,20231007,20170208,20140602,4,1,V,
64GA,0783,2130004,CIRRUS DESIGN CORP,SR22T,SR Series,1,2014,7,DE,1,US,20260220,20260220,20140515,4,1,V,
64JU,10241,2130004,CIRRUS DESIGN CORP,SR22T,SR Series,1,2024,7,DE,1,US,20251222,20251222,20241010,4,1,V,
64MR,0724,2130001,CIRRUS DESIGN CORP,SR22,SR Series,1,2003,7,NV,4,US,20230909,20040319,20031030,4,1,V,
64MW,11768,2130004,CIRRUS DESIGN CORP,SR22T,SR Series,1,,8,MN,C,US,20260626,,,4,1,M,
64NW,9643,2130004,CIRRUS DESIGN CORP,SR22T,SR Series,1,2023,1,TN,3,US,20240121,20240121,20231222,4,1,V,
64RH,10716,2130004,CIRRUS DESIGN CORP,SR22T,SR Series,1,2025,7,ID,S,US,20250714,20250714,20250615,4,1,V,
64RU,9205,2130004,CIRRUS DESIGN CORP,SR22T,SR Series,1,2023,7,CA,4,US,20260729,20260729,20250626,4,1,V,
64TG,3845,2130001,CIRRUS DESIGN CORP,SR22,SR Series,1,2012,4,TN,3,US,20240812,20240812,20120727,4,1,V,
64VR,9158,2130004,CIRRUS DESIGN CORP,SR22T,SR Series,1,2023,4,CA,4,US,20260730,20260730,20230329,4,1,V,
64VU,10825,2130000,CIRRUS DESIGN CORP,SR20,SR Series,1,2025,7,OK,2,US,20260609,20260317,20250814,4,1,V,
64WA,0827,2130010,CIRRUS DESIGN CORP,SF50,Vision Jet,1,,8,MN,C,US,20260716,,,4,5,M,
650SR,2221,2130001,CIRRUS DESIGN CORP,SR22,SR Series,1,2006,7,NC,1,US,20230707,20220129,20061102,4,1,V,
650XX,11335,2130004,CIRRUS DESIGN CORP,SR22T,SR Series,1,2026,7,TX,2,US,20260730,20260730,20260418,4,1,V,
651AC,0377,2130010,CIRRUS DESIGN CORP,SF50,Vision Jet,1,2022,7,AZ,4,US,20240521,20230213,20220825,4,5,V,
651AD,0153,2130010,CIRRUS DESIGN CORP,SF50,Vision Jet,1,2019,7,AZ,4,US,20260131,20260131,20191017,4,5,V,
651AG,1665,2130004,CIRRUS DESIGN CORP,SR22T,SR Series,1,2018,7,AZ,4,US,20240723,20240723,20180112,4,1,V,
651AL,0789,2130010,CIRRUS DESIGN CORP,SF50,Vision Jet,1,,8,MN,C,US,20260327,,,4,5,M,
651BS,1711,2130000,CIRRUS DESIGN CORP,SR20,SR Series,1,2006,5,MI,C,US,20230512,20200415,20060816,4,1,V,
651BZ,10624,2130004,CIRRUS DESIGN CORP,SR22T,SR Series,1,2025,7,DE,1,US,20250610,20250610,20250429,4,1,V,
651CP,3670,2130001,CIRRUS DESIGN CORP,SR22,SR Series,1,2010,7,AL,7,US,20230404,20230404,20100728,4,1,V,
651JR,3491,2130001,CIRRUS DESIGN CORP,SR22,SR Series,1,,3,OH,C,US,20250701,20250701,20090804,4,1,V,
651K,2032,2130000,CIRRUS DESIGN CORP,SR20,SR Series,1,2009,7,SC,7,US,20260611,20260611,20091123,4,1,V,
651MM,1960,2130001,CIRRUS DESIGN CORP,SR22,SR Series,1,,7,NJ,1,US,20230804,20130501,,4,1,V,
651RT,0465,2130010,CIRRUS DESIGN CORP,SF50,Vision Jet,1,2023,7,OR,S,US,20260812,20230810,20230621,4,5,V,
651XC,0475,2130001,CIRRUS DESIGN CORP,SR22,SR Series,1,2003,7,IA,3,US,20250311,20250311,20030307,4,1,V,
652AJ,0329,2130010,CIRRUS DESIGN CORP,SF50,Vision Jet,1,2021,3,DE,1,US,20251009,20220523,20211227,4,5,V,
652CD,1794,2130001,CIRRUS DESIGN CORP,SR22,SR Series,1,2006,7,MI,C,US,20230122,20100430,20060130,4,1,V,
652CV,0652,2130010,CIRRUS DESIGN CORP,SF50,Vision Jet,1,2025,7,WY,S,US,20251007,20251007,20250512,4,5,V,
652DX,9357,2130000,CIRRUS DESIGN CORP,SR20,SR Series,1,2023,7,PA,1,US,20250226,20241121,20230801,4,1,V,
652JM,4806,2130001,CIRRUS DESIGN CORP,SR22,SR Series,1,2019,1,TN,3,US,20230401,20201130,20190717,4,1,V,
652MH,2891,2130001,CIRRUS DESIGN CORP,SR22,SR Series,1,2007,7,CO,S,US,20230728,20190415,20071228,4,1,V,
652PT,0948,2130004,CIRRUS DESIGN CORP,SR22T,SR Series,1,2014,7,MT,S,US,20230317,20170927,20141219,4,1,V,
652WM,9843,2130000,CIRRUS DESIGN CORP,SR20,SR Series,1,2024,5,MI,C,US,20240523,20240523,20240420,4,1,V,
653BW,1195,2130001,CIRRUS DESIGN CORP,SR22,SR Series,1,,1,TN,3,US,20230818,20190711,,4,1,V,
653CA,11226,2130004,CIRRUS DESIGN CORP,SR22T,SR Series,1,2026,3,OH,C,US,20260424,20260424,20260214,4,1,V,
653DE,4989,2130001,CIRRUS DESIGN CORP,SR22,SR Series,1,2020,1,OH,C,US,20260214,20260214,20201215,4,1,V,
653DG,0522,2130001,CIRRUS DESIGN CORP,SR22,SR Series,1,2003,1,OK,2,US,20250626,20250626,20030502,4,1,V,
653GS,1698,2130000,CIRRUS DESIGN CORP,SR20,SR Series,1,,7,IN,C,US,20230718,20220225,,4,1,V,
653KS,3233,2130001,CIRRUS DESIGN CORP,SR22,SR Series,1,2008,7,CA,4,US,20230706,20230706,20080825,4,1,V,
654BH,11374,2130004,CIRRUS DESIGN CORP,SR22T,SR Series,1,2026,7,VA,1,US,20260723,20260723,20260501,4,1,V,
654BK,11542,2130004,CIRRUS DESIGN CORP,SR22T,SR Series,1,,8,MN,C,US,20260414,,,4,1,M,
654CB,8644,2130000,CIRRUS DESIGN CORP,SR20,SR Series,1,2022,7,FL,7,US,20230818,20220729,20220511,4,1,V,
654CD,1733,2130001,CIRRUS DESIGN CORP,SR22,SR Series,1,2005,7,WY,S,US,20241112,20241112,20051219,4,1,V,
654JR,3611,2130001,CIRRUS DESIGN CORP,SR22,SR Series,1,2010,7,CA,4,US,20230125,20150128,20100208,4,1,V,
654KB,4139,2130001,CIRRUS DESIGN CORP,SR22,SR Series,1,2014,1,TX,2,US,20250225,20250225,20250307,4,1,V,
654LC,4486,2130001,CIRRUS DESIGN CORP,SR22,SR Series,1,2017,7,FL,7,US,20230922,20191204,20170526,4,1,V,
654MC,3375,2130001,CIRRUS DESIGN CORP,SR22,SR Series,1,2009,1,NM,2,US,20240425,20240425,20090724,4,1,V,
654ME,9607,2130004,CIRRUS DESIGN CORP,SR22T,SR Series,1,2023,3,DE,1,US,20240117,20240117,20231213,4,1,V,
654MF,8739,2130001,CIRRUS DESIGN CORP,SR22,SR Series,1,2022,7,LA,2,US,20251030,20251030,20220804,4,1,V,
654PP,2050,2130004,CIRRUS DESIGN CORP,SR22T,SR Series,1,2020,7,NY,1,US,20230310,20200817,20200122,4,1,V,
654RS,0471,2130004,CIRRUS DESIGN CORP,SR22T,SR Series,1,,7,KS,3,US,20230224,20230224,20130313,4,1,V,
654TR,2151,2130000,CIRRUS DESIGN CORP,SR20,SR Series,1,2012,7,CA,4,US,20250501,20250501,20120327,4,1,V,
655CB,1151,2130004,CIRRUS DESIGN CORP,SR22T,SR Series,1,2015,7,AL,7,US,20241120,20241120,20150925,4,1,V,
655CD,0916,2130001,CIRRUS DESIGN CORP,SR22,SR Series,1,2004,3,LA,2,US,20230909,20131023,20040503,4,1,V,
656AV,10968,2130000,CIRRUS DESIGN CORP,SR20,SR Series,1,2025,7,AZ,4,US,20251118,20251118,20251009,4,1,V,
656CD,1006,2130001,CIRRUS DESIGN CORP,SR22,SR Series,1,2004,3,UT,S,US,20230324,20201015,20040708,4,1,V,
656RE,4222,2130001,CIRRUS DESIGN CORP,SR22,SR Series,1,2015,3,MO,3,US,20250114,20181221,20150723,4,1,V,
656SR,3273,2130001,CIRRUS DESIGN CORP,SR22,SR Series,1,2008,3,OK,2,US,20241018,20120921,20080925,4,1,V,
656TW,1331,2130001,CIRRUS DESIGN CORP,SR22,SR Series,1,2005,4,MT,S,US,20230930,20200115,20050224,4,1,V,
656VA,11583,2130000,CIRRUS DESIGN CORP,SR20,SR Series,1,,8,MN,C,US,20260604,,,4,1,M,
657AV,10972,2130000,CIRRUS DESIGN CORP,SR20,SR Series,1,2025,7,AZ,4,US,20260113,20260113,20251009,4,1,V,
657CB,9069,2130004,CIRRUS DESIGN CORP,SR22T,SR Series,1,2023,7,FL,7,US,20241216,20230517,20230222,4,1,V,
657CD,1596,2130000,CIRRUS DESIGN CORP,SR20,SR Series,1,,1,,,,20230807,20230807,20051212,4,1,V,
657MD,0280,2130001,CIRRUS DESIGN CORP,SR22,SR Series,1,,4,FL,7,US,20240517,20240517,,4,1,V,
657MW,9138,2130001,CIRRUS DESIGN CORP,SR22,SR Series,1,2023,1,NY,1,US,20240717,20240717,20230323,4,1,V,
6583C,10012,2130000,CIRRUS DESIGN CORP,SR20,SR Series,1,2024,7,PA,1,US,20250627,20250627,20240613,4,1,V,
658CK,10054,2130001,CIRRUS DESIGN CORP,SR22,SR Series,1,2024,7,DE,1,US,20240801,20240801,20240715,4,1,V,
658KC,1024,2130004,CIRRUS DESIGN CORP,SR22T,SR Series,1,2015,7,MO,3,US,20230512,20150529,20150428,4,1,V,
658TA,11037,2130001,CIRRUS DESIGN CORP,SR22,SR Series,1,2025,7,NY,1,US,20251225,20251225,20251102,4,1,V,
658WM,2107,2130004,CIRRUS DESIGN CORP,SR22T,SR Series,1,2020,7,AZ,4,US,20230811,20220608,20200513,4,1,V,
6593M,3870,2130001,CIRRUS DESIGN CORP,SR22,SR Series,1,,7,MD,1,US,20230722,20160307,,4,1,V,
6598A,1422,2130004,CIRRUS DESIGN CORP,SR22T,SR Series,1,2016,1,CA,4,US,20230915,20191114,20160824,4,1,V,
659AC,10926,2130004,CIRRUS DESIGN CORP,SR22T,SR Series,1,2025,7,MI,C,US,20251021,20251021,20250909,4,1,V,
659AV,10978,2130000,CIRRUS DESIGN CORP,SR20,SR Series,1,2025,7,AZ,4,US,20260113,20260113,20251021,4,1,V,
659CC,4732,2130001,CIRRUS DESIGN CORP,SR22,SR Series,1,2018,7,FL,7,US,20230718,20220223,20181204,4,1,V,
659CT,1588,2130004,CIRRUS DESIGN CORP,SR22T,SR Series,1,2017,7,OK,2,US,20240307,20240307,20170824,4,1,V,
659J,3935,2130001,CIRRUS DESIGN CORP,SR22,SR Series,1,2013,3,NC,1,US,20250626,20130605,20130425,4,1,V,
659R,10829,2130001,CIRRUS DESIGN CORP,SR22,SR Series,1,2025,7,NY,1,US,20250916,20250916,20250727,4,1,V,
65DY,8647,2130000,CIRRUS DESIGN CORP,SR20,SR Series,1,2022,7,TX,2,US,20260804,20260804,20220522,4,1,V,
65GH,9117,2130004,CIRRUS DESIGN CORP,SR22T,SR Series,1,2023,7,VA,1,US,20250129,20250129,20230320,4,1,V,
65GP,11626,2130000,CIRRUS DESIGN CORP,SR20,SR Series,1,,8,MN,C,US,20260716,,,4,1,M,
65HL,3530,2130001,CIRRUS DESIGN CORP,SR22,SR Series,1,2009,7,AR,2,US,20230523,20230523,20091026,4,1,V,
65KB,0808,2130001,CIRRUS DESIGN CORP,SR22,SR Series,1,2004,1,NY,1,US,20230922,20161202,20040115,4,1,V,
65LK,1737,2130001,CIRRUS DESIGN CORP,SR22,SR Series,1,2005,7,MT,S,US,20230804,20220525,20051219,4,1,V,
65MB,0642,2130010,CIRRUS DESIGN CORP,SF50,Vision Jet,1,2025,7,LA,2,US,20251017,20251017,20250408,4,5,V,
65ND,1390,2130000,CIRRUS DESIGN CORP,SR20,SR Series,1,2004,7,FL,7,US,20250822,20250822,20040120,4,1,V,
65TH,1708,2130000,CIRRUS DESIGN CORP,SR20,SR Series,1,2006,7,DE,1,US,20260511,20260511,20060809,4,1,V,
65TL,1747,2130004,CIRRUS DESIGN CORP,SR22T,SR Series,1,2018,3,DE,1,US,20230526,20180726,20180627,4,1,V,
65TY,1452,2130001,CIRRUS DESIGN CORP,SR22,SR Series,1,2005,7,NH,E,US,20250916,20250916,20050523,4,1,V,
65VU,10919,2130000,CIRRUS DESIGN CORP,SR20,SR Series,1,2025,5,IN,C,US,20251024,20251024,20250909,4,1,V,
65XM,0040,2130004,CIRRUS DESIGN CORP,SR22T,SR Series,1,2010,7,WY,S,US,20240919,20240918,20101014,4,1,V,
660LT,9622,2130004,CIRRUS DESIGN CORP,SR22T,SR Series,1,2023,7,TX,2,US,20250307,20250307,20231216,4,1,V,
660MK,1361,2130004,CIRRUS DESIGN CORP,SR22T,SR Series,1,2016,7,GA,7,US,20230825,20160803,20160609,4,1,V,
660WM,9844,2130000,CIRRUS DESIGN CORP,SR20,SR Series,1,2024,5,MI,C,US,20240524,20240524,20240426,4,1,V,
661AP,10143,2130004,CIRRUS DESIGN CORP,SR22T,SR Series,1,2024,7,CA,4,US,20240920,20240920,20240813,4,1,V,
661AV,10984,2130000,CIRRUS DESIGN CORP,SR20,SR Series,1,2025,7,AZ,4,US,20260113,20260113,20251010,4,1,V,
661CD,1707,2130001,CIRRUS DESIGN CORP,SR22,SR Series,1,2005,7,AL,7,US,20230122,20170501,20051201,4,1,V,
661CV,0105,2130010,CIRRUS DESIGN CORP,SF50,Vision Jet,1,2019,7,CA,4,US,20230728,20190430,20190220,4,5,V,
661M,1013,2130004,CIRRUS DESIGN CORP,SR22T,SR Series,1,2015,7,UT,S,US,20230519,20150630,20150409,4,1,V,
661SR,2867,2130001,CIRRUS DESIGN CORP,SR22,SR Series,1,2007,7,CT,E,US,20231129,20231129,20071212,4,1,V,
662AJ,1632,2130000,CIRRUS DESIGN CORP,SR20,SR Series,1,2006,3,WA,S,US,20230922,20161219,20060314,4,1,V,
662CA,11228,2130004,CIRRUS DESIGN CORP,SR22T,SR Series,1,2026,7,FL,7,US,20260511,20260511,20260303,4,1,V,
662DP,1662,2130004,CIRRUS DESIGN CORP,SR22T,SR Series,1,2018,7,WY,S,US,20260521,20221005,20180104,4,1,V,
662JJ,8556,2130000,CIRRUS DESIGN CORP,SR20,SR Series,1,2022,7,CA,4,US,20251029,20251029,20220311,4,1,V,
663AV,10987,2130000,CIRRUS DESIGN CORP,SR20,SR Series,1,2025,7,AZ,4,US,20251205,20251205,20251011,4,1,V,
663CD,1847,2130001,CIRRUS DESIGN CORP,SR22,SR Series,1,,3,DE,1,US,20260128,20260128,20060306,4,1,V,
663KK,3064,2130001,CIRRUS DESIGN CORP,SR22,SR Series,1,2008,7,,8,DE,20230728,20230728,20080618,4,1,V,
66411,11511,2130001,CIRRUS DESIGN CORP,SR22,SR Series,1,,8,MN,C,US,20260504,,,4,1,M,
664JH,2274,2130000,CIRRUS DESIGN CORP,SR20,SR Series,1,2015,4,MA,E,US,20250113,20250113,20150128,4,1,V,
664PH,0099,2130004,CIRRUS DESIGN CORP,SR22T,SR Series,1,2011,7,AR,2,US,20231020,20110404,20110225,4,1,V,
664TT,3707,2130001,CIRRUS DESIGN CORP,SR22,SR Series,1,2010,7,FL,7,US,20250308,20250308,20101215,4,1,V,
665CA,0561,2130004,CIRRUS DESIGN CORP,SR22T,SR Series,1,2013,7,TX,2,US,20230428,20180322,20130723,4,1,V,
665CW,2116,2130001,CIRRUS DESIGN CORP,SR22,SR Series,1,2006,7,CA,4,US,20230421,20180201,20060830,4,1,V,
665DM,2975,2130001,CIRRUS DESIGN CORP,SR22,SR Series,1,2008,7,IA,3,US,20230902,20220906,20080314,4,1,V,
665JP,0073,2130010,CIRRUS DESIGN CORP,SF50,Vision Jet,1,2018,2,TX,2,US,20241216,20241216,20180904,4,5,V,
665KA,11403,2130004,CIRRUS DESIGN CORP,SR22T,SR Series,1,2026,8,MN,C,US,20260330,,20260515,4,1,M,
665M,8625,2130000,CIRRUS DESIGN CORP,SR20,SR Series,1,2022,7,CA,4,US,20240107,20240107,20220502,4,1,V,
6666A,9548,2130004,CIRRUS DESIGN CORP,SR22T,SR Series,1,2023,3,UT,S,US,20231212,20231212,20231118,4,1,V,
666AJ,4992,2130001,CIRRUS DESIGN CORP,SR22,SR Series,1,2020,3,DE,1,US,20230407,20201204,20201116,4,1,V,
666EB,2433,2130004,CIRRUS DESIGN CORP,SR22T,SR Series,1,2021,7,,8,DE,20230623,20211123,20211104,4,1,V,
666FU,2264,2130001,CIRRUS DESIGN CORP,SR22,SR Series,1,2006,7,FL,7,US,20260612,20170301,20130322,4,1,V,
666KD,1892,2130001,CIRRUS DESIGN CORP,SR22,SR Series,1,2006,3,OK,2,US,20230414,20120131,20120223,4,1,V,
6671,0124,2130004,CIRRUS DESIGN CORP,SR22T,SR Series,1,2011,3,,8,AT,20251014,20251014,20251027,4,1,V,
667AV,10991,2130000,CIRRUS DESIGN CORP,SR20,SR Series,1,2025,7,AZ,4,US,20251215,20251215,20251025,4,1,V,
667CD,1301,2130001,CIRRUS DESIGN CORP,SR22,SR Series,1,2005,3,VA,1,US,20230902,20160923,20050204,4,1,V,
667CW,1190,2130001,CIRRUS DESIGN CORP,SR22,SR Series,1,2004,1,,,,20240214,20200520,20041122,4,1,V,
667CZ,11667,2130001,CIRRUS DESIGN CORP,SR22,SR Series,1,,8,MN,C,US,20260713,,,4,1,M,
667DG,2463,2130000,CIRRUS DESIGN CORP,SR20,SR Series,1,2018,1,SC,7,US,20260527,,20181119,4,1,R,
667MT,2194,2130000,CIRRUS DESIGN CORP,SR20,SR Series,1,,7,GA,7,US,20230414,20210127,,4,1,V,
667SR,2838,2130001,CIRRUS DESIGN CORP,SR22,SR Series,1,2007,7,KY,3,US,20230811,20190603,20071204,4,1,V,
667WG,11545,2130004,CIRRUS DESIGN CORP,SR22T,SR Series,1,,8,MN,C,US,20260512,,,4,1,M,
668DX,11606,2130000,CIRRUS DESIGN CORP,SR20,SR Series,1,,8,MN,C,US,20260630,,,4,1,M,
668RS,10268,2130001,CIRRUS DESIGN CORP,SR22,SR Series,1,2024,7,NY,1,US,20241112,20241112,20241014,4,1,V,
668SR,2868,2130001,CIRRUS DESIGN CORP,SR22,SR Series,1,2007,7,PA,1,US,20250417,20250417,20071226,4,1,V,
669BF,9485,2130004,CIRRUS DESIGN CORP,SR22T,SR Series,1,2023,7,PA,1,US,20231204,20231204,20231010,4,1,V,
669CD,8921,2130001,CIRRUS DESIGN CORP,SR22,SR Series,1,2022,7,WI,C,US,20230308,20230308,20221117,4,1,V,
669GL,8889,2130004,CIRRUS DESIGN CORP,SR22T,SR Series,1,2022,7,SD,C,US,20230224,20230224,20221021,4,1,V,
669LK,8853,2130004,CIRRUS DESIGN CORP,SR22T,SR Series,1,2022,3,IA,3,US,20230218,20230218,20220929,4,1,V,
669MA,2620,2130001,CIRRUS DESIGN CORP,SR22,SR Series,1,2007,3,DE,1,US,20230503,20230503,20091228,4,1,V,
66CZ,11166,2130004,CIRRUS DESIGN CORP,SR22T,SR Series,1,2026,7,FL,7,US,20260630,20260630,20260118,4,1,V,
66F,1931,2130004,CIRRUS DESIGN CORP,SR22T,SR Series,1,2019,7,CA,4,US,20230930,20230119,20190612,4,1,V,
66FS,2026,2130004,CIRRUS DESIGN CORP,SR22T,SR Series,1,2019,7,FL,7,US,20250125,20250125,20191119,4,1,V,
66HC,9950,2130000,CIRRUS DESIGN CORP,SR20,SR Series,1,2024,7,WA,S,US,20240703,20240703,20240521,4,1,V,
66HG,10004,2130004,CIRRUS DESIGN CORP,SR22T,SR Series,1,2024,3,DE,1,US,20240709,20240709,20240620,4,1,V,
66HR,0316,2130010,CIRRUS DESIGN CORP,SF50,Vision Jet,1,2021,7,WY,S,US,20260521,20211215,20211130,4,5,V,
66JE,10592,2130001,CIRRUS DESIGN CORP,SR22,SR Series,1,2025,7,AR,2,US,20250505,20250505,20250330,4,1,V,
66JP,1269,2130000,CIRRUS DESIGN CORP,SR20,SR Series,1,2003,7,CA,4,US,20251006,20251006,20030113,4,1,V,
66LJ,0727,2130001,CIRRUS DESIGN CORP,SR22,SR Series,1,2003,7,DE,1,US,20240202,20230225,20031030,4,1,V,
66PE,1220,2130001,CIRRUS DESIGN CORP,SR22,SR Series,1,2004,7,CT,E,US,20250731,20250731,20041215,4,1,V,
66PJ,1098,2130000,CIRRUS DESIGN CORP,SR20,SR Series,1,2000,7,CA,4,US,20230818,20190729,20001214,4,1,V,
66SB,10033,2130004,CIRRUS DESIGN CORP,SR22T,SR Series,1,2024,7,CA,4,US,20240712,20240712,20240626,4,1,V,
66TM,1735,2130004,CIRRUS DESIGN CORP,SR22T,SR Series,1,2018,7,TX,2,US,20250224,20180713,20180522,4,1,V,
66TZ,0113,2130010,CIRRUS DESIGN CORP,SF50,Vision Jet,1,2019,7,TN,3,US,20240503,20240503,20190423,4,5,V,
66VG,8555,2130004,CIRRUS DESIGN CORP,SR22T,SR Series,1,2022,7,CA,4,US,20230902,20220909,20220311,4,1,V,
66VM,1556,2130001,CIRRUS DESIGN CORP,SR22,SR Series,1,2005,7,OH,C,US,20230401,20141103,20050805,4,1,V,
66VU,10923,2130000,CIRRUS DESIGN CORP,SR20,SR Series,1,2025,5,IN,C,US,20251024,20251024,20250909,4,1,V,
670CA,10920,2130004,CIRRUS DESIGN CORP,SR22T,SR Series,1,2025,7,WY,S,US,20251210,20251210,20250925,4,1,V,
670CM,9425,2130004,CIRRUS DESIGN CORP,SR22T,SR Series,1,2023,7,FL,7,US,20240128,20240128,20230906,4,1,V,
670DL,1171,2130000,CIRRUS DESIGN CORP,SR20,SR Series,1,2002,3,FL,7,US,20230401,20141103,20020111,4,1,V,
670DS,4856,2130001,CIRRUS DESIGN CORP,SR22,SR Series,1,2019,7,TN,3,US,20230922,20191218,20191114,4,1,V,
670P,1166,2130001,CIRRUS DESIGN CORP,SR22,SR Series,1,,7,IA,3,US,20250417,20250417,20041115,4,1,V,
670PN,2087,2130004,CIRRUS DESIGN CORP,SR22T,SR Series,1,2020,7,MO,3,US,20231020,20200423,20200312,4,1,V,
671CD,0795,2130001,CIRRUS DESIGN CORP,SR22,SR Series,1,2003,8,MN,C,US,20130321,,20080103,4,1,V,
671JB,8818,2130004,CIRRUS DESIGN CORP,SR22T,SR Series,1,2022,7,TX,2,US,20250826,20250826,20220914,4,1,V,
671JL,4836,2130001,CIRRUS DESIGN CORP,SR22,SR Series,1,2019,7,FL,7,US,20230915,20191116,20191017,4,1,V,
671MV,0343,2130004,CIRRUS DESIGN CORP,SR22T,SR Series,1,2012,7,CT,E,US,20231212,20211127,20120705,4,1,V,
671PA,2097,2130004,CIRRUS DESIGN CORP,SR22T,SR Series,1,2020,7,FL,7,US,20250107,20250107,20200321,4,1,V,
671VJ,0671,2130010,CIRRUS DESIGN CORP,SF50,Vision Jet,1,2025,7,FL,7,US,20250717,20250717,20250715,4,5,V,
672CD,1207,2130001,CIRRUS DESIGN CORP,SR22,SR Series,1,2004,7,,,,20230915,20191113,20041208,4,1,V,
673CD,1771,2130001,CIRRUS DESIGN CORP,SR22,SR Series,1,2006,7,TX,2,US,20250819,20250819,20060113,4,1,V,
673JD,0825,2130010,CIRRUS DESIGN CORP,SF50,Vision Jet,1,,8,MN,C,US,20260610,,,4,5,M,
673RV,11471,2130001,CIRRUS DESIGN CORP,SR22,SR Series,1,,8,MN,C,US,20260428,,,4,1,M,
673SR,2843,2130001,CIRRUS DESIGN CORP,SR22,SR Series,1,2007,1,AK,5,US,20250827,20141210,20071203,4,1,V,
673VJ,0673,2130010,CIRRUS DESIGN CORP,SF50,Vision Jet,1,2025,7,KY,3,US,20250822,20250822,20250722,4,5,V,
674BA,11140,2130000,CIRRUS DESIGN CORP,SR20,SR Series,1,2026,7,NC,1,US,20260607,20260607,20260125,4,1,V,
674CD,1738,2130001,CIRRUS DESIGN CORP,SR22,SR Series,1,2005,3,WI,C,US,20260715,20260715,20051219,4,1,V,
674KY,10980,2130001,CIRRUS DESIGN CORP,SR22,SR Series,1,2025,7,TX,2,US,20251124,20251124,20251011,4,1,V,
674MS,10681,2130004,CIRRUS DESIGN CORP,SR22T,SR Series,1,2025,7,IN,C,US,20260117,,20250604,4,1,23,
6750C,11424,2130004,CIRRUS DESIGN CORP,SR22T,SR Series,1,2026,8,MN,C,US,20260304,,20260524,4,1,M,
6758Y,0243,2130010,CIRRUS DESIGN CORP,SF50,Vision Jet,1,2020,7,UT,S,US,20240912,20230217,20201221,4,5,V,
675AT,4220,2130001,CIRRUS DESIGN CORP,SR22,SR Series,1,2015,7,,,,20250529,20250326,20150625,4,1,V,
675CB,0515,2130001,CIRRUS DESIGN CORP,SR22,SR Series,1,2003,3,DE,1,US,20230811,20080123,20030416,4,1,V,
675CM,1648,2130004,CIRRUS DESIGN CORP,SR22T,SR Series,1,2017,7,CA,4,US,20230825,20220815,20171220,4,1,V,
675N,0251,2130001,CIRRUS DESIGN CORP,SR22,SR Series,1,2002,1,NJ,1,US,20230407,20171212,,4,1,V,
675PS,0273,2130001,CIRRUS DESIGN CORP,SR22,SR Series,1,,3,DE,1,US,20231013,20200323,,4,1,V,
675SP,0378,2130001,CIRRUS DESIGN CORP,SR22,SR Series,1,2002,7,FL,7,US,20230616,20211014,20021114,4,1,V,
675SR,2776,2130001,CIRRUS DESIGN CORP,SR22,SR Series,1,2007,3,DE,1,US,20241021,20241021,20071026,4,1,V,
675W,0537,2130001,CIRRUS DESIGN CORP,SR22,SR Series,1,2003,1,FL,7,US,20240814,20151013,20030502,4,1,V,
676CD,1563,2130000,CIRRUS DESIGN CORP,SR20,SR Series,1,2005,7,AZ,4,US,20260804,20161205,20050915,4,1,V,
676ML,11414,2130004,CIRRUS DESIGN CORP,SR22T,SR Series,1,2026,8,MN,C,US,20260227,,20260516,4,1,M,
676PB,11017,2130004,CIRRUS DESIGN CORP,SR22T,SR Series,1,2025,7,IL,C,US,20251206,20251206,20251029,4,1,V,
676WM,9896,2130000,CIRRUS DESIGN CORP,SR20,SR Series,1,2024,5,MI,C,US,20240524,20240524,20240416,4,1,V,
677AL,11193,2130004,CIRRUS DESIGN CORP,SR22T,SR Series,1,2026,8,MN,C,US,20251212,,20260221,4,1,M,
677AV,10999,2130000,CIRRUS DESIGN CORP,SR20,SR Series,1,2025,7,AZ,4,US,20251205,20251205,20251022,4,1,V,
677CD,1081,2130001,CIRRUS DESIGN CORP,SR22,SR Series,1,2004,3,NV,4,US,20260122,20260122,20040909,4,1,V,
677CP,2202,2130001,CIRRUS DESIGN CORP,SR22,SR Series,1,2006,7,FL,7,US,20230826,20230826,20061019,4,1,V,
677JM,10753,2130004,CIRRUS DESIGN CORP,SR22T,SR Series,1,2025,7,MI,C,US,20250729,20250729,20250624,4,1,V,
677LM,2273,2130004,CIRRUS DESIGN CORP,SR22T,SR Series,1,2021,7,FL,7,US,20250816,20250816,20210301,4,1,V,
677MA,0369,2130010,CIRRUS DESIGN CORP,SF50,Vision Jet,1,2022,7,FL,7,US,20260215,20260215,20220715,4,5,V,
677MB,0799,2130001,CIRRUS DESIGN CORP,SR22,SR Series,1,2004,1,PR,7,RQ,20230122,20080421,20040112,4,1,V,
677MD,2454,2130001,CIRRUS DESIGN CORP,SR22,SR Series,1,2007,7,FL,7,US,20230225,20221217,20070426,4,1,V,
677ML,0637,2130010,CIRRUS DESIGN CORP,SF50,Vision Jet,1,2025,7,FL,7,US,20250331,20250331,20250328,4,5,V,
677RC,0631,2130004,CIRRUS DESIGN CORP,SR22T,SR Series,1,2013,1,NV,4,US,20230930,20230107,20131022,4,1,V,
677VJ,0677,2130010,CIRRUS DESIGN CORP,SF50,Vision Jet,1,2025,7,VA,1,US,20251023,20251023,20250730,4,5,V,
678AP,1132,2130004,CIRRUS DESIGN CORP,SR22T,SR Series,1,2015,7,FL,7,US,20250222,20250222,20150903,4,1,V,
678BG,0070,2130010,CIRRUS DESIGN CORP,SF50,Vision Jet,1,2018,7,SC,7,US,20240228,20240228,20180817,4,5,V,
678BW,2053,2130001,CIRRUS DESIGN CORP,SR22,SR Series,1,2006,7,DE,1,US,20240223,20090813,20060726,4,1,V,
678CD,1410,2130001,CIRRUS DESIGN CORP,SR22,SR Series,1,2005,7,DE,1,US,20260210,20260210,20050426,4,1,V,
678CG,1938,2130004,CIRRUS DESIGN CORP,SR22T,SR Series,1,2019,7,MT,S,US,20230309,20230309,20190620,4,1,V,
678DA,10960,2130001,CIRRUS DESIGN CORP,SR22,SR Series,1,2025,3,CA,4,US,20251106,20251106,20250927,4,1,V,
678DF,0125,2130001,CIRRUS DESIGN CORP,SR22,SR Series,1,2001,1,TX,2,US,20230603,20150824,20011206,4,1,V,
678EC,2881,2130001,CIRRUS DESIGN CORP,SR22,SR Series,1,2007,7,GA,7,US,20251121,20190304,20071218,4,1,V,
678GE,9926,2130004,CIRRUS DESIGN CORP,SR22T,SR Series,1,2024,7,CA,4,US,20240531,20240531,20240504,4,1,V,
678GW,2602,2130001,CIRRUS DESIGN CORP,SR22,SR Series,1,2007,7,OK,2,US,20230401,20201121,20151029,4,1,V,
678JK,11557,2130004,CIRRUS DESIGN CORP,SR22T,SR Series,1,,8,MN,C,US,20260526,,,4,1,M,
678LR,0301,2130010,CIRRUS DESIGN CORP,SF50,Vision Jet,1,2021,7,TX,2,US,20230902,20220909,20211015,4,5,V,
678PC,0104,2130001,CIRRUS DESIGN CORP,SR22,SR Series,1,2001,7,MT,S,US,20250917,20240923,20011019,4,1,V,
678PG,9881,2130004,CIRRUS DESIGN CORP,SR22T,SR Series,1,2024,7,TX,2,US,20240517,20240517,20240702,4,1,V,
678PH,8712,2130004,CIRRUS DESIGN CORP,SR22T,SR Series,1,2022,4,GA,7,US,20230127,20230127,20220819,4,1,V,
678SB,10634,2130004,CIRRUS DESIGN CORP,SR22T,SR Series,1,2025,3,UT,S,US,20250626,20250626,20250504,4,1,V,
678SF,0158,2130010,CIRRUS DESIGN CORP,SF50,Vision Jet,1,2019,7,FL,7,US,20231118,20231118,20191106,4,5,V,
678SR,10667,2130001,CIRRUS DESIGN CORP,SR22,SR Series,1,2025,7,DE,1,US,20250620,20250620,20250512,4,1,V,
678TC,0102,2130004,CIRRUS DESIGN CORP,SR22T,SR Series,1,2011,7,TN,3,US,20230603,20210805,20110329,4,1,V,
678TX,10617,2130004,CIRRUS DESIGN CORP,SR22T,SR Series,1,2025,7,TX,2,US,20250605,20250605,20250425,4,1,V,
678VJ,0678,2130010,CIRRUS DESIGN CORP,SF50,Vision Jet,1,2025,7,TX,2,US,20250828,20250828,20250807,4,5,V,
678Z,0311,2130001,CIRRUS DESIGN CORP,SR22,SR Series,1,2002,7,CO,S,US,20180124,,20020820,4,1,V,
679BJ,10320,2130004,CIRRUS DESIGN CORP,SR22T,SR Series,1,2024,7,FL,7,US,20241211,20241211,20241112,4,1,V,
679CD,1785,2130001,CIRRUS DESIGN CORP,SR22,SR Series,1,2006,7,WA,S,US,20240615,20240615,20060125,4,1,V,
679JB,2374,2130004,CIRRUS DESIGN CORP,SR22T,SR Series,1,2021,7,DE,1,US,20241112,20241112,20210810,4,1,V,
679LM,1679,2130001,CIRRUS DESIGN CORP,SR22,SR Series,1,2005,7,OH,C,US,20190611,,20051116,4,1,V,
679VJ,0679,2130010,CIRRUS DESIGN CORP,SF50,Vision Jet,1,2025,7,WY,S,US,20251016,20250813,20250812,4,5,V,
67AM,4922,2130001,CIRRUS DESIGN CORP,SR22,SR Series,1,2020,7,DE,1,US,20240131,20231018,20200626,4,1,V,
67DP,2933,2130001,CIRRUS DESIGN CORP,SR22,SR Series,1,,3,DE,1,US,20230825,20190802,,4,1,V,
67MZ,2498,2130001,CIRRUS DESIGN CORP,SR22,SR Series,1,2007,7,FL,7,US,20250822,20250822,20070516,4,1,V,
67SA,0978,2130001,CIRRUS DESIGN CORP,SR22,SR Series,1,2004,7,OH,C,US,20240124,20240124,20040622,4,1,V,
67TZ,4318,2130001,CIRRUS DESIGN CORP,SR22,SR Series,1,2016,7,NH,E,US,20230524,20230524,20160317,4,1,V,
67VU,11015,2130000,CIRRUS DESIGN CORP,SR20,SR Series,1,2025,5,IN,C,US,20251218,20251218,20251026,4,1,V,
67ZT,9433,2130004,CIRRUS DESIGN CORP,SR22T,SR Series,1,2023,7,CO,S,US,20260211,20251031,20230912,4,1,V,
68007,2354,2130001,CIRRUS DESIGN CORP,SR22,SR Series,1,2007,1,WV,1,US,20240306,20240306,20070215,4,1,V,
680EC,1790,2130000,CIRRUS DESIGN CORP,SR20,SR Series,1,2007,1,FL,7,US,20231007,20070425,20070324,4,1,V,
680P,1441,2130001,CIRRUS DESIGN CORP,SR22,SR Series,1,2005,1,IN,C,US,20230122,20110504,20050518,4,1,V,
680SB,11007,2130004,CIRRUS DESIGN CORP,SR22T,SR Series,1,2025,7,IN,C,US,20251214,20251214,20251106,4,1,V,
680SC,10885,2130004,CIRRUS DESIGN CORP,SR22T,SR Series,1,2025,7,SC,7,US,20251008,20251008,20250902,4,1,V,
681C,2101,2130001,CIRRUS DESIGN CORP,SR22,SR Series,1,2006,1,KY,3,US,20230512,20210520,20060828,4,1,V,
681CD,1751,2130001,CIRRUS DESIGN CORP,SR22,SR Series,1,2006,1,PA,1,US,20251113,20190624,20060104,4,1,V,
681GW,9806,2130000,CIRRUS DESIGN CORP,SR20,SR Series,1,2024,7,GA,7,US,20240515,20240515,20240417,4,1,V,
681JK,0893,2130004,CIRRUS DESIGN CORP,SR22T,SR Series,1,2014,1,TX,2,US,20230708,20230708,20141010,4,1,V,
681MB,3664,2130001,CIRRUS DESIGN CORP,SR22,SR Series,1,2010,7,OK,2,US,20230712,20230712,20100902,4,1,V,
681PG,2102,2130001,CIRRUS DESIGN CORP,SR22,SR Series,1,2006,7,NC,1,US,20230902,20220926,20060829,4,1,V,
681S,4398,2130001,CIRRUS DESIGN CORP,SR22,SR Series,1,2016,7,TN,3,US,20231013,20200310,20161003,4,1,V,
681SG,1043,2130004,CIRRUS DESIGN CORP,SR22T,SR Series,1,2015,7,GA,7,US,20260810,20260810,20150519,4,1,V,
682AV,11006,2130000,CIRRUS DESIGN CORP,SR20,SR Series,1,2025,7,AZ,4,US,20251209,20251209,20251028,4,1,V,
682CA,9867,2130000,CIRRUS DESIGN CORP,SR20,SR Series,1,2024,7,IN,C,US,20240517,20240517,20240414,4,1,V,
682CD,1790,2130001,CIRRUS DESIGN CORP,SR22,SR Series,1,2006,7,MO,3,US,20230707,20220121,20060130,4,1,V,
682H,0195,2130010,CIRRUS DESIGN CORP,SF50,Vision Jet,1,2020,7,NH,E,US,20230122,20200527,20200327,4,5,V,
682RM,2577,2130001,CIRRUS DESIGN CORP,SR22,SR Series,1,2007,1,TX,2,US,20230401,20201109,20070627,4,1,V,
682SR,2691,2130001,CIRRUS DESIGN CORP,SR22,SR Series,1,2007,1,OH,C,US,20250429,20250429,20070912,4,1,V,
6830W,9237,2130001,CIRRUS DESIGN CORP,SR22,SR Series,1,2023,7,WI,C,US,20240530,20230802,20230514,4,1,V,
6839R,0405,2130001,CIRRUS DESIGN CORP,SR22,SR Series,1,2002,7,FL,7,US,20231013,20140319,20021213,4,1,V,
683CA,9868,2130000,CIRRUS DESIGN CORP,SR20,SR Series,1,2024,7,IN,C,US,20240516,20240516,20240411,4,1,V,
683DM,3427,2130001,CIRRUS DESIGN CORP,SR22,SR Series,1,2009,7,PA,1,US,20230324,20090714,20090622,4,1,V,
683RH,2427,2130000,CIRRUS DESIGN CORP,SR20,SR Series,1,2018,7,DE,1,US,20250703,20250703,20180322,4,1,V,
683SR,2766,2130001,CIRRUS DESIGN CORP,SR22,SR Series,1,2007,7,TX,2,US,20240717,20240717,20071030,4,1,V,
683WM,9897,2130000,CIRRUS DESIGN CORP,SR20,SR Series,1,2024,5,MI,C,US,20240524,20240524,20240425,4,1,V,
684AV,11011,2130000,CIRRUS DESIGN CORP,SR20,SR Series,1,2025,7,AZ,4,US,20251210,20251210,20251029,4,1,V,
684BC,1295,2130001,CIRRUS DESIGN CORP,SR22,SR Series,1,2005,7,,,,20251003,20251003,20050131,4,1,V,
684CA,11229,2130004,CIRRUS DESIGN CORP,SR22T,SR Series,1,2026,1,TX,2,US,20260523,20260523,20260227,4,1,V,
684CD,1786,2130001,CIRRUS DESIGN CORP,SR22,SR Series,1,,7,NC,1,US,20260730,20260730,20060125,4,1,V,
684DM,4774,2130001,CIRRUS DESIGN CORP,SR22,SR Series,1,2019,7,IA,3,US,20230804,20190523,20190404,4,1,V,
684LG,8705,2130004,CIRRUS DESIGN CORP,SR22T,SR Series,1,2022,7,FL,7,US,20230929,20230123,20220803,4,1,V,
684SR,2816,2130001,CIRRUS DESIGN CORP,SR22,SR Series,1,2007,7,DE,1,US,20230304,20200709,20071120,4,1,V,
685AV,11059,2130000,CIRRUS DESIGN CORP,SR20,SR Series,1,2025,7,AZ,4,US,20260109,20260109,20251117,4,1,V,
685BM,11352,2130000,CIRRUS DESIGN CORP,SR20,SR Series,1,2026,7,GA,7,US,20260726,20260726,20260423,4,1,V,
685CD,1768,2130001,CIRRUS DESIGN CORP,SR22,SR Series,1,2006,1,CA,4,US,20230324,20171004,20060112,4,1,V,
685DM,0322,2130001,CIRRUS DESIGN CORP,SR22,SR Series,1,2002,1,IA,3,US,20230122,20140618,20020828,4,1,V,
685MB,9546,2130000,CIRRUS DESIGN CORP,SR20,SR Series,1,2023,7,SC,7,US,20250417,20240118,20231111,4,1,V,
685SR,2586,2130001,CIRRUS DESIGN CORP,SR22,SR Series,1,2007,4,NY,1,US,20230804,20220503,20070709,4,1,V,
685TL,0970,2130004,CIRRUS DESIGN CORP,SR22T,SR Series,1,2015,7,CO,S,US,20230825,20220829,20150129,4,1,V,
6869R,2121,2130001,CIRRUS DESIGN CORP,SR22,SR Series,1,2006,7,TN,3,US,20230224,20230224,20230302,4,1,V,
686DS,1957,2130001,CIRRUS DESIGN CORP,SR22,SR Series,1,2006,1,FL,7,US,20260505,,20060511,4,1,R,
686JP,10779,2130004,CIRRUS DESIGN CORP,SR22T,SR Series,1,2025,7,GA,7,US,20250810,20250810,20250711,4,1,V,
687CW,2257,2130004,CIRRUS DESIGN CORP,SR22T,SR Series,1,2021,7,FL,7,US,20240606,20240606,20210210,4,1,V,
687PW,4923,2130001,CIRRUS DESIGN CORP,SR22,SR Series,1,2020,7,NV,4,US,20250514,20230518,20200701,4,1,V,
687WT,0958,2130004,CIRRUS DESIGN CORP,SR22T,SR Series,1,2014,7,ND,C,US,20230707,20220122,20141229,4,1,V,
688AL,0239,2130010,CIRRUS DESIGN CORP,SF50,Vision Jet,1,2020,7,FL,7,US,20230428,20210304,20201217,4,5,V,
688C,9306,2130004,CIRRUS DESIGN CORP,SR22T,SR Series,1,2023,7,CA,4,US,20230831,20230831,20230627,4,1,V,
688ER,0745,2130004,CIRRUS DESIGN CORP,SR22T,SR Series,1,2014,1,FL,7,US,20230608,20221130,20140321,4,1,V,
688LD,1539,2130004,CIRRUS DESIGN CORP,SR22T,SR Series,1,2017,3,UT,S,US,20260302,20260302,20170509,4,1,V,
688PC,1450,2130000,CIRRUS DESIGN CORP,SR20,SR Series,1,2004,7,CT,E,US,20230718,20220225,20040819,4,1,V,
688PD,2398,2130001,CIRRUS DESIGN CORP,SR22,SR Series,1,2007,7,MO,3,US,20250325,20250325,20070316,4,1,V,
688SR,2826,2130001,CIRRUS DESIGN CORP,SR22,SR Series,1,2007,7,MT,S,US,20250818,20250818,20071128,4,1,V,
689PG,1889,2130000,CIRRUS DESIGN CORP,SR20,SR Series,1,2008,3,KS,3,US,20230701,20211209,20080115,4,1,V,
68AT,0791,2130010,CIRRUS DESIGN CORP,SF50,Vision Jet,1,,8,MN,C,US,20260303,,,4,5,M,
68AW,0319,2130004,CIRRUS DESIGN CORP,SR22T,SR Series,1,,7,OR,S,US,20241130,20241130,20120518,4,1,V,
68BA,4585,2130001,CIRRUS DESIGN CORP,SR22,SR Series,1,2017,7,NH,E,US,20230401,20201121,20171221,4,1,V,
68BC,2357,2130000,CIRRUS DESIGN CORP,SR20,SR Series,1,2017,4,CO,S,US,20230304,20200721,20170608,4,1,V,
68DX,0214,2130001,CIRRUS DESIGN CORP,SR22,SR Series,1,2002,1,WA,S,US,20230324,20020731,20020504,4,1,V,
68FR,1977,2130004,CIRRUS DESIGN CORP,SR22T,SR Series,1,2019,7,PA,1,US,20240517,20240517,20190905,4,1,V,
68GT,3596,2130001,CIRRUS DESIGN CORP,SR22,SR Series,1,2009,4,NY,1,US,20230902,20160908,20091231,4,1,V,
68GY,4364,2130001,CIRRUS DESIGN CORP,SR22,SR Series,1,2016,7,LA,2,US,20251124,20251124,20160616,4,1,V,
68HV,0660,2130010,CIRRUS DESIGN CORP,SF50,Vision Jet,1,2025,7,TX,2,US,20250906,20250729,20250605,4,5,V,
68JK,0792,2130010,CIRRUS DESIGN CORP,SF50,Vision Jet,1,,8,MN,C,US,20260324,,,4,5,M,
68LG,1660,2130000,CIRRUS DESIGN CORP,SR20,SR Series,1,2006,7,DE,1,US,20240429,20240429,20060518,4,1,V,
68PA,0757,2130010,CIRRUS DESIGN CORP,SF50,Vision Jet,1,2026,7,UT,S,US,20260529,20260529,20260409,4,5,V,
68PF,4021,2130001,CIRRUS DESIGN CORP,SR22,SR Series,1,2013,1,FL,7,US,20230216,20191016,20131213,4,1,V,
68SY,0930,2130001,CIRRUS DESIGN CORP,SR22,SR Series,1,2004,1,CA,4,US,20230512,20180517,20040512,4,1,V,
68VU,11041,2130000,CIRRUS DESIGN CORP,SR20,SR Series,1,2025,5,IN,C,US,20260107,20260107,20251108,4,1,V,
68WT,1649,2130004,CIRRUS DESIGN CORP,SR22T,SR Series,1,2017,4,CO,S,US,20240401,20240401,20171220,4,1,V,
68ZB,10477,2130000,CIRRUS DESIGN CORP,SR20,SR Series,1,2025,4,NY,1,US,20250318,20250318,20250217,4,1,V,
690CD,1595,2130000,CIRRUS DESIGN CORP,SR20,SR Series,1,2005,7,FL,7,US,20240911,20240605,20051212,4,1,V,
690ND,1851,2130001,CIRRUS DESIGN CORP,SR22,SR Series,1,2006,7,IL,C,US,20230902,20220919,20060308,4,1,V,
690PG,2424,2130004,CIRRUS DESIGN CORP,SR22T,SR Series,1,2021,1,TX,2,US,20250222,20250222,20211026,4,1,V,
690SR,2678,2130001,CIRRUS DESIGN CORP,SR22,SR Series,1,2007,3,OK,2,US,20230310,20110829,20070911,4,1,V,
6918C,9377,2130004,CIRRUS DESIGN CORP,SR22T,SR Series,1,2023,3,DE,1,US,20230831,20230831,20230821,4,1,V,
691RM,2104,2130004,CIRRUS DESIGN CORP,SR22T,SR Series,1,2020,3,DE,1,US,20230317,20200911,20200512,4,1,V,
691TS,4984,2130001,CIRRUS DESIGN CORP,SR22,SR Series,1,2020,3,FL,7,US,20231128,20231128,20201208,4,1,V,
692AW,11149,2130004,CIRRUS DESIGN CORP,SR22T,SR Series,1,2026,7,WI,C,US,20260320,20260320,20260116,4,1,V,
6935L,4116,2130001,CIRRUS DESIGN CORP,SR22,SR Series,1,2014,7,IA,3,US,20230930,20170110,20140814,4,1,V,
693C,0438,2130001,CIRRUS DESIGN CORP,SR22,SR Series,1,2002,1,NC,1,US,20250314,20140528,20021231,4,1,V,
693CD,0976,2130001,CIRRUS DESIGN CORP,SR22,SR Series,1,2004,7,OH,C,US,20230407,20171211,20040615,4,1,V,
693CP,1181,2130001,CIRRUS DESIGN CORP,SR22,SR Series,1,2004,7,TX,2,US,20230524,20151106,20041117,4,1,V,
693JD,3021,2130001,CIRRUS DESIGN CORP,SR22,SR Series,1,2008,1,TX,2,US,20250331,20250331,20080505,4,1,V,
693KB,10938,2130004,CIRRUS DESIGN CORP,SR22T,SR Series,1,2025,7,WY,S,US,20251114,20251015,20250924,4,1,V,
693LD,1719,2130004,CIRRUS DESIGN CORP,SR22T,SR Series,1,2018,7,CA,4,US,20230519,20180629,20180516,4,1,V,
693M,4949,2130001,CIRRUS DESIGN CORP,SR22,SR Series,1,2020,7,VA,1,US,20230407,20201221,20200923,4,1,V,
693MG,2013,2130004,CIRRUS DESIGN CORP,SR22T,SR Series,1,2019,7,CA,4,US,20230201,20200114,20191031,4,1,V,
693SR,2796,2130001,CIRRUS DESIGN CORP,SR22,SR Series,1,2007,1,CA,4,US,20230825,20220810,20071116,4,1,V,
693TF,4583,2130001,CIRRUS DESIGN CORP,SR22,SR Series,1,2017,1,MA,E,US,20230915,20221101,20171201,4,1,V,
693TS,3393,2130001,CIRRUS DESIGN CORP,SR22,SR Series,1,2009,1,TX,2,US,20230122,20140529,20090226,4,1,V,
694CD,1789,2130001,CIRRUS DESIGN CORP,SR22,SR Series,1,2006,1,CA,4,US,20230728,20190417,20060127,4,1,V,
694MA,1722,2130004,CIRRUS DESIGN CORP,SR22T,SR Series,1,2018,7,AZ,4,US,20250429,20250429,20180516,4,1,V,
694MR,3694,2130001,CIRRUS DESIGN CORP,SR22,SR Series,1,2010,1,LA,2,US,20230427,20230427,20101102,4,1,V,
694PR,1606,2130001,CIRRUS DESIGN CORP,SR22,SR Series,1,2005,7,CA,4,US,20230324,20171018,20050920,4,1,V,
694TT,1239,2130001,CIRRUS DESIGN CORP,SR22,SR Series,1,2004,1,CA,4,US,20230428,20210322,20041222,4,1,V,
6950T,4863,2130001,CIRRUS DESIGN CORP,SR22,SR Series,1,2019,7,FL,7,US,20230930,20200122,20191209,4,1,V,
695AA,2714,2130000,CIRRUS DESIGN CORP,SR20,SR Series,1,2021,1,FL,7,US,20250626,20240528,20210416,4,1,V,
695CF,1608,2130004,CIRRUS DESIGN CORP,SR22T,SR Series,1,2017,7,VA,1,US,20240118,20240118,20170925,4,1,V,
695TJ,1503,2130004,CIRRUS DESIGN CORP,SR22T,SR Series,1,2017,7,UT,S,US,20230122,20170330,20170228,4,1,V,
695TS,9571,2130000,CIRRUS DESIGN CORP,SR20,SR Series,1,2023,4,TX,2,US,20250512,20250512,20231120,4,1,V,
696CC,0445,2130004,CIRRUS DESIGN CORP,SR22T,SR Series,1,2013,1,NY,1,US,20260405,20260405,20130208,4,1,V,
696KB,0377,2130004,CIRRUS DESIGN CORP,SR22T,SR Series,1,2012,7,VA,1,US,20230603,20210819,20120907,4,1,V,
696MR,0161,2130010,CIRRUS DESIGN CORP,SF50,Vision Jet,1,2019,7,NY,1,US,20260502,20260502,20191112,4,5,V,
696MY,0462,2130010,CIRRUS DESIGN CORP,SF50,Vision Jet,1,2023,3,WY,S,US,20250813,20250813,20230609,4,5,V,
696PG,3606,2130001,CIRRUS DESIGN CORP,SR22,SR Series,1,2010,3,DE,1,US,20260423,20260423,20100202,4,1,V,
696PM,11346,2130004,CIRRUS DESIGN CORP,SR22T,SR Series,1,2026,1,CA,4,US,20260622,20260622,20260421,4,1,V,
696RS,9641,2130004,CIRRUS DESIGN CORP,SR22T,SR Series,1,2023,7,MO,3,US,20240127,20240127,20231227,4,1,V,
697C,0443,2130001,CIRRUS DESIGN CORP,SR22,SR Series,1,,7,TN,3,US,20240226,20240223,20030106,4,1,V,
697CB,3693,2130001,CIRRUS DESIGN CORP,SR22,SR Series,1,2010,3,GA,7,US,20251125,20251125,20101103,4,1,V,
697DC,0200,2130010,CIRRUS DESIGN CORP,SF50,Vision Jet,1,2020,7,OK,2,US,20230124,20201030,20200511,4,5,V,
697SR,1827,2130001,CIRRUS DESIGN CORP,SR22,SR Series,1,2006,3,WY,S,US,20260214,20260214,20060222,4,1,V,
698ES,8609,2130001,CIRRUS DESIGN CORP,SR22,SR Series,1,2022,1,ND,C,US,20250107,20250107,20220421,4,1,V,
698JM,11038,2130000,CIRRUS DESIGN CORP,SR20,SR Series,1,2025,7,CO,S,US,20251217,20251217,20251101,4,1,V,
698MX,0581,2130004,CIRRUS DESIGN CORP,SR22T,SR Series,1,2013,7,MO,3,US,20230401,20201114,20130821,4,1,V,
698SL,2355,2130000,CIRRUS DESIGN CORP,SR20,SR Series,1,2017,7,VA,1,US,20231101,20231101,20170426,4,1,V,
698VJ,0698,2130010,CIRRUS DESIGN CORP,SF50,Vision Jet,1,2025,7,NC,1,US,20251014,20251014,20250930,4,5,V,
698WM,9914,2130000,CIRRUS DESIGN CORP,SR20,SR Series,1,2024,5,MI,C,US,20240610,20240610,20240524,4,1,V,
699CD,1505,2130001,CIRRUS DESIGN CORP,SR22,SR Series,1,2005,7,NY,1,US,20241210,20241210,20050630,4,1,V,
699PF,9212,2130004,CIRRUS DESIGN CORP,SR22T,SR Series,1,2023,7,VA,1,US,20230711,20230711,20230503,4,1,V,
699PK,10031,2130004,CIRRUS DESIGN CORP,SR22T,SR Series,1,2024,4,CA,4,US,20241011,20241011,20240622,4,1,V,
699YZ,2448,2130000,CIRRUS DESIGN CORP,SR20,SR Series,1,2018,7,SC,7,US,20230930,20230112,20180530,4,1,V,
69FG,10908,2130004,CIRRUS DESIGN CORP,SR22T,SR Series,1,2025,7,FL,7,US,20260129,20251108,20250912,4,1,V,
69HE,1888,2130004,CIRRUS DESIGN CORP,SR22T,SR Series,1,2019,7,AR,2,US,20230811,20220606,20190320,4,1,V,
69MT,0031,2130010,CIRRUS DESIGN CORP,SF50,Vision Jet,1,2018,7,NC,1,US,20250706,20250706,20180119,4,5,V,
69MZ,2700,2130001,CIRRUS DESIGN CORP,SR22,SR Series,1,2007,1,AZ,4,US,20241003,20241003,20200819,4,1,V,
69PJ,9500,2130000,CIRRUS DESIGN CORP,SR20,SR Series,1,2023,8,CA,4,US,20251126,20251126,20231020,4,1,V,
69PK,3576,2130001,CIRRUS DESIGN CORP,SR22,SR Series,1,2009,7,AR,2,US,20250123,20250123,20091201,4,1,V,
69RP,11773,2130004,CIRRUS DESIGN CORP,SR22T,SR Series,1,,8,MN,C,US,20260709,,,4,1,M,
69U,0544,2130010,CIRRUS DESIGN CORP,SF50,Vision Jet,1,2024,7,FL,7,US,20260203,20260203,20240509,4,5,V,
69VU,11049,2130000,CIRRUS DESIGN CORP,SR20,SR Series,1,2025,5,IN,C,US,20260107,20260107,20251107,4,1,V,
69XX,0753,2130010,CIRRUS DESIGN CORP,SF50,Vision Jet,1,2026,7,MT,S,US,20260622,20260622,20260326,4,5,V,
69Y,0428,2130010,CIRRUS DESIGN CORP,SF50,Vision Jet,1,2023,7,TX,2,US,20250422,20250422,20230202,4,5,V,
69YK,5110,2130001,CIRRUS DESIGN CORP,SR22,SR Series,1,2021,7,IA,3,US,20230915,20221130,20211127,4,1,V,
69ZA,3519,2130001,CIRRUS DESIGN CORP,SR22,SR Series,1,2010,7,TX,2,US,20231009,20210208,20100917,4,1,V,
6AP,9912,2130004,CIRRUS DESIGN CORP,SR22T,SR Series,1,2024,7,WY,S,US,20240604,20240604,20240508,4,1,V,
6BG,5090,2130001,CIRRUS DESIGN CORP,SR22,SR Series,1,2021,7,MA,E,US,20251106,20251106,20210927,4,1,V,
6BZ,1133,2130004,CIRRUS DESIGN CORP,SR22T,SR Series,1,2015,7,DE,1,US,20230414,20210129,20150904,4,1,V,
6CA,5073,2130001,CIRRUS DESIGN CORP,SR22,SR Series,1,2021,7,MD,1,US,20230701,20211207,20210831,4,1,V,
6CD,0037,2130001,CIRRUS DESIGN CORP,SR22,SR Series,1,2001,7,NC,1,US,20230902,20220913,20010611,4,1,V,
6DM,2348,2130004,CIRRUS DESIGN CORP,SR22T,SR Series,1,2021,7,AZ,4,US,20250331,20221013,20210623,4,1,V,
6DT,0520,2130010,CIRRUS DESIGN CORP,SF50,Vision Jet,1,2024,7,OR,S,US,20250417,20240524,20240112,4,5,V,
6JS,10975,2130004,CIRRUS DESIGN CORP,SR22T,SR Series,1,2025,1,CA,4,US,20251205,20251205,20251021,4,1,V,
6MP,4497,2130001,CIRRUS DESIGN CORP,SR22,SR Series,1,2017,7,NY,1,US,20230304,20170721,20170614,4,1,V,
6PV,11517,2130004,CIRRUS DESIGN CORP,SR22T,SR Series,1,,8,MN,C,US,20260507,,,4,1,M,
6SA,8651,2130004,CIRRUS DESIGN CORP,SR22T,SR Series,1,2022,7,DE,1,US,20260321,20221215,20220526,4,1,V,
6WC,9760,2130004,CIRRUS DESIGN CORP,SR22T,SR Series,1,2024,7,WY,S,US,20240222,20240222,20240112,4,1,V,
7007V,0082,2130001,CIRRUS DESIGN CORP,SR22,SR Series,1,2001,4,AZ,4,US,20240227,20240227,20010829,4,1,V,
700BW,0765,2130010,CIRRUS DESIGN CORP,SF50,Vision Jet,1,2026,7,KY,3,US,20260731,20260731,20260430,4,5,V,
700DF,0449,2130010,CIRRUS DESIGN CORP,SF50,Vision Jet,1,2023,7,TX,2,US,20250121,20250121,20230417,4,5,V,
700FC,1986,2130001,CIRRUS DESIGN CORP,SR22,SR Series,1,,3,DE,1,US,20260521,20260521,20060601,4,1,V,
700HG,1506,2130001,CIRRUS DESIGN CORP,SR22,SR Series,1,2005,7,UT,S,US,20250226,20250226,20050629,4,1,V,
700KP,2774,2130000,CIRRUS DESIGN CORP,SR20,SR Series,1,2021,7,FL,7,US,20260115,20230517,20211026,4,1,V,
700P,0791,2130001,CIRRUS DESIGN CORP,SR22,SR Series,1,2004,1,IA,3,US,20230603,20120814,20040106,4,1,V,
700ST,8629,2130004,CIRRUS DESIGN CORP,SR22T,SR Series,1,2022,7,AR,2,US,20260531,20260531,20220502,4,1,V,
700YZ,2599,2130000,CIRRUS DESIGN CORP,SR20,SR Series,1,2020,3,CA,4,US,20230324,20201026,20200818,4,1,V,
700ZG,1457,2130000,CIRRUS DESIGN CORP,SR20,SR Series,1,2004,1,CA,4,US,20260214,20260214,20040925,4,1,V,
7010A,8826,2130000,CIRRUS DESIGN CORP,SR20,SR Series,1,2022,7,OK,2,US,20230220,20230220,20220913,4,1,V,
701BT,4959,2130001,CIRRUS DESIGN CORP,SR22,SR Series,1,2020,7,FL,7,US,20250120,20250120,20201028,4,1,V,
701CD,0006,2130001,CIRRUS DESIGN CORP,SR22,SR Series,1,2001,7,,8,DE,20260505,20260505,20010324,4,1,V,
701GM,2401,2130004,CIRRUS DESIGN CORP,SR22T,SR Series,1,2021,7,GA,7,US,20231003,20230925,20210922,4,1,V,
701LW,8854,2130004,CIRRUS DESIGN CORP,SR22T,SR Series,1,2022,7,UT,S,US,20241115,20230217,20221002,4,1,V,
701MB,3859,2130001,CIRRUS DESIGN CORP,SR22,SR Series,1,2012,4,IA,3,US,20230722,20220317,20120611,4,1,V,
701MK,0170,2130010,CIRRUS DESIGN CORP,SF50,Vision Jet,1,2019,7,ND,C,US,20230930,20200127,20191212,4,5,V,
701PM,0007,2130001,CIRRUS DESIGN CORP,SR22,SR Series,1,2001,7,TX,2,US,20251208,20251208,20010328,4,1,V,
701SG,0963,2130001,CIRRUS DESIGN CORP,SR22,SR Series,1,2004,7,FL,7,US,20240924,20240924,20040604,4,1,V,
701YZ,2741,2130000,CIRRUS DESIGN CORP,SR20,SR Series,1,2021,1,FL,7,US,20251021,20251021,20210811,4,1,V,
702DS,0989,2130001,CIRRUS DESIGN CORP,SR22,SR Series,1,2004,7,TN,3,US,20230401,20080711,20040623,4,1,V,
702EC,1301,2130004,CIRRUS DESIGN CORP,SR22T,SR Series,1,2016,3,ID,S,US,20230324,20201017,20160407,4,1,V,
702FC,0018,2130001,CIRRUS DESIGN CORP,SR22,SR Series,1,2001,3,NC,1,US,20230610,20210903,20010508,4,1,V,
702GG,0125,2130010,CIRRUS DESIGN CORP,SF50,Vision Jet,1,2019,7,NV,4,US,20240903,20240307,20190619,4,5,V,
702NS,10095,2130001,CIRRUS DESIGN CORP,SR22,SR Series,1,2024,7,NV,4,US,20260421,20260421,20240719,4,1,V,
702SC,2235,2130000,CIRRUS DESIGN CORP,SR20,SR Series,1,2013,3,CA,4,US,20231105,20231105,20130918,4,1,V,
702SG,9942,2130000,CIRRUS DESIGN CORP,SR20,SR Series,1,2024,7,ND,C,US,20250627,20250627,20240508,4,1,V,
702TM,1649,2130000,CIRRUS DESIGN CORP,SR20,SR Series,1,2006,7,SC,7,US,20251109,20251109,20060419,4,1,V,
702VK,10500,2130004,CIRRUS DESIGN CORP,SR22T,SR Series,1,2025,7,TX,2,US,20250912,20250912,20250216,4,1,V,
702W,0528,2130004,CIRRUS DESIGN CORP,SR22T,SR Series,1,2013,1,AZ,4,US,20230922,20161202,20130530,4,1,V,
702WS,11570,2130000,CIRRUS DESIGN CORP,SR20,SR Series,1,,8,MN,C,US,20260501,,,4,1,M,
703DR,4166,2130001,CIRRUS DESIGN CORP,SR22,SR Series,1,2015,7,OR,S,US,20230810,20230810,20150120,4,1,V,
703EL,2038,2130004,CIRRUS DESIGN CORP,SR22T,SR Series,1,2019,7,UT,S,US,20231217,20231217,20191210,4,1,V,
703LB,11415,2130004,CIRRUS DESIGN CORP,SR22T,SR Series,1,,8,MN,C,US,20260318,,,4,1,M,
703PG,0561,2130010,CIRRUS DESIGN CORP,SF50,Vision Jet,1,2024,7,MI,C,US,20240708,20240708,20240627,4,5,V,
703RB,0180,2130010,CIRRUS DESIGN CORP,SF50,Vision Jet,1,2020,7,TN,3,US,20230122,20200319,20200210,4,5,V,
703RG,4952,2130001,CIRRUS DESIGN CORP,SR22,SR Series,1,2020,7,MT,S,US,20260625,20201223,20200930,4,1,V,
703SJ,0176,2130010,CIRRUS DESIGN CORP,SF50,Vision Jet,1,2020,7,KS,3,US,20230728,20220427,20200116,4,5,V,
703SR,10421,2130004,CIRRUS DESIGN CORP,SR22T,SR Series,1,2025,1,,,,20250327,20250327,20250118,4,1,V,
703TE,4740,2130001,CIRRUS DESIGN CORP,SR22,SR Series,1,2019,8,TN,3,US,20260702,20210218,20190110,4,1,V,
703TP,1340,2130004,CIRRUS DESIGN CORP,SR22T,SR Series,1,,7,WY,S,US,20251201,20230815,20160516,4,1,V,
704A,10527,2130000,CIRRUS DESIGN CORP,SR20,SR Series,1,2025,7,NC,1,US,20250328,20250328,20250304,4,1,V,
704CT,9633,2130004,CIRRUS DESIGN CORP,SR22T,SR Series,1,2023,7,NC,1,US,20240124,20240124,20231223,4,1,V,
704DR,3786,2130001,CIRRUS DESIGN CORP,SR22,SR Series,1,2011,7,AZ,4,US,20251105,20251105,20110818,4,1,V,
704GM,9594,2130001,CIRRUS DESIGN CORP,SR22,SR Series,1,2023,1,NC,1,US,20240115,20240115,20231207,4,1,V,
704NE,1016,2130001,CIRRUS DESIGN CORP,SR22,SR Series,1,2004,7,MA,E,US,20250515,20220815,20040726,4,1,V,
704R,2147,2130001,CIRRUS DESIGN CORP,SR22,SR Series,1,2006,7,NE,3,US,20250313,20211215,20060915,4,1,V,
704SD,8816,2130000,CIRRUS DESIGN CORP,SR20,SR Series,1,2022,1,TX,2,US,20230216,20230216,20220915,4,1,V,
704TE,1027,2130004,CIRRUS DESIGN CORP,SR22T,SR Series,1,2015,7,FL,7,US,20250905,20250905,20150427,4,1,V,
704VJ,0704,2130010,CIRRUS DESIGN CORP,SF50,Vision Jet,1,2025,7,TX,2,US,20251103,20251103,20251017,4,5,V,
705C,0418,2130001,CIRRUS DESIGN CORP,SR22,SR Series,1,2002,7,IN,C,US,20250605,20250605,20021210,4,1,V,
705CC,4350,2130001,CIRRUS DESIGN CORP,SR22,SR Series,1,2016,7,LA,2,US,20240217,20240217,20160524,4,1,V,
705CD,0005,2130001,CIRRUS DESIGN CORP,SR22,SR Series,1,,7,AL,7,US,20240307,20240307,20020613,4,1,V,
705DM,1150,2130000,CIRRUS DESIGN CORP,SR20,SR Series,1,2001,1,TN,3,US,20251130,20251130,20010923,4,1,V,
705SA,2668,2130001,CIRRUS DESIGN CORP,SR22,SR Series,1,2007,1,CO,S,US,20260529,20260529,20070830,4,1,V,
705TE,9139,2130004,CIRRUS DESIGN CORP,SR22T,SR Series,1,2023,7,OR,S,US,20251204,20251023,20251104,4,1,V,
705TS,0067,2130010,CIRRUS DESIGN CORP,SF50,Vision Jet,1,2018,3,FL,7,US,20260429,20260429,20180801,4,5,V,
706JH,10695,2130004,CIRRUS DESIGN CORP,SR22T,SR Series,1,2025,7,GA,7,US,20250724,20250724,20250524,4,1,V,
706PD,0854,2130004,CIRRUS DESIGN CORP,SR22T,SR Series,1,2014,7,FL,7,US,20250322,20200714,20140818,4,1,V,
706RF,2252,2130004,CIRRUS DESIGN CORP,SR22T,SR Series,1,2021,7,LA,2,US,20230401,20230401,20210201,4,1,V,
706RH,1690,2130000,CIRRUS DESIGN CORP,SR20,SR Series,1,2006,7,FL,7,US,20230519,20060818,20060712,4,1,V,
706TD,2182,2130004,CIRRUS DESIGN CORP,SR22T,SR Series,1,2020,7,,,,20251015,20251015,20201006,4,1,V,
707AZ,8614,2130001,CIRRUS DESIGN CORP,SR22,SR Series,1,2022,3,KS,3,US,20230628,20221223,20220427,4,1,V,
707DW,0811,2130010,CIRRUS DESIGN CORP,SF50,Vision Jet,1,,8,MN,C,US,20260520,,,4,5,M,
707EB,10965,2130004,CIRRUS DESIGN CORP,SR22T,SR Series,1,2025,7,PA,1,US,20251118,20251118,20251012,4,1,V,
707F,2002,2130004,CIRRUS DESIGN CORP,SR22T,SR Series,1,2019,3,DE,1,US,20240819,20240710,20191010,4,1,V,
707GG,2251,2130001,CIRRUS DESIGN CORP,SR22,SR Series,1,2006,7,NY,1,US,20231013,20231013,20231018,4,1,V,
707JK,9866,2130004,CIRRUS DESIGN CORP,SR22T,SR Series,1,2024,7,NC,1,US,20240607,20240607,20240331,4,1,V,
707LW,10309,2130004,CIRRUS DESIGN CORP,SR22T,SR Series,1,2024,7,AZ,4,US,20250530,20250116,20241107,4,1,V,
707PV,1063,2130004,CIRRUS DESIGN CORP,SR22T,SR Series,1,2015,7,AZ,4,US,20251031,20251031,20150811,4,1,V,
707SN,0041,2130010,CIRRUS DESIGN CORP,SF50,Vision Jet,1,2018,3,AL,7,US,20241126,20241126,20180328,4,5,V,
707SW,10889,2130001,CIRRUS DESIGN CORP,SR22,SR Series,1,2025,7,NJ,1,US,20251008,20251008,20250903,4,1,V,
707TD,1363,2130001,CIRRUS DESIGN CORP,SR22,SR Series,1,2005,7,MT,S,US,20230816,20230816,20050321,4,1,V,
707TH,0707,2130001,CIRRUS DESIGN CORP,SR22,SR Series,1,2003,7,NE,3,US,20230825,20190802,20031017,4,1,V,
707WT,1522,2130000,CIRRUS DESIGN CORP,SR20,SR Series,1,2005,7,FL,7,US,20230728,20220420,20050512,4,1,V,
707WY,1096,2130004,CIRRUS DESIGN CORP,SR22T,SR Series,1,2015,4,CO,S,US,20240328,20240320,20150722,4,1,V,
708AT,1909,2130000,CIRRUS DESIGN CORP,SR20,SR Series,1,2008,3,OK,2,US,20230616,20121004,20080215,4,1,V,
708CP,3076,2130001,CIRRUS DESIGN CORP,SR22,SR Series,1,2008,3,OK,2,US,20260205,20260205,20080623,4,1,V,
708CT,3466,2130001,CIRRUS DESIGN CORP,SR22,SR Series,1,2009,4,TN,3,US,20230804,20220523,20090717,4,1,V,
708CV,0708,2130010,CIRRUS DESIGN CORP,SF50,Vision Jet,1,2025,7,DE,1,US,20251212,20251212,20251106,4,5,V,
708ES,1856,2130001,CIRRUS DESIGN CORP,SR22,SR Series,1,2006,3,WI,C,US,20230616,20091103,20060309,4,1,V,
708MM,11396,2130004,CIRRUS DESIGN CORP,SR22T,SR Series,1,2026,8,MN,C,US,20260304,,20260512,4,1,M,
708RW,0514,2130001,CIRRUS DESIGN CORP,SR22,SR Series,1,2003,1,CA,4,US,20230603,20210804,20030414,4,1,V,
708SR,10423,2130004,CIRRUS DESIGN CORP,SR22T,SR Series,1,2025,7,OK,2,US,20250325,20250325,20250112,4,1,V,
709AR,5026,2130001,CIRRUS DESIGN CORP,SR22,SR Series,1,2021,3,MA,E,US,20230526,20210707,20210409,4,1,V,
709CD,0029,2130001,CIRRUS DESIGN CORP,SR22,SR Series,1,2001,3,DE,1,US,20230623,20121128,20010530,4,1,V,
709DC,0355,2130004,CIRRUS DESIGN CORP,SR22T,SR Series,1,2012,7,AZ,4,US,20240319,20240319,20120730,4,1,V,
709FA,3643,2130001,CIRRUS DESIGN CORP,SR22,SR Series,1,2010,7,MD,1,US,20230902,20220912,20100429,4,1,V,
709KM,3456,2130001,CIRRUS DESIGN CORP,SR22,SR Series,1,2009,7,OR,S,US,20230825,20220815,20090623,4,1,V,
709LJ,9365,2130004,CIRRUS DESIGN CORP,SR22T,SR Series,1,2023,7,WI,C,US,20231011,20231011,20230814,4,1,V,
709WM,9915,2130000,CIRRUS DESIGN CORP,SR20,SR Series,1,2024,5,MI,C,US,20240610,20240610,20240516,4,1,V,
70AC,1969,2130004,CIRRUS DESIGN CORP,SR22T,SR Series,1,2019,7,CO,S,US,20230917,20230917,20190822,4,1,V,
70AJ,11383,2130004,CIRRUS DESIGN CORP,SR22T,SR Series,1,2026,7,TX,2,US,20260730,20260730,20260503,4,1,V,
70BH,9638,2130001,CIRRUS DESIGN CORP,SR22,SR Series,1,2023,1,OK,2,US,20260516,,20231223,4,1,R,
70BP,0758,2130010,CIRRUS DESIGN CORP,SF50,Vision Jet,1,2026,7,AZ,4,US,20260708,20260708,20260410,4,5,V,
70DE,4452,2130001,CIRRUS DESIGN CORP,SR22,SR Series,1,2017,3,DE,1,US,20231205,20231205,20170222,4,1,V,
70KF,10853,2130000,CIRRUS DESIGN CORP,SR20,SR Series,1,2025,7,FL,7,US,20251024,20251024,20250816,4,1,V,
70M,0653,2130010,CIRRUS DESIGN CORP,SF50,Vision Jet,1,2025,7,IN,C,US,20251204,20250619,20250522,4,5,V,
70MM,10941,2130004,CIRRUS DESIGN CORP,SR22T,SR Series,1,2025,7,CA,4,US,20260213,20251113,20250926,4,1,V,
70MW,1188,2130001,CIRRUS DESIGN CORP,SR22,SR Series,1,2004,7,MO,3,US,20250502,20250502,20041122,4,1,V,
70PZ,1266,2130004,CIRRUS DESIGN CORP,SR22T,SR Series,1,2016,1,LA,2,US,20230623,20211119,20160301,4,1,V,
70RB,1653,2130000,CIRRUS DESIGN CORP,SR20,SR Series,1,2006,7,SC,7,US,20260213,20260213,20060518,4,1,V,
70SE,2069,2130004,CIRRUS DESIGN CORP,SR22T,SR Series,1,2020,7,MO,3,US,20230314,20230314,20200204,4,1,V,
70ST,2068,2130004,CIRRUS DESIGN CORP,SR22T,SR Series,1,2020,7,KS,3,US,20251124,20251124,20200130,4,1,V,
70TG,10102,2130004,CIRRUS DESIGN CORP,SR22T,SR Series,1,2024,3,DE,1,US,20241025,20241025,20240727,4,1,V,
70VU,11186,2130000,CIRRUS DESIGN CORP,SR20,SR Series,1,2026,5,IN,C,US,20260409,20260409,20260131,4,1,V,
710CD,0013,2130001,CIRRUS DESIGN CORP,SR22,SR Series,1,2001,1,AZ,4,US,20230930,20200129,20010428,4,1,V,
710CU,4440,2130001,CIRRUS DESIGN CORP,SR22,SR Series,1,2017,7,ND,C,US,20231010,20220115,20170130,4,1,V,
710KD,9451,2130000,CIRRUS DESIGN CORP,SR20,SR Series,1,2023,7,SC,7,US,20240207,20231107,20230919,4,1,V,
710KK,10727,2130004,CIRRUS DESIGN CORP,SR22T,SR Series,1,2025,7,CA,4,US,20250728,20250728,20250623,4,1,V,
710KT,1347,2130001,CIRRUS DESIGN CORP,SR22,SR Series,1,2005,1,FL,7,US,20230701,20211201,20050310,4,1,V,
710LM,9511,2130001,CIRRUS DESIGN CORP,SR22,SR Series,1,2023,7,WY,S,US,20260520,20231114,20231025,4,1,V,
710LP,8602,2130004,CIRRUS DESIGN CORP,SR22T,SR Series,1,2022,7,FL,7,US,20230915,20221128,20220425,4,1,V,
710MA,1451,2130004,CIRRUS DESIGN CORP,SR22T,SR Series,1,2016,7,CA,4,US,20251008,20251008,20190213,4,1,V,
710MD,1126,2130000,CIRRUS DESIGN CORP,SR20,SR Series,1,,7,SD,C,US,20250402,20250402,20010227,4,1,V,
710ND,3337,2130001,CIRRUS DESIGN CORP,SR22,SR Series,1,2008,7,FL,7,US,20230122,20110315,20081203,4,1,V,
710PC,0754,2130001,CIRRUS DESIGN CORP,SR22,SR Series,1,2003,7,MS,2,US,20230722,20220323,20031205,4,1,V,
710PG,9903,2130001,CIRRUS DESIGN CORP,SR22,SR Series,1,2024,7,TX,2,US,20240606,20240606,20240430,4,1,V,
710RJ,2240,2130004,CIRRUS DESIGN CORP,SR22T,SR Series,1,,7,UT,S,US,20250502,20250502,20210107,4,1,V,
710TS,10807,2130004,CIRRUS DESIGN CORP,SR22T,SR Series,1,2025,7,DE,1,US,20250922,20250922,20250724,4,1,V,
711BR,10595,2130004,CIRRUS DESIGN CORP,SR22T,SR Series,1,2025,7,KS,3,US,20250509,20250509,20250404,4,1,V,
711CG,1135,2130001,CIRRUS DESIGN CORP,SR22,SR Series,1,2004,4,MI,C,US,20230610,20120921,20041022,4,1,V,
711DE,2439,2130004,CIRRUS DESIGN CORP,SR22T,SR Series,1,2021,7,NV,4,US,20230722,20220319,20211110,4,1,V,
711DW,11417,2130004,CIRRUS DESIGN CORP,SR22T,SR Series,1,,8,MN,C,US,20260319,,,4,1,M,
711DZ,1084,2130000,CIRRUS DESIGN CORP,SR20,SR Series,1,,7,NC,1,US,20230825,20220831,,4,1,V,
711FF,4809,2130001,CIRRUS DESIGN CORP,SR22,SR Series,1,2019,7,NC,1,US,20250417,20250417,20190729,4,1,V,
711HQ,9936,2130004,CIRRUS DESIGN CORP,SR22T,SR Series,1,2024,7,CA,4,US,20260601,20260601,20240523,4,1,V,
711KD,5148,2130001,CIRRUS DESIGN CORP,SR22,SR Series,1,2022,7,LA,2,US,20241001,20241001,20220113,4,1,V,
711KR,4173,2130001,CIRRUS DESIGN CORP,SR22,SR Series,1,2015,7,TN,3,US,20230728,20220422,20150218,4,1,V,
711KW,10196,2130001,CIRRUS DESIGN CORP,SR22,SR Series,1,2024,3,DE,1,US,20250127,20250127,20240913,4,1,V,
711PS,0674,2130010,CIRRUS DESIGN CORP,SF50,Vision Jet,1,2025,7,TX,2,US,20260203,20250818,20250722,4,5,V,
711QT,4095,2130001,CIRRUS DESIGN CORP,SR22,SR Series,1,2014,3,CA,4,US,20230726,20230726,20140508,4,1,V,
711TC,1437,2130004,CIRRUS DESIGN CORP,SR22T,SR Series,1,2016,7,FL,7,US,20230414,20210105,20160914,4,1,V,
711XX,9242,2130001,CIRRUS DESIGN CORP,SR22,SR Series,1,2023,7,GA,7,US,20260207,20260207,20230516,4,1,V,
712AT,4518,2130001,CIRRUS DESIGN CORP,SR22,SR Series,1,2017,7,NE,3,US,20230701,20211221,20170829,4,1,V,
712BC,1808,2130004,CIRRUS DESIGN CORP,SR22T,SR Series,1,2018,7,MI,C,US,20250605,20250605,20181019,4,1,V,
712BE,0328,2130004,CIRRUS DESIGN CORP,SR22T,SR Series,1,2012,7,DE,1,US,20230722,20190323,20120531,4,1,V,
712CD,0027,2130001,CIRRUS DESIGN CORP,SR22,SR Series,1,2001,7,TX,2,US,20230509,20230509,20010531,4,1,V,
712CM,1148,2130004,CIRRUS DESIGN CORP,SR22T,SR Series,1,2015,7,MT,S,US,20230315,20230315,20150923,4,1,V,
712CV,0712,2130010,CIRRUS DESIGN CORP,SF50,Vision Jet,1,2025,7,AL,7,US,20260207,20260207,20251119,4,5,V,
712GB,0370,2130004,CIRRUS DESIGN CORP,SR22T,SR Series,1,,7,TN,3,US,20230122,20170406,,4,1,V,
712HA,8711,2130000,CIRRUS DESIGN CORP,SR20,SR Series,1,2022,7,SC,7,US,20250702,20230129,20220804,4,1,V,
712HW,2184,2130004,CIRRUS DESIGN CORP,SR22T,SR Series,1,2020,7,CO,S,US,20240516,20240516,20201007,4,1,V,
712JJ,0397,2130010,CIRRUS DESIGN CORP,SF50,Vision Jet,1,2022,7,TN,3,US,20250416,20230208,20221031,4,5,V,
712JK,0029,2130010,CIRRUS DESIGN CORP,SF50,Vision Jet,1,2017,7,NC,1,US,20230311,20230311,20171221,4,5,V,
712LF,2344,2130004,CIRRUS DESIGN CORP,SR22T,SR Series,1,2021,7,MI,C,US,20240517,20240517,20210611,4,1,V,
712LG,8803,2130004,CIRRUS DESIGN CORP,SR22T,SR Series,1,,4,AL,7,US,20251224,20251224,,4,1,V,
712MB,10711,2130001,CIRRUS DESIGN CORP,SR22,SR Series,1,2025,7,TX,2,US,20260217,20260217,20250612,4,1,V,
712RA,1933,2130001,CIRRUS DESIGN CORP,SR22,SR Series,1,2006,7,OH,C,US,20260409,20260409,20060503,4,1,V,
712RM,4946,2130001,CIRRUS DESIGN CORP,SR22,SR Series,1,2020,7,AR,2,US,20240425,20240425,20200908,4,1,V,
712RX,4902,2130001,CIRRUS DESIGN CORP,SR22,SR Series,1,2020,7,LA,2,US,20250421,20240911,20200326,4,1,V,
712SC,10574,2130001,CIRRUS DESIGN CORP,SR22,SR Series,1,2025,7,MD,1,US,20251112,20251112,20250324,4,1,V,
712TA,2737,2130000,CIRRUS DESIGN CORP,SR20,SR Series,1,2021,7,TX,2,US,20260518,20260518,20210803,4,1,V,
712VJ,0435,2130010,CIRRUS DESIGN CORP,SF50,Vision Jet,1,2023,7,SC,7,US,20250701,20230403,20230306,4,5,V,
712WP,9303,2130004,CIRRUS DESIGN CORP,SR22T,SR Series,1,2023,7,CA,4,US,20240726,20230813,20230627,4,1,V,
71357,11349,2130001,CIRRUS DESIGN CORP,SR22,SR Series,1,2026,8,MN,C,US,20260205,,20260424,4,1,M,
713CD,1642,2130001,CIRRUS DESIGN CORP,SR22,SR Series,1,2005,1,CT,E,US,20250220,20230406,20051020,4,1,V,
713CT,0457,2130004,CIRRUS DESIGN CORP,SR22T,SR Series,1,2013,3,CA,4,US,20230623,20211119,20130314,4,1,V,
713GG,3090,2130001,CIRRUS DESIGN CORP,SR22,SR Series,1,,7,TX,2,US,20230922,20191218,20080624,4,1,V,
713HL,9887,2130004,CIRRUS DESIGN CORP,SR22T,SR Series,1,2024,7,PA,1,US,20240530,20240530,20240324,4,1,V,
713JB,2297,2130004,CIRRUS DESIGN CORP,SR22T,SR Series,1,2021,1,SC,7,US,20240425,20240425,20210415,4,1,V,
713KV,10622,2130004,CIRRUS DESIGN CORP,SR22T,SR Series,1,2025,7,MS,2,US,20250529,20250529,20250429,4,1,V,
713MP,2579,2130000,CIRRUS DESIGN CORP,SR20,SR Series,1,2020,3,KS,3,US,20260604,20260604,20200617,4,1,V,
713RD,0904,2130001,CIRRUS DESIGN CORP,SR22,SR Series,1,2004,7,DE,1,US,20230707,20220110,20040427,4,1,V,
713SB,1297,2130001,CIRRUS DESIGN CORP,SR22,SR Series,1,2005,1,CA,4,US,20250318,20241216,20050203,4,1,V,
713SR,2480,2130001,CIRRUS DESIGN CORP,SR22,SR Series,1,2007,7,NY,1,US,20230825,20190819,20070509,4,1,V,
713TA,2636,2130000,CIRRUS DESIGN CORP,SR20,SR Series,1,2020,7,WI,C,US,20260718,20260718,20201117,4,1,V,
713TL,0821,2130010,CIRRUS DESIGN CORP,SF50,Vision Jet,1,,8,MN,C,US,20260317,,,4,5,M,
713TR,10910,2130004,CIRRUS DESIGN CORP,SR22T,SR Series,1,2025,7,TX,2,US,20251104,20251104,20250906,4,1,V,
714FT,2141,2130004,CIRRUS DESIGN CORP,SR22T,SR Series,1,2020,7,IL,C,US,20250519,20200923,20200723,4,1,V,
714GM,2469,2130000,CIRRUS DESIGN CORP,SR20,SR Series,1,2019,7,TN,3,US,20231130,20231130,20190204,4,1,V,
714VU,0534,2130004,CIRRUS DESIGN CORP,SR22T,SR Series,1,2013,3,DE,1,US,20230722,20190304,20130611,4,1,V,
715AH,1170,2130004,CIRRUS DESIGN CORP,SR22T,SR Series,1,2015,1,NY,1,US,20250505,20250505,20151026,4,1,V,
715CD,0016,2130001,CIRRUS DESIGN CORP,SR22,SR Series,1,2001,1,,,,20230811,20190604,20010507,4,1,V,
715CH,2102,2130004,CIRRUS DESIGN CORP,SR22T,SR Series,1,2020,1,NY,1,US,20250612,20250612,20200402,4,1,V,
715CR,4948,2130001,CIRRUS DESIGN CORP,SR22,SR Series,1,2020,7,FL,7,US,20230519,20210629,20200911,4,1,V,
715DJ,0512,2130010,CIRRUS DESIGN CORP,SF50,Vision Jet,1,2023,1,PA,1,US,20240118,20240118,20231219,4,5,V,
715EM,10917,2130001,CIRRUS DESIGN CORP,SR22,SR Series,1,2025,7,IL,C,US,20250919,20250919,20250907,4,1,V,
715JG,11312,2130001,CIRRUS DESIGN CORP,SR22,SR Series,1,2026,7,NJ,1,US,20260701,20260701,20260411,4,1,V,
715JN,3958,2130001,CIRRUS DESIGN CORP,SR22,SR Series,1,2013,4,VA,1,US,20230505,20210429,20130626,4,1,V,
715JP,4549,2130001,CIRRUS DESIGN CORP,SR22,SR Series,1,2017,7,MD,1,US,20240918,20240918,20171030,4,1,V,
715JV,0637,2130004,CIRRUS DESIGN CORP,SR22T,SR Series,1,2013,4,CO,S,US,20250616,20250616,20131101,4,1,V,
715KW,1048,2130004,CIRRUS DESIGN CORP,SR22T,SR Series,1,2015,3,FL,7,US,20230519,20150619,20150520,4,1,V,
715LP,4411,2130001,CIRRUS DESIGN CORP,SR22,SR Series,1,2016,7,FL,7,US,20260302,20221209,20161027,4,1,V,
715MH,4140,2130001,CIRRUS DESIGN CORP,SR22,SR Series,1,,1,CA,4,US,20230519,20210603,20141023,4,1,V,
715MJ,9565,2130004,CIRRUS DESIGN CORP,SR22T,SR Series,1,2023,3,UT,S,US,20250820,20250820,20231118,4,1,V,
715ML,10573,2130000,CIRRUS DESIGN CORP,SR20,SR Series,1,2025,7,CA,4,US,20250510,20250510,20250325,4,1,V,
715PT,8909,2130004,CIRRUS DESIGN CORP,SR22T,SR Series,1,2022,7,FL,7,US,20230315,20230315,20221123,4,1,V,
715RL,1141,2130001,CIRRUS DESIGN CORP,SR22,SR Series,1,2004,7,OH,C,US,20230701,20211207,20041026,4,1,V,
715SR,2284,2130001,CIRRUS DESIGN CORP,SR22,SR Series,1,2006,3,,8,GB,20230201,20230201,20061211,4,1,V,
715SV,8970,2130004,CIRRUS DESIGN CORP,SR22T,SR Series,1,2022,1,WA,S,US,20250813,20250813,20221209,4,1,V,
715TA,2742,2130000,CIRRUS DESIGN CORP,SR20,SR Series,1,2021,7,MA,E,US,20251007,20251007,20210812,4,1,V,
715WT,1974,2130001,CIRRUS DESIGN CORP,SR22,SR Series,1,2006,7,WY,S,US,20230622,20230622,20230719,4,1,V,
715YA,4853,2130001,CIRRUS DESIGN CORP,SR22,SR Series,1,2019,7,KS,3,US,20240617,20240107,20191105,4,1,V,
715YJ,11345,2130001,CIRRUS DESIGN CORP,SR22,SR Series,1,2026,7,OH,C,US,20260718,20260718,20260423,4,1,V,
7166L,0750,2130010,CIRRUS DESIGN CORP,SF50,Vision Jet,1,2026,4,MI,C,US,20260512,20260512,20260319,4,5,V,
716BL,1314,2130001,CIRRUS DESIGN CORP,SR22,SR Series,1,2005,7,NC,1,US,20230310,20140819,20050215,4,1,V,
716BS,4869,2130001,CIRRUS DESIGN CORP,SR22,SR Series,1,2019,7,WV,1,US,20250616,20250616,20191218,4,1,V,
716CD,0039,2130001,CIRRUS DESIGN CORP,SR22,SR Series,1,2001,3,IN,C,US,20230122,20170623,20010615,4,1,V,
716CV,0716,2130010,CIRRUS DESIGN CORP,SF50,Vision Jet,1,2025,7,OH,C,US,20260214,20260214,20251212,4,5,V,
716DR,0272,2130001,CIRRUS DESIGN CORP,SR22,SR Series,1,2002,7,FL,7,US,20240913,20240913,20020722,4,1,V,
716JD,1598,2130001,CIRRUS DESIGN CORP,SR22,SR Series,1,2005,1,MA,E,US,20230811,20190617,20050907,4,1,V,
716KP,1075,2130001,CIRRUS DESIGN CORP,SR22,SR Series,1,2004,7,MO,3,US,20230804,20190513,20040908,4,1,V,
716KT,8536,2130004,CIRRUS DESIGN CORP,SR22T,SR Series,1,2022,7,CA,4,US,20230902,20220908,20220210,4,1,V,
716PV,10236,2130001,CIRRUS DESIGN CORP,SR22,SR Series,1,2024,7,VA,1,US,20241029,20241029,20241002,4,1,V,
716W,9401,2130000,CIRRUS DESIGN CORP,SR20,SR Series,1,2023,7,MS,2,US,20231014,20231014,20230823,4,1,V,
716WT,1703,2130004,CIRRUS DESIGN CORP,SR22T,SR Series,1,2018,7,MT,S,US,20260319,20251007,20180406,4,1,V,
716XX,11336,2130000,CIRRUS DESIGN CORP,SR20,SR Series,1,2026,7,TX,2,US,20260730,20260730,20260415,4,1,V,
7171X,0838,2130001,CIRRUS DESIGN CORP,SR22,SR Series,1,2004,3,DE,1,US,20230909,20080228,20040318,4,1,V,
717AA,1710,2130004,CIRRUS DESIGN CORP,SR22T,SR Series,1,2018,7,MT,S,US,20250327,20250317,20180418,4,1,V,
717AF,8841,2130004,CIRRUS DESIGN CORP,SR22T,SR Series,1,2022,7,CA,4,US,20251225,20251225,20220929,4,1,V,
717AG,1792,2130000,CIRRUS DESIGN CORP,SR20,SR Series,1,2007,7,PA,1,US,20230428,20120305,20070324,4,1,V,
717AH,3894,2130001,CIRRUS DESIGN CORP,SR22,SR Series,1,2012,7,GA,7,US,20260228,20210715,20121109,4,1,V,
717AP,3289,2130001,CIRRUS DESIGN CORP,SR22,SR Series,1,2008,7,OH,C,US,20250123,20250123,20081001,4,1,V,
717BE,11324,2130004,CIRRUS DESIGN CORP,SR22T,SR Series,1,2026,7,GA,7,US,20260628,20260628,20260407,4,1,V,
717BG,4548,2130001,CIRRUS DESIGN CORP,SR22,SR Series,1,2017,7,FL,7,US,20251220,20230426,20171026,4,1,V,
717BW,1518,2130004,CIRRUS DESIGN CORP,SR22T,SR Series,1,2017,7,TX,2,US,20250313,20250313,20170517,4,1,V,
717DF,3605,2130001,CIRRUS DESIGN CORP,SR22,SR Series,1,2010,8,NY,1,US,20230616,20181023,20100121,4,1,V,
717DM,1134,2130004,CIRRUS DESIGN CORP,SR22T,SR Series,1,2015,3,PA,1,US,20230616,20151006,20150910,4,1,V,
717EG,0704,2130001,CIRRUS DESIGN CORP,SR22,SR Series,1,,3,AL,7,US,20230804,20190517,,4,1,V,
717F,11622,2130004,CIRRUS DESIGN CORP,SR22T,SR Series,1,,8,MN,C,US,20260605,,,4,1,M,
717GG,1817,2130004,CIRRUS DESIGN CORP,SR22T,SR Series,1,2018,7,ID,S,US,20230707,20190108,20181106,4,1,V,
717GW,10496,2130004,CIRRUS DESIGN CORP,SR22T,SR Series,1,2025,7,OR,S,US,20250317,20250317,20250226,4,1,V,
717HS,1717,2130004,CIRRUS DESIGN CORP,SR22T,SR Series,1,2018,3,DE,1,US,20230407,20201223,20180508,4,1,V,
717JB,2128,2130001,CIRRUS DESIGN CORP,SR22,SR Series,1,,3,FL,7,US,20231229,20231229,20090519,4,1,V,
717JK,8869,2130004,CIRRUS DESIGN CORP,SR22T,SR Series,1,2022,7,NC,1,US,20251017,20251017,20221020,4,1,V,
717KG,9518,2130004,CIRRUS DESIGN CORP,SR22T,SR Series,1,2023,7,MN,C,US,20231222,20231222,20231111,4,1,V,
717KK,10123,2130004,CIRRUS DESIGN CORP,SR22T,SR Series,1,2024,7,FL,7,US,20241029,20241029,20240829,4,1,V,
717LK,0755,2130010,CIRRUS DESIGN CORP,SF50,Vision Jet,1,2026,7,CO,S,US,20260706,20260706,20260330,4,5,V,
717MD,9389,2130004,CIRRUS DESIGN CORP,SR22T,SR Series,1,2023,4,FL,7,US,20231014,20231014,20230813,4,1,V,
717MS,1698,2130004,CIRRUS DESIGN CORP,SR22T,SR Series,1,2018,7,AZ,4,US,20231030,20231030,20180319,4,1,V,
717PG,1711,2130001,CIRRUS DESIGN CORP,SR22,SR Series,1,2005,7,SC,7,US,20240418,20211106,20051202,4,1,V,
717PT,8592,2130004,CIRRUS DESIGN CORP,SR22T,SR Series,1,2022,7,TX,2,US,20230821,20230821,20220405,4,1,V,
717SH,2057,2130000,CIRRUS DESIGN CORP,SR20,SR Series,1,2010,7,MO,3,US,20230407,20141208,20100616,4,1,V,
717SN,1254,2130004,CIRRUS DESIGN CORP,SR22T,SR Series,1,2016,7,CO,S,US,20250108,20201207,20160211,4,1,V,
717SU,0969,2130001,CIRRUS DESIGN CORP,SR22,SR Series,1,2004,7,CA,4,US,20230902,20220903,20040611,4,1,V,
717VH,0019,2130010,CIRRUS DESIGN CORP,SF50,Vision Jet,1,2017,7,TX,2,US,20260611,20260611,20170918,4,5,V,
717VM,2364,2130001,CIRRUS DESIGN CORP,SR22,SR Series,1,2007,7,FL,7,US,20230310,20100616,20070213,4,1,V,
717VZ,2146,2130004,CIRRUS DESIGN CORP,SR22T,SR Series,1,2020,1,NC,1,US,20230324,20201016,20200730,4,1,V,
717WH,1201,2130001,CIRRUS DESIGN CORP,SR22,SR Series,1,2004,7,MS,2,US,20250611,20250611,20041130,4,1,V,
717WM,9955,2130000,CIRRUS DESIGN CORP,SR20,SR Series,1,2024,5,MI,C,US,20240709,20240709,20240605,4,1,V,
717WT,11609,2130004,CIRRUS DESIGN CORP,SR22T,SR Series,1,,8,MN,C,US,20260618,,,4,1,M,
717Z,9520,2130001,CIRRUS DESIGN CORP,SR22,SR Series,1,2023,7,PA,1,US,20260114,20231227,20231025,4,1,V,
717ZT,0888,2130004,CIRRUS DESIGN CORP,SR22T,SR Series,1,2014,7,TX,2,US,20230407,20141203,20141007,4,1,V,
7182N,2438,2130000,CIRRUS DESIGN CORP,SR20,SR Series,1,2018,7,OH,C,US,20230519,20180614,20180426,4,1,V,
718AJ,4830,2130001,CIRRUS DESIGN CORP,SR22,SR Series,1,2019,7,FL,7,US,20240531,20240531,20191003,4,1,V,
718BL,4624,2130001,CIRRUS DESIGN CORP,SR22,SR Series,1,2018,7,SC,7,US,20230526,20180731,20180328,4,1,V,
718BP,0609,2130004,CIRRUS DESIGN CORP,SR22T,SR Series,1,2013,7,CA,4,US,20240509,20131119,20130927,4,1,V,
718CL,4818,2130001,CIRRUS DESIGN CORP,SR22,SR Series,1,2019,7,NE,3,US,20230930,20230107,20190903,4,1,V,
718DE,0950,2130004,CIRRUS DESIGN CORP,SR22T,SR Series,1,2014,7,TX,2,US,20250225,20250225,20141230,4,1,V,
718EM,1806,2130004,CIRRUS DESIGN CORP,SR22T,SR Series,1,2018,7,TN,3,US,20230608,20230608,20181010,4,1,V,
718JB,0657,2130004,CIRRUS DESIGN CORP,SR22T,SR Series,1,2014,7,MN,C,US,20230707,20190116,20140417,4,1,V,
718SA,2458,2130004,CIRRUS DESIGN CORP,SR22T,SR Series,1,2021,7,NV,4,US,20260306,20220428,20211201,4,1,V,
718SB,1578,2130004,CIRRUS DESIGN CORP,SR22T,SR Series,1,2017,7,FL,7,US,20260103,20210819,20170808,4,1,V,
718SG,11313,2130004,CIRRUS DESIGN CORP,SR22T,SR Series,1,2026,8,MN,C,US,20260202,,20260416,4,1,M,
718SP,4185,2130001,CIRRUS DESIGN CORP,SR22,SR Series,1,2015,7,OK,2,US,20260713,20260713,20150326,4,1,V,
718SR,2252,2130001,CIRRUS DESIGN CORP,SR22,SR Series,1,2006,7,OH,C,US,20230811,20230811,20061127,4,1,V,
718ST,9487,2130000,CIRRUS DESIGN CORP,SR20,SR Series,1,2023,4,FL,7,US,20231201,20231201,20231011,4,1,V,
718TA,2746,2130000,CIRRUS DESIGN CORP,SR20,SR Series,1,2021,7,TX,2,US,20260209,20211202,20210901,4,1,V,
718TL,4103,2130001,CIRRUS DESIGN CORP,SR22,SR Series,1,2014,7,FL,7,US,20230122,20170317,20140714,4,1,V,
7199C,11665,2130000,CIRRUS DESIGN CORP,SR20,SR Series,1,,8,MN,C,US,20260804,,,4,1,M,
719CM,2239,2130000,CIRRUS DESIGN CORP,SR20,SR Series,1,2013,7,FL,7,US,20250429,20250429,20131121,4,1,V,
719CS,3832,2130001,CIRRUS DESIGN CORP,SR22,SR Series,1,2012,1,ME,E,US,20230512,20120504,20120131,4,1,V,
719DC,2069,2130001,CIRRUS DESIGN CORP,SR22,SR Series,1,2006,1,MA,E,US,20230407,20201215,20060802,4,1,V,
719ED,2758,2130001,CIRRUS DESIGN CORP,SR22,SR Series,1,2007,4,NE,3,US,20231204,20231204,20071023,4,1,V,
719JD,0470,2130004,CIRRUS DESIGN CORP,SR22T,SR Series,1,,7,MT,S,US,20230617,20221112,20130321,4,1,V,
719KS,8989,2130004,CIRRUS DESIGN CORP,SR22T,SR Series,1,2022,7,CO,S,US,20251031,20250710,20221216,4,1,V,
719LL,1421,2130004,CIRRUS DESIGN CORP,SR22T,SR Series,1,2016,1,OR,S,US,20240404,20240404,20160822,4,1,V,
719LM,0590,2130001,CIRRUS DESIGN CORP,SR22,SR Series,1,,1,VA,1,US,20230930,20200103,20030618,4,1,V,
719LP,1000,2130004,CIRRUS DESIGN CORP,SR22T,SR Series,1,2015,7,WV,1,US,20240708,20240708,20150330,4,1,V,
719PP,11700,2130000,CIRRUS DESIGN CORP,SR20,SR Series,1,,8,MN,C,US,20260813,,,4,1,M,
719RK,11114,2130004,CIRRUS DESIGN CORP,SR22T,SR Series,1,2026,7,VA,1,US,20260301,20260301,20260106,4,1,V,
719SR,2269,2130001,CIRRUS DESIGN CORP,SR22,SR Series,1,2006,3,OK,2,US,20260105,20161223,20061211,4,1,V,
719TA,9964,2130000,CIRRUS DESIGN CORP,SR20,SR Series,1,2024,7,TX,2,US,20251028,20251028,20240523,4,1,V,
719TM,11500,2130001,CIRRUS DESIGN CORP,SR22,SR Series,1,,8,MN,C,US,20260416,,,4,1,M,
719TS,0327,2130004,CIRRUS DESIGN CORP,SR22T,SR Series,1,2012,2,CA,4,US,20230304,20140729,20120525,4,1,V,
71AB,0341,2130010,CIRRUS DESIGN CORP,SF50,Vision Jet,1,2022,7,MN,C,US,20230902,20220916,20220308,4,5,V,
71CV,4976,2130001,CIRRUS DESIGN CORP,SR22,SR Series,1,2020,7,FL,7,US,20230421,20210210,20201124,4,1,V,
71GV,10081,2130001,CIRRUS DESIGN CORP,SR22,SR Series,1,,3,IA,3,US,20240824,20240824,,4,1,V,
71JB,8838,2130004,CIRRUS DESIGN CORP,SR22T,SR Series,1,2022,7,ME,E,US,20240526,20240526,20220912,4,1,V,
71KD,0433,2130010,CIRRUS DESIGN CORP,SF50,Vision Jet,1,2023,4,MD,1,US,20230410,20230410,20230303,4,5,V,
71NP,0375,2130010,CIRRUS DESIGN CORP,SF50,Vision Jet,1,2022,7,OR,S,US,20250602,20240816,20220811,4,5,V,
71PE,10150,2130001,CIRRUS DESIGN CORP,SR22,SR Series,1,2024,7,TX,2,US,20240923,20240923,20240817,4,1,V,
71PF,4722,2130001,CIRRUS DESIGN CORP,SR22,SR Series,1,2018,7,NY,1,US,20230707,20190128,20181114,4,1,V,
71RF,2226,2130004,CIRRUS DESIGN CORP,SR22T,SR Series,1,2020,7,TX,2,US,20250731,20250731,20201217,4,1,V,
71TW,1455,2130001,CIRRUS DESIGN CORP,SR22,SR Series,1,2005,7,DE,1,US,20230902,20100204,20050525,4,1,V,
71TZ,10512,2130001,CIRRUS DESIGN CORP,SR22,SR Series,1,2025,4,MO,3,US,20250319,20250319,20250227,4,1,V,
71UK,1002,2130004,CIRRUS DESIGN CORP,SR22T,SR Series,1,2015,3,DE,1,US,20260120,20260120,20150319,4,1,V,
71UM,8671,2130000,CIRRUS DESIGN CORP,SR20,SR Series,1,2022,5,ME,E,US,20260505,20221226,20220612,4,1,V,
71VU,11188,2130000,CIRRUS DESIGN CORP,SR20,SR Series,1,2026,5,IN,C,US,20260409,20260409,20260202,4,1,V,
71WG,9071,2130004,CIRRUS DESIGN CORP,SR22T,SR Series,1,2023,7,DE,1,US,20251129,20251129,20230228,4,1,V,
71YP,11183,2130000,CIRRUS DESIGN CORP,SR20,SR Series,1,2026,7,GA,7,US,20260430,20260430,20260215,4,1,V,
720CD,0010,2130001,CIRRUS DESIGN CORP,SR22,SR Series,1,2001,7,IN,C,US,20231107,20231107,20010426,4,1,V,
720CG,9755,2130000,CIRRUS DESIGN CORP,SR20,SR Series,1,2023,7,NJ,1,US,20240117,20240117,20231213,4,1,V,
720CT,3666,2130001,CIRRUS DESIGN CORP,SR22,SR Series,1,2010,7,FL,7,US,20240521,20170608,20101012,4,1,V,
720DG,1174,2130000,CIRRUS DESIGN CORP,SR20,SR Series,1,2002,1,FL,7,US,20241002,20240614,20020115,4,1,V,
720EA,10430,2130004,CIRRUS DESIGN CORP,SR22T,SR Series,1,2025,8,MN,C,US,20250624,20250624,20250603,4,1,V,
720EC,1218,2130001,CIRRUS DESIGN CORP,SR22,SR Series,1,2004,7,ME,E,US,20230825,20050202,20041214,4,1,V,
720FA,1869,2130000,CIRRUS DESIGN CORP,SR20,SR Series,1,2007,1,,,,20251123,20230217,20140818,4,1,V,
720JD,1798,2130004,CIRRUS DESIGN CORP,SR22T,SR Series,1,2018,7,MD,1,US,20240606,20240604,20181001,4,1,V,
720JF,9068,2130004,CIRRUS DESIGN CORP,SR22T,SR Series,1,2023,7,MO,3,US,20230517,20230517,20230222,4,1,V,
720JM,1984,2130004,CIRRUS DESIGN CORP,SR22T,SR Series,1,2019,7,GA,7,US,20231212,20231212,20190916,4,1,V,
720LT,1059,2130001,CIRRUS DESIGN CORP,SR22,SR Series,1,2004,1,WY,S,US,20230902,20220930,20040831,4,1,V,
720P,0617,2130001,CIRRUS DESIGN CORP,SR22,SR Series,1,,1,FL,7,US,20230610,20180927,20030714,4,1,V,
720RJ,9828,2130001,CIRRUS DESIGN CORP,SR22,SR Series,1,2024,7,,,,20240419,20240419,20240316,4,1,V,
720RL,2125,2130004,CIRRUS DESIGN CORP,SR22T,SR Series,1,2020,7,CA,4,US,20230214,20230214,20200622,4,1,V,
720ST,10888,2130004,CIRRUS DESIGN CORP,SR22T,SR Series,1,2025,7,UT,S,US,20251008,20251008,20250825,4,1,V,
720TD,4817,2130001,CIRRUS DESIGN CORP,SR22,SR Series,1,2019,7,IL,C,US,20230902,20190924,20190823,4,1,V,
720TX,1564,2130000,CIRRUS DESIGN CORP,SR20,SR Series,1,2005,7,TX,2,US,20260526,20260526,20050916,4,1,V,
720WM,9956,2130000,CIRRUS DESIGN CORP,SR20,SR Series,1,2024,5,MI,C,US,20240709,20240709,20240531,4,1,V,
720X,3813,2130001,CIRRUS DESIGN CORP,SR22,SR Series,1,2011,7,FL,7,US,20260121,20191230,20111117,4,1,V,
7212S,0562,2130010,CIRRUS DESIGN CORP,SF50,Vision Jet,1,2024,7,TN,3,US,20240724,20240724,20240709,4,5,V,
721AP,3069,2130001,CIRRUS DESIGN CORP,SR22,SR Series,1,2008,7,CO,S,US,20260803,20120320,20080617,4,1,V,
721AT,0927,2130004,CIRRUS DESIGN CORP,SR22T,SR Series,1,2014,4,OH,C,US,20230923,20230923,20141121,4,1,V,
721BT,3562,2130001,CIRRUS DESIGN CORP,SR22,SR Series,1,2009,3,FL,7,US,20230718,20160205,20091030,4,1,V,
721CA,2452,2130004,CIRRUS DESIGN CORP,SR22T,SR Series,1,2021,7,TX,2,US,20240621,20240621,20211026,4,1,V,
721CD,2422,2130004,CIRRUS DESIGN CORP,SR22T,SR Series,1,2021,7,WA,S,US,20251016,20251016,20211022,4,1,V,
721KK,0193,2130004,CIRRUS DESIGN CORP,SR22T,SR Series,1,2011,7,CA,4,US,20230811,20190603,20110915,4,1,V,
721KM,0801,2130004,CIRRUS DESIGN CORP,SR22T,SR Series,1,2014,7,TX,2,US,20260518,20260518,20140610,4,1,V,
721KT,9534,2130004,CIRRUS DESIGN CORP,SR22T,SR Series,1,2023,7,AR,2,US,20240117,20240117,20231103,4,1,V,
721KW,9253,2130001,CIRRUS DESIGN CORP,SR22,SR Series,1,2023,7,TX,2,US,20230828,20230823,20230516,4,1,V,
721LM,2024,2130004,CIRRUS DESIGN CORP,SR22T,SR Series,1,2019,7,MT,S,US,20251214,20251214,20191113,4,1,V,
721LN,11103,2130004,CIRRUS DESIGN CORP,SR22T,SR Series,1,2026,3,NJ,1,US,20260303,20260303,20260104,4,1,V,
721PJ,9929,2130004,CIRRUS DESIGN CORP,SR22T,SR Series,1,2024,7,NY,1,US,20240605,20240605,20240522,4,1,V,
721PS,2743,2130000,CIRRUS DESIGN CORP,SR20,SR Series,1,2021,3,MS,2,US,20230623,20211108,20210811,4,1,V,
721SH,0472,2130004,CIRRUS DESIGN CORP,SR22T,SR Series,1,2013,7,DE,1,US,20250904,20250904,20130315,4,1,V,
721TA,8766,2130000,CIRRUS DESIGN CORP,SR20,SR Series,1,2022,7,TX,2,US,20230202,20230202,20220812,4,1,V,
721TJ,0681,2130004,CIRRUS DESIGN CORP,SR22T,SR Series,1,2013,7,WY,S,US,20230122,20170323,20131224,4,1,V,
721TP,11306,2130000,CIRRUS DESIGN CORP,SR20,SR Series,1,2026,7,CA,4,US,20260617,20260617,20260330,4,1,V,
721VC,0361,2130001,CIRRUS DESIGN CORP,SR22,SR Series,1,2002,3,,8,GB,20260609,20260609,20021101,4,1,V,
721WT,4944,2130001,CIRRUS DESIGN CORP,SR22,SR Series,1,2020,7,DE,1,US,20240404,20240404,20200903,4,1,V,
722AF,0024,2130004,CIRRUS DESIGN CORP,SR22T,SR Series,1,2010,1,IL,C,US,20230909,20101019,20100815,4,1,V,
722AM,2526,2130001,CIRRUS DESIGN CORP,SR22,SR Series,1,2007,1,GA,7,US,20240131,20240131,20070604,4,1,V,
722AP,0050,2130010,CIRRUS DESIGN CORP,SF50,Vision Jet,1,2018,7,TN,3,US,20240221,20230317,20180515,4,5,V,
722BJ,1043,2130001,CIRRUS DESIGN CORP,SR22,SR Series,1,2004,7,NC,1,US,20230505,20040928,20040809,4,1,V,
722BW,11604,2130004,CIRRUS DESIGN CORP,SR22T,SR Series,1,,8,MN,C,US,20260615,,,4,1,M,
722C,1782,2130004,CIRRUS DESIGN CORP,SR22T,SR Series,1,2018,7,MT,S,US,20250606,20250606,20180911,4,1,V,
722CT,0866,2130004,CIRRUS DESIGN CORP,SR22T,SR Series,1,2014,7,NE,3,US,20260324,20220127,20140909,4,1,V,
722DH,11719,2130001,CIRRUS DESIGN CORP,SR22,SR Series,1,,8,MN,C,US,20260811,,,4,1,M,
722FB,4043,2130001,CIRRUS DESIGN CORP,SR22,SR Series,1,2014,7,LA,2,US,20230623,20211105,20140131,4,1,V,
722MT,9039,2130001,CIRRUS DESIGN CORP,SR22,SR Series,1,2023,7,WY,S,US,20260521,20230209,20230128,4,1,V,
722NC,1731,2130000,CIRRUS DESIGN CORP,SR20,SR Series,1,2006,7,MO,3,US,20230825,20220809,20061017,4,1,V,
722NG,0363,2130004,CIRRUS DESIGN CORP,SR22T,SR Series,1,2012,7,AR,2,US,20250919,20250919,20120815,4,1,V,
722PB,0722,2130001,CIRRUS DESIGN CORP,SR22,SR Series,1,2003,7,WI,C,US,20260807,20260807,20031024,4,1,V,
722PL,10431,2130001,CIRRUS DESIGN CORP,SR22,SR Series,1,2025,8,MN,C,US,20260428,20260428,20251223,4,1,V,
722RD,1558,2130001,CIRRUS DESIGN CORP,SR22,SR Series,1,2005,7,LA,2,US,20260729,20260505,20050808,4,1,V,
722RF,8846,2130004,CIRRUS DESIGN CORP,SR22T,SR Series,1,2022,7,MI,C,US,20230216,20230216,20220928,4,1,V,
722SC,1776,2130001,CIRRUS DESIGN CORP,SR22,SR Series,1,2006,1,MA,E,US,20230310,20140812,20060123,4,1,V,
722SH,1597,2130004,CIRRUS DESIGN CORP,SR22T,SR Series,1,,7,MI,C,US,20231208,20231208,20170831,4,1,V,
722SL,0670,2130004,CIRRUS DESIGN CORP,SR22T,SR Series,1,2013,1,CA,4,US,20230929,20230103,20131213,4,1,V,
722SR,1952,2130001,CIRRUS DESIGN CORP,SR22,SR Series,1,2006,7,DE,1,US,20230615,20230301,20060518,4,1,V,
722VP,2300,2130001,CIRRUS DESIGN CORP,SR22,SR Series,1,2006,7,WY,S,US,20260521,20220829,20061221,4,1,V,
722WD,8582,2130004,CIRRUS DESIGN CORP,SR22T,SR Series,1,2022,7,CO,S,US,20260118,20260118,20220322,4,1,V,
723CE,1721,2130004,CIRRUS DESIGN CORP,SR22T,SR Series,1,2018,7,TX,2,US,20250219,20250219,20180515,4,1,V,
723CP,1216,2130001,CIRRUS DESIGN CORP,SR22,SR Series,1,2004,1,WA,S,US,20230825,20050119,20041211,4,1,V,
723DA,9593,2130000,CIRRUS DESIGN CORP,SR20,SR Series,1,2023,7,NC,1,US,20250512,20250512,20231127,4,1,V,
723EB,1387,2130000,CIRRUS DESIGN CORP,SR20,SR Series,1,2004,4,NC,1,US,20230603,20120828,20040116,4,1,V,
723GT,2308,2130001,CIRRUS DESIGN CORP,SR22,SR Series,1,2007,7,FL,7,US,20230722,20220302,20220426,4,1,V,
723HP,0130,2130001,CIRRUS DESIGN CORP,SR22,SR Series,1,2001,7,FL,7,US,20250417,20250417,20011217,4,1,V,
723JK,1342,2130004,CIRRUS DESIGN CORP,SR22T,SR Series,1,2016,7,DE,1,US,20260201,20210720,20160603,4,1,V,
723MA,8901,2130004,CIRRUS DESIGN CORP,SR22T,SR Series,1,2022,7,ND,C,US,20230303,20230303,20221104,4,1,V,
723PL,10914,2130001,CIRRUS DESIGN CORP,SR22,SR Series,1,2025,7,LA,2,US,20251216,20251027,20250911,4,1,V,
723SD,1822,2130001,CIRRUS DESIGN CORP,SR22,SR Series,1,2006,7,OH,C,US,20230421,20180207,20060217,4,1,V,
723TM,3012,2130001,CIRRUS DESIGN CORP,SR22,SR Series,1,2008,7,CO,S,US,20230207,20221222,20080430,4,1,V,
723WM,0262,2130004,CIRRUS DESIGN CORP,SR22T,SR Series,1,2011,1,NY,1,US,20230804,20190510,20111227,4,1,V,
724CD,0070,2130001,CIRRUS DESIGN CORP,SR22,SR Series,1,2001,1,TX,2,US,20250307,20250307,20010731,4,1,V,
724CM,1557,2130001,CIRRUS DESIGN CORP,SR22,SR Series,1,2005,7,AL,7,US,20230505,20210429,20050808,4,1,V,
724DA,9596,2130000,CIRRUS DESIGN CORP,SR20,SR Series,1,2023,7,NC,1,US,20250611,20250611,20231202,4,1,V,
724DE,1140,2130001,CIRRUS DESIGN CORP,SR22,SR Series,1,2004,7,OR,S,US,20230707,20091202,20041025,4,1,V,
724JT,11162,2130000,CIRRUS DESIGN CORP,SR20,SR Series,1,2026,7,CT,E,US,20260408,20260408,20260126,4,1,V,
724KG,0800,2130004,CIRRUS DESIGN CORP,SR22T,SR Series,1,2014,7,UT,S,US,20230728,20220409,20140617,4,1,V,
724LD,0282,2130010,CIRRUS DESIGN CORP,SF50,Vision Jet,1,2021,7,DE,1,US,20260319,20231210,20210730,4,5,V,
724LL,9011,2130004,CIRRUS DESIGN CORP,SR22T,SR Series,1,2022,7,KS,3,US,20230329,20230329,20221227,4,1,V,
724RS,0540,2130010,CIRRUS DESIGN CORP,SF50,Vision Jet,1,2024,7,FL,7,US,20250701,20240403,20240328,4,5,V,
724SR,2167,2130001,CIRRUS DESIGN CORP,SR22,SR Series,1,2006,7,VA,1,US,20230310,20170803,20061004,4,1,V,
724TT,2218,2130000,CIRRUS DESIGN CORP,SR20,SR Series,1,2012,7,CA,4,US,20230811,20220616,20121212,4,1,V,
7258G,10096,2130001,CIRRUS DESIGN CORP,SR22,SR Series,1,2024,7,PA,1,US,20260409,20260409,20240723,4,1,V,
725AA,10669,2130001,CIRRUS DESIGN CORP,SR22,SR Series,1,2025,7,DE,1,US,20251125,20251125,20250517,4,1,V,
725AK,2270,2130004,CIRRUS DESIGN CORP,SR22T,SR Series,1,2021,7,KY,3,US,20251015,20251015,20210223,4,1,V,
725CD,0071,2130001,CIRRUS DESIGN CORP,SR22,SR Series,1,2001,1,GA,7,US,20250625,20250625,20080912,4,1,V,
725CP,3352,2130001,CIRRUS DESIGN CORP,SR22,SR Series,1,2008,1,FL,7,US,20230929,20230113,20081231,4,1,V,
725CR,1120,2130004,CIRRUS DESIGN CORP,SR22T,SR Series,1,2015,1,IN,C,US,20231022,20231022,20150820,4,1,V,
725DC,9002,2130004,CIRRUS DESIGN CORP,SR22T,SR Series,1,2022,7,MT,S,US,20230330,20230330,20221223,4,1,V,
725EB,4333,2130001,CIRRUS DESIGN CORP,SR22,SR Series,1,2016,7,IL,C,US,20250727,20250727,20160418,4,1,V,
725EL,9985,2130004,CIRRUS DESIGN CORP,SR22T,SR Series,1,2024,3,DE,1,US,20240708,20240708,20240601,4,1,V,
725KL,0079,2130004,CIRRUS DESIGN CORP,SR22T,SR Series,1,2011,7,PA,1,US,20230707,20190114,20110131,4,1,V,
725LK,0668,2130001,CIRRUS DESIGN CORP,SR22,SR Series,1,2003,7,MN,C,US,20230428,20120312,20030904,4,1,V,
725LX,0836,2130010,CIRRUS DESIGN CORP,SF50,Vision Jet,1,,8,MN,C,US,20260728,,,4,5,M,
725MP,10603,2130004,CIRRUS DESIGN CORP,SR22T,SR Series,1,2025,7,DE,1,US,20250604,20250604,20250410,4,1,V,
725SB,1363,2130000,CIRRUS DESIGN CORP,SR20,SR Series,1,,7,CA,4,US,20230707,20031211,,4,1,V,
725WG,8684,2130004,CIRRUS DESIGN CORP,SR22T,SR Series,1,2022,7,TX,2,US,20230928,20221226,20220616,4,1,V,
725WT,10099,2130001,CIRRUS DESIGN CORP,SR22,SR Series,1,2024,7,TX,2,US,20240830,20240830,20240728,4,1,V,
726CC,1848,2130001,CIRRUS DESIGN CORP,SR22,SR Series,1,2006,7,IN,C,US,20230526,20180720,20060307,4,1,V,
726CD,11544,2130000,CIRRUS DESIGN CORP,SR20,SR Series,1,,8,MN,C,US,20260402,,,4,1,M,
726CF,10821,2130004,CIRRUS DESIGN CORP,SR22T,SR Series,1,2025,7,AL,7,US,20250910,20250910,20250728,4,1,V,
726DG,1599,2130004,CIRRUS DESIGN CORP,SR22T,SR Series,1,2017,7,FL,7,US,20231107,20231107,20170911,4,1,V,
726DP,8852,2130004,CIRRUS DESIGN CORP,SR22T,SR Series,1,2022,4,FL,7,US,20230509,20230509,20221002,4,1,V,
726EG,1442,2130000,CIRRUS DESIGN CORP,SR20,SR Series,1,2004,7,VA,1,US,20250805,20230503,20040811,4,1,V,
726KR,4592,2130001,CIRRUS DESIGN CORP,SR22,SR Series,1,2018,7,IA,3,US,20250512,20250512,20180130,4,1,V,
726PB,4551,2130001,CIRRUS DESIGN CORP,SR22,SR Series,1,2017,7,GA,7,US,20250612,20240129,20171103,4,1,V,
726PD,8529,2130001,CIRRUS DESIGN CORP,SR22,SR Series,1,2022,1,SC,7,US,20250724,20250724,20220218,4,1,V,
726PM,0981,2130001,CIRRUS DESIGN CORP,SR22,SR Series,1,2004,7,ND,C,US,20230610,20150909,20040622,4,1,V,
726TA,0406,2130010,CIRRUS DESIGN CORP,SF50,Vision Jet,1,2022,7,TX,2,US,20260111,20260111,20221129,4,5,V,
726TX,2028,2130000,CIRRUS DESIGN CORP,SR20,SR Series,1,2009,7,FL,7,US,20231020,20170413,20090406,4,1,V,
726X,9980,2130004,CIRRUS DESIGN CORP,SR22T,SR Series,1,2024,7,MI,C,US,20240611,20240611,20240524,4,1,V,
726Z,4357,2130001,CIRRUS DESIGN CORP,SR22,SR Series,1,2016,7,IA,3,US,20230930,20230104,20160608,4,1,V,
727BC,0618,2130010,CIRRUS DESIGN CORP,SF50,Vision Jet,1,2024,7,CT,E,US,20250130,20250130,20241224,4,5,V,
727BR,8567,2130000,CIRRUS DESIGN CORP,SR20,SR Series,1,2022,7,IL,C,US,20251006,20251006,20220317,4,1,V,
727CA,11233,2130000,CIRRUS DESIGN CORP,SR20,SR Series,1,2026,7,IN,C,US,20260716,20260716,20260304,4,1,V,
727CD,0021,2130001,CIRRUS DESIGN CORP,SR22,SR Series,1,2001,7,FL,7,US,20240806,20240806,20010523,4,1,V,
727DH,2397,2130004,CIRRUS DESIGN CORP,SR22T,SR Series,1,2021,7,DE,1,US,20240202,20220111,20210916,4,1,V,
727GH,0509,2130004,CIRRUS DESIGN CORP,SR22T,SR Series,1,2013,7,UT,S,US,20251113,20251113,20130716,4,1,V,
727HG,4489,2130001,CIRRUS DESIGN CORP,SR22,SR Series,1,2017,7,CA,4,US,20230428,20210315,20170601,4,1,V,
727JK,4926,2130001,CIRRUS DESIGN CORP,SR22,SR Series,1,2020,7,NC,1,US,20240728,20240728,20200713,4,1,V,
727LL,8868,2130004,CIRRUS DESIGN CORP,SR22T,SR Series,1,2022,7,MT,S,US,20230224,20230224,20221015,4,1,V,
727MW,11086,2130004,CIRRUS DESIGN CORP,SR22T,SR Series,1,2025,3,DE,1,US,20251212,20251212,20251204,4,1,V,
727PW,1196,2130001,CIRRUS DESIGN CORP,SR22,SR Series,1,2004,7,OH,C,US,20230510,20230510,20041129,4,1,V,
727S,1316,2130001,CIRRUS DESIGN CORP,SR22,SR Series,1,,7,FL,7,US,20240523,20190618,20050217,4,1,V,
727SH,0758,2130004,CIRRUS DESIGN CORP,SR22T,SR Series,1,2014,7,MA,E,US,20231201,20150410,20140408,4,1,V,
727SL,1773,2130001,CIRRUS DESIGN CORP,SR22,SR Series,1,2006,3,,,,20260528,20260528,20060116,4,1,V,
727SR,2613,2130001,CIRRUS DESIGN CORP,SR22,SR Series,1,2007,7,MT,S,US,20230618,20230618,20070727,4,1,V,
727VB,0430,2130010,CIRRUS DESIGN CORP,SF50,Vision Jet,1,2023,7,NV,4,US,20241125,20240104,20230303,4,5,V,
727VG,2446,2130004,CIRRUS DESIGN CORP,SR22T,SR Series,1,2021,3,UT,S,US,20230701,20211209,20211122,4,1,V,
727WD,1569,2130000,CIRRUS DESIGN CORP,SR20,SR Series,1,2005,4,LA,2,US,20230811,20190606,20050920,4,1,V,
727ZZ,1590,2130000,CIRRUS DESIGN CORP,SR20,SR Series,1,2005,4,SC,7,US,20230526,20150714,20051110,4,1,V,
728BJ,4320,2130001,CIRRUS DESIGN CORP,SR22,SR Series,1,2016,7,GA,7,US,20230623,20211118,20160323,4,1,V,
728CD,1262,2130000,CIRRUS DESIGN CORP,SR20,SR Series,1,2002,7,ND,C,US,20241017,20241017,20021002,4,1,V,
728DL,0366,2130010,CIRRUS DESIGN CORP,SF50,Vision Jet,1,2022,4,CO,S,US,20230930,20230104,20220630,4,5,V,
728SR,2546,2130001,CIRRUS DESIGN CORP,SR22,SR Series,1,2007,3,WI,C,US,20250509,20250509,20070613,4,1,V,
728ST,0378,2130004,CIRRUS DESIGN CORP,SR22T,SR Series,1,2012,7,IN,C,US,20260720,20260720,20120927,4,1,V,
728TF,0190,2130004,CIRRUS DESIGN CORP,SR22T,SR Series,1,2011,1,TX,2,US,20230902,20220923,20110919,4,1,V,
729AJ,4208,2130001,CIRRUS DESIGN CORP,SR22,SR Series,1,2015,7,OH,C,US,20250707,20250707,20150526,4,1,V,
729AR,0559,2130010,CIRRUS DESIGN CORP,SF50,Vision Jet,1,2024,7,VA,1,US,20240708,20240708,20240618,4,5,V,
729B,10393,2130004,CIRRUS DESIGN CORP,SR22T,SR Series,1,2024,7,OH,C,US,20250204,20250204,20241223,4,1,V,
729CD,0025,2130001,CIRRUS DESIGN CORP,SR22,SR Series,1,2001,7,MD,1,US,20230505,20080912,20010522,4,1,V,
729CV,0729,2130010,CIRRUS DESIGN CORP,SF50,Vision Jet,1,2026,7,WY,S,US,20260420,20260128,20260113,4,5,V,
729DS,0499,2130010,CIRRUS DESIGN CORP,SF50,Vision Jet,1,2023,7,TN,3,US,20231206,20231206,20231117,4,5,V,
729JR,2344,2130001,CIRRUS DESIGN CORP,SR22,SR Series,1,2007,7,VA,1,US,20230909,20100310,20070201,4,1,V,
729JS,0819,2130001,CIRRUS DESIGN CORP,SR22,SR Series,1,2004,1,WA,S,US,20230707,20160112,,4,1,V,
729JW,10618,2130004,CIRRUS DESIGN CORP,SR22T,SR Series,1,2025,7,GA,7,US,20250707,20250604,20250429,4,1,V,
729KX,0527,2130004,CIRRUS DESIGN CORP,SR22T,SR Series,1,2013,4,VA,1,US,20240111,20240111,20130530,4,1,V,
729LJ,10535,2130004,CIRRUS DESIGN CORP,SR22T,SR Series,1,2025,1,TX,2,US,20250407,20250407,20250311,4,1,V,
729MH,11455,2130004,CIRRUS DESIGN CORP,SR22T,SR Series,1,,8,MN,C,US,20260308,,,4,1,M,
729SA,4890,2130001,CIRRUS DESIGN CORP,SR22,SR Series,1,2020,7,FL,7,US,20230122,20200423,20200302,4,1,V,
729TG,1347,2130004,CIRRUS DESIGN CORP,SR22T,SR Series,1,,1,TX,2,US,20250519,20250519,20160526,4,1,V,
729TX,1508,2130004,CIRRUS DESIGN CORP,SR22T,SR Series,1,2017,7,CA,4,US,20230728,20220409,20210430,4,1,V,
729UM,10035,2130004,CIRRUS DESIGN CORP,SR22T,SR Series,1,2024,7,TN,3,US,20250916,20250916,20240709,4,1,V,
729WM,9220,2130004,CIRRUS DESIGN CORP,SR22T,SR Series,1,2023,1,WA,S,US,20230809,20230712,20230503,4,1,V,
729WS,1784,2130000,CIRRUS DESIGN CORP,SR20,SR Series,1,2007,7,SC,7,US,20250924,20250407,20070223,4,1,V,
72AD,0429,2130004,CIRRUS DESIGN CORP,SR22T,SR Series,1,2012,7,TN,3,US,20230509,20230509,20121210,4,1,V,
72BK,0172,2130001,CIRRUS DESIGN CORP,SR22,SR Series,1,2002,7,MT,S,US,20250124,20250124,20020316,4,1,V,
72DF,0526,2130004,CIRRUS DESIGN CORP,SR22T,SR Series,1,2013,8,TN,3,US,20230406,20220127,20250922,4,1,V,
72DV,2144,2130001,CIRRUS DESIGN CORP,SR22,SR Series,1,2006,7,MT,S,US,20250925,20240822,20060914,4,1,V,
72EG,1706,2130004,CIRRUS DESIGN CORP,SR22T,SR Series,1,2018,7,OR,S,US,20260323,20260323,20260403,4,1,V,
72EN,0328,2130010,CIRRUS DESIGN CORP,SF50,Vision Jet,1,2021,7,TN,3,US,20231107,20220517,20211223,4,5,V,
72ET,2522,2130001,CIRRUS DESIGN CORP,SR22,SR Series,1,2007,7,CO,S,US,20230619,20230619,20070524,4,1,V,
72GG,2328,2130001,CIRRUS DESIGN CORP,SR22,SR Series,1,2007,1,TN,3,US,20230122,20110618,20070116,4,1,V,
72JE,1654,2130001,CIRRUS DESIGN CORP,SR22,SR Series,1,2005,7,AR,2,US,20230922,20221207,20051025,4,1,V,
72KD,8896,2130004,CIRRUS DESIGN CORP,SR22T,SR Series,1,2022,7,WY,S,US,20250924,20250924,20221026,4,1,V,
72KM,9340,2130004,CIRRUS DESIGN CORP,SR22T,SR Series,1,2023,7,MT,S,US,20250826,20250826,20230717,4,1,V,
72LL,4633,2130001,CIRRUS DESIGN CORP,SR22,SR Series,1,2018,7,NY,1,US,20230519,20180611,20180418,4,1,V,
72MJ,10652,2130001,CIRRUS DESIGN CORP,SR22,SR Series,1,2025,7,WY,S,US,20250617,20250617,20250530,4,1,V,
72MM,11323,2130000,CIRRUS DESIGN CORP,SR20,SR Series,1,2026,7,FL,7,US,20260722,20260722,20260412,4,1,V,
72PW,10088,2130004,CIRRUS DESIGN CORP,SR22T,SR Series,1,2024,7,IA,3,US,20240824,20240824,20240720,4,1,V,
72VU,11197,2130000,CIRRUS DESIGN CORP,SR20,SR Series,1,2026,5,IN,C,US,20260416,20260416,20260208,4,1,V,
7301P,10336,2130004,CIRRUS DESIGN CORP,SR22T,SR Series,1,2024,1,CA,4,US,20250108,20250108,20241117,4,1,V,
730BG,11331,2130004,CIRRUS DESIGN CORP,SR22T,SR Series,1,2026,8,MN,C,US,20260227,,20260408,4,1,M,
730BK,0684,2130010,CIRRUS DESIGN CORP,SF50,Vision Jet,1,2025,7,MN,C,US,20250923,20250923,20250821,4,5,V,
730BL,2421,2130004,CIRRUS DESIGN CORP,SR22T,SR Series,1,2021,1,CA,4,US,20260225,20250730,20211025,4,1,V,
730C,0410,2130001,CIRRUS DESIGN CORP,SR22,SR Series,1,,7,NH,E,US,20240526,20240526,20021203,4,1,V,
730CD,0053,2130001,CIRRUS DESIGN CORP,SR22,SR Series,1,,7,CO,S,US,20230623,20151110,20090729,4,1,V,
730CN,10584,2130004,CIRRUS DESIGN CORP,SR22T,SR Series,1,2025,7,AZ,4,US,20250520,20250422,20250330,4,1,V,
730EL,0175,2130010,CIRRUS DESIGN CORP,SF50,Vision Jet,1,2020,7,AZ,4,US,20231007,20200214,20200116,4,5,V,
730FA,0008,2130010,CIRRUS DESIGN CORP,SF50,Vision Jet,1,2016,3,TN,3,US,20230406,20190309,20251007,4,5,V,
730HB,1617,2130000,CIRRUS DESIGN CORP,SR20,SR Series,1,2006,4,TX,2,US,20230428,20210325,20060215,4,1,V,
730LT,8988,2130004,CIRRUS DESIGN CORP,SR22T,SR Series,1,2022,7,TX,2,US,20230322,20230322,20221218,4,1,V,
730SR,0531,2130010,CIRRUS DESIGN CORP,SF50,Vision Jet,1,2024,7,NC,1,US,20240415,20240415,20240229,4,5,V,
730TR,9871,2130004,CIRRUS DESIGN CORP,SR22T,SR Series,1,2024,7,CO,S,US,20240503,20240503,20240328,4,1,V,
730WD,1761,2130004,CIRRUS DESIGN CORP,SR22T,SR Series,1,2018,7,FL,7,US,20230701,20181201,20180731,4,1,V,
730WW,11190,2130004,CIRRUS DESIGN CORP,SR22T,SR Series,1,2026,3,NV,4,US,20260302,20260302,20260213,4,1,V,
7311K,4125,2130001,CIRRUS DESIGN CORP,SR22,SR Series,1,2014,7,FL,7,US,20230407,20141211,20140910,4,1,V,
731AP,3566,2130001,CIRRUS DESIGN CORP,SR22,SR Series,1,2009,7,WA,S,US,20230122,20200604,20091106,4,1,V,
731AT,1728,2130001,CIRRUS DESIGN CORP,SR22,SR Series,1,2005,4,SC,7,US,20230526,20210731,20051214,4,1,V,
731CD,0129,2130001,CIRRUS DESIGN CORP,SR22,SR Series,1,2001,1,OK,2,US,20230804,20190515,20011215,4,1,V,
731FA,10247,2130004,CIRRUS DESIGN CORP,SR22T,SR Series,1,2024,3,DE,1,US,20241023,20241023,20241008,4,1,V,
731JH,5027,2130001,CIRRUS DESIGN CORP,SR22,SR Series,1,2021,7,FL,7,US,20250117,20250117,20210414,4,1,V,
731PP,3829,2130001,CIRRUS DESIGN CORP,SR22,SR Series,1,2012,3,CA,4,US,20230627,20120309,20120203,4,1,V,
731ST,10899,2130004,CIRRUS DESIGN CORP,SR22T,SR Series,1,2025,7,IA,3,US,20260410,20251023,20250903,4,1,V,
731TW,10957,2130004,CIRRUS DESIGN CORP,SR22T,SR Series,1,2025,7,,,,20251112,20251112,20250928,4,1,V,
731VC,9529,2130001,CIRRUS DESIGN CORP,SR22,SR Series,1,2023,1,TX,2,US,20231222,20231222,20231115,4,1,V,
731WF,4421,2130001,CIRRUS DESIGN CORP,SR22,SR Series,1,2016,7,MN,C,US,20240112,20240112,20161115,4,1,V,
731WM,9958,2130000,CIRRUS DESIGN CORP,SR20,SR Series,1,2024,5,MI,C,US,20240709,20240709,20240608,4,1,V,
7329Y,1394,2130000,CIRRUS DESIGN CORP,SR20,SR Series,1,2004,3,OK,2,US,20260220,20260220,20040128,4,1,V,
732AB,4615,2130001,CIRRUS DESIGN CORP,SR22,SR Series,1,2018,7,VA,1,US,20230804,20220528,20180308,4,1,V,
732AP,0417,2130010,CIRRUS DESIGN CORP,SF50,Vision Jet,1,2022,7,MI,C,US,20230504,20230328,20221224,4,5,V,
732CD,1685,2130001,CIRRUS DESIGN CORP,SR22,SR Series,1,2005,7,TX,2,US,20250108,20170510,20051117,4,1,V,
732SG,9294,2130001,CIRRUS DESIGN CORP,SR22,SR Series,1,2023,7,FL,7,US,20260701,20260701,20230618,4,1,V,
733CD,0134,2130001,CIRRUS DESIGN CORP,SR22,SR Series,1,2001,1,OK,2,US,20230122,20200224,20011221,4,1,V,
733EE,10628,2130004,CIRRUS DESIGN CORP,SR22T,SR Series,1,2025,7,OK,2,US,20251214,20251214,20250505,4,1,V,
733FM,10879,2130004,CIRRUS DESIGN CORP,SR22T,SR Series,1,2025,3,DE,1,US,20250919,20250919,20250825,4,1,V,
734CD,1686,2130001,CIRRUS DESIGN CORP,SR22,SR Series,1,2005,7,CA,4,US,20230803,20140529,20051117,4,1,V,
734VJ,0734,2130010,CIRRUS DESIGN CORP,SF50,Vision Jet,1,2026,7,DE,1,US,20260217,20260217,20260130,4,5,V,
735VJ,0735,2130010,CIRRUS DESIGN CORP,SF50,Vision Jet,1,2026,3,CA,4,US,20260720,20260720,20260206,4,5,V,
736CP,3347,2130001,CIRRUS DESIGN CORP,SR22,SR Series,1,2009,4,CA,4,US,20230526,20180724,20090406,4,1,V,
736SR,2563,2130001,CIRRUS DESIGN CORP,SR22,SR Series,1,2007,7,TX,2,US,20230719,20230719,20070808,4,1,V,
736WF,4334,2130001,CIRRUS DESIGN CORP,SR22,SR Series,1,2016,1,CA,4,US,20230603,20230603,20160419,4,1,V,
7374B,9627,2130004,CIRRUS DESIGN CORP,SR22T,SR Series,1,2023,7,DE,1,US,20240215,20240123,20231221,4,1,V,
737AP,0139,2130004,CIRRUS DESIGN CORP,SR22T,SR Series,1,2011,7,CA,4,US,20260215,20260215,20110512,4,1,V,
737BS,2482,2130000,CIRRUS DESIGN CORP,SR20,SR Series,1,2019,7,CO,S,US,20250824,20240118,20190422,4,1,V,
737UM,0853,2130010,CIRRUS DESIGN CORP,SF50,Vision Jet,1,,8,MN,C,US,20260813,,,4,5,M,
7391E,11348,2130000,CIRRUS DESIGN CORP,SR20,SR Series,1,2026,7,CA,4,US,20260727,20260727,20260426,4,1,V,
73AE,1724,2130004,CIRRUS DESIGN CORP,SR22T,SR Series,1,2018,3,PA,1,US,20230526,20180713,20180517,4,1,V,
73AR,5114,2130001,CIRRUS DESIGN CORP,SR22,SR Series,1,2021,7,TX,2,US,20241008,20241008,20211207,4,1,V,
73BP,4172,2130001,CIRRUS DESIGN CORP,SR22,SR Series,1,2015,7,MA,E,US,20230512,20210508,20150223,4,1,V,
73CC,4554,2130001,CIRRUS DESIGN CORP,SR22,SR Series,1,2017,7,OH,C,US,20230518,20230518,20171108,4,1,V,
73CD,11411,2130004,CIRRUS DESIGN CORP,SR22T,SR Series,1,2026,8,MN,C,US,20260324,,20260609,4,1,M,
73JQ,2039,2130001,CIRRUS DESIGN CORP,SR22,SR Series,1,2006,7,DE,1,US,20230526,20081007,20060706,4,1,V,
73SG,0284,2130010,CIRRUS DESIGN CORP,SF50,Vision Jet,1,2021,7,FL,7,US,20231110,20220401,20210812,4,5,V,
73VU,11209,2130000,CIRRUS DESIGN CORP,SR20,SR Series,1,2026,5,IN,C,US,20260416,20260416,20260209,4,1,V,
73WE,4196,2130001,CIRRUS DESIGN CORP,SR22,SR Series,1,,1,AL,7,US,20250418,20241119,20150429,4,1,V,
73WF,1816,2130001,CIRRUS DESIGN CORP,SR22,SR Series,1,2006,7,SD,C,US,20250903,20240618,20130801,4,1,V,
73WK,10864,2130001,CIRRUS DESIGN CORP,SR22,SR Series,1,2025,7,DE,1,US,20250930,20250930,20250817,4,1,V,
73WT,1387,2130001,CIRRUS DESIGN CORP,SR22,SR Series,1,2005,7,FL,7,US,20260602,20230412,20050406,4,1,V,
740CD,2336,2130001,CIRRUS DESIGN CORP,SR22,SR Series,1,2007,7,TX,2,US,20250424,20250304,20070131,4,1,V,
740CV,0740,2130010,CIRRUS DESIGN CORP,SF50,Vision Jet,1,2026,7,MT,S,US,20260518,20260518,20260218,4,5,V,
740LT,1947,2130004,CIRRUS DESIGN CORP,SR22T,SR Series,1,2019,7,CO,S,US,20240426,20240426,20190711,4,1,V,
740NG,2032,2130001,CIRRUS DESIGN CORP,SR22,SR Series,1,2006,1,TX,2,US,20260512,,20150820,4,1,R,
740SB,10397,2130004,CIRRUS DESIGN CORP,SR22T,SR Series,1,2024,3,UT,S,US,20250128,20250128,20241223,4,1,V,
740SC,0400,2130010,CIRRUS DESIGN CORP,SF50,Vision Jet,1,2022,7,CA,4,US,20230922,20221202,20221208,4,5,V,
740SR,1740,2130000,CIRRUS DESIGN CORP,SR20,SR Series,1,2006,7,PA,1,US,20230505,20150413,20061026,4,1,V,
740TS,8601,2130004,CIRRUS DESIGN CORP,SR22T,SR Series,1,2022,7,WA,S,US,20230629,20230428,20220420,4,1,V,
741KF,1169,2130004,CIRRUS DESIGN CORP,SR22T,SR Series,1,2015,7,TX,2,US,20230302,20230302,20151019,4,1,V,
741MC,0766,2130004,CIRRUS DESIGN CORP,SR22T,SR Series,1,,7,NJ,1,US,20240612,20240612,20140416,4,1,V,
741PD,1179,2130000,CIRRUS DESIGN CORP,SR20,SR Series,1,2002,7,CO,S,US,20230628,20230628,20020306,4,1,V,
741SC,0213,2130001,CIRRUS DESIGN CORP,SR22,SR Series,1,2002,4,MD,1,US,20231017,20231017,20020504,4,1,V,
741SR,1757,2130000,CIRRUS DESIGN CORP,SR20,SR Series,1,2006,3,MN,C,US,20230818,20070201,20061117,4,1,V,
741TS,10436,2130004,CIRRUS DESIGN CORP,SR22T,SR Series,1,2025,3,CA,4,US,20250212,20250212,20250115,4,1,V,
741VX,1404,2130004,CIRRUS DESIGN CORP,SR22T,SR Series,1,2016,7,VA,1,US,20230902,20160920,20160802,4,1,V,
742C,1274,2130000,CIRRUS DESIGN CORP,SR20,SR Series,1,2003,7,,8,DE,20240205,20240205,20030117,4,1,V,
742CD,0001,2130004,CIRRUS DESIGN CORP,SR22T,SR Series,1,2010,1,TX,2,US,20251015,,20100201,4,1,R,
742CF,10995,2130004,CIRRUS DESIGN CORP,SR22T,SR Series,1,2025,7,CA,4,US,20251125,20251125,20251018,4,1,V,
742DD,1108,2130001,CIRRUS DESIGN CORP,SR22,SR Series,1,2004,3,GA,7,US,20230428,20100824,20041006,4,1,V,
742JH,1963,2130001,CIRRUS DESIGN CORP,SR22,SR Series,1,2006,1,TX,2,US,20230701,20151231,20060515,4,1,V,
742LC,4281,2130001,CIRRUS DESIGN CORP,SR22,SR Series,1,2015,7,LA,2,US,20230421,20210208,20151204,4,1,V,
742LG,4974,2130001,CIRRUS DESIGN CORP,SR22,SR Series,1,2020,7,OH,C,US,20230414,20210116,20201027,4,1,V,
742PD,1187,2130000,CIRRUS DESIGN CORP,SR20,SR Series,1,2002,1,LA,2,US,20230718,20220207,20020425,4,1,V,
742SC,3137,2130001,CIRRUS DESIGN CORP,SR22,SR Series,1,2008,3,MO,3,US,20230428,20080820,20080718,4,1,V,
742T,11586,2130004,CIRRUS DESIGN CORP,SR22T,SR Series,1,,8,MN,C,US,20260528,,,4,1,M,
742WM,10084,2130000,CIRRUS DESIGN CORP,SR20,SR Series,1,2024,5,MI,C,US,20240819,20240819,20240715,4,1,V,
742WT,9283,2130004,CIRRUS DESIGN CORP,SR22T,SR Series,1,2023,7,TX,2,US,20230726,20230726,20230610,4,1,V,
7432C,1072,2130004,CIRRUS DESIGN CORP,SR22T,SR Series,1,2015,7,GA,7,US,20240506,20240102,20150618,4,1,V,
743CD,0140,2130001,CIRRUS DESIGN CORP,SR22,SR Series,1,2002,1,SC,7,US,20230701,20181211,20020125,4,1,V,
743CG,9751,2130004,CIRRUS DESIGN CORP,SR22T,SR Series,1,2023,7,WI,C,US,20240102,20240102,20241025,4,1,V,
743GM,8961,2130001,CIRRUS DESIGN CORP,SR22,SR Series,1,2022,7,FL,7,US,20250602,20230109,20221207,4,1,V,
743NX,4369,2130001,CIRRUS DESIGN CORP,SR22,SR Series,1,2016,7,TX,2,US,20230818,20220729,20160711,4,1,V,
743WG,10262,2130004,CIRRUS DESIGN CORP,SR22T,SR Series,1,2024,3,DE,1,US,20241030,20241030,20241019,4,1,V,
744AC,1041,2130000,CIRRUS DESIGN CORP,SR20,SR Series,1,,7,AR,2,US,20230501,20230501,20000531,4,1,V,
744CD,0024,2130001,CIRRUS DESIGN CORP,SR22,SR Series,1,2001,7,CA,4,US,20230825,20160811,20031223,4,1,V,
744CM,1142,2130004,CIRRUS DESIGN CORP,SR22T,SR Series,1,2015,7,UT,S,US,20250127,20250127,20150914,4,1,V,
744D,11234,2130004,CIRRUS DESIGN CORP,SR22T,SR Series,1,2026,7,DE,1,US,20260707,20260707,20260224,4,1,V,
744DC,0531,2130004,CIRRUS DESIGN CORP,SR22T,SR Series,1,2013,7,AZ,4,US,20240805,20240805,20130605,4,1,V,
744MS,0204,2130001,CIRRUS DESIGN CORP,SR22,SR Series,1,2002,7,CA,4,US,20230310,20020628,20020412,4,1,V,
744RS,10814,2130004,CIRRUS DESIGN CORP,SR22T,SR Series,1,2025,7,FL,7,US,20250908,20250908,20250726,4,1,V,
744SA,2159,2130004,CIRRUS DESIGN CORP,SR22T,SR Series,1,2020,7,NV,4,US,20230421,20210225,20201125,4,1,V,
744SM,4581,2130001,CIRRUS DESIGN CORP,SR22,SR Series,1,2017,3,KS,3,US,20250728,20250728,20171002,4,1,V,
744TC,3640,2130001,CIRRUS DESIGN CORP,SR22,SR Series,1,2010,1,CA,4,US,20241119,20241119,20100330,4,1,V,
745AK,10434,2130004,CIRRUS DESIGN CORP,SR22T,SR Series,1,2025,7,NY,1,US,20250310,20250310,20250117,4,1,V,
745AM,11597,2130004,CIRRUS DESIGN CORP,SR22T,SR Series,1,,8,MN,C,US,20260702,,,4,1,M,
745AR,2131,2130001,CIRRUS DESIGN CORP,SR22,SR Series,1,2006,7,FL,7,US,20230610,20180911,20060911,4,1,V,
745CD,0040,2130001,CIRRUS DESIGN CORP,SR22,SR Series,1,,1,AZ,4,US,20230324,20201007,,4,1,V,
745E,0130,2130010,CIRRUS DESIGN CORP,SF50,Vision Jet,1,2019,7,DE,1,US,20251209,20240902,20190715,4,5,V,
745NB,1891,2130001,CIRRUS DESIGN CORP,SR22,SR Series,1,2006,7,CA,4,US,20230909,20161021,20060406,4,1,V,
746AB,4737,2130001,CIRRUS DESIGN CORP,SR22,SR Series,1,,7,FL,7,US,20230902,20220901,20190102,4,1,V,
746C,0413,2130001,CIRRUS DESIGN CORP,SR22,SR Series,1,2002,7,WA,S,US,20260703,20151027,20021206,4,1,V,
746CD,0074,2130001,CIRRUS DESIGN CORP,SR22,SR Series,1,,3,NM,2,US,20240126,20211202,20010809,4,1,V,
746CL,10553,2130004,CIRRUS DESIGN CORP,SR22T,SR Series,1,2025,7,,,,20250429,20250429,20250315,4,1,V,
746JA,4375,2130001,CIRRUS DESIGN CORP,SR22,SR Series,1,2016,3,NV,4,US,20260522,20260522,20160728,4,1,V,
746SR,2235,2130001,CIRRUS DESIGN CORP,SR22,SR Series,1,2006,1,OH,C,US,20241121,20241121,20061226,4,1,V,
746TM,1654,2130000,CIRRUS DESIGN CORP,SR20,SR Series,1,2006,7,MI,C,US,20250806,20250806,20060518,4,1,V,
7478,0420,2130001,CIRRUS DESIGN CORP,SR22,SR Series,1,2002,1,AZ,4,US,20230428,20150330,20021216,4,1,V,
747AS,8998,2130001,CIRRUS DESIGN CORP,SR22,SR Series,1,2022,1,MA,E,US,20230629,20230329,20221222,4,1,V,
747AY,1257,2130000,CIRRUS DESIGN CORP,SR20,SR Series,1,2002,3,IA,3,US,20230915,20161116,20020924,4,1,V,
747CD,9213,2130000,CIRRUS DESIGN CORP,SR20,SR Series,1,2023,7,IN,C,US,20250729,20250729,20230428,4,1,V,
747CT,4485,2130001,CIRRUS DESIGN CORP,SR22,SR Series,1,2017,7,KY,3,US,20240618,20240618,20170525,4,1,V,
747E,1996,2130000,CIRRUS DESIGN CORP,SR20,SR Series,1,2008,7,OK,2,US,20230310,20080625,20080515,4,1,V,
747FC,1987,2130000,CIRRUS DESIGN CORP,SR20,SR Series,1,2008,3,VA,1,US,20230514,20230105,20080513,4,1,V,
747LJ,0535,2130001,CIRRUS DESIGN CORP,SR22,SR Series,1,,1,ME,E,US,20230522,20230522,20030430,4,1,V,
747LL,0496,2130001,CIRRUS DESIGN CORP,SR22,SR Series,1,2003,3,WY,S,US,20260205,20260205,20030401,4,1,V,
747MB,2913,2130001,CIRRUS DESIGN CORP,SR22,SR Series,1,2008,1,SC,7,US,20231007,20200224,20080122,4,1,V,
747MC,2285,2130004,CIRRUS DESIGN CORP,SR22T,SR Series,1,2021,3,DE,1,US,20230505,20210414,20210325,4,1,V,
747PJ,1483,2130001,CIRRUS DESIGN CORP,SR22,SR Series,1,2005,7,NC,1,US,20230804,20130517,20050616,4,1,V,
747PL,2289,2130001,CIRRUS DESIGN CORP,SR22,SR Series,1,2007,3,WY,S,US,20260214,20260214,20230929,4,1,V,
747SD,2245,2130001,CIRRUS DESIGN CORP,SR22,SR Series,1,2006,3,CA,1,US,20191107,,20061114,4,1,V,
747SJ,0091,2130001,CIRRUS DESIGN CORP,SR22,SR Series,1,2001,1,KY,3,US,20230505,20210407,20010918,4,1,V,
747SW,1370,2130001,CIRRUS DESIGN CORP,SR22,SR Series,1,,3,IA,3,US,20240426,20240426,20050323,4,1,V,
747TG,0718,2130001,CIRRUS DESIGN CORP,SR22,SR Series,1,2003,7,WY,S,US,20260630,20220811,20031022,4,1,V,
747TT,0481,2130001,CIRRUS DESIGN CORP,SR22,SR Series,1,2003,7,WI,C,US,20260708,20260708,20030314,4,1,V,
747WK,3822,2130001,CIRRUS DESIGN CORP,SR22,SR Series,1,2011,7,TN,3,US,20230122,20200616,20111209,4,1,V,
748CD,0086,2130001,CIRRUS DESIGN CORP,SR22,SR Series,1,2001,7,FL,7,US,20250227,20250227,20010831,4,1,V,
748CM,1511,2130004,CIRRUS DESIGN CORP,SR22T,SR Series,1,2017,7,CA,4,US,20230310,20200826,20170323,4,1,V,
748DC,2220,2130004,CIRRUS DESIGN CORP,SR22T,SR Series,1,2020,7,NV,4,US,20230428,20210302,20201210,4,1,V,
748JA,9786,2130004,CIRRUS DESIGN CORP,SR22T,SR Series,1,2024,3,NM,2,US,20250117,20250116,20240221,4,1,V,
748PD,0577,2130010,CIRRUS DESIGN CORP,SF50,Vision Jet,1,2024,7,MT,S,US,20260209,20260209,20240905,4,5,V,
749AM,0246,2130010,CIRRUS DESIGN CORP,SF50,Vision Jet,1,2020,3,SC,7,US,20250324,20250324,20201226,4,5,V,
749BS,2089,2130004,CIRRUS DESIGN CORP,SR22T,SR Series,1,2020,7,WA,S,US,20230122,20200504,20200312,4,1,V,
749CD,0099,2130001,CIRRUS DESIGN CORP,SR22,SR Series,1,2001,8,CA,4,US,20230909,20161019,20011011,4,1,V,
749DA,8623,2130000,CIRRUS DESIGN CORP,SR20,SR Series,1,2022,4,PA,1,US,20250222,20250222,20220426,4,1,V,
749PG,1339,2130001,CIRRUS DESIGN CORP,SR22,SR Series,1,2005,7,IA,3,US,20230519,20150603,20050302,4,1,V,
749RB,1574,2130004,CIRRUS DESIGN CORP,SR22T,SR Series,1,2017,3,DE,1,US,20250924,20250924,20170727,4,1,V,
749RC,1044,2130001,CIRRUS DESIGN CORP,SR22,SR Series,1,2004,1,VA,1,US,20240702,20240701,20040809,4,1,V,
74AG,0428,2130001,CIRRUS DESIGN CORP,SR22,SR Series,1,2002,3,IN,C,US,20230310,20170818,20021220,4,1,V,
74AR,8594,2130000,CIRRUS DESIGN CORP,SR20,SR Series,1,2022,3,NY,1,US,20260624,20260624,20220405,4,1,V,
74BL,1484,2130000,CIRRUS DESIGN CORP,SR20,SR Series,1,2005,3,WY,S,US,20260209,20260209,20050119,4,1,V,
74BY,0892,2130004,CIRRUS DESIGN CORP,SR22T,SR Series,1,2014,7,SC,7,US,20230414,20210104,20141010,4,1,V,
74CW,10655,2130001,CIRRUS DESIGN CORP,SR22,SR Series,1,2025,7,UT,S,US,20250614,20250614,20250515,4,1,V,
74DX,2187,2130004,CIRRUS DESIGN CORP,SR22T,SR Series,1,2020,7,MT,S,US,20250818,20250818,20201015,4,1,V,
74FB,0257,2130001,CIRRUS DESIGN CORP,SR22,SR Series,1,2002,1,NC,1,US,20251222,20231018,20020709,4,1,V,
74KV,10049,2130001,CIRRUS DESIGN CORP,SR22,SR Series,1,2024,7,MA,E,US,20240813,20240813,20240707,4,1,V,
74ML,4982,2130001,CIRRUS DESIGN CORP,SR22,SR Series,1,2020,7,TX,2,US,20230909,20221029,20201204,4,1,V,
74SA,1994,2130001,CIRRUS DESIGN CORP,SR22,SR Series,1,2006,7,OH,C,US,20241030,20241030,20060605,4,1,V,
74SG,0458,2130010,CIRRUS DESIGN CORP,SF50,Vision Jet,1,2023,7,LA,2,US,20260604,20260107,20230524,4,5,V,
74TZ,1598,2130004,CIRRUS DESIGN CORP,SR22T,SR Series,1,2017,7,VA,1,US,20230324,20171004,20170907,4,1,V,
74UK,1322,2130004,CIRRUS DESIGN CORP,SR22T,SR Series,1,2016,7,AL,7,US,20230811,20160629,20160429,4,1,V,
750CD,0060,2130001,CIRRUS DESIGN CORP,SR22,SR Series,1,,7,TX,2,US,20260113,20260113,,4,1,V,
751AD,0313,2130001,CIRRUS DESIGN CORP,SR22,SR Series,1,2002,1,KS,3,US,20251022,20251022,20150415,4,1,V,
751AP,1446,2130001,CIRRUS DESIGN CORP,SR22,SR Series,1,2005,7,PA,1,US,20230324,20060623,20050520,4,1,V,
751JB,1470,2130004,CIRRUS DESIGN CORP,SR22T,SR Series,1,2016,7,WI,C,US,20230718,20190204,20161219,4,1,V,
751PS,0245,2130004,CIRRUS DESIGN CORP,SR22T,SR Series,1,2011,7,WA,S,US,20260112,20260112,20111207,4,1,V,
751SB,11423,2130004,CIRRUS DESIGN CORP,SR22T,SR Series,1,2026,8,MN,C,US,20260226,,20260601,4,1,M,
752B,3157,2130001,CIRRUS DESIGN CORP,SR22,SR Series,1,2008,1,NV,4,US,20230122,20140619,,4,1,V,
752CT,3290,2130001,CIRRUS DESIGN CORP,SR22,SR Series,1,2008,1,TX,2,US,20240205,20240205,20081002,4,1,V,
752MB,1174,2130004,CIRRUS DESIGN CORP,SR22T,SR Series,1,2015,3,CA,4,US,20240926,20240926,20151027,4,1,V,
752PS,0012,2130004,CIRRUS DESIGN CORP,SR22T,SR Series,1,2010,7,ND,C,US,20250510,20250510,20100727,4,1,V,
752SB,0773,2130001,CIRRUS DESIGN CORP,SR22,SR Series,1,2003,7,GA,7,US,20230909,20161011,20031215,4,1,V,
752SC,0440,2130010,CIRRUS DESIGN CORP,SF50,Vision Jet,1,2023,7,TX,2,US,20260106,20251014,20230316,4,5,V,
753JT,10321,2130000,CIRRUS DESIGN CORP,SR20,SR Series,1,2024,7,GA,7,US,20250106,20250106,20241112,4,1,V,
753PA,3937,2130001,CIRRUS DESIGN CORP,SR22,SR Series,1,2013,7,NH,E,US,20230825,20190829,20130429,4,1,V,
753PS,0309,2130004,CIRRUS DESIGN CORP,SR22T,SR Series,1,2012,4,TX,2,US,20230718,20130212,20120418,4,1,V,Y
754AP,2871,2130001,CIRRUS DESIGN CORP,SR22,SR Series,1,,1,AZ,4,US,20250114,20250114,20071214,4,1,V,
754DJ,3671,2130001,CIRRUS DESIGN CORP,SR22,SR Series,1,2010,7,MN,C,US,20231010,20200826,20100728,4,1,V,
754PS,0464,2130004,CIRRUS DESIGN CORP,SR22T,SR Series,1,,7,WA,S,US,20230804,20220503,20130325,4,1,V,
754RF,3378,2130001,CIRRUS DESIGN CORP,SR22,SR Series,1,2009,7,CA,4,US,20230407,20201228,20090709,4,1,V,
754SR,2629,2130001,CIRRUS DESIGN CORP,SR22,SR Series,1,2007,3,GA,7,US,20230722,20220301,20070803,4,1,V,
755C,0392,2130001,CIRRUS DESIGN CORP,SR22,SR Series,1,,3,DE,1,US,20250113,20250113,20021115,4,1,V,
755CD,0121,2130001,CIRRUS DESIGN CORP,SR22,SR Series,1,2001,7,MT,S,US,20241031,20241031,20011201,4,1,V,
755CP,3174,2130001,CIRRUS DESIGN CORP,SR22,SR Series,1,2008,1,MN,C,US,20230414,20080828,20080731,4,1,V,
755EE,1276,2130004,CIRRUS DESIGN CORP,SR22T,SR Series,1,2016,7,TX,2,US,20230316,20230316,20160309,4,1,V,
755GS,0983,2130001,CIRRUS DESIGN CORP,SR22,SR Series,1,2004,3,CA,4,US,20231213,20230926,20040618,4,1,V,
755HS,5076,2130001,CIRRUS DESIGN CORP,SR22,SR Series,1,2021,7,NJ,1,US,20250328,20250328,20210819,4,1,V,
755JL,3403,2130001,CIRRUS DESIGN CORP,SR22,SR Series,1,2009,7,IL,C,US,20230929,20140131,20090130,4,1,V,
755MB,3197,2130001,CIRRUS DESIGN CORP,SR22,SR Series,1,2008,7,MT,S,US,20230616,20151013,20080811,4,1,V,
755PG,0392,2130010,CIRRUS DESIGN CORP,SF50,Vision Jet,1,2022,3,NJ,1,US,20240109,20240109,20221012,4,5,V,
755TM,11210,2130004,CIRRUS DESIGN CORP,SR22T,SR Series,1,2026,7,CA,4,US,20260426,20260426,20260217,4,1,V,
755ZZ,2827,2130001,CIRRUS DESIGN CORP,SR22,SR Series,1,2007,3,GA,7,US,20231013,20200324,20071121,4,1,V,
756DC,9756,2130004,CIRRUS DESIGN CORP,SR22T,SR Series,1,2024,8,MN,C,US,20260128,20251221,20240112,4,1,V,
756GB,2265,2130001,CIRRUS DESIGN CORP,SR22,SR Series,1,2006,3,SC,7,US,20241101,20241101,20061219,4,1,V,
7578A,1201,2130004,CIRRUS DESIGN CORP,SR22T,SR Series,1,2015,7,ME,E,US,20240824,20240824,20151130,4,1,V,
7578B,3907,2130001,CIRRUS DESIGN CORP,SR22,SR Series,1,2012,7,OK,2,US,20250613,20250613,20121210,4,1,V,
757LR,9757,2130004,CIRRUS DESIGN CORP,SR22T,SR Series,1,2024,7,WI,C,US,20240515,20240515,20240111,4,1,V,
757WM,10085,2130000,CIRRUS DESIGN CORP,SR20,SR Series,1,2024,5,MI,C,US,20240819,20240819,20240717,4,1,V,
7580,1429,2130004,CIRRUS DESIGN CORP,SR22T,SR Series,1,2016,1,AZ,4,US,20241212,20241212,20160907,4,1,V,
758AG,4954,2130001,CIRRUS DESIGN CORP,SR22,SR Series,1,2020,1,TX,2,US,20260309,20210326,20201012,4,1,V,
758CD,0058,2130001,CIRRUS DESIGN CORP,SR22,SR Series,1,2001,7,VA,1,US,20231020,20070501,20010727,4,1,V,
758WC,0432,2130010,CIRRUS DESIGN CORP,SF50,Vision Jet,1,2023,7,PA,1,US,20230307,20230307,20230302,4,5,V,
759GT,1379,2130001,CIRRUS DESIGN CORP,SR22,SR Series,1,2005,3,DE,1,US,20241004,20241004,20050330,4,1,V,
75CK,9405,2130001,CIRRUS DESIGN CORP,SR22,SR Series,1,2023,7,FL,7,US,20250115,20250115,20230826,4,1,V,
75CQ,11282,2130004,CIRRUS DESIGN CORP,SR22T,SR Series,1,2026,1,MN,C,US,20260624,,20260320,4,1,R,
75CV,10354,2130004,CIRRUS DESIGN CORP,SR22T,SR Series,1,2024,1,PA,1,US,20250204,20250204,20241204,4,1,V,
75ET,1185,2130000,CIRRUS DESIGN CORP,SR20,SR Series,1,2002,4,TN,3,US,20230818,20220708,20020422,4,1,V,
75FD,0280,2130010,CIRRUS DESIGN CORP,SF50,Vision Jet,1,2021,7,TX,2,US,20230511,20210818,20210722,4,5,V,
75GH,10021,2130001,CIRRUS DESIGN CORP,SR22,SR Series,1,2024,7,DE,1,US,20251031,20240715,20240615,4,1,V,
75HB,9328,2130004,CIRRUS DESIGN CORP,SR22T,SR Series,1,2023,7,GA,7,US,20230918,20230918,20230628,4,1,V,
75KC,11245,2130004,CIRRUS DESIGN CORP,SR22T,SR Series,1,2026,3,TN,3,US,20260709,20260709,20260309,4,1,V,
75MG,0657,2130001,CIRRUS DESIGN CORP,SR22,SR Series,1,2003,4,MT,S,US,20230603,20210802,20030827,4,1,V,
75RJ,9186,2130004,CIRRUS DESIGN CORP,SR22T,SR Series,1,2023,7,FL,7,US,20251029,20241018,20230410,4,1,V,
75SA,0955,2130001,CIRRUS DESIGN CORP,SR22,SR Series,1,2004,7,IN,C,US,20230519,20210617,20040528,4,1,V,
75T,9007,2130004,CIRRUS DESIGN CORP,SR22T,SR Series,1,2022,7,OK,2,US,20251015,20251015,20221227,4,1,V,
75VJ,8848,2130001,CIRRUS DESIGN CORP,SR22,SR Series,1,2022,3,CA,4,US,20260706,20251205,20221009,4,1,V,
75WW,2310,2130004,CIRRUS DESIGN CORP,SR22T,SR Series,1,2021,1,CA,4,US,20240918,20240918,20210511,4,1,V,
75WZ,10185,2130004,CIRRUS DESIGN CORP,SR22T,SR Series,1,2024,7,DE,1,US,20260406,20260406,20240906,4,1,V,
75ZM,1045,2130001,CIRRUS DESIGN CORP,SR22,SR Series,1,2004,3,GA,7,US,20230324,20080730,20040818,4,1,V,
76007,152,2130010,CIRRUS DESIGN CORP,SF50,Vision Jet,1,2019,7,FL,7,US,20250117,20250117,20191011,4,5,V,
760CD,0084,2130001,CIRRUS DESIGN CORP,SR22,SR Series,1,2001,3,NV,4,US,20250502,20250502,20010828,4,1,V,
760P,0988,2130001,CIRRUS DESIGN CORP,SR22,SR Series,1,2004,4,LA,2,US,20230208,20230208,20040916,4,1,V,
760TT,0389,2130010,CIRRUS DESIGN CORP,SF50,Vision Jet,1,,7,TX,2,US,20230909,20221005,,4,5,V,
7610U,10549,2130000,CIRRUS DESIGN CORP,SR20,SR Series,1,2025,5,OH,C,US,20260327,20250409,20250314,4,1,V,
7613T,0783,2130010,CIRRUS DESIGN CORP,SF50,Vision Jet,1,,8,MN,C,US,20260310,,,4,5,M,
761BB,10828,2130004,CIRRUS DESIGN CORP,SR22T,SR Series,1,2025,7,CO,S,US,20250922,20250922,20250805,4,1,V,
761C,0429,2130001,CIRRUS DESIGN CORP,SR22,SR Series,1,,7,TX,2,US,20230825,20220801,20021221,4,1,V,
761DK,11708,2130004,CIRRUS DESIGN CORP,SR22T,SR Series,1,,8,MN,C,US,20260813,,,4,1,M,
761GH,0603,2130010,CIRRUS DESIGN CORP,SF50,Vision Jet,1,2024,7,CA,4,US,20241202,20241202,20241127,4,5,V,
761TB,11775,2130004,CIRRUS DESIGN CORP,SR22T,SR Series,1,,8,MN,C,US,20260714,,,4,1,M,
7620U,10550,2130000,CIRRUS DESIGN CORP,SR20,SR Series,1,2025,5,OH,C,US,20260219,20250409,20250314,4,1,V,
762AR,4676,2130001,CIRRUS DESIGN CORP,SR22,SR Series,1,2018,7,VA,1,US,20260215,20260215,20180807,4,1,V,
762BB,9130,2130004,CIRRUS DESIGN CORP,SR22T,SR Series,1,,7,DC,1,US,20230522,20230522,,4,1,V,
762CR,2870,2130001,CIRRUS DESIGN CORP,SR22,SR Series,1,2007,3,CA,4,US,20231013,20170314,20071221,4,1,V,
762HR,10890,2130001,CIRRUS DESIGN CORP,SR22,SR Series,1,2025,7,SC,7,US,20251027,20251027,20250913,4,1,V,
762JB,1735,2130000,CIRRUS DESIGN CORP,SR20,SR Series,1,2006,7,FL,7,US,20231006,20231006,20061024,4,1,V,
762MV,0363,2130010,CIRRUS DESIGN CORP,SF50,Vision Jet,1,2022,1,TX,2,US,20230811,20220630,20220629,4,5,V,
762PK,0146,2130010,CIRRUS DESIGN CORP,SF50,Vision Jet,1,2019,7,AL,7,US,20231104,20231104,20190919,4,5,V,
762SR,2882,2130001,CIRRUS DESIGN CORP,SR22,SR Series,1,2007,7,DE,1,US,20230915,20131120,20071219,4,1,V,
762TC,1035,2130001,CIRRUS DESIGN CORP,SR22,SR Series,1,2004,7,MN,C,US,20260114,20260114,20040805,4,1,V,
7630U,10552,2130000,CIRRUS DESIGN CORP,SR20,SR Series,1,2025,5,OH,C,US,20260219,20250411,20250314,4,1,V,
763C,0431,2130001,CIRRUS DESIGN CORP,SR22,SR Series,1,2002,7,NC,1,US,20230930,20040423,20021216,4,1,V,
763CA,2251,2130000,CIRRUS DESIGN CORP,SR20,SR Series,1,2014,7,SC,7,US,20250702,20210501,20140421,4,1,V,
763CB,0611,2130010,CIRRUS DESIGN CORP,SF50,Vision Jet,1,2024,7,CO,S,US,20250118,20250118,20241219,4,5,V,
763CD,1689,2130001,CIRRUS DESIGN CORP,SR22,SR Series,1,2005,7,TX,2,US,20230930,20230118,20051118,4,1,V,
763DY,1753,2130000,CIRRUS DESIGN CORP,SR20,SR Series,1,2006,3,NV,4,US,20250616,20250513,20061120,4,1,V,
763LS,3487,2130001,CIRRUS DESIGN CORP,SR22,SR Series,1,2009,7,LA,2,US,20231208,20231105,20090803,4,1,V,
763PK,10422,2130004,CIRRUS DESIGN CORP,SR22T,SR Series,1,2025,4,VT,E,US,20260706,20250228,20250113,4,1,V,
763SF,0763,2130010,CIRRUS DESIGN CORP,SF50,Vision Jet,1,2026,8,MN,C,US,20260129,,20260422,4,5,M,
763TA,10547,2130000,CIRRUS DESIGN CORP,SR20,SR Series,1,2025,7,TX,2,US,20250411,20250411,20250309,4,1,V,
7640U,10561,2130000,CIRRUS DESIGN CORP,SR20,SR Series,1,2025,5,OH,C,US,20260219,20250409,20250318,4,1,V,
764DG,10409,2130004,CIRRUS DESIGN CORP,SR22T,SR Series,1,2025,7,UT,S,US,20251114,20251114,20250102,4,1,V,
764TA,10601,2130000,CIRRUS DESIGN CORP,SR20,SR Series,1,2025,7,TX,2,US,20250514,20250514,20250405,4,1,V,
764WP,11019,2130004,CIRRUS DESIGN CORP,SR22T,SR Series,1,2025,7,WA,S,US,20260209,20260209,20251022,4,1,V,
7650U,10566,2130000,CIRRUS DESIGN CORP,SR20,SR Series,1,2025,5,OH,C,US,20260219,20250409,20250325,4,1,V,
7654T,1019,2130000,CIRRUS DESIGN CORP,SR20,SR Series,1,2000,3,AR,2,US,20230728,20190415,20000216,4,1,V,
765CT,3216,2130001,CIRRUS DESIGN CORP,SR22,SR Series,1,2008,7,CA,4,US,20230930,20170105,20080822,4,1,V,
765GM,4004,2130001,CIRRUS DESIGN CORP,SR22,SR Series,1,,3,FL,7,US,20240422,20210413,20131009,4,1,V,
765GP,10516,2130004,CIRRUS DESIGN CORP,SR22T,SR Series,1,2025,7,MO,3,US,20250327,20250327,20250228,4,1,V,
765PN,0701,2130010,CIRRUS DESIGN CORP,SF50,Vision Jet,1,2025,7,FL,7,US,20251028,20251028,20251013,4,5,V,
765SV,2390,2130004,CIRRUS DESIGN CORP,SR22T,SR Series,1,2021,4,AZ,4,US,20230701,20211217,20210908,4,1,V,
765TK,0622,2130010,CIRRUS DESIGN CORP,SF50,Vision Jet,1,2025,7,DE,1,US,20250307,20250307,20250205,4,5,V,
7660U,10567,2130000,CIRRUS DESIGN CORP,SR20,SR Series,1,2025,5,OH,C,US,20260219,20250409,20250322,4,1,V,
766AT,3766,2130001,CIRRUS DESIGN CORP,SR22,SR Series,1,2011,7,FL,7,US,20260618,20260618,20110602,4,1,V,
766DC,1935,2130004,CIRRUS DESIGN CORP,SR22T,SR Series,1,2019,7,MT,S,US,20250710,20250710,20190613,4,1,V,
766SA,1101,2130000,CIRRUS DESIGN CORP,SR20,SR Series,1,2000,7,WY,S,US,20260619,20260619,20001219,4,1,V,
766SB,4639,2130001,CIRRUS DESIGN CORP,SR22,SR Series,1,2018,7,OR,S,US,20230512,20210504,20180507,4,1,V,
766WT,9470,2130004,CIRRUS DESIGN CORP,SR22T,SR Series,1,2023,7,MT,S,US,20250104,20250104,20231007,4,1,V,
7676K,11129,2130004,CIRRUS DESIGN CORP,SR22T,SR Series,1,2026,7,CA,4,US,20260317,20260312,20260109,4,1,V,
7677D,2936,2130001,CIRRUS DESIGN CORP,SR22,SR Series,1,2008,3,OH,C,US,20260331,,20080206,4,1,V,
767BC,0465,2130004,CIRRUS DESIGN CORP,SR22T,SR Series,1,2013,7,VA,1,US,20241025,20191010,20130304,4,1,V,
767JR,9373,2130004,CIRRUS DESIGN CORP,SR22T,SR Series,1,2023,7,SC,7,US,20230926,20230926,20230820,4,1,V,
767PL,11400,2130004,CIRRUS DESIGN CORP,SR22T,SR Series,1,2026,7,CA,4,US,20260807,20260807,20260606,4,1,V,
767WS,0261,2130010,CIRRUS DESIGN CORP,SF50,Vision Jet,1,2021,2,CA,4,US,20230603,20210811,20210421,4,5,V,
767WT,0056,2130004,CIRRUS DESIGN CORP,SR22T,SR Series,1,2010,1,CA,4,US,20231020,20200409,20101222,4,1,V,
767ZZ,2410,2130001,CIRRUS DESIGN CORP,SR22,SR Series,1,2007,3,,,,20260725,20230412,20070329,4,1,V,
768CB,1918,2130004,CIRRUS DESIGN CORP,SR22T,SR Series,1,2019,7,CA,4,US,20230804,20220521,20190509,4,1,V,
768CD,1041,2130001,CIRRUS DESIGN CORP,SR22,SR Series,1,2004,1,MA,E,US,20230818,20130709,20040810,4,1,V,
768FS,1738,2130004,CIRRUS DESIGN CORP,SR22T,SR Series,1,2018,7,CO,S,US,20231024,20231024,20180607,4,1,V,
769BK,0172,2130010,CIRRUS DESIGN CORP,SF50,Vision Jet,1,2019,7,MA,E,US,20251026,20251026,20191216,4,5,V,
769CD,0932,2130001,CIRRUS DESIGN CORP,SR22,SR Series,1,2004,4,OR,S,US,20230701,20151214,20061229,4,1,V,
769KV,9623,2130001,CIRRUS DESIGN CORP,SR22,SR Series,1,2023,3,OH,C,US,20240909,20240610,20231213,4,1,V,
769SR,2769,2130001,CIRRUS DESIGN CORP,SR22,SR Series,1,2007,4,LA,2,US,20260228,20260228,20071030,4,1,V,
769TX,2469,2130004,CIRRUS DESIGN CORP,SR22T,SR Series,1,2021,1,NV,4,US,20260226,,20211220,4,1,R,
769VC,2719,2130000,CIRRUS DESIGN CORP,SR20,SR Series,1,2021,7,ND,C,US,20250227,20250227,20210511,4,1,V,
769WM,10086,2130000,CIRRUS DESIGN CORP,SR20,SR Series,1,2024,5,MI,C,US,20240819,20240819,20240718,4,1,V,
76AL,5057,2130001,CIRRUS DESIGN CORP,SR22,SR Series,1,2021,1,TX,2,US,20230616,20211015,20210714,4,1,V,
76AP,0142,2130010,CIRRUS DESIGN CORP,SF50,Vision Jet,1,2019,7,NC,1,US,20230308,20230308,20190910,4,5,V,
76BY,0145,2130001,CIRRUS DESIGN CORP,SR22,SR Series,1,2002,7,NE,3,US,20240116,20240116,20020202,4,1,V,
76CE,1447,2130004,CIRRUS DESIGN CORP,SR22T,SR Series,1,2016,7,VA,1,US,20230915,20191120,20160928,4,1,V,
76D,1176,2130000,CIRRUS DESIGN CORP,SR20,SR Series,1,,1,FL,7,US,20230804,20190508,20020119,4,1,V,
76DF,2082,2130004,CIRRUS DESIGN CORP,SR22T,SR Series,1,2020,7,FL,7,US,20250622,20250622,20200305,4,1,V,
76DW,9005,2130004,CIRRUS DESIGN CORP,SR22T,SR Series,1,2022,3,DE,1,US,20250904,20250904,20221226,4,1,V,
76JF,8825,2130000,CIRRUS DESIGN CORP,SR20,SR Series,1,2022,7,CA,4,US,20260601,20260601,20220923,4,1,V,
76LK,1754,2130004,CIRRUS DESIGN CORP,SR22T,SR Series,1,2018,3,FL,7,US,20230610,20180912,20180725,4,1,V,
76RD,0396,2130010,CIRRUS DESIGN CORP,SF50,Vision Jet,1,2022,7,,,,20260504,20260211,20221025,4,5,V,
76SV,4986,2130001,CIRRUS DESIGN CORP,SR22,SR Series,1,2020,7,NY,1,US,20230421,20210224,20201209,4,1,V,
770CA,3418,2130001,CIRRUS DESIGN CORP,SR22,SR Series,1,2009,7,CA,4,US,20241223,20241002,20090330,4,1,V,
770CT,2927,2130001,CIRRUS DESIGN CORP,SR22,SR Series,1,2008,1,NC,1,US,20230909,20221029,20080130,4,1,V,
770EJ,0370,2130010,CIRRUS DESIGN CORP,SF50,Vision Jet,1,2022,7,VA,1,US,20241122,20241122,20220721,4,5,V,
770GM,11759,2130004,CIRRUS DESIGN CORP,SR22T,SR Series,1,,8,MN,C,US,20251124,,,4,1,M,
770JT,0602,2130010,CIRRUS DESIGN CORP,SF50,Vision Jet,1,2024,7,AZ,4,US,20241122,20241122,20241121,4,5,V,
770MM,3405,2130001,CIRRUS DESIGN CORP,SR22,SR Series,1,2009,1,GA,7,US,20260106,20260106,20090218,4,1,V,
770SR,1939,2130001,CIRRUS DESIGN CORP,SR22,SR Series,1,2006,7,FL,7,US,20230616,20061113,20060510,4,1,V,
770TP,2418,2130001,CIRRUS DESIGN CORP,SR22,SR Series,1,2007,7,CO,S,US,20251008,20251008,20070319,4,1,V,
771BG,10990,2130004,CIRRUS DESIGN CORP,SR22T,SR Series,1,2025,7,UT,S,US,20260210,20260210,20251014,4,1,V,
771BT,3622,2130001,CIRRUS DESIGN CORP,SR22,SR Series,1,2010,7,TN,3,US,20260527,20260527,20100426,4,1,V,
771DL,0169,2130010,CIRRUS DESIGN CORP,SF50,Vision Jet,1,2019,7,TN,3,US,20251016,20250719,20191209,4,5,V,
771FR,8883,2130004,CIRRUS DESIGN CORP,SR22T,SR Series,1,2022,3,DE,1,US,20240808,20240808,20221015,4,1,V,
771KS,1717,2130001,CIRRUS DESIGN CORP,SR22,SR Series,1,2005,1,GA,7,US,20250626,20250626,20051206,4,1,V,
771SL,1405,2130001,CIRRUS DESIGN CORP,SR22,SR Series,1,2005,7,MD,1,US,20240611,20240611,20050421,4,1,V,
771SR,2771,2130001,CIRRUS DESIGN CORP,SR22,SR Series,1,2007,3,DE,1,US,20230804,20220502,20071106,4,1,V,
7724T,1266,2130000,CIRRUS DESIGN CORP,SR20,SR Series,1,,7,OK,2,US,20260619,20260619,20021001,4,1,V,
7728A,1454,2130000,CIRRUS DESIGN CORP,SR20,SR Series,1,2004,4,GA,7,US,20251201,20240504,20040819,4,1,V,
772C,0401,2130001,CIRRUS DESIGN CORP,SR22,SR Series,1,2002,7,CA,4,US,20230407,20171205,20021127,4,1,V,
772CC,1539,2130001,CIRRUS DESIGN CORP,SR22,SR Series,1,2005,1,AZ,4,US,20230310,20070605,20050728,4,1,V,
772CD,1403,2130001,CIRRUS DESIGN CORP,SR22,SR Series,1,2005,7,FL,7,US,20230616,20121031,20050420,4,1,V,
772DG,10777,2130004,CIRRUS DESIGN CORP,SR22T,SR Series,1,2025,7,NV,4,US,20250923,20250923,20250709,4,1,V,
772LC,10234,2130004,CIRRUS DESIGN CORP,SR22T,SR Series,1,2024,7,CO,S,US,20241029,20241029,20241002,4,1,V,
772RG,10037,2130004,CIRRUS DESIGN CORP,SR22T,SR Series,1,2024,7,TN,3,US,20241115,20241115,20240628,4,1,V,
773AB,5146,2130001,CIRRUS DESIGN CORP,SR22,SR Series,1,2022,7,VA,1,US,20230818,20220712,20220112,4,1,V,
773BB,2425,2130001,CIRRUS DESIGN CORP,SR22,SR Series,1,2007,3,MN,C,US,20230401,20090720,20070329,4,1,V,
773CD,1362,2130001,CIRRUS DESIGN CORP,SR22,SR Series,1,2005,7,WI,C,US,20230922,20221227,20050318,4,1,V,
773CM,1560,2130004,CIRRUS DESIGN CORP,SR22T,SR Series,1,2017,7,FL,7,US,20260622,20240101,20230918,4,1,V,
773CV,4644,2130001,CIRRUS DESIGN CORP,SR22,SR Series,1,2018,3,CA,4,US,20230603,20210821,20180530,4,1,V,
773DC,1989,2130001,CIRRUS DESIGN CORP,SR22,SR Series,1,2006,7,NV,4,US,20230909,20090115,20060602,4,1,V,
773DV,4947,2130001,CIRRUS DESIGN CORP,SR22,SR Series,1,2020,7,SC,7,US,20230401,20201121,20200909,4,1,V,
773GM,1864,2130004,CIRRUS DESIGN CORP,SR22T,SR Series,1,2019,7,DE,1,US,20240330,20240330,20190129,4,1,V,
773GP,0971,2130004,CIRRUS DESIGN CORP,SR22T,SR Series,1,2015,7,CO,S,US,20230701,20211222,20150129,4,1,V,
773LG,1390,2130004,CIRRUS DESIGN CORP,SR22T,SR Series,1,,7,PA,1,US,20250519,20250519,,4,1,V,
773MG,1940,2130004,CIRRUS DESIGN CORP,SR22T,SR Series,1,2019,4,NM,2,US,20240911,20191101,20190624,4,1,V,
773SR,2773,2130001,CIRRUS DESIGN CORP,SR22,SR Series,1,2007,7,NY,1,US,20230603,20210810,20071106,4,1,V,
773TA,11473,2130004,CIRRUS DESIGN CORP,SR22T,SR Series,1,,8,MN,C,US,20260326,,,4,1,M,
773TV,10734,2130000,CIRRUS DESIGN CORP,SR20,SR Series,1,2025,7,VA,1,US,20250729,20250729,20250621,4,1,V,
774C,1282,2130000,CIRRUS DESIGN CORP,SR20,SR Series,1,2003,7,MO,3,US,20260302,20260302,20030131,4,1,V,
774CD,0786,2130001,CIRRUS DESIGN CORP,SR22,SR Series,1,2003,7,WY,S,US,20260521,20240530,20031223,4,1,V,
774EB,8926,2130001,CIRRUS DESIGN CORP,SR22,SR Series,1,2022,4,OR,S,US,20230314,20230314,20221122,4,1,V,
774MW,2288,2130004,CIRRUS DESIGN CORP,SR22T,SR Series,1,2021,7,DE,1,US,20250124,20250124,20210331,4,1,V,
774PL,1051,2130004,CIRRUS DESIGN CORP,SR22T,SR Series,1,2015,7,WA,S,US,20230317,20230317,20150519,4,1,V,
774PT,1612,2130000,CIRRUS DESIGN CORP,SR20,SR Series,1,2006,3,DE,1,US,20230122,20140516,20060123,4,1,V,
774SF,1998,2130004,CIRRUS DESIGN CORP,SR22T,SR Series,1,2019,7,OK,2,US,20240610,20230926,20191002,4,1,V,
774SR,2747,2130001,CIRRUS DESIGN CORP,SR22,SR Series,1,2007,1,NH,E,US,20230902,20220926,20071016,4,1,V,
774TR,5046,2130001,CIRRUS DESIGN CORP,SR22,SR Series,1,2021,3,FL,7,US,20251026,20251026,20210609,4,1,V,
774VJ,0774,2130010,CIRRUS DESIGN CORP,SF50,Vision Jet,1,2026,3,DE,1,US,20260701,20260701,20260520,4,5,V,
775AB,10326,2130004,CIRRUS DESIGN CORP,SR22T,SR Series,1,2024,7,NC,1,US,20250121,20250121,20241203,4,1,V,
775AH,0359,2130004,CIRRUS DESIGN CORP,SR22T,SR Series,1,,3,PA,1,US,20230222,20230222,,4,1,V,
775AR,11444,2130004,CIRRUS DESIGN CORP,SR22T,SR Series,1,,8,MN,C,US,20260318,,,4,1,M,
775CD,0228,2130001,CIRRUS DESIGN CORP,SR22,SR Series,1,2002,3,OK,2,US,20230825,20130829,20020531,4,1,V,
775EW,0526,2130001,CIRRUS DESIGN CORP,SR22,SR Series,1,2003,3,IA,3,US,20230310,20100513,20030427,4,1,V,
775SB,0806,2130010,CIRRUS DESIGN CORP,SF50,Vision Jet,1,,8,MN,C,US,20260403,,,4,5,M,
775TL,0773,2130010,CIRRUS DESIGN CORP,SF50,Vision Jet,1,2026,8,MN,C,US,20260213,,20260527,4,5,M,
775WM,10114,2130000,CIRRUS DESIGN CORP,SR20,SR Series,1,2024,5,MI,C,US,20240910,20240910,20240728,4,1,V,
7763B,4425,2130001,CIRRUS DESIGN CORP,SR22,SR Series,1,2016,7,FL,7,US,20230817,20230817,20161205,4,1,V,
7763Y,9252,2130001,CIRRUS DESIGN CORP,SR22,SR Series,1,2023,7,NY,1,US,20230726,20230726,20230522,4,1,V,
776BR,1904,2130004,CIRRUS DESIGN CORP,SR22T,SR Series,1,2019,7,TN,3,US,20241010,20240406,20190418,4,1,V,
776BW,8986,2130004,CIRRUS DESIGN CORP,SR22T,SR Series,1,2022,7,PA,1,US,20230330,20230330,20221221,4,1,V,
776CD,1039,2130001,CIRRUS DESIGN CORP,SR22,SR Series,1,2004,7,NV,4,US,20240419,20240419,20040809,4,1,V,
776DN,11262,2130004,CIRRUS DESIGN CORP,SR22T,SR Series,1,2026,7,PA,1,US,20260629,20260602,20260310,4,1,V,
776JD,1567,2130004,CIRRUS DESIGN CORP,SR22T,SR Series,1,2017,7,ID,S,US,20260730,20260730,20170712,4,1,V,
776JE,11108,2130004,CIRRUS DESIGN CORP,SR22T,SR Series,1,2025,7,MI,C,US,20260228,20260228,20260102,4,1,V,
776PM,3480,2130001,CIRRUS DESIGN CORP,SR22,SR Series,1,,4,TX,2,US,20230908,20230908,20090730,4,1,V,
776SF,0776,2130010,CIRRUS DESIGN CORP,SF50,Vision Jet,1,2026,8,MN,C,US,20260220,,20260527,4,5,M,
776TX,2754,2130000,CIRRUS DESIGN CORP,SR20,SR Series,1,2021,7,CA,4,US,20231124,20231124,20210922,4,1,V,
776X,1016,2130004,CIRRUS DESIGN CORP,SR22T,SR Series,1,2015,1,TX,2,US,20230310,20200801,20150406,4,1,V,
776Y,0187,2130010,CIRRUS DESIGN CORP,SF50,Vision Jet,1,2020,7,MT,S,US,20231020,20200417,20200305,4,5,V,
7772T,8615,2130004,CIRRUS DESIGN CORP,SR22T,SR Series,1,2022,7,TX,2,US,20230329,20221123,20220423,4,1,V,
7773H,0723,2130001,CIRRUS DESIGN CORP,SR22,SR Series,1,2003,7,DE,1,US,20230322,20230322,20031031,4,1,V,
7774Z,1345,2130001,CIRRUS DESIGN CORP,SR22,SR Series,1,2005,3,CA,4,US,20230701,20181213,20050307,4,1,V,
7776T,0387,2130004,CIRRUS DESIGN CORP,SR22T,SR Series,1,2012,7,DE,1,US,20231007,20140224,20121008,4,1,V,
7776W,0013,2130010,CIRRUS DESIGN CORP,SF50,Vision Jet,1,2017,4,TX,2,US,20250128,20250128,20170630,4,5,V,
7778G,1145,2130004,CIRRUS DESIGN CORP,SR22T,SR Series,1,2015,7,NC,1,US,20251106,20251106,20150923,4,1,V,
7778T,0507,2130004,CIRRUS DESIGN CORP,SR22T,SR Series,1,2013,7,NC,1,US,20230505,20210422,20130426,4,1,V,
777AJ,3132,2130001,CIRRUS DESIGN CORP,SR22,SR Series,1,2008,7,IL,C,US,20230718,20190220,20080730,4,1,V,
777AV,0278,2130004,CIRRUS DESIGN CORP,SR22T,SR Series,1,2012,7,CA,4,US,20260219,20260219,20120118,4,1,V,
777CB,0332,2130010,CIRRUS DESIGN CORP,SF50,Vision Jet,1,2021,7,FL,7,US,20230731,20230214,20211230,4,5,V,
777CL,4758,2130001,CIRRUS DESIGN CORP,SR22,SR Series,1,2019,7,WY,S,US,20260514,20260514,20190227,4,1,V,
777EX,0777,2130010,CIRRUS DESIGN CORP,SF50,Vision Jet,1,2026,7,FL,7,US,20260709,20260709,20260528,4,5,V,
777GB,4637,2130001,CIRRUS DESIGN CORP,SR22,SR Series,1,2018,7,CA,4,US,20230209,20230209,20180501,4,1,V,
777GV,0235,2130001,CIRRUS DESIGN CORP,SR22,SR Series,1,2002,1,AZ,4,US,20230603,20180808,20020607,4,1,V,
777GX,1646,2130001,CIRRUS DESIGN CORP,SR22,SR Series,1,,7,FL,7,US,20231020,20110416,,4,1,V,
777J,0344,2130004,CIRRUS DESIGN CORP,SR22T,SR Series,1,,7,AZ,4,US,20260620,20260620,20120712,4,1,V,
777LS,0349,2130010,CIRRUS DESIGN CORP,SF50,Vision Jet,1,2022,7,FL,7,US,20230930,20230102,20220423,4,5,V,
777M,1811,2130004,CIRRUS DESIGN CORP,SR22T,SR Series,1,2018,7,CO,S,US,20240919,20240919,20181023,4,1,V,
777ND,1258,2130000,CIRRUS DESIGN CORP,SR20,SR Series,1,2002,4,CA,4,US,20241119,20241119,20021003,4,1,V,
777NL,2885,2130001,CIRRUS DESIGN CORP,SR22,SR Series,1,2007,7,TN,3,US,20230428,20210316,20071219,4,1,V,
777PS,0097,2130001,CIRRUS DESIGN CORP,SR22,SR Series,1,2001,3,WY,S,US,20260219,20260219,20010929,4,1,V,
777RY,0777,2130001,CIRRUS DESIGN CORP,SR22,SR Series,1,2003,7,OH,C,US,20230304,20170724,20031217,4,1,V,
777UR,0497,2130010,CIRRUS DESIGN CORP,SF50,Vision Jet,1,2023,7,MT,S,US,20240110,20240110,20231129,4,5,V,
777VV,4068,2130001,CIRRUS DESIGN CORP,SR22,SR Series,1,2014,7,LA,2,US,20260323,20200804,20140407,4,1,V,
777WE,0220,2130004,CIRRUS DESIGN CORP,SR22T,SR Series,1,2011,7,DE,1,US,20230519,20180625,20111014,4,1,V,
777WX,0452,2130001,CIRRUS DESIGN CORP,SR22,SR Series,1,2003,1,GA,7,US,20231020,20140423,20030401,4,1,V,
777YP,1299,2130001,CIRRUS DESIGN CORP,SR22,SR Series,1,2005,4,DE,1,US,20230909,20191008,20050131,4,1,V,
77877,3713,2130001,CIRRUS DESIGN CORP,SR22,SR Series,1,2010,7,UT,S,US,20230122,20170322,20101228,4,1,V,
7788T,1088,2130000,CIRRUS DESIGN CORP,SR20,SR Series,1,2000,7,CA,4,US,20230701,20181201,20001118,4,1,V,
7789T,1989,2130000,CIRRUS DESIGN CORP,SR20,SR Series,1,2008,7,VA,1,US,20230930,20230930,20080514,4,1,V,
778CA,3760,2130001,CIRRUS DESIGN CORP,SR22,SR Series,1,2011,7,MS,2,US,20241211,20241211,20110429,4,1,V,
778DA,8707,2130001,CIRRUS DESIGN CORP,SR22,SR Series,1,2022,7,FL,7,US,20250827,20250827,20220727,4,1,V,
778DB,9997,2130004,CIRRUS DESIGN CORP,SR22T,SR Series,1,2024,7,NH,E,US,20240710,20240710,20240614,4,1,V,
778GT,0700,2130004,CIRRUS DESIGN CORP,SR22T,SR Series,1,2014,7,WY,S,US,20230407,20201205,20140224,4,1,V,
778KB,11026,2130004,CIRRUS DESIGN CORP,SR22T,SR Series,1,2025,7,TN,3,US,20260206,20260206,20251113,4,1,V,
778PZ,9463,2130001,CIRRUS DESIGN CORP,SR22,SR Series,1,2023,7,RI,E,US,20231125,20231125,20231005,4,1,V,
778TP,2378,2130004,CIRRUS DESIGN CORP,SR22T,SR Series,1,2021,7,VA,1,US,20250327,20250325,20210819,4,1,V,
778WT,2290,2130004,CIRRUS DESIGN CORP,SR22T,SR Series,1,2021,7,NH,E,US,20251228,20251228,20210415,4,1,V,
7797S,0765,2130001,CIRRUS DESIGN CORP,SR22,SR Series,1,2003,1,TX,2,US,20240923,20240326,20031229,4,1,V,
779C,0444,2130001,CIRRUS DESIGN CORP,SR22,SR Series,1,2003,1,TX,2,US,20230401,20171102,20030105,4,1,V,
779CD,1445,2130000,CIRRUS DESIGN CORP,SR20,SR Series,1,2004,4,IA,3,US,20230825,20160803,20040812,4,1,V,
779GW,9938,2130004,CIRRUS DESIGN CORP,SR22T,SR Series,1,2024,7,TX,2,US,20240605,20240605,20240505,4,1,V,
779HC,0293,2130010,CIRRUS DESIGN CORP,SF50,Vision Jet,1,2021,3,UT,S,US,20230616,20211012,20210917,4,5,V,
779JW,4797,2130001,CIRRUS DESIGN CORP,SR22,SR Series,1,2019,7,CA,4,US,20231104,20231104,20190619,4,1,V,
779RJ,1507,2130004,CIRRUS DESIGN CORP,SR22T,SR Series,1,2017,7,CO,S,US,20230122,20170410,20170313,4,1,V,
779SR,0961,2130004,CIRRUS DESIGN CORP,SR22T,SR Series,1,2014,1,NV,4,US,20230304,20170713,20141231,4,1,V,
779TW,3261,2130001,CIRRUS DESIGN CORP,SR22,SR Series,1,2008,7,IN,C,US,20250702,20140728,20080912,4,1,V,
779WC,1247,2130001,CIRRUS DESIGN CORP,SR22,SR Series,1,2004,1,WI,C,US,20231020,20170411,20041229,4,1,V,
779WS,1377,2130004,CIRRUS DESIGN CORP,SR22T,SR Series,1,2016,7,ID,S,US,20230804,20220526,20160623,4,1,V,
779ZS,9889,2130004,CIRRUS DESIGN CORP,SR22T,SR Series,1,2024,7,WA,S,US,20240531,20240531,20240430,4,1,V,
77CX,4051,2130001,CIRRUS DESIGN CORP,SR22,SR Series,1,2014,7,OK,2,US,20250806,20250806,20140220,4,1,V,
77DJ,0321,2130010,CIRRUS DESIGN CORP,SF50,Vision Jet,1,2021,7,NJ,1,US,20240529,20240529,20211209,4,5,V,
77EY,1923,2130004,CIRRUS DESIGN CORP,SR22T,SR Series,1,2019,7,WI,C,US,20231127,20231127,20190611,4,1,V,
77HG,11401,2130004,CIRRUS DESIGN CORP,SR22T,SR Series,1,2026,8,MN,C,US,20260316,,20260522,4,1,M,
77KD,2133,2130004,CIRRUS DESIGN CORP,SR22T,SR Series,1,2020,3,FL,7,US,20250402,20200820,20200708,4,1,V,
77LD,0265,2130010,CIRRUS DESIGN CORP,SF50,Vision Jet,1,2021,3,WY,S,US,20260205,20260205,20210503,4,5,V,
77LY,2487,2130004,CIRRUS DESIGN CORP,SR22T,SR Series,1,2021,7,UT,S,US,20230804,20220521,20211229,4,1,V,
77R,0666,2130010,CIRRUS DESIGN CORP,SF50,Vision Jet,1,2025,7,MA,E,US,20250822,20250822,20250625,4,5,V,
77VJ,0088,2130010,CIRRUS DESIGN CORP,SF50,Vision Jet,1,2018,3,KS,3,US,20250723,20250723,20181128,4,5,V,
77ZM,0923,2130004,CIRRUS DESIGN CORP,SR22T,SR Series,1,2014,7,MN,C,US,20230512,20210520,20141121,4,1,V,
77ZX,1299,2130000,CIRRUS DESIGN CORP,SR20,SR Series,1,2003,7,AR,2,US,20230909,20191021,20030222,4,1,V,
780AK,2173,2130004,CIRRUS DESIGN CORP,SR22T,SR Series,1,2020,7,CA,4,US,20231014,20201212,20200921,4,1,V,
780CD,1202,2130001,CIRRUS DESIGN CORP,SR22,SR Series,1,2004,1,TX,2,US,20230304,20170724,20041203,4,1,V,
780JB,0495,2130004,CIRRUS DESIGN CORP,SR22T,SR Series,1,2013,7,CA,4,US,20230122,20170510,20130416,4,1,V,
780MD,0340,2130004,CIRRUS DESIGN CORP,SR22T,SR Series,1,2012,1,SC,7,US,20230512,20180516,20120626,4,1,V,
780SF,0780,2130010,CIRRUS DESIGN CORP,SF50,Vision Jet,1,2026,7,FL,7,US,20260610,20260610,20260604,4,5,V,
781CD,1423,2130000,CIRRUS DESIGN CORP,SR20,SR Series,1,2004,3,WY,S,US,20260219,20260219,20040827,4,1,V,
781CW,2178,2130004,CIRRUS DESIGN CORP,SR22T,SR Series,1,2020,3,CA,4,US,20230614,20230614,20200930,4,1,V,
781JK,10028,2130004,CIRRUS DESIGN CORP,SR22T,SR Series,1,2024,7,WI,C,US,20250407,20250108,20240709,4,1,V,
781PW,10576,2130001,CIRRUS DESIGN CORP,SR22,SR Series,1,2025,4,GA,7,US,20250429,20250429,20250326,4,1,V,
781SR,3310,2130001,CIRRUS DESIGN CORP,SR22,SR Series,1,2008,3,OR,S,US,20230811,20220616,20090319,4,1,V,
781TH,1843,2130004,CIRRUS DESIGN CORP,SR22T,SR Series,1,2019,7,AZ,4,US,20230323,20210106,20190102,4,1,V,
781VJ,0781,2130010,CIRRUS DESIGN CORP,SF50,Vision Jet,1,,3,MT,S,US,20260618,20260618,,4,5,V,
7822M,1722,2130001,CIRRUS DESIGN CORP,SR22,SR Series,1,2005,7,NV,4,US,20260323,20260323,20051208,4,1,V,
782AS,10229,2130004,CIRRUS DESIGN CORP,SR22T,SR Series,1,2024,7,NY,1,US,20260108,20241030,20240929,4,1,V,
782CD,1691,2130001,CIRRUS DESIGN CORP,SR22,SR Series,1,2005,1,KY,3,US,20230728,20190418,20051121,4,1,V,
782JR,2337,2130000,CIRRUS DESIGN CORP,SR20,SR Series,1,2016,7,LA,2,US,20230916,20230916,20161110,4,1,V,
782PG,3204,2130001,CIRRUS DESIGN CORP,SR22,SR Series,1,,7,OH,C,US,20240405,20240405,20080815,4,1,V,
782RB,2434,2130004,CIRRUS DESIGN CORP,SR22T,SR Series,1,2021,7,CO,S,US,20251210,20251210,20211106,4,1,V,
782SR,2884,2130001,CIRRUS DESIGN CORP,SR22,SR Series,1,2007,7,MT,S,US,20230122,20170525,20071220,4,1,V,
783AB,10557,2130001,CIRRUS DESIGN CORP,SR22,SR Series,1,2025,7,NC,1,US,20251114,20251114,20250317,4,1,V,
783CD,1573,2130000,CIRRUS DESIGN CORP,SR20,SR Series,1,2005,3,WY,S,US,20260212,20260212,20051011,4,1,V,
783JM,4635,2130001,CIRRUS DESIGN CORP,SR22,SR Series,1,2018,7,IL,C,US,20230526,20180702,20180426,4,1,V,
783KA,10298,2130001,CIRRUS DESIGN CORP,SR22,SR Series,1,2024,3,MA,E,US,20241202,20241202,20241106,4,1,V,
783LX,5097,2130001,CIRRUS DESIGN CORP,SR22,SR Series,1,2021,7,OK,2,US,20250121,20250121,20211020,4,1,V,
783MK,1921,2130004,CIRRUS DESIGN CORP,SR22T,SR Series,1,2019,7,CA,4,US,20230518,20211112,20190610,4,1,V,
783RJ,4291,2130001,CIRRUS DESIGN CORP,SR22,SR Series,1,2015,7,PA,1,US,20230707,20160122,20151222,4,1,V,
783SR,2783,2130001,CIRRUS DESIGN CORP,SR22,SR Series,1,2007,7,FL,7,US,20260508,20260508,20071107,4,1,V,
783WM,10115,2130000,CIRRUS DESIGN CORP,SR20,SR Series,1,2024,5,MI,C,US,20240910,20240910,20240724,4,1,V,
784CA,11101,2130001,CIRRUS DESIGN CORP,SR22,SR Series,1,2026,7,PA,1,US,20260424,20260424,20260107,4,1,V,
784CD,1700,2130001,CIRRUS DESIGN CORP,SR22,SR Series,1,,1,OH,C,US,20230902,20190917,20051128,4,1,V,
784CE,9408,2130004,CIRRUS DESIGN CORP,SR22T,SR Series,1,2023,7,CA,4,US,20260427,20260427,20230902,4,1,V,
784DS,2672,2130000,CIRRUS DESIGN CORP,SR20,SR Series,1,2021,7,CA,4,US,20250122,20250122,20210216,4,1,V,
784MB,11056,2130004,CIRRUS DESIGN CORP,SR22T,SR Series,1,2025,7,NV,4,US,20260112,20260112,20251115,4,1,V,
784RJ,0705,2130004,CIRRUS DESIGN CORP,SR22T,SR Series,1,2014,7,CA,4,US,20230728,20220407,20140131,4,1,V,
784SE,0661,2130004,CIRRUS DESIGN CORP,SR22T,SR Series,1,2013,3,CA,4,US,20230928,20200130,20131202,4,1,V,
7855L,1951,2130001,CIRRUS DESIGN CORP,SR22,SR Series,1,2006,7,CA,4,US,20230819,20230819,20060514,4,1,V,
7855Z,1629,2130001,CIRRUS DESIGN CORP,SR22,SR Series,1,2005,1,IN,C,US,20250811,20250811,20051011,4,1,V,
785B,9196,2130004,CIRRUS DESIGN CORP,SR22T,SR Series,1,2023,7,NV,4,US,20230718,20230718,20230424,4,1,V,
785BB,9429,2130001,CIRRUS DESIGN CORP,SR22,SR Series,1,2023,7,NC,1,US,20231025,20231025,20230913,4,1,V,
785CD,1718,2130001,CIRRUS DESIGN CORP,SR22,SR Series,1,2005,7,KS,3,US,20250114,20250114,20051206,4,1,V,
785M,9471,2130001,CIRRUS DESIGN CORP,SR22,SR Series,1,2023,7,AZ,4,US,20260401,20260401,20231001,4,1,V,
785SY,9414,2130004,CIRRUS DESIGN CORP,SR22T,SR Series,1,2023,7,DE,1,US,20240215,20231227,20230831,4,1,V,
785TD,0788,2130010,CIRRUS DESIGN CORP,SF50,Vision Jet,1,,8,MN,C,US,20260319,,,4,5,M,
786AR,1837,2130001,CIRRUS DESIGN CORP,SR22,SR Series,1,2006,4,AR,2,US,20240606,20240606,20231003,4,1,V,
786BD,0609,2130010,CIRRUS DESIGN CORP,SF50,Vision Jet,1,2024,7,DE,1,US,20241220,20241220,20241213,4,5,V,
786CB,11137,2130004,CIRRUS DESIGN CORP,SR22T,SR Series,1,2026,7,PA,1,US,20260318,20260318,20260106,4,1,V,
786DA,11338,2130004,CIRRUS DESIGN CORP,SR22T,SR Series,1,2026,7,CA,4,US,20260713,20260713,20260413,4,1,V,
786EH,9445,2130000,CIRRUS DESIGN CORP,SR20,SR Series,1,2023,7,CA,4,US,20250409,20250409,20230917,4,1,V,
786HP,4968,2130001,CIRRUS DESIGN CORP,SR22,SR Series,1,2020,7,NJ,1,US,20241209,20211117,20201116,4,1,V,
786JB,4034,2130001,CIRRUS DESIGN CORP,SR22,SR Series,1,2014,3,UT,S,US,20230310,20200828,20140121,4,1,V,
786KD,2176,2130004,CIRRUS DESIGN CORP,SR22T,SR Series,1,2020,1,TX,2,US,20240121,20240121,20200924,4,1,V,
786LA,0596,2130010,CIRRUS DESIGN CORP,SF50,Vision Jet,1,2024,3,WA,S,US,20241218,20241218,20241106,4,5,V,
786RA,3552,2130001,CIRRUS DESIGN CORP,SR22,SR Series,1,2009,3,WY,S,US,20260214,20260214,20091117,4,1,V,
786TX,1465,2130004,CIRRUS DESIGN CORP,SR22T,SR Series,1,2016,7,CA,4,US,20241008,20241008,20161206,4,1,V,
786UB,9893,2130004,CIRRUS DESIGN CORP,SR22T,SR Series,1,2024,7,MD,1,US,20240614,20240614,20240430,4,1,V,
786WB,4963,2130001,CIRRUS DESIGN CORP,SR22,SR Series,1,2020,7,VA,1,US,20231111,20231111,20201103,4,1,V,
786XS,9418,2130004,CIRRUS DESIGN CORP,SR22T,SR Series,1,2023,7,UT,S,US,20260408,20260408,20230828,4,1,V,
787BC,1224,2130001,CIRRUS DESIGN CORP,SR22,SR Series,1,2004,4,KY,3,US,20260729,20260729,20041217,4,1,V,
787CA,1384,2130004,CIRRUS DESIGN CORP,SR22T,SR Series,1,2016,7,ND,C,US,20230818,20220716,20160701,4,1,V,
787CB,0787,2130001,CIRRUS DESIGN CORP,SR22,SR Series,1,2003,7,UT,S,US,20230405,20230405,20031223,4,1,V,
787CD,0918,2130001,CIRRUS DESIGN CORP,SR22,SR Series,1,2004,1,AR,2,US,20230324,20201014,20040505,4,1,V,
787DF,0233,2130004,CIRRUS DESIGN CORP,SR22T,SR Series,1,2011,7,MT,S,US,20231130,20190522,20111110,4,1,V,
787DX,0982,2130004,CIRRUS DESIGN CORP,SR22T,SR Series,1,2015,7,CA,4,US,20231020,20170412,20150211,4,1,V,
787EF,0151,2130004,CIRRUS DESIGN CORP,SR22T,SR Series,1,2011,3,CA,4,US,20230304,20110712,20110526,4,1,V,
787ET,2282,2130000,CIRRUS DESIGN CORP,SR20,SR Series,1,2015,7,TX,2,US,20230223,20230223,20150407,4,1,V,
787GC,3098,2130001,CIRRUS DESIGN CORP,SR22,SR Series,1,2008,7,AZ,4,US,20230804,20220517,20080627,4,1,V,
787GS,0728,2130001,CIRRUS DESIGN CORP,SR22,SR Series,1,,4,FL,7,US,20230915,20070301,,4,1,V,
787JD,3287,2130001,CIRRUS DESIGN CORP,SR22,SR Series,1,2008,7,MT,S,US,20231015,20231015,20080926,4,1,V,
787LC,0767,2130004,CIRRUS DESIGN CORP,SR22T,SR Series,1,2014,7,FL,7,US,20230401,20201124,20140423,4,1,V,
787LM,8793,2130004,CIRRUS DESIGN CORP,SR22T,SR Series,1,2022,7,TX,2,US,20230909,20221017,20220828,4,1,V,
787LW,4739,2130001,CIRRUS DESIGN CORP,SR22,SR Series,1,2019,7,IA,3,US,20231217,20231217,20190110,4,1,V,
787MH,2362,2130001,CIRRUS DESIGN CORP,SR22,SR Series,1,2007,7,LA,2,US,20230909,20221014,20070207,4,1,V,
787MK,1300,2130004,CIRRUS DESIGN CORP,SR22T,SR Series,1,2016,7,WV,1,US,20250219,20210626,20160411,4,1,V,
787PG,3206,2130001,CIRRUS DESIGN CORP,SR22,SR Series,1,2008,7,AR,2,US,20230310,20200817,20080819,4,1,V,
787PL,2190,2130001,CIRRUS DESIGN CORP,SR22,SR Series,1,2006,3,UT,S,US,20230421,20210219,20061011,4,1,V,
787SS,2505,2130001,CIRRUS DESIGN CORP,SR22,SR Series,1,2007,1,FL,7,US,20230610,20210922,20070601,4,1,V,
787UM,2775,2130000,CIRRUS DESIGN CORP,SR20,SR Series,1,2021,7,DE,1,US,20230722,20220312,20211028,4,1,V,
787W,1107,2130000,CIRRUS DESIGN CORP,SR20,SR Series,1,2000,7,NE,3,US,20230519,20210619,20001230,4,1,V,
787WF,2178,2130001,CIRRUS DESIGN CORP,SR22,SR Series,1,2006,1,CT,E,US,20230610,20120907,20061004,4,1,V,
788AA,1607,2130004,CIRRUS DESIGN CORP,SR22T,SR Series,1,2017,7,GA,7,US,20250723,20250723,20170925,4,1,V,
788AF,0161,2130004,CIRRUS DESIGN CORP,SR22T,SR Series,1,2011,7,AZ,4,US,20250625,20250625,20110609,4,1,V,
788BM,9356,2130004,CIRRUS DESIGN CORP,SR22T,SR Series,1,2023,7,CA,4,US,20230912,20230912,20230806,4,1,V,
788CM,0436,2130010,CIRRUS DESIGN CORP,SF50,Vision Jet,1,2023,7,FL,7,US,20260602,20260602,20230307,4,5,V,
788JN,1427,2130000,CIRRUS DESIGN CORP,SR20,SR Series,1,2004,7,CO,S,US,20250216,,20040716,4,1,V,
788KM,4745,2130001,CIRRUS DESIGN CORP,SR22,SR Series,1,2019,7,CA,4,US,20230327,20230327,20190204,4,1,V,
788LE,8720,2130004,CIRRUS DESIGN CORP,SR22T,SR Series,1,2022,7,KY,3,US,20251124,20251124,20220617,4,1,V,
788MG,2301,2130001,CIRRUS DESIGN CORP,SR22,SR Series,1,2006,7,CA,4,US,20230502,20200804,20061219,4,1,V,
788PA,4640,2130001,CIRRUS DESIGN CORP,SR22,SR Series,1,2018,8,TN,3,US,20230406,20220715,20180507,4,1,V,
788PG,3208,2130001,CIRRUS DESIGN CORP,SR22,SR Series,1,2008,7,CA,4,US,20250531,20231015,20080822,4,1,V,
788SR,2887,2130001,CIRRUS DESIGN CORP,SR22,SR Series,1,2007,3,CA,4,US,20230531,20210623,20071228,4,1,V,
788WF,0720,2130001,CIRRUS DESIGN CORP,SR22,SR Series,1,2003,7,ID,S,US,20230718,20190221,20031024,4,1,V,
789AA,0123,2130001,CIRRUS DESIGN CORP,SR22,SR Series,1,2001,3,TX,2,US,20230707,20130111,20011207,4,1,V,
789AJ,9231,2130001,CIRRUS DESIGN CORP,SR22,SR Series,1,2023,3,UT,S,US,20260528,20260528,20230511,4,1,V,
789AM,1492,2130001,CIRRUS DESIGN CORP,SR22,SR Series,1,2005,7,MA,E,US,20230324,20141023,20050623,4,1,V,
789BJ,0053,2130004,CIRRUS DESIGN CORP,SR22T,SR Series,1,2010,4,CA,4,US,20230428,20180330,20101203,4,1,V,
789CD,3567,2130001,CIRRUS DESIGN CORP,SR22,SR Series,1,2009,7,NC,1,US,20231024,20231024,20091228,4,1,V,
789DL,1732,2130001,CIRRUS DESIGN CORP,SR22,SR Series,1,2005,3,DE,1,US,20250424,20250424,20051216,4,1,V,
789PW,2341,2130001,CIRRUS DESIGN CORP,SR22,SR Series,1,2007,7,GA,7,US,20230502,20110419,20070126,4,1,V,
789RH,1241,2130000,CIRRUS DESIGN CORP,SR20,SR Series,1,2002,1,TX,2,US,20241024,20241024,20141024,4,1,V,
789SP,0742,2130001,CIRRUS DESIGN CORP,SR22,SR Series,1,2003,4,WY,S,US,20230428,20210317,20031120,4,1,V,
789TR,0954,2130004,CIRRUS DESIGN CORP,SR22T,SR Series,1,2014,7,WY,S,US,20250825,20250825,20250829,4,1,V,
789TX,2471,2130004,CIRRUS DESIGN CORP,SR22T,SR Series,1,2021,7,TX,2,US,20230804,20220526,20211222,4,1,V,
789VB,0806,2130001,CIRRUS DESIGN CORP,SR22,SR Series,1,2004,7,DE,1,US,20230414,20211211,20040113,4,1,V,
789VR,9337,2130004,CIRRUS DESIGN CORP,SR22T,SR Series,1,2023,7,DE,1,US,20231114,20231114,20230731,4,1,V,
789VS,2132,2130004,CIRRUS DESIGN CORP,SR22T,SR Series,1,2020,7,NV,4,US,20250207,20201208,20200709,4,1,V,
78AE,0831,2130004,CIRRUS DESIGN CORP,SR22T,SR Series,1,2014,7,FL,7,US,20240713,20240713,20140730,4,1,V,
78CD,0456,2130001,CIRRUS DESIGN CORP,SR22,SR Series,1,2003,3,IL,C,US,20230728,20080103,20030222,4,1,V,
78DS,1777,2130004,CIRRUS DESIGN CORP,SR22T,SR Series,1,2018,7,FL,7,US,20241104,20241104,20180827,4,1,V,
78DX,0748,2130010,CIRRUS DESIGN CORP,SF50,Vision Jet,1,2026,7,CA,4,US,20260722,20260722,20260316,4,5,V,
78EE,0325,2130001,CIRRUS DESIGN CORP,SR22,SR Series,1,2002,7,VA,1,US,20230922,20221209,20020829,4,1,V,
78EM,4105,2130001,CIRRUS DESIGN CORP,SR22,SR Series,1,2014,7,KY,3,US,20240814,20240814,20140721,4,1,V,
78GL,2333,2130001,CIRRUS DESIGN CORP,SR22,SR Series,1,2007,7,PA,1,US,20230401,20201106,20070124,4,1,V,
78HG,10585,2130004,CIRRUS DESIGN CORP,SR22T,SR Series,1,2025,7,TX,2,US,20250504,20250504,20250403,4,1,V,
78JJ,2150,2130004,CIRRUS DESIGN CORP,SR22T,SR Series,1,2020,3,FL,7,US,20260503,20260503,20200806,4,1,V,
78KZ,10709,2130004,CIRRUS DESIGN CORP,SR22T,SR Series,1,2025,7,CA,4,US,20250708,20250708,20250523,4,1,V,
78LB,8799,2130001,CIRRUS DESIGN CORP,SR22,SR Series,1,2022,1,ND,C,US,20230309,20230208,20220827,4,1,V,
78LV,0737,2130010,CIRRUS DESIGN CORP,SF50,Vision Jet,1,2026,7,CA,4,US,20260219,20260219,20260211,4,5,V,
78MF,10760,2130000,CIRRUS DESIGN CORP,SR20,SR Series,1,2025,7,WI,C,US,20250822,20250822,20250702,4,1,V,
78MG,4907,2130001,CIRRUS DESIGN CORP,SR22,SR Series,1,2020,8,TN,3,US,20230226,20230226,20200401,4,1,V,
78MM,11560,2130001,CIRRUS DESIGN CORP,SR22,SR Series,1,,8,MN,C,US,20260604,,,4,1,M,
78PZ,9916,2130001,CIRRUS DESIGN CORP,SR22,SR Series,1,2024,3,MT,S,US,20260803,20260803,20240517,4,1,V,
78RC,1259,2130000,CIRRUS DESIGN CORP,SR20,SR Series,1,2002,7,WI,C,US,20240503,20240429,20020926,4,1,V,
78RD,3043,2130001,CIRRUS DESIGN CORP,SR22,SR Series,1,2008,7,WA,S,US,20230728,20220420,20080608,4,1,V,
78SZ,4301,2130001,CIRRUS DESIGN CORP,SR22,SR Series,1,2016,3,DE,1,US,20230728,20220418,20160203,4,1,V,
78TD,2345,2130000,CIRRUS DESIGN CORP,SR20,SR Series,1,2017,3,IA,3,US,20230518,20230518,20170223,4,1,V,
790BH,2964,2130001,CIRRUS DESIGN CORP,SR22,SR Series,1,,3,WY,S,US,20260220,20260220,,4,1,V,
7916C,1529,2130004,CIRRUS DESIGN CORP,SR22T,SR Series,1,2017,4,CA,4,US,20240712,20240712,20170427,4,1,V,
791BB,0906,2130004,CIRRUS DESIGN CORP,SR22T,SR Series,1,2014,7,OH,C,US,20230721,20190301,20141118,4,1,V,
791CD,1424,2130000,CIRRUS DESIGN CORP,SR20,SR Series,1,2004,7,TX,2,US,20230920,20230920,,4,1,V,
791GT,2490,2130004,CIRRUS DESIGN CORP,SR22T,SR Series,1,2022,7,GA,7,US,20230818,20220716,20220106,4,1,V,
791KD,1143,2130001,CIRRUS DESIGN CORP,SR22,SR Series,1,2004,1,NC,1,US,20240601,20080930,20041027,4,1,V,
791LH,1739,2130001,CIRRUS DESIGN CORP,SR22,SR Series,1,2005,7,NH,E,US,20240413,20240413,20051220,4,1,V,
791SD,1830,2130004,CIRRUS DESIGN CORP,SR22T,SR Series,1,2018,1,WA,S,US,20250727,20250428,20181206,4,1,V,
7920J,1023,2130004,CIRRUS DESIGN CORP,SR22T,SR Series,1,2015,3,CA,4,US,20251009,20251009,20150413,4,1,V,
7927S,1162,2130000,CIRRUS DESIGN CORP,SR20,SR Series,1,2001,1,WI,C,US,20230628,20230628,20011121,4,1,V,
792CD,1618,2130000,CIRRUS DESIGN CORP,SR20,SR Series,1,2006,1,MS,2,US,20230610,20210901,20060214,4,1,V,
792PG,3372,2130001,CIRRUS DESIGN CORP,SR22,SR Series,1,2009,7,NY,1,US,20260410,20180205,20090817,4,1,V,
792PS,1872,2130001,CIRRUS DESIGN CORP,SR22,SR Series,1,2006,7,TN,3,US,20250927,20250927,20070810,4,1,V,
792SD,2074,2130004,CIRRUS DESIGN CORP,SR22T,SR Series,1,2020,7,TX,2,US,20260721,20260721,20200212,4,1,V,
792SR,2792,2130001,CIRRUS DESIGN CORP,SR22,SR Series,1,2007,7,AZ,4,US,20230915,20221129,20071108,4,1,V,
792TM,4721,2130001,CIRRUS DESIGN CORP,SR22,SR Series,1,2018,7,MS,2,US,20260708,20260708,20181107,4,1,V,
793CD,1099,2130001,CIRRUS DESIGN CORP,SR22,SR Series,1,,7,TN,3,US,20230603,20180821,20040924,4,1,V,
793JH,8564,2130004,CIRRUS DESIGN CORP,SR22T,SR Series,1,2022,7,CA,4,US,20251107,20251107,20220316,4,1,V,
793KB,2749,2130001,CIRRUS DESIGN CORP,SR22,SR Series,1,2007,7,CA,4,US,20230616,20071119,20071011,4,1,V,
794AB,9882,2130004,CIRRUS DESIGN CORP,SR22T,SR Series,1,2024,3,TX,2,US,20250702,20240514,20240421,4,1,V,
794LB,10369,2130001,CIRRUS DESIGN CORP,SR22,SR Series,1,2024,7,NJ,1,US,20250121,20250121,20241223,4,1,V,
794VJ,0794,2130010,CIRRUS DESIGN CORP,SF50,Vision Jet,1,,8,MN,C,US,20260811,20260811,,4,5,V,
7951G,1158,2130000,CIRRUS DESIGN CORP,SR20,SR Series,1,2001,4,IA,3,US,20230526,20081027,20011115,4,1,V,
795AM,0997,2130001,CIRRUS DESIGN CORP,SR22,SR Series,1,2004,4,NC,1,US,20260215,20260215,20040701,4,1,V,
795AT,9192,2130004,CIRRUS DESIGN CORP,SR22T,SR Series,1,2023,7,MT,S,US,20230706,20230626,20230426,4,1,V,
795BG,0767,2130010,CIRRUS DESIGN CORP,SF50,Vision Jet,1,2026,7,NY,1,US,20260807,20260807,20260430,4,5,V,
795EE,2804,2130001,CIRRUS DESIGN CORP,SR22,SR Series,1,2007,7,TX,2,US,20250728,20250728,20071115,4,1,V,
795SC,2053,2130004,CIRRUS DESIGN CORP,SR22T,SR Series,1,2020,7,MI,C,US,20260520,20260520,20200117,4,1,V,
796PG,3348,2130001,CIRRUS DESIGN CORP,SR22,SR Series,1,2008,7,GA,7,US,20230526,20120720,20081105,4,1,V,
797BT,0340,2130001,CIRRUS DESIGN CORP,SR22,SR Series,1,2002,1,FL,7,US,20231007,20180802,20021004,4,1,V,
797CD,1897,2130001,CIRRUS DESIGN CORP,SR22,SR Series,1,2006,7,AZ,4,US,20250123,20250123,20060405,4,1,V,
797CK,1694,2130004,CIRRUS DESIGN CORP,SR22T,SR Series,1,2018,7,WA,S,US,20240708,20231230,20180309,4,1,V,
797EE,8517,2130004,CIRRUS DESIGN CORP,SR22T,SR Series,1,2022,7,AL,7,US,20250819,20250819,20220210,4,1,V,
797JK,10818,2130004,CIRRUS DESIGN CORP,SR22T,SR Series,1,2025,7,NC,1,US,20250924,20250924,20250730,4,1,V,
797KA,0108,2130004,CIRRUS DESIGN CORP,SR22T,SR Series,1,2011,3,UT,S,US,20240724,20240611,20220927,4,1,V,
797SM,0616,2130001,CIRRUS DESIGN CORP,SR22,SR Series,1,2003,1,CA,4,US,20230718,20031212,20030711,4,1,V,
797SR,2770,2130001,CIRRUS DESIGN CORP,SR22,SR Series,1,2007,3,OK,2,US,20230304,20200709,20071030,4,1,V,
797TF,2250,2130000,CIRRUS DESIGN CORP,SR20,SR Series,1,2014,7,SC,7,US,20230414,20210108,20200821,4,1,V,
797TL,1329,2130000,CIRRUS DESIGN CORP,SR20,SR Series,1,2003,3,FL,7,US,20230915,20161121,20041214,4,1,V,
797VT,10877,2130004,CIRRUS DESIGN CORP,SR22T,SR Series,1,2025,7,GA,7,US,20251024,20251024,20250825,4,1,V,
7981,10993,2130004,CIRRUS DESIGN CORP,SR22T,SR Series,1,2025,7,OH,C,US,20251122,20251122,20251016,4,1,V,
798BB,1435,2130001,CIRRUS DESIGN CORP,SR22,SR Series,1,2005,7,AL,7,US,20230722,20130322,20050509,4,1,V,
798HB,1411,2130004,CIRRUS DESIGN CORP,SR22T,SR Series,1,2016,7,UT,S,US,20230818,20230818,20160809,4,1,V,
798KA,0730,2130010,CIRRUS DESIGN CORP,SF50,Vision Jet,1,2026,7,NY,1,US,20260312,20260312,20260115,4,5,V,
798RJ,1811,2130001,CIRRUS DESIGN CORP,SR22,SR Series,1,2006,7,TX,2,US,20260213,20260213,20060208,4,1,V,
798SR,2140,2130001,CIRRUS DESIGN CORP,SR22,SR Series,1,2006,7,FL,7,US,20240121,20080529,20060913,4,1,V,
798WM,10116,2130000,CIRRUS DESIGN CORP,SR20,SR Series,1,2024,5,MI,C,US,20240910,20240910,20240725,4,1,V,
799CD,1543,2130001,CIRRUS DESIGN CORP,SR22,SR Series,1,2005,3,DE,1,US,20230728,20160406,20050801,4,1,V,
799DG,11580,2130004,CIRRUS DESIGN CORP,SR22T,SR Series,1,,8,MN,C,US,20260409,,,4,1,M,
799EE,10761,2130004,CIRRUS DESIGN CORP,SR22T,SR Series,1,2025,1,TX,2,US,20250827,20250827,20250630,4,1,V,
799LF,5038,2130001,CIRRUS DESIGN CORP,SR22,SR Series,1,2021,7,LA,2,US,20260205,20260205,20210518,4,1,V,
799SR,2799,2130001,CIRRUS DESIGN CORP,SR22,SR Series,1,2007,7,NY,1,US,20230414,20180104,20071116,4,1,V,
79AH,4542,2130001,CIRRUS DESIGN CORP,SR22,SR Series,1,2017,7,CT,E,US,20260316,20171129,20171023,4,1,V,
79AL,11317,2130004,CIRRUS DESIGN CORP,SR22T,SR Series,1,2026,7,WY,S,US,20260427,20260427,20260417,4,1,V,
79BK,0138,2130010,CIRRUS DESIGN CORP,SF50,Vision Jet,1,2019,8,MN,C,US,20240213,20240213,20190815,4,5,V,
79CL,0441,2130010,CIRRUS DESIGN CORP,SF50,Vision Jet,1,2023,1,CA,4,US,20230418,20230418,20230321,4,5,V,
79CV,2329,2130004,CIRRUS DESIGN CORP,SR22T,SR Series,1,2021,7,FL,7,US,20241217,20241217,20210607,4,1,V,
79CW,10690,2130004,CIRRUS DESIGN CORP,SR22T,SR Series,1,2025,1,TX,2,US,20260116,20250820,20250529,4,1,V,
79EM,9399,2130001,CIRRUS DESIGN CORP,SR22,SR Series,1,2023,7,TX,2,US,20240731,20231011,20230903,4,1,V,
79GW,1988,2130004,CIRRUS DESIGN CORP,SR22T,SR Series,1,2019,3,WA,S,US,20251021,20251021,20190919,4,1,V,
79HH,2282,2130001,CIRRUS DESIGN CORP,SR22,SR Series,1,2006,7,MN,C,US,20230407,20171229,20061213,4,1,V,
79KW,2696,2130000,CIRRUS DESIGN CORP,SR20,SR Series,1,2021,7,CA,4,US,20241114,20241114,20210401,4,1,V,
79MK,10251,2130004,CIRRUS DESIGN CORP,SR22T,SR Series,1,2024,1,TX,2,US,20241107,20241107,20241009,4,1,V,
79RX,2066,2130001,CIRRUS DESIGN CORP,SR22,SR Series,1,2006,1,GA,7,US,20260428,,20060731,4,1,R,
79TJ,0514,2130010,CIRRUS DESIGN CORP,SF50,Vision Jet,1,2023,3,UT,S,US,20240109,20240109,20231222,4,5,V,
79VZ,9540,2130000,CIRRUS DESIGN CORP,SR20,SR Series,1,2023,7,CA,4,US,20231224,20231224,20231107,4,1,V,
79WJ,2179,2130004,CIRRUS DESIGN CORP,SR22T,SR Series,1,2020,7,IN,C,US,20240125,20240125,20200929,4,1,V,
79WP,0354,2130004,CIRRUS DESIGN CORP,SR22T,SR Series,1,2012,7,KS,3,US,20230610,20180905,20120806,4,1,V,
79XC,1288,2130004,CIRRUS DESIGN CORP,SR22T,SR Series,1,2016,7,FL,7,US,20260812,20260812,20160325,4,1,V,
79YF,2343,2130001,CIRRUS DESIGN CORP,SR22,SR Series,1,2007,7,AZ,4,US,20230414,20120119,20070131,4,1,V,
7AV,1053,2130001,CIRRUS DESIGN CORP,SR22,SR Series,1,2004,1,TN,3,US,20230818,20220716,20040825,4,1,V,
7EE,5086,2130001,CIRRUS DESIGN CORP,SR22,SR Series,1,2021,7,MT,S,US,20251124,20250818,20250219,4,1,V,
7GD,0414,2130010,CIRRUS DESIGN CORP,SF50,Vision Jet,1,2022,7,NC,1,US,20250507,20250507,20221220,4,5,V,
7MP,9448,2130004,CIRRUS DESIGN CORP,SR22T,SR Series,1,2023,3,IL,C,US,20231213,20231213,20230912,4,1,V,
7PH,8978,2130004,CIRRUS DESIGN CORP,SR22T,SR Series,1,2022,7,WA,S,US,20230609,20230609,20221209,4,1,V,
7QE,0764,2130001,CIRRUS DESIGN CORP,SR22,SR Series,1,,7,AR,2,US,20230909,20221004,20031208,4,1,V,
7RJ,10142,2130004,CIRRUS DESIGN CORP,SR22T,SR Series,1,2024,3,DE,1,US,20241003,20241003,20240814,4,1,V,
7RS,9780,2130004,CIRRUS DESIGN CORP,SR22T,SR Series,1,2024,7,MO,3,US,20240320,20240320,20240212,4,1,V,
7VE,0664,2130010,CIRRUS DESIGN CORP,SF50,Vision Jet,1,2025,7,TX,2,US,20260729,20250919,20250612,4,5,V,
7WR,9159,2130004,CIRRUS DESIGN CORP,SR22T,SR Series,1,2023,3,AL,7,US,20230707,20230703,20230327,4,1,V,
7YV,0326,2130001,CIRRUS DESIGN CORP,SR22,SR Series,1,2002,7,CO,S,US,20230609,20230608,20020829,4,1,V,
8002F,1386,2130000,CIRRUS DESIGN CORP,SR20,SR Series,1,2004,7,NV,4,US,20230505,20150410,20040116,4,1,V,
800BB,0065,2130010,CIRRUS DESIGN CORP,SF50,Vision Jet,1,2018,7,TN,3,US,20250925,20190501,20180719,4,5,V,
800HX,11574,2130004,CIRRUS DESIGN CORP,SR22T,SR Series,1,,8,MN,C,US,20260605,,,4,1,M,
800KP,2484,2130000,CIRRUS DESIGN CORP,SR20,SR Series,1,2019,7,FL,7,US,20260706,20230522,20190409,4,1,V,
800MP,9987,2130004,CIRRUS DESIGN CORP,SR22T,SR Series,1,2024,7,AZ,4,US,20250506,20240702,20240530,4,1,V,
800ST,10335,2130004,CIRRUS DESIGN CORP,SR22T,SR Series,1,2024,7,MT,S,US,20250127,20250127,20241117,4,1,V,
800VJ,3560,2130001,CIRRUS DESIGN CORP,SR22,SR Series,1,2009,7,MO,3,US,20231007,20200227,20091027,4,1,V,
800VP,9762,2130004,CIRRUS DESIGN CORP,SR22T,SR Series,1,2024,8,MN,C,US,20240921,20240921,20240121,4,1,V,
800W,1700,2130004,CIRRUS DESIGN CORP,SR22T,SR Series,1,2018,7,MD,1,US,20250114,20250114,20180326,4,1,V,
800ZR,9474,2130004,CIRRUS DESIGN CORP,SR22T,SR Series,1,2023,7,TX,2,US,20231125,20231125,20231011,4,1,V,
8017D,1339,2130000,CIRRUS DESIGN CORP,SR20,SR Series,1,2003,7,TX,2,US,20250505,20031103,20030805,4,1,V,
801AG,10632,2130001,CIRRUS DESIGN CORP,SR22,SR Series,1,2025,7,NV,4,US,20250609,20250609,20250502,4,1,V,
801BL,10339,2130004,CIRRUS DESIGN CORP,SR22T,SR Series,1,2024,7,UT,S,US,20250108,20250108,20241202,4,1,V,
801GW,2122,2130004,CIRRUS DESIGN CORP,SR22T,SR Series,1,2020,7,NV,4,US,20230310,20200805,20200604,4,1,V,
801JC,1833,2130004,CIRRUS DESIGN CORP,SR22T,SR Series,1,2018,7,NV,4,US,20230310,20200828,20181213,4,1,V,
801TE,10380,2130004,CIRRUS DESIGN CORP,SR22T,SR Series,1,2024,3,NV,4,US,20250127,20250127,20241222,4,1,V,
801W,0482,2130010,CIRRUS DESIGN CORP,SF50,Vision Jet,1,2023,3,DE,1,US,20231024,20231024,20230829,4,5,V,
802CD,0103,2130001,CIRRUS DESIGN CORP,SR22,SR Series,1,2001,7,MN,C,US,20230214,20230214,20011016,4,1,V,
802CS,1935,2130001,CIRRUS DESIGN CORP,SR22,SR Series,1,2006,7,DE,1,US,20230512,20210504,20060503,4,1,V,
802ES,1482,2130004,CIRRUS DESIGN CORP,SR22T,SR Series,1,2017,3,SC,7,US,20230209,20170202,20170117,4,1,V,
802FP,1930,2130001,CIRRUS DESIGN CORP,SR22,SR Series,1,2006,7,TN,3,US,20230610,20091008,20060429,4,1,V,
802NX,1222,2130001,CIRRUS DESIGN CORP,SR22,SR Series,1,2004,1,GA,7,US,20230526,20150706,20041215,4,1,V,
802SR,1886,2130001,CIRRUS DESIGN CORP,SR22,SR Series,1,2006,4,CA,4,US,20240424,20240424,20060429,4,1,V,
8033H,0644,2130001,CIRRUS DESIGN CORP,SR22,SR Series,1,2003,1,CO,S,US,20230909,20221028,20030820,4,1,V,
803DB,2258,2130004,CIRRUS DESIGN CORP,SR22T,SR Series,1,2021,3,CA,4,US,20250522,20250522,20210209,4,1,V,
803EA,2435,2130000,CIRRUS DESIGN CORP,SR20,SR Series,1,2018,7,CO,S,US,20250824,20231228,20240108,4,1,V,
803ME,9527,2130000,CIRRUS DESIGN CORP,SR20,SR Series,1,2023,3,ME,E,US,20231221,20231221,20231031,4,1,V,
803P,2526,2130000,CIRRUS DESIGN CORP,SR20,SR Series,1,2019,7,SC,7,US,20241104,20241104,20191125,4,1,V,
803PK,5048,2130001,CIRRUS DESIGN CORP,SR22,SR Series,1,2021,7,IL,C,US,20250822,20250822,20210615,4,1,V,
803SR,1959,2130001,CIRRUS DESIGN CORP,SR22,SR Series,1,2006,3,NV,4,US,20260122,20260122,20060514,4,1,V,
803TS,1634,2130004,CIRRUS DESIGN CORP,SR22T,SR Series,1,2017,4,CA,4,US,20250430,20240605,20171201,4,1,V,
803WF,1933,2130004,CIRRUS DESIGN CORP,SR22T,SR Series,1,2019,7,IL,C,US,20260611,20260611,20190610,4,1,V,
803WM,10156,2130000,CIRRUS DESIGN CORP,SR20,SR Series,1,2024,5,MI,C,US,20241011,20241011,20240821,4,1,V,
804AC,11274,2130004,CIRRUS DESIGN CORP,SR22T,SR Series,1,2026,7,CA,4,US,20260608,20260608,20260324,4,1,V,
804BA,2230,2130004,CIRRUS DESIGN CORP,SR22T,SR Series,1,2020,7,CA,4,US,20260209,20210628,20201219,4,1,V,
804BR,1713,2130004,CIRRUS DESIGN CORP,SR22T,SR Series,1,2018,7,MN,C,US,20230519,20180601,20180501,4,1,V,
804CL,4360,2130001,CIRRUS DESIGN CORP,SR22,SR Series,1,2016,1,VA,1,US,20260522,20260522,20160610,4,1,V,
804DB,3212,2130001,CIRRUS DESIGN CORP,SR22,SR Series,1,2008,7,CA,4,US,20230505,20080916,20080821,4,1,V,
804DK,1583,2130004,CIRRUS DESIGN CORP,SR22T,SR Series,1,2017,1,ME,E,US,20240302,20240302,20170810,4,1,V,
804DL,2356,2130004,CIRRUS DESIGN CORP,SR22T,SR Series,1,2021,3,CA,4,US,20250414,20211004,20210713,4,1,V,
804HS,1403,2130004,CIRRUS DESIGN CORP,SR22T,SR Series,1,2016,4,CO,S,US,20230414,20180118,20160803,4,1,V,
804LP,10210,2130004,CIRRUS DESIGN CORP,SR22T,SR Series,1,2024,7,VA,1,US,20241009,20241009,20240922,4,1,V,
804LX,3488,2130001,CIRRUS DESIGN CORP,SR22,SR Series,1,2009,3,CA,4,US,20240812,20240812,20090728,4,1,V,
804MD,0715,2130010,CIRRUS DESIGN CORP,SF50,Vision Jet,1,2025,3,CA,4,US,20251204,20251204,20251126,4,5,V,
804SG,2570,2130000,CIRRUS DESIGN CORP,SR20,SR Series,1,2020,7,AZ,4,US,20250724,20250724,20200603,4,1,V,
804TS,8873,2130000,CIRRUS DESIGN CORP,SR20,SR Series,1,2022,7,TX,2,US,20230412,20230412,20221119,4,1,V,
805GH,11610,2130004,CIRRUS DESIGN CORP,SR22T,SR Series,1,,8,MN,C,US,20260527,,,4,1,M,
805LL,0741,2130001,CIRRUS DESIGN CORP,SR22,SR Series,1,2003,7,IN,C,US,20230226,20230226,20031112,4,1,V,
805ME,0488,2130010,CIRRUS DESIGN CORP,SF50,Vision Jet,1,2023,3,CA,4,US,20240123,20231104,20231003,4,5,V,
805MX,2237,2130001,CIRRUS DESIGN CORP,SR22,SR Series,1,2006,7,WA,S,US,20250421,20230403,20061129,4,1,V,
805SE,0430,2130001,CIRRUS DESIGN CORP,SR22,SR Series,1,2002,3,MT,S,US,20230428,20120321,20021222,4,1,V,
805SG,9254,2130004,CIRRUS DESIGN CORP,SR22T,SR Series,1,2023,7,CA,4,US,20230726,20230726,20230528,4,1,V,
805SR,1998,2130001,CIRRUS DESIGN CORP,SR22,SR Series,1,2006,7,FL,7,US,20230818,20160708,20060606,4,1,V,
805V,11203,2130004,CIRRUS DESIGN CORP,SR22T,SR Series,1,2026,7,DE,1,US,20260604,20260604,20260315,4,1,V,
805W,9302,2130000,CIRRUS DESIGN CORP,SR20,SR Series,1,2023,7,CA,4,US,20230814,20230814,20230623,4,1,V,
805WT,11498,2130004,CIRRUS DESIGN CORP,SR22T,SR Series,1,,8,MN,C,US,20260313,,,4,1,M,
805WY,0362,2130010,CIRRUS DESIGN CORP,SF50,Vision Jet,1,2022,7,CA,4,US,20260409,20250819,20220624,4,5,V,
8061V,0649,2130001,CIRRUS DESIGN CORP,SR22,SR Series,1,2003,1,TN,3,US,20250619,20250619,20030812,4,1,V,
806BM,4186,2130001,CIRRUS DESIGN CORP,SR22,SR Series,1,2015,7,FL,7,US,20240812,20240812,20150605,4,1,V,
806BP,2524,2130000,CIRRUS DESIGN CORP,SR20,SR Series,1,2019,7,OH,C,US,20250822,20250822,20191119,4,1,V,
806CD,0106,2130001,CIRRUS DESIGN CORP,SR22,SR Series,1,2001,4,MO,3,US,20230122,20170515,20011019,4,1,V,
806DK,11623,2130004,CIRRUS DESIGN CORP,SR22T,SR Series,1,,8,MN,C,US,20260717,,,4,1,M,
806DM,2228,2130000,CIRRUS DESIGN CORP,SR20,SR Series,1,2013,7,AZ,4,US,20250129,20250129,20130411,4,1,V,
806EC,0839,2130001,CIRRUS DESIGN CORP,SR22,SR Series,1,2004,3,FL,7,US,20230324,20060705,20040405,4,1,V,
806JD,8829,2130004,CIRRUS DESIGN CORP,SR22T,SR Series,1,2022,7,AZ,4,US,20250725,20250725,20220930,4,1,V,
806TB,2644,2130000,CIRRUS DESIGN CORP,SR20,SR Series,1,2020,7,TX,2,US,20251203,20210204,20201102,4,1,V,
80746,1364,2130000,CIRRUS DESIGN CORP,SR20,SR Series,1,2003,1,CT,E,US,20230902,20160913,20031011,4,1,V,
8074Z,1346,2130000,CIRRUS DESIGN CORP,SR20,SR Series,1,2003,1,PA,1,US,20230616,20081009,20030820,4,1,V,
807BD,0194,2130004,CIRRUS DESIGN CORP,SR22T,SR Series,1,2011,7,OR,S,US,20241019,20241019,20110920,4,1,V,
807BH,1238,2130004,CIRRUS DESIGN CORP,SR22T,SR Series,1,2016,7,FL,7,US,20230909,20191004,20160203,4,1,V,
807CK,0575,2130010,CIRRUS DESIGN CORP,SF50,Vision Jet,1,2024,7,FL,7,US,20241010,20241010,20240825,4,5,V,
807GK,0368,2130004,CIRRUS DESIGN CORP,SR22T,SR Series,1,2012,7,CA,4,US,20230930,20200127,20120824,4,1,V,
807SJ,10698,2130001,CIRRUS DESIGN CORP,SR22,SR Series,1,2025,7,VA,1,US,20250723,20250723,20250610,4,1,V,
807SR,2067,2130001,CIRRUS DESIGN CORP,SR22,SR Series,1,2006,1,FL,7,US,20251130,20251130,20060802,4,1,V,
8080C,0646,2130001,CIRRUS DESIGN CORP,SR22,SR Series,1,,1,CT,E,US,20230821,20230821,20030809,4,1,V,
8087,0771,2130010,CIRRUS DESIGN CORP,SF50,Vision Jet,1,2026,8,MN,C,US,20260129,,20260513,4,5,M,
808CD,0114,2130001,CIRRUS DESIGN CORP,SR22,SR Series,1,2001,3,LA,2,US,20230930,20100408,20011030,4,1,V,
808DE,2267,2130004,CIRRUS DESIGN CORP,SR22T,SR Series,1,2021,7,GA,7,US,20250911,20250211,20210225,4,1,V,
808DX,10346,2130004,CIRRUS DESIGN CORP,SR22T,SR Series,1,2024,7,FL,7,US,20250104,20250104,20241201,4,1,V,
808GL,2649,2130001,CIRRUS DESIGN CORP,SR22,SR Series,1,2007,1,TX,2,US,20230902,20220908,20190628,4,1,V,
808GW,1374,2130001,CIRRUS DESIGN CORP,SR22,SR Series,1,2005,1,CA,4,US,20230505,20210408,20050330,4,1,V,
808HH,0538,2130004,CIRRUS DESIGN CORP,SR22T,SR Series,1,2013,3,HI,4,US,20230818,20130725,20131021,4,1,V,
808HW,2877,2130001,CIRRUS DESIGN CORP,SR22,SR Series,1,2007,7,HI,4,US,20230818,20190726,20071217,4,1,V,
808KB,1477,2130000,CIRRUS DESIGN CORP,SR20,SR Series,1,2005,3,OK,2,US,20230310,20110817,20050118,4,1,V,
808KD,2382,2130004,CIRRUS DESIGN CORP,SR22T,SR Series,1,2021,7,RI,E,US,20250826,20250106,20210824,4,1,V,
808MS,2355,2130001,CIRRUS DESIGN CORP,SR22,SR Series,1,2007,3,OK,2,US,20230901,20151022,20110208,4,1,V,
808RW,1987,2130004,CIRRUS DESIGN CORP,SR22T,SR Series,1,2019,7,MS,2,US,20230915,20221124,20190919,4,1,V,
808TA,10612,2130000,CIRRUS DESIGN CORP,SR20,SR Series,1,2025,7,MN,C,US,20250512,20250512,20250412,4,1,V,
808WW,9269,2130004,CIRRUS DESIGN CORP,SR22T,SR Series,1,2023,7,CA,4,US,20230905,20230905,20230604,4,1,V,
809AS,3191,2130001,CIRRUS DESIGN CORP,SR22,SR Series,1,2008,1,CA,4,US,20230222,20230222,20080806,4,1,V,
809CD,0117,2130001,CIRRUS DESIGN CORP,SR22,SR Series,1,,7,DE,1,US,20230324,20030714,,4,1,V,
809CR,2235,2130004,CIRRUS DESIGN CORP,SR22T,SR Series,1,2020,7,PA,1,US,20240116,20230206,20201221,4,1,V,
809CV,2590,2130000,CIRRUS DESIGN CORP,SR20,SR Series,1,2020,7,TX,2,US,20260109,20260109,20200715,4,1,V,
809DS,0998,2130001,CIRRUS DESIGN CORP,SR22,SR Series,1,2004,1,VA,1,US,20230726,20230726,20040630,4,1,V,
809HS,8691,2130004,CIRRUS DESIGN CORP,SR22T,SR Series,1,2022,7,CO,S,US,20250705,20250705,20220625,4,1,V,
809JN,10659,2130000,CIRRUS DESIGN CORP,SR20,SR Series,1,2025,3,MT,S,US,20260529,20260529,20250514,4,1,V,
809LT,4176,2130001,CIRRUS DESIGN CORP,SR22,SR Series,1,2015,7,LA,2,US,20230309,20230309,20150310,4,1,V,
809MP,1221,2130004,CIRRUS DESIGN CORP,SR22T,SR Series,1,2015,7,NY,1,US,20260720,20260720,20151221,4,1,V,
809MT,8915,2130001,CIRRUS DESIGN CORP,SR22,SR Series,1,2022,3,UT,S,US,20230713,20221205,20221029,4,1,V,
809NG,11437,2130001,CIRRUS DESIGN CORP,SR22,SR Series,1,2026,7,PA,1,US,20260806,20260806,20260531,4,1,V,
809PC,3849,2130001,CIRRUS DESIGN CORP,SR22,SR Series,1,2012,7,TN,3,US,20230421,20210203,20120430,4,1,V,
809RJ,1361,2130001,CIRRUS DESIGN CORP,SR22,SR Series,1,2005,7,GA,7,US,20250902,20250902,20050319,4,1,V,
809RM,0809,2130010,CIRRUS DESIGN CORP,SF50,Vision Jet,1,,8,MN,C,US,20260514,,,4,5,M,
809UM,9453,2130004,CIRRUS DESIGN CORP,SR22T,SR Series,1,2023,7,IN,C,US,20260804,20260804,20230920,4,1,V,
80AV,1549,2130004,CIRRUS DESIGN CORP,SR22T,SR Series,1,2017,7,MT,S,US,20250212,20200129,20170601,4,1,V,
80CD,0075,2130001,CIRRUS DESIGN CORP,SR22,SR Series,1,2001,7,IA,3,US,20230818,20220702,20010815,4,1,V,
80DG,10121,2130004,CIRRUS DESIGN CORP,SR22T,SR Series,1,2024,3,MN,C,US,20250205,20250205,20240808,4,1,V,
80FB,1054,2130001,CIRRUS DESIGN CORP,SR22,SR Series,1,2004,7,TX,2,US,20231231,20231231,20040825,4,1,V,
80GD,1672,2130000,CIRRUS DESIGN CORP,SR20,SR Series,1,2006,1,MI,C,US,20260715,20260715,20060613,4,1,V,
80NS,2839,2130001,CIRRUS DESIGN CORP,SR22,SR Series,1,2007,3,,8,GB,20230707,20220125,20071129,4,1,V,
80TL,0454,2130010,CIRRUS DESIGN CORP,SF50,Vision Jet,1,2023,7,WI,C,US,20240710,20240710,20230516,4,5,V,
80TQ,10280,2130004,CIRRUS DESIGN CORP,SR22T,SR Series,1,2024,3,WY,S,US,20260630,20241122,20241024,4,1,V,
80VJ,2318,2130000,CIRRUS DESIGN CORP,SR20,SR Series,1,2016,1,SC,7,US,20230902,20220906,20160314,4,1,V,
80VT,2560,2130001,CIRRUS DESIGN CORP,SR22,SR Series,1,2007,4,OR,S,US,20230707,20220127,20070607,4,1,V,
80WH,10952,2130001,CIRRUS DESIGN CORP,SR22,SR Series,1,2025,7,PA,1,US,20251120,20251120,20250929,4,1,V,
810MK,10786,2130001,CIRRUS DESIGN CORP,SR22,SR Series,1,2025,7,MI,C,US,20260223,20250827,20250716,4,1,V,
810PT,0331,2130001,CIRRUS DESIGN CORP,SR22,SR Series,1,2002,4,MD,1,US,20240610,20240610,20020904,4,1,V,
810PV,1596,2130004,CIRRUS DESIGN CORP,SR22T,SR Series,1,2017,7,WY,S,US,20230909,20191001,20170622,4,1,V,
810RM,1484,2130004,CIRRUS DESIGN CORP,SR22T,SR Series,1,2017,7,VA,1,US,20230905,20230905,20170124,4,1,V,
810RT,2718,2130000,CIRRUS DESIGN CORP,SR20,SR Series,1,2021,7,CA,4,US,20230527,20230527,20210329,4,1,V,
810WW,4955,2130001,CIRRUS DESIGN CORP,SR22,SR Series,1,2020,7,SC,7,US,20250417,20250417,20201012,4,1,V,
8118A,11612,2130000,CIRRUS DESIGN CORP,SR20,SR Series,1,,8,MN,C,US,20260625,,,4,1,M,
811CC,1534,2130000,CIRRUS DESIGN CORP,SR20,SR Series,1,,7,TX,2,US,20240918,20240918,20050713,4,1,V,
811CM,10883,2130004,CIRRUS DESIGN CORP,SR22T,SR Series,1,2025,7,UT,S,US,20251008,20251008,20250829,4,1,V,
811DA,3008,2130001,CIRRUS DESIGN CORP,SR22,SR Series,1,2008,7,GA,7,US,20230324,20201017,20080429,4,1,V,
811DK,0033,2130004,CIRRUS DESIGN CORP,SR22T,SR Series,1,2010,1,CA,4,US,20230526,20150730,20100924,4,1,V,
811DM,1663,2130004,CIRRUS DESIGN CORP,SR22T,SR Series,1,2018,3,,8,GB,20240709,20240709,20180109,4,1,V,
811DR,2367,2130001,CIRRUS DESIGN CORP,SR22,SR Series,1,2007,7,MI,C,US,20230603,20210811,20070221,4,1,V,
811EA,1265,2130004,CIRRUS DESIGN CORP,SR22T,SR Series,1,2016,7,PA,1,US,20230407,20201230,20160229,4,1,V,
811EX,3154,2130001,CIRRUS DESIGN CORP,SR22,SR Series,1,2008,1,CO,S,US,20250913,20250913,20080725,4,1,V,
811GT,2283,2130001,CIRRUS DESIGN CORP,SR22,SR Series,1,,7,NM,2,US,20260508,20260508,20061218,4,1,V,
811JM,0036,2130004,CIRRUS DESIGN CORP,SR22T,SR Series,1,2010,7,FL,7,US,20230313,20230313,20101006,4,1,V,
811JS,10437,2130004,CIRRUS DESIGN CORP,SR22T,SR Series,1,2025,7,CA,4,US,20250220,20250220,20250111,4,1,V,
811JT,3127,2130001,CIRRUS DESIGN CORP,SR22,SR Series,1,2008,7,CA,4,US,20260714,20210204,20080708,4,1,V,
811LC,1825,2130004,CIRRUS DESIGN CORP,SR22T,SR Series,1,2018,7,UT,S,US,20230707,20190131,20181126,4,1,V,
811LT,1795,2130001,CIRRUS DESIGN CORP,SR22,SR Series,1,2006,7,AZ,4,US,20230722,20190323,20060131,4,1,V,
811MD,10530,2130004,CIRRUS DESIGN CORP,SR22T,SR Series,1,2025,7,MI,C,US,20250320,20250320,20250304,4,1,V,
811ML,10112,2130004,CIRRUS DESIGN CORP,SR22T,SR Series,1,2024,7,FL,7,US,20250307,20250307,20240801,4,1,V,
811RC,8805,2130004,CIRRUS DESIGN CORP,SR22T,SR Series,1,2022,7,OK,2,US,20230214,20230214,20220831,4,1,V,
811RT,2917,2130001,CIRRUS DESIGN CORP,SR22,SR Series,1,2008,7,TN,3,US,20231219,20181105,20080124,4,1,V,
811SB,1667,2130004,CIRRUS DESIGN CORP,SR22T,SR Series,1,2018,1,NJ,1,US,20260714,,20180112,4,1,R,
811SR,2270,2130001,CIRRUS DESIGN CORP,SR22,SR Series,1,,7,FL,7,US,20230623,20181103,20061222,4,1,V,
811WM,1042,2130000,CIRRUS DESIGN CORP,SR20,SR Series,1,2000,4,WA,S,US,20250728,20250728,20000606,4,1,V,
8124P,0651,2130001,CIRRUS DESIGN CORP,SR22,SR Series,1,2003,7,TX,2,US,20240115,20240115,20030814,4,1,V,
8125E,0671,2130001,CIRRUS DESIGN CORP,SR22,SR Series,1,2003,7,FL,7,US,20230310,20060619,20030909,4,1,V,
8126G,0672,2130001,CIRRUS DESIGN CORP,SR22,SR Series,1,2003,7,KS,3,US,20230505,20210407,20030908,4,1,V,
8127A,0653,2130001,CIRRUS DESIGN CORP,SR22,SR Series,1,2003,7,MT,S,US,20241123,20241123,20030818,4,1,V,
8127M,0784,2130001,CIRRUS DESIGN CORP,SR22,SR Series,1,2003,7,KY,3,US,20240315,20240315,20031220,4,1,V,
812BT,4272,2130001,CIRRUS DESIGN CORP,SR22,SR Series,1,2015,7,LA,2,US,20230818,20220715,20151119,4,1,V,
812CD,3123,2130001,CIRRUS DESIGN CORP,SR22,SR Series,1,2008,1,AZ,4,US,20260111,20260111,20080711,4,1,V,
812CS,3931,2130001,CIRRUS DESIGN CORP,SR22,SR Series,1,2013,1,VA,1,US,20240521,20240521,20130401,4,1,V,
812DB,2399,2130001,CIRRUS DESIGN CORP,SR22,SR Series,1,2007,7,SC,7,US,20260701,20260701,20070315,4,1,V,
812DF,9908,2130004,CIRRUS DESIGN CORP,SR22T,SR Series,1,2024,7,VT,E,US,20240605,20240605,20240426,4,1,V,
812DM,0863,2130001,CIRRUS DESIGN CORP,SR22,SR Series,1,2004,3,GA,7,US,20241007,20241007,20040403,4,1,V,
812DW,0124,2130001,CIRRUS DESIGN CORP,SR22,SR Series,1,2001,7,MT,S,US,20230317,20200901,20011207,4,1,V,
812EA,1589,2130004,CIRRUS DESIGN CORP,SR22T,SR Series,1,2017,4,TX,2,US,20231231,20231231,20170828,4,1,V,
812JM,0128,2130010,CIRRUS DESIGN CORP,SF50,Vision Jet,1,2019,7,FL,7,US,20230825,20190826,20190716,4,5,V,
812JP,2869,2130001,CIRRUS DESIGN CORP,SR22,SR Series,1,2007,7,NC,1,US,20230811,20080107,20071212,4,1,V,
812MT,1709,2130004,CIRRUS DESIGN CORP,SR22T,SR Series,1,2018,1,PA,1,US,20230317,20200921,20180412,4,1,V,
812PB,0281,2130010,CIRRUS DESIGN CORP,SF50,Vision Jet,1,2021,7,TX,2,US,20230623,20211103,20210728,4,5,V,
812SE,2152,2130001,CIRRUS DESIGN CORP,SR22,SR Series,1,2006,7,AL,7,US,20240321,20210209,20060927,4,1,V,
812TR,8547,2130000,CIRRUS DESIGN CORP,SR20,SR Series,1,2022,7,UT,S,US,20250620,20250620,20220308,4,1,V,
812TW,4189,2130001,CIRRUS DESIGN CORP,SR22,SR Series,1,2015,1,FL,7,US,20240419,20240419,20150402,4,1,V,
8133Z,0673,2130001,CIRRUS DESIGN CORP,SR22,SR Series,1,2003,7,NY,1,US,20230811,20220618,20030906,4,1,V,
8135A,0674,2130001,CIRRUS DESIGN CORP,SR22,SR Series,1,2003,7,IL,C,US,20240302,20240302,20030909,4,1,V,
8135V,0658,2130001,CIRRUS DESIGN CORP,SR22,SR Series,1,2003,7,MS,2,US,20230616,20181004,20030912,4,1,V,
8138J,0663,2130001,CIRRUS DESIGN CORP,SR22,SR Series,1,2003,7,MN,C,US,20230519,20210608,20030917,4,1,V,
8138S,0681,2130001,CIRRUS DESIGN CORP,SR22,SR Series,1,2003,3,NY,1,US,20230811,20190604,20030916,4,1,V,
8139C,0661,2130001,CIRRUS DESIGN CORP,SR22,SR Series,1,2003,7,DE,1,US,20241024,20241024,20030827,4,1,V,
8139D,1368,2130000,CIRRUS DESIGN CORP,SR20,SR Series,1,2003,1,IL,C,US,20230623,20211127,20031013,4,1,V,
8139K,0662,2130001,CIRRUS DESIGN CORP,SR22,SR Series,1,2003,7,IL,C,US,20230414,20210111,20030828,4,1,V,
8139V,0685,2130001,CIRRUS DESIGN CORP,SR22,SR Series,1,2003,1,NY,1,US,20230603,20210824,20031002,4,1,V,
813AB,1769,2130001,CIRRUS DESIGN CORP,SR22,SR Series,1,2006,3,NV,4,US,20260218,20260218,20260223,4,1,V,
813CD,0141,2130001,CIRRUS DESIGN CORP,SR22,SR Series,1,2002,7,IN,C,US,20240813,20240813,20020124,4,1,V,
813CG,4978,2130001,CIRRUS DESIGN CORP,SR22,SR Series,1,2020,7,FL,7,US,20230902,20220926,20201124,4,1,V,
813DT,11625,2130001,CIRRUS DESIGN CORP,SR22,SR Series,1,,8,MN,C,US,20260611,,,4,1,M,
813EJ,8894,2130004,CIRRUS DESIGN CORP,SR22T,SR Series,1,2022,3,OK,2,US,20240104,20240101,20221021,4,1,V,
813JE,11552,2130000,CIRRUS DESIGN CORP,SR20,SR Series,1,,8,MN,C,US,20260521,,,4,1,M,
813JP,10224,2130004,CIRRUS DESIGN CORP,SR22T,SR Series,1,2024,3,DE,1,US,20241114,20241114,20240826,4,1,V,
813KP,1019,2130001,CIRRUS DESIGN CORP,SR22,SR Series,1,2004,4,,,,20230718,20220225,20040727,4,1,V,
813MB,0681,2130010,CIRRUS DESIGN CORP,SF50,Vision Jet,1,2025,7,FL,7,US,20251110,20250919,20250815,4,5,V,
813MF,10109,2130001,CIRRUS DESIGN CORP,SR22,SR Series,1,2024,7,NY,1,US,20240909,20240909,20240727,4,1,V,
813MR,1010,2130001,CIRRUS DESIGN CORP,SR22,SR Series,1,,7,FL,7,US,20230804,20220520,20040709,4,1,V,
813PC,11094,2130001,CIRRUS DESIGN CORP,SR22,SR Series,1,2025,7,FL,7,US,20260217,20260217,20251210,4,1,V,
813PS,1379,2130004,CIRRUS DESIGN CORP,SR22T,SR Series,1,2016,7,CO,S,US,20230701,20181226,20160629,4,1,V,
813TB,10627,2130004,CIRRUS DESIGN CORP,SR22T,SR Series,1,2025,7,FL,7,US,20250704,20250704,20250502,4,1,V,
813VS,9892,2130000,CIRRUS DESIGN CORP,SR20,SR Series,1,2024,7,FL,7,US,20240609,20240609,20240420,4,1,V,
814,1281,2130000,CIRRUS DESIGN CORP,SR20,SR Series,1,2003,3,WI,C,US,20230623,20181109,20030130,4,1,V,
8140S,0684,2130001,CIRRUS DESIGN CORP,SR22,SR Series,1,2003,7,ID,S,US,20230804,20130508,20030919,4,1,V,
8141F,0699,2130001,CIRRUS DESIGN CORP,SR22,SR Series,1,2003,7,NC,1,US,20230512,20210521,20031002,4,1,V,
8141L,0665,2130001,CIRRUS DESIGN CORP,SR22,SR Series,1,2003,7,AR,2,US,20240502,20240502,20030902,4,1,V,
8141Q,0676,2130001,CIRRUS DESIGN CORP,SR22,SR Series,1,2003,7,OH,C,US,20240505,20240505,20030910,4,1,V,
8143D,0678,2130001,CIRRUS DESIGN CORP,SR22,SR Series,1,2003,7,MT,S,US,20230922,20191212,20030917,4,1,V,
8144Z,0700,2130001,CIRRUS DESIGN CORP,SR22,SR Series,1,2003,7,OH,C,US,20230517,20210911,20031004,4,1,V,
8145U,0683,2130001,CIRRUS DESIGN CORP,SR22,SR Series,1,2003,7,DE,1,US,20250621,20230706,20030923,4,1,V,
8146J,0675,2130001,CIRRUS DESIGN CORP,SR22,SR Series,1,2003,3,MA,E,US,20251220,20251220,20030913,4,1,V,
8146L,0680,2130001,CIRRUS DESIGN CORP,SR22,SR Series,1,2003,7,MT,S,US,20230610,20210911,20030913,4,1,V,
8146T,1373,2130000,CIRRUS DESIGN CORP,SR20,SR Series,1,2003,7,OH,C,US,20230505,20210401,20031112,4,1,V,
8148F,0769,2130001,CIRRUS DESIGN CORP,SR22,SR Series,1,2003,7,CA,4,US,20230428,20040213,20031210,4,1,V,
8148M,1357,2130000,CIRRUS DESIGN CORP,SR20,SR Series,1,2003,7,GA,7,US,20240710,20240710,20030930,4,1,V,
8149W,0695,2130001,CIRRUS DESIGN CORP,SR22,SR Series,1,2003,7,TX,2,US,20250218,20250218,20031001,4,1,V,
814BG,1712,2130000,CIRRUS DESIGN CORP,SR20,SR Series,1,2006,7,TX,2,US,20230401,20201104,20060810,4,1,V,
814BH,0348,2130004,CIRRUS DESIGN CORP,SR22T,SR Series,1,2012,8,DE,1,US,20251208,20240110,20120718,4,1,V,
814CD,0143,2130001,CIRRUS DESIGN CORP,SR22,SR Series,1,2002,7,FL,7,US,20230930,20230104,20020131,4,1,V,
814CP,10583,2130001,CIRRUS DESIGN CORP,SR22,SR Series,1,2025,3,MO,3,US,20250710,20250710,20250403,4,1,V,
814EM,4184,2130001,CIRRUS DESIGN CORP,SR22,SR Series,1,2015,7,MO,3,US,20230407,20201210,20150324,4,1,V,
814JA,11520,2130004,CIRRUS DESIGN CORP,SR22T,SR Series,1,,7,PA,1,US,20260804,20260804,,4,1,V,
814JB,9862,2130000,CIRRUS DESIGN CORP,SR20,SR Series,1,2024,3,OH,C,US,20240522,20240522,20240409,4,1,V,
814LT,3568,2130001,CIRRUS DESIGN CORP,SR22,SR Series,1,2010,7,NY,1,US,20241109,20170907,20100217,4,1,V,
814RA,1663,2130000,CIRRUS DESIGN CORP,SR20,SR Series,1,2006,4,OR,S,US,20230922,20221226,20060522,4,1,V,
814SR,2184,2130001,CIRRUS DESIGN CORP,SR22,SR Series,1,2006,7,CA,4,US,20230902,20190920,20061010,4,1,V,
814TM,10488,2130001,CIRRUS DESIGN CORP,SR22,SR Series,1,2025,7,FL,7,US,20260121,20250722,20250208,4,1,V,
8150F,0701,2130001,CIRRUS DESIGN CORP,SR22,SR Series,1,2003,7,IN,C,US,20230717,20230426,20031007,4,1,V,
8151Y,0703,2130001,CIRRUS DESIGN CORP,SR22,SR Series,1,2003,3,CA,4,US,20240320,20240320,20031003,4,1,V,
8152Q,0793,2130001,CIRRUS DESIGN CORP,SR22,SR Series,1,,1,,,,20260505,20260505,,4,1,V,
8152T,0696,2130001,CIRRUS DESIGN CORP,SR22,SR Series,1,2003,7,GA,7,US,20250124,20250124,20031002,4,1,V,
8152X,0686,2130001,CIRRUS DESIGN CORP,SR22,SR Series,1,2003,7,FL,7,US,20240305,20240305,20030925,4,1,V,
8153H,0702,2130001,CIRRUS DESIGN CORP,SR22,SR Series,1,2003,7,UT,S,US,20230701,20211218,20031007,4,1,V,
8153J,1366,2130000,CIRRUS DESIGN CORP,SR20,SR Series,1,2003,1,NJ,1,US,20251015,20251015,20031017,4,1,V,
8153R,0708,2130001,CIRRUS DESIGN CORP,SR22,SR Series,1,,3,OH,C,US,20231020,20200416,20031020,4,1,V,
8153V,0709,2130001,CIRRUS DESIGN CORP,SR22,SR Series,1,2003,7,TN,3,US,20230505,20210405,20031021,4,1,V,
8157Z,1377,2130000,CIRRUS DESIGN CORP,SR20,SR Series,1,2003,1,MN,C,US,20250322,20250322,20031118,4,1,V,
815CD,0149,2130001,CIRRUS DESIGN CORP,SR22,SR Series,1,,7,IN,C,US,20240531,20240531,20020207,4,1,V,
815DB,3743,2130001,CIRRUS DESIGN CORP,SR22,SR Series,1,2011,7,DE,1,US,20250401,20250220,20110324,4,1,V,
815GB,11603,2130004,CIRRUS DESIGN CORP,SR22T,SR Series,1,,8,MN,C,US,20260422,,,4,1,M,
815HC,1199,2130001,CIRRUS DESIGN CORP,SR22,SR Series,1,2004,3,FL,7,US,20230728,20050124,20041130,4,1,V,
815JD,0543,2130001,CIRRUS DESIGN CORP,SR22,SR Series,1,2003,7,IA,3,US,20230407,20141204,20030507,4,1,V,
815L,2388,2130004,CIRRUS DESIGN CORP,SR22T,SR Series,1,2021,7,WY,S,US,20250226,20250226,20210831,4,1,V,
815ML,2500,2130000,CIRRUS DESIGN CORP,SR20,SR Series,1,2019,4,CA,4,US,20230603,20210831,20190613,4,1,V,
815PZ,2154,2130004,CIRRUS DESIGN CORP,SR22T,SR Series,1,2020,7,CO,S,US,20250730,20250730,20200821,4,1,V,
8160C,1381,2130000,CIRRUS DESIGN CORP,SR20,SR Series,1,2003,7,DE,1,US,20230913,20230913,20031120,4,1,V,
8160N,0734,2130001,CIRRUS DESIGN CORP,SR22,SR Series,1,,1,OR,S,US,20230428,20180314,,4,1,V,
8161S,1385,2130000,CIRRUS DESIGN CORP,SR20,SR Series,1,2004,3,WY,S,US,20260223,20260223,20040115,4,1,V,
8162T,0740,2130001,CIRRUS DESIGN CORP,SR22,SR Series,1,2003,7,VA,1,US,20240329,20240329,,4,1,V,
8163R,0744,2130001,CIRRUS DESIGN CORP,SR22,SR Series,1,2003,7,NC,1,US,20260304,20260304,20031120,4,1,V,
8163V,0748,2130001,CIRRUS DESIGN CORP,SR22,SR Series,1,2003,1,IN,C,US,20230505,20120417,20031124,4,1,V,
8164F,0749,2130001,CIRRUS DESIGN CORP,SR22,SR Series,1,2003,1,AZ,4,US,20230811,20190618,20031125,4,1,V,
8164X,0733,2130001,CIRRUS DESIGN CORP,SR22,SR Series,1,,3,FL,7,US,20230310,20110816,,4,1,V,
8165H,0747,2130001,CIRRUS DESIGN CORP,SR22,SR Series,1,2003,7,VA,1,US,20260622,20260622,20031124,4,1,V,
8168Q,0805,2130001,CIRRUS DESIGN CORP,SR22,SR Series,1,2004,7,FL,7,US,20230811,20160624,20040114,4,1,V,
8168V,0790,2130001,CIRRUS DESIGN CORP,SR22,SR Series,1,2003,1,NJ,1,US,20230825,20220806,20031230,4,1,V,
8168W,0789,2130001,CIRRUS DESIGN CORP,SR22,SR Series,1,,4,OH,C,US,20260418,20260418,,4,1,V,
816BV,1594,2130000,CIRRUS DESIGN CORP,SR20,SR Series,1,2005,7,MI,C,US,20260626,20250813,20051213,4,1,V,
816CA,2567,2130000,CIRRUS DESIGN CORP,SR20,SR Series,1,2020,7,KY,3,US,20230317,20200902,20200528,4,1,V,
816CD,0150,2130001,CIRRUS DESIGN CORP,SR22,SR Series,1,,3,KS,3,US,20240316,20240316,20020208,4,1,V,
816CT,2415,2130000,CIRRUS DESIGN CORP,SR20,SR Series,1,2018,7,CA,4,US,20230922,20191217,20180313,4,1,V,
816LD,3843,2130001,CIRRUS DESIGN CORP,SR22,SR Series,1,2012,7,FL,7,US,20230613,20230613,20120404,4,1,V,
816LN,5030,2130001,CIRRUS DESIGN CORP,SR22,SR Series,1,2021,3,,8,DE,20260610,20260401,20210422,4,1,V,
816LP,11671,2130001,CIRRUS DESIGN CORP,SR22,SR Series,1,,8,MN,C,US,20260811,,,4,1,M,
816LT,0511,2130001,CIRRUS DESIGN CORP,SR22,SR Series,1,2003,7,IN,C,US,20230818,20190708,20030424,4,1,V,
816MC,10208,2130004,CIRRUS DESIGN CORP,SR22T,SR Series,1,2024,7,GA,7,US,20241009,20241009,20240919,4,1,V,
816MK,0629,2130010,CIRRUS DESIGN CORP,SF50,Vision Jet,1,2025,7,WI,C,US,20250324,20250324,20250228,4,5,V,
816MM,8797,2130001,CIRRUS DESIGN CORP,SR22,SR Series,1,2022,7,VA,1,US,20240523,20230208,20220907,4,1,V,
816PP,10266,2130001,CIRRUS DESIGN CORP,SR22,SR Series,1,2024,7,NV,4,US,20260728,20241210,20241016,4,1,V,
816RJ,0112,2130001,CIRRUS DESIGN CORP,SR22,SR Series,1,2001,7,TN,3,US,20240426,20190425,20011029,4,1,V,
816RW,2309,2130004,CIRRUS DESIGN CORP,SR22T,SR Series,1,2021,7,MS,2,US,20250106,20240125,20210426,4,1,V,
816SC,1878,2130001,CIRRUS DESIGN CORP,SR22,SR Series,1,2006,7,MI,C,US,20230818,20190726,20060329,4,1,V,
816SD,2323,2130001,CIRRUS DESIGN CORP,SR22,SR Series,1,2007,3,OK,2,US,20230728,20090123,20070111,4,1,V,
816SG,10875,2130004,CIRRUS DESIGN CORP,SR22T,SR Series,1,2025,7,WI,C,US,20251015,20251015,20250826,4,1,V,
816SR,10135,2130001,CIRRUS DESIGN CORP,SR22,SR Series,1,2019,7,NY,1,US,20240907,20240907,20240805,4,1,V,
8170A,0745,2130001,CIRRUS DESIGN CORP,SR22,SR Series,1,2003,7,MO,3,US,20230918,20230918,20031124,4,1,V,
8170E,0809,2130001,CIRRUS DESIGN CORP,SR22,SR Series,1,2004,3,NV,4,US,20250930,20250930,20040120,4,1,V,
8171G,0751,2130001,CIRRUS DESIGN CORP,SR22,SR Series,1,2003,7,DE,1,US,20230512,20150520,20031126,4,1,V,
8171P,0797,2130001,CIRRUS DESIGN CORP,SR22,SR Series,1,2004,7,TN,3,US,20230922,20191206,20040107,4,1,V,
81737,1397,2130000,CIRRUS DESIGN CORP,SR20,SR Series,1,2004,7,DE,1,US,20251002,20090914,20040130,4,1,V,
8173L,1380,2130000,CIRRUS DESIGN CORP,SR20,SR Series,1,2003,1,AL,7,US,20230701,20211216,20031202,4,1,V,
8173M,0750,2130001,CIRRUS DESIGN CORP,SR22,SR Series,1,2003,4,TX,2,US,20230324,20141010,20031125,4,1,V,
8174A,0721,2130001,CIRRUS DESIGN CORP,SR22,SR Series,1,2003,7,IN,C,US,20230915,20131119,20031029,4,1,V,
817AM,9092,2130004,CIRRUS DESIGN CORP,SR22T,SR Series,1,2023,7,OK,2,US,20240920,20240916,20230303,4,1,V,
817BG,11062,2130004,CIRRUS DESIGN CORP,SR22T,SR Series,1,2025,7,TX,2,US,20260113,20260113,20251119,4,1,V,
817BJ,10653,2130004,CIRRUS DESIGN CORP,SR22T,SR Series,1,2025,7,WI,C,US,20260505,20251022,20250511,4,1,V,
817BK,1255,2130001,CIRRUS DESIGN CORP,SR22,SR Series,1,,7,NY,1,US,20230718,20220204,20050106,4,1,V,
817CV,10902,2130001,CIRRUS DESIGN CORP,SR22,SR Series,1,2025,7,PA,1,US,20251030,20251030,20250910,4,1,V,
817DG,4786,2130001,CIRRUS DESIGN CORP,SR22,SR Series,1,2019,3,ND,C,US,20260616,20251013,20190515,4,1,V,
817DL,1762,2130004,CIRRUS DESIGN CORP,SR22T,SR Series,1,2018,4,FL,7,US,20250401,20250401,20180731,4,1,V,
817GF,2117,2130004,CIRRUS DESIGN CORP,SR22T,SR Series,1,2020,1,TX,2,US,20240725,20230107,20200528,4,1,V,
817GW,0312,2130010,CIRRUS DESIGN CORP,SF50,Vision Jet,1,2021,3,FL,7,US,20230804,20220505,20211111,4,5,V,
817HH,4756,2130001,CIRRUS DESIGN CORP,SR22,SR Series,1,2019,7,IN,C,US,20240208,20240208,20190306,4,1,V,
817PH,9555,2130004,CIRRUS DESIGN CORP,SR22T,SR Series,1,2023,7,TX,2,US,20250903,20240118,20231117,4,1,V,
817SE,2209,2130001,CIRRUS DESIGN CORP,SR22,SR Series,1,2006,3,TX,2,US,20230421,20090720,20061026,4,1,V,
817SR,2514,2130001,CIRRUS DESIGN CORP,SR22,SR Series,1,2007,7,CT,E,US,20230804,20190514,20070604,4,1,V,
817TA,9553,2130004,CIRRUS DESIGN CORP,SR22T,SR Series,1,2023,3,IN,C,US,20240102,20240102,20231112,4,1,V,
817TM,4988,2130001,CIRRUS DESIGN CORP,SR22,SR Series,1,2020,7,MA,E,US,20230603,20210826,20201218,4,1,V,
817WM,10157,2130000,CIRRUS DESIGN CORP,SR20,SR Series,1,2024,5,MI,C,US,20241011,20241011,20240818,4,1,V,
817WT,4017,2130001,CIRRUS DESIGN CORP,SR22,SR Series,1,2013,7,NE,3,US,20230929,20140103,20131115,4,1,V,
8188R,9784,2130004,CIRRUS DESIGN CORP,SR22T,SR Series,1,2024,1,NV,4,US,20260301,20240312,20240218,4,1,V,
8189,11122,2130004,CIRRUS DESIGN CORP,SR22T,SR Series,1,2026,7,PA,1,US,20260501,20260501,20260107,4,1,V,
818AB,1953,2130001,CIRRUS DESIGN CORP,SR22,SR Series,1,2006,7,FL,7,US,20230922,20131204,20060510,4,1,V,
818AD,0549,2130010,CIRRUS DESIGN CORP,SF50,Vision Jet,1,2024,7,OR,S,US,20250320,20250320,20240507,4,5,V,
818AZ,10586,2130000,CIRRUS DESIGN CORP,SR20,SR Series,1,2025,7,AZ,4,US,20250522,20250521,20250329,4,1,V,
818DL,0284,2130001,CIRRUS DESIGN CORP,SR22,SR Series,1,2002,7,FL,7,US,20250414,20250414,20020731,4,1,V,
818DR,2263,2130000,CIRRUS DESIGN CORP,SR20,SR Series,1,2014,1,TN,3,US,20240529,20240529,20140618,4,1,V,
818EL,10186,2130004,CIRRUS DESIGN CORP,SR22T,SR Series,1,2024,7,AL,7,US,20251003,20241002,20240905,4,1,V,
818GM,0256,2130001,CIRRUS DESIGN CORP,SR22,SR Series,1,2002,3,KS,3,US,20230324,20201019,20020710,4,1,V,
818HW,10792,2130004,CIRRUS DESIGN CORP,SR22T,SR Series,1,2025,7,DE,1,US,20250913,20250913,20250725,4,1,V,
818JE,10944,2130004,CIRRUS DESIGN CORP,SR22T,SR Series,1,2025,7,AL,7,US,20251121,20251121,20251006,4,1,V,
818LL,0274,2130010,CIRRUS DESIGN CORP,SF50,Vision Jet,1,2021,7,TN,3,US,20241230,20241230,20210610,4,5,V,
818LM,1778,2130004,CIRRUS DESIGN CORP,SR22T,SR Series,1,2018,7,UT,S,US,20230905,20210604,20180828,4,1,V,
818LT,4354,2130001,CIRRUS DESIGN CORP,SR22,SR Series,1,2016,7,AZ,4,US,20230825,20160804,20160607,4,1,V,
818PK,10338,2130004,CIRRUS DESIGN CORP,SR22T,SR Series,1,2024,7,WY,S,US,20260630,20250114,20241126,4,1,V,
818RN,1990,2130000,CIRRUS DESIGN CORP,SR20,SR Series,1,2008,1,IA,3,US,20230428,20210311,20080513,4,1,V,
818TB,2453,2130004,CIRRUS DESIGN CORP,SR22T,SR Series,1,2021,7,MT,S,US,20250130,20250130,20211124,4,1,V,
818WK,10299,2130001,CIRRUS DESIGN CORP,SR22,SR Series,1,2024,7,NY,1,US,20241209,20241209,20241103,4,1,V,
819BW,11611,2130004,CIRRUS DESIGN CORP,SR22T,SR Series,1,,8,MN,C,US,20260604,,,4,1,M,
819CD,1251,2130000,CIRRUS DESIGN CORP,SR20,SR Series,1,2002,7,MN,C,US,20251121,20251121,20020925,4,1,V,
819GP,0253,2130004,CIRRUS DESIGN CORP,SR22T,SR Series,1,2011,7,FL,7,US,20251120,20200227,20111215,4,1,V,
819TF,2770,2130000,CIRRUS DESIGN CORP,SR20,SR Series,1,,8,TN,3,US,20230406,20220425,,4,1,V,
819VS,1493,2130000,CIRRUS DESIGN CORP,SR20,SR Series,1,2005,4,MN,C,US,20230915,20050309,20050215,4,1,V,
819X,0433,2130004,CIRRUS DESIGN CORP,SR22T,SR Series,1,2012,3,NV,4,US,20251208,20251208,20121210,4,1,V,
81AE,9304,2130004,CIRRUS DESIGN CORP,SR22T,SR Series,1,2023,7,MI,C,US,20230817,20230816,20230624,4,1,V,
81AT,11030,2130000,CIRRUS DESIGN CORP,SR20,SR Series,1,2025,7,CA,4,US,20260106,20260106,20251101,4,1,V,
81BG,11046,2130001,CIRRUS DESIGN CORP,SR22,SR Series,1,2025,7,GA,7,US,20260107,20260107,20251115,4,1,V,
81BK,1082,2130000,CIRRUS DESIGN CORP,SR20,SR Series,1,2000,4,CA,4,US,20240513,20240429,20001031,4,1,V,
81DX,2319,2130004,CIRRUS DESIGN CORP,SR22T,SR Series,1,2021,7,MT,S,US,20251007,20251007,20210527,4,1,V,
81EZ,1686,2130000,CIRRUS DESIGN CORP,SR20,SR Series,1,2006,5,MI,C,US,20230512,20200415,20060711,4,1,V,
81FD,11071,2130001,CIRRUS DESIGN CORP,SR22,SR Series,1,2025,7,TX,2,US,20260402,20260209,20251202,4,1,V,
81FK,4878,2130001,CIRRUS DESIGN CORP,SR22,SR Series,1,2020,7,SC,7,US,20231007,20200226,20200117,4,1,V,
81HT,1925,2130004,CIRRUS DESIGN CORP,SR22T,SR Series,1,2019,7,CO,S,US,20260701,20260701,20190530,4,1,V,
81KR,9481,2130004,CIRRUS DESIGN CORP,SR22T,SR Series,1,2023,7,FL,7,US,20250918,20250918,20231008,4,1,V,
81NX,2660,2130001,CIRRUS DESIGN CORP,SR22,SR Series,1,2007,7,DE,1,US,20250107,20250107,20070822,4,1,V,
81PV,4433,2130001,CIRRUS DESIGN CORP,SR22,SR Series,1,2016,7,OR,S,US,20230707,20220105,20230411,4,1,V,
81RL,10503,2130004,CIRRUS DESIGN CORP,SR22T,SR Series,1,2025,7,FL,7,US,20250407,20250407,20250222,4,1,V,
81WF,1772,2130001,CIRRUS DESIGN CORP,SR22,SR Series,1,2006,4,VA,1,US,20250514,20250514,20060113,4,1,V,
820,3305,2130001,CIRRUS DESIGN CORP,SR22,SR Series,1,2008,7,VA,1,US,20241016,20241016,20081010,4,1,V,
8207A,9569,2130004,CIRRUS DESIGN CORP,SR22T,SR Series,1,2023,7,AR,2,US,20250323,20240928,20231201,4,1,V,
820BK,10866,2130001,CIRRUS DESIGN CORP,SR22,SR Series,1,2025,7,MA,E,US,20251003,20251003,20250814,4,1,V,
820CS,1985,2130001,CIRRUS DESIGN CORP,SR22,SR Series,1,,7,FL,7,US,20230202,20200310,20060531,4,1,V,
820FW,3798,2130001,CIRRUS DESIGN CORP,SR22,SR Series,1,2011,7,MI,C,US,20230909,20161012,20111028,4,1,V,
820LW,1660,2130001,CIRRUS DESIGN CORP,SR22,SR Series,1,2005,3,NY,1,US,20230304,20100629,20051026,4,1,V,
820SR,2463,2130001,CIRRUS DESIGN CORP,SR22,SR Series,1,2007,1,NV,4,US,20230610,20210921,20070504,4,1,V,
820TS,4607,2130001,CIRRUS DESIGN CORP,SR22,SR Series,1,2018,7,TN,3,US,20250825,20250825,20180221,4,1,V,
8212D,10717,2130001,CIRRUS DESIGN CORP,SR22,SR Series,1,2025,7,PA,1,US,20250714,20250714,20250614,4,1,V,
821CV,4374,2130001,CIRRUS DESIGN CORP,SR22,SR Series,1,2016,7,FL,7,US,20230122,20200317,20160727,4,1,V,
821D,9307,2130004,CIRRUS DESIGN CORP,SR22T,SR Series,1,2023,7,WA,S,US,20230814,20230814,20230628,4,1,V,
821G,1471,2130001,CIRRUS DESIGN CORP,SR22,SR Series,1,2005,7,DE,1,US,20240823,20201005,20050609,4,1,V,
821GT,3932,2130001,CIRRUS DESIGN CORP,SR22,SR Series,1,2013,1,TX,2,US,20241018,20241018,20151013,4,1,V,
821JK,0466,2130010,CIRRUS DESIGN CORP,SF50,Vision Jet,1,2023,7,FL,7,US,20230711,20230711,20230623,4,5,V,
821LL,10570,2130004,CIRRUS DESIGN CORP,SR22T,SR Series,1,2025,3,NC,1,US,20250516,20250516,20250315,4,1,V,
821MS,4052,2130001,CIRRUS DESIGN CORP,SR22,SR Series,1,2014,7,CA,4,US,20230811,20190617,20140227,4,1,V,
821P,4723,2130001,CIRRUS DESIGN CORP,SR22,SR Series,1,2018,7,OK,2,US,20230707,20220129,20181112,4,1,V,
821RT,8865,2130000,CIRRUS DESIGN CORP,SR20,SR Series,1,2022,3,OR,S,US,20240122,20240122,20221005,4,1,V,
821SR,2614,2130001,CIRRUS DESIGN CORP,SR22,SR Series,1,2007,7,NM,2,US,20230902,20220917,20070720,4,1,V,
821TR,10962,2130004,CIRRUS DESIGN CORP,SR22T,SR Series,1,2025,4,CA,4,US,20251107,20251107,20251001,4,1,V,
821WM,1480,2130001,CIRRUS DESIGN CORP,SR22,SR Series,1,2005,7,MO,3,US,20230407,20171226,20050615,4,1,V,
822AC,1362,2130000,CIRRUS DESIGN CORP,SR20,SR Series,1,2003,3,SC,7,US,20230603,20210806,20031010,4,1,V,
822BL,10249,2130004,CIRRUS DESIGN CORP,SR22T,SR Series,1,2024,7,FL,7,US,20241104,20241104,20241009,4,1,V,
822CD,0113,2130001,CIRRUS DESIGN CORP,SR22,SR Series,1,2001,3,FL,7,US,20230707,20011109,20011102,4,1,V,
822CP,0633,2130004,CIRRUS DESIGN CORP,SR22T,SR Series,1,2013,1,WA,S,US,20230728,20220420,20131025,4,1,V,
822CW,1203,2130004,CIRRUS DESIGN CORP,SR22T,SR Series,1,2015,7,CO,S,US,20230707,20160105,20151211,4,1,V,
822DD,1431,2130004,CIRRUS DESIGN CORP,SR22T,SR Series,1,2016,7,WA,S,US,20230930,20230118,20160901,4,1,V,
822DL,0676,2130010,CIRRUS DESIGN CORP,SF50,Vision Jet,1,2025,7,TX,2,US,20260212,20250822,20250731,4,5,V,
822DR,0781,2130001,CIRRUS DESIGN CORP,SR22,SR Series,1,2003,1,NY,1,US,20230707,20190115,20031218,4,1,V,
822GG,8554,2130004,CIRRUS DESIGN CORP,SR22T,SR Series,1,2022,7,WI,C,US,20230902,20220910,20220314,4,1,V,
822GM,1919,2130001,CIRRUS DESIGN CORP,SR22,SR Series,1,2006,1,TX,2,US,20230909,20100201,20060425,4,1,V,
822GT,1456,2130000,CIRRUS DESIGN CORP,SR20,SR Series,1,2004,7,IA,3,US,20230909,20191021,20040921,4,1,V,
822JJ,1749,2130004,CIRRUS DESIGN CORP,SR22T,SR Series,1,2018,7,FL,7,US,20251008,20251008,20180712,4,1,V,
822MC,4490,2130001,CIRRUS DESIGN CORP,SR22,SR Series,1,2017,7,DE,1,US,20250224,20240304,20170608,4,1,V,
822MS,4849,2130001,CIRRUS DESIGN CORP,SR22,SR Series,1,2019,7,GA,7,US,20230922,20191202,20191029,4,1,V,
822PG,0298,2130010,CIRRUS DESIGN CORP,SF50,Vision Jet,1,2021,7,TN,3,US,20250930,20250930,20211001,4,5,V,
822R,0640,2130004,CIRRUS DESIGN CORP,SR22T,SR Series,1,2013,7,AZ,4,US,20240610,20240610,20240612,4,1,V,
822RA,11214,2130004,CIRRUS DESIGN CORP,SR22T,SR Series,1,2026,7,FL,7,US,20260618,20260618,20260222,4,1,V,
822SC,0899,2130001,CIRRUS DESIGN CORP,SR22,SR Series,1,2004,1,TN,3,US,20230623,20211110,20040421,4,1,V,
822SJ,0786,2130004,CIRRUS DESIGN CORP,SR22T,SR Series,1,2014,7,IN,C,US,20230522,20230522,20140519,4,1,V,
822SR,1567,2130000,CIRRUS DESIGN CORP,SR20,SR Series,1,2005,7,UT,S,US,20230829,20230829,20050919,4,1,V,
822TN,3078,2130001,CIRRUS DESIGN CORP,SR22,SR Series,1,2008,7,ID,S,US,20230922,20221201,20080619,4,1,V,
822TW,1066,2130001,CIRRUS DESIGN CORP,SR22,SR Series,1,2004,1,WI,C,US,20230122,20200501,20040901,4,1,V,
822VJ,0412,2130010,CIRRUS DESIGN CORP,SF50,Vision Jet,1,2022,4,OH,C,US,20230325,20230325,20221218,4,5,V,
822VT,1253,2130004,CIRRUS DESIGN CORP,SR22T,SR Series,1,2016,7,LA,2,US,20230526,20210724,20160217,4,1,V,
822WM,0138,2130001,CIRRUS DESIGN CORP,SR22,SR Series,1,2002,7,DE,1,US,20231003,20081209,20020103,4,1,V,
822WT,10823,2130001,CIRRUS DESIGN CORP,SR22,SR Series,1,2025,7,HI,4,US,20250915,20250915,20250805,4,1,V,
8230,10670,2130001,CIRRUS DESIGN CORP,SR22,SR Series,1,2025,7,MT,S,US,20250623,20250623,20250517,4,1,V,
823AC,1201,2130000,CIRRUS DESIGN CORP,SR20,SR Series,1,2002,1,NY,1,US,20260630,20260630,20020522,4,1,V,
823CD,0185,2130001,CIRRUS DESIGN CORP,SR22,SR Series,1,2002,4,CA,4,US,20230909,20221026,20020329,4,1,V,
823ER,1212,2130001,CIRRUS DESIGN CORP,SR22,SR Series,1,2004,7,DE,1,US,20250825,20250825,20041208,4,1,V,
823FW,2455,2130001,CIRRUS DESIGN CORP,SR22,SR Series,1,2007,7,CA,4,US,20230526,20150727,20070423,4,1,V,
823LR,0510,2130010,CIRRUS DESIGN CORP,SF50,Vision Jet,1,2023,7,IN,C,US,20260420,20260420,20231214,4,5,V,
823PK,10494,2130004,CIRRUS DESIGN CORP,SR22T,SR Series,1,2025,7,CA,4,US,20250313,20250313,20250221,4,1,V,
823PV,1383,2130001,CIRRUS DESIGN CORP,SR22,SR Series,1,2005,4,VA,1,US,20260128,20220919,20050331,4,1,V,
823RB,10289,2130001,CIRRUS DESIGN CORP,SR22,SR Series,1,2024,7,MA,E,US,20241123,20241123,20241027,4,1,V,
823TK,9153,2130004,CIRRUS DESIGN CORP,SR22T,SR Series,1,2023,3,UT,S,US,20260810,20260810,20230329,4,1,V,
823UT,0839,2130010,CIRRUS DESIGN CORP,SF50,Vision Jet,1,,8,MN,C,US,20260730,,,4,5,M,
823VK,3130,2130001,CIRRUS DESIGN CORP,SR22,SR Series,1,2008,3,FL,7,US,20230317,20100602,20080714,4,1,V,
824AR,2474,2130004,CIRRUS DESIGN CORP,SR22T,SR Series,1,2021,7,VA,1,US,20240112,20240112,20211222,4,1,V,
824CD,1255,2130000,CIRRUS DESIGN CORP,SR20,SR Series,1,2002,7,LA,2,US,20230422,20221104,20020926,4,1,V,
824DG,11443,2130001,CIRRUS DESIGN CORP,SR22,SR Series,1,2026,8,MN,C,US,20260227,,20260605,4,1,M,
824EB,9155,2130004,CIRRUS DESIGN CORP,SR22T,SR Series,1,2023,7,MN,C,US,20231209,20231209,20230327,4,1,V,
824EJ,10438,2130004,CIRRUS DESIGN CORP,SR22T,SR Series,1,2025,7,ND,C,US,20250223,20250223,20250129,4,1,V,
824ET,8570,2130001,CIRRUS DESIGN CORP,SR22,SR Series,1,2022,1,MO,3,US,20241021,20241021,20220311,4,1,V,
824HJ,0602,2130001,CIRRUS DESIGN CORP,SR22,SR Series,1,2003,7,AL,7,US,20230824,20121126,20030707,4,1,V,
824KB,4168,2130001,CIRRUS DESIGN CORP,SR22,SR Series,1,2015,7,ND,C,US,20250506,20250506,20150121,4,1,V,
824MK,9190,2130001,CIRRUS DESIGN CORP,SR22,SR Series,1,2023,7,MA,E,US,20230706,20230622,20230422,4,1,V,
824MR,1152,2130001,CIRRUS DESIGN CORP,SR22,SR Series,1,2004,3,DE,1,US,20230902,20220908,20041102,4,1,V,
824P,1206,2130001,CIRRUS DESIGN CORP,SR22,SR Series,1,,3,FL,7,US,20240529,20240529,20041205,4,1,V,
824PF,0504,2130001,CIRRUS DESIGN CORP,SR22,SR Series,1,2003,7,NY,1,US,20230512,20180503,20030408,4,1,V,
824RL,10591,2130004,CIRRUS DESIGN CORP,SR22T,SR Series,1,2025,7,TN,3,US,20250514,20250514,20250402,4,1,V,
824TP,8795,2130001,CIRRUS DESIGN CORP,SR22,SR Series,1,2022,7,PA,1,US,20251207,20251207,20220831,4,1,V,
824WB,2139,2130004,CIRRUS DESIGN CORP,SR22T,SR Series,1,2020,7,TX,2,US,20250512,20250512,20200723,4,1,V,
824WF,9544,2130004,CIRRUS DESIGN CORP,SR22T,SR Series,1,2023,7,WA,S,US,20240102,20240102,20231108,4,1,V,
824WL,4933,2130001,CIRRUS DESIGN CORP,SR22,SR Series,1,2020,7,WY,S,US,20260522,20230529,20200804,4,1,V,
824XZ,0467,2130004,CIRRUS DESIGN CORP,SR22T,SR Series,1,2013,7,NY,1,US,20230915,20191127,20130311,4,1,V,
824ZB,1674,2130000,CIRRUS DESIGN CORP,SR20,SR Series,1,2006,7,NY,1,US,20230122,20170119,20060615,4,1,V,
825AK,1811,2130000,CIRRUS DESIGN CORP,SR20,SR Series,1,2007,1,TX,2,US,20230216,20230216,20070625,4,1,V,
825CC,9271,2130004,CIRRUS DESIGN CORP,SR22T,SR Series,1,2023,4,,,,20260715,20260715,20230602,4,1,V,
825CD,0189,2130001,CIRRUS DESIGN CORP,SR22,SR Series,1,2002,7,CA,4,US,20231013,20200310,20020329,4,1,V,
825CQ,9880,2130000,CIRRUS DESIGN CORP,SR20,SR Series,1,,7,PA,1,US,20240531,20240531,,4,1,V,
825DL,1788,2130004,CIRRUS DESIGN CORP,SR22T,SR Series,1,2018,7,CO,S,US,20230722,20190307,20180906,4,1,V,
825FW,1368,2130001,CIRRUS DESIGN CORP,SR22,SR Series,1,2005,1,TN,3,US,20260501,,20050322,4,1,R,
825HA,3561,2130001,CIRRUS DESIGN CORP,SR22,SR Series,1,2009,7,IA,3,US,20230804,20190514,20091203,4,1,V,
825JB,1696,2130000,CIRRUS DESIGN CORP,SR20,SR Series,1,2006,1,IN,C,US,20230407,20111223,20060718,4,1,V,
825JC,0752,2130004,CIRRUS DESIGN CORP,SR22T,SR Series,1,2014,7,OK,2,US,20260710,20181027,20140401,4,1,V,
825JH,2341,2130004,CIRRUS DESIGN CORP,SR22T,SR Series,1,2021,4,CA,4,US,20230701,20211214,20210615,4,1,V,
825PD,9403,2130000,CIRRUS DESIGN CORP,SR20,SR Series,1,2023,7,SC,7,US,20250917,20231011,20230821,4,1,V,
825TG,0328,2130001,CIRRUS DESIGN CORP,SR22,SR Series,1,2002,4,CT,E,US,20230324,20111004,20020829,4,1,V,
825TR,4317,2130001,CIRRUS DESIGN CORP,SR22,SR Series,1,2016,7,LA,2,US,20230522,20230522,20160308,4,1,V,
825UM,11131,2130004,CIRRUS DESIGN CORP,SR22T,SR Series,1,2025,8,MN,C,US,20260803,20260803,20260104,4,1,V,
826BB,2906,2130001,CIRRUS DESIGN CORP,SR22,SR Series,1,2008,7,TX,2,US,20240726,20231014,20080109,4,1,V,
826BJ,9065,2130004,CIRRUS DESIGN CORP,SR22T,SR Series,1,2023,7,IN,C,US,20260209,20260209,20230215,4,1,V,
826DX,1961,2130004,CIRRUS DESIGN CORP,SR22T,SR Series,1,2019,7,CA,4,US,20230902,20190909,20190805,4,1,V,
826DZ,4750,2130001,CIRRUS DESIGN CORP,SR22,SR Series,1,2019,7,VA,1,US,20230722,20190325,20190212,4,1,V,
826F,0151,2130010,CIRRUS DESIGN CORP,SF50,Vision Jet,1,2019,7,ID,S,US,20250614,20230119,20191008,4,5,V,
826JK,5077,2130001,CIRRUS DESIGN CORP,SR22,SR Series,1,2021,7,IN,C,US,20260529,20260529,20210825,4,1,V,
826KE,0170,2130004,CIRRUS DESIGN CORP,SR22T,SR Series,1,2011,7,MN,C,US,20250116,20250116,20110804,4,1,V,
826MM,2359,2130001,CIRRUS DESIGN CORP,SR22,SR Series,1,2007,7,WI,C,US,20230825,20190827,20070212,4,1,V,
826MS,2270,2130000,CIRRUS DESIGN CORP,SR20,SR Series,1,2014,7,DE,1,US,20251027,20160121,20141006,4,1,V,
826SE,2550,2130000,CIRRUS DESIGN CORP,SR20,SR Series,1,2020,3,MT,S,US,20260503,20260503,20200312,4,1,V,
826SR,1857,2130000,CIRRUS DESIGN CORP,SR20,SR Series,1,2007,3,WY,S,US,20260220,20260220,20070924,4,1,V,
826TW,9032,2130001,CIRRUS DESIGN CORP,SR22,SR Series,1,2022,7,FL,7,US,20251217,20231215,20221228,4,1,V,
826WM,10158,2130000,CIRRUS DESIGN CORP,SR20,SR Series,1,2024,5,MI,C,US,20241011,20241011,20240819,4,1,V,
8277F,11259,2130001,CIRRUS DESIGN CORP,SR22,SR Series,1,2026,7,NC,1,US,20260811,20260811,20260309,4,1,V,
827CD,0169,2130001,CIRRUS DESIGN CORP,SR22,SR Series,1,2002,3,DE,1,US,20230505,20210409,20020312,4,1,V,
827CN,2765,2130000,CIRRUS DESIGN CORP,SR20,SR Series,1,2021,7,TX,2,US,20260714,20240721,20211001,4,1,V,
827CT,1115,2130004,CIRRUS DESIGN CORP,SR22T,SR Series,1,2015,1,WA,S,US,20260615,,20150818,4,1,R,
827DJ,10292,2130001,CIRRUS DESIGN CORP,SR22,SR Series,1,2024,7,NY,1,US,20241205,20241205,20241029,4,1,V,
827DM,1635,2130000,CIRRUS DESIGN CORP,SR20,SR Series,1,2006,7,LA,2,US,20230902,20190923,20060320,4,1,V,
827EA,9949,2130004,CIRRUS DESIGN CORP,SR22T,SR Series,1,2024,7,DE,1,US,20240827,20240702,20240511,4,1,V,
827HE,9052,2130004,CIRRUS DESIGN CORP,SR22T,SR Series,1,2023,7,MS,2,US,20230403,20230403,20230131,4,1,V,
827LL,2143,2130004,CIRRUS DESIGN CORP,SR22T,SR Series,1,2020,7,OH,C,US,20241118,20241118,20200724,4,1,V,
827RB,10772,2130000,CIRRUS DESIGN CORP,SR20,SR Series,1,2025,7,VA,1,US,20251106,20250820,20250630,4,1,V,
827S,0362,2130001,CIRRUS DESIGN CORP,SR22,SR Series,1,2002,1,AR,2,US,20241028,20180402,20021031,4,1,V,
827TC,1304,2130004,CIRRUS DESIGN CORP,SR22T,SR Series,1,,1,IN,C,US,20230227,20220108,20160413,4,1,V,
827UR,4403,2130001,CIRRUS DESIGN CORP,SR22,SR Series,1,2016,3,CA,4,US,20230519,20210628,20161014,4,1,V,
827WF,0667,2130001,CIRRUS DESIGN CORP,SR22,SR Series,1,2003,4,TX,2,US,20230818,20130723,20030904,4,1,V,
828AB,1419,2130001,CIRRUS DESIGN CORP,SR22,SR Series,1,2005,7,WV,1,US,20240111,20240111,20050429,4,1,V,
828BR,1697,2130000,CIRRUS DESIGN CORP,SR20,SR Series,1,2006,4,MD,1,US,20230623,20121120,20060717,4,1,V,
828C,0396,2130001,CIRRUS DESIGN CORP,SR22,SR Series,1,2002,3,NY,1,US,20230707,20091120,20021121,4,1,V,
828CT,0294,2130010,CIRRUS DESIGN CORP,SF50,Vision Jet,1,2021,7,NC,1,US,20230707,20220112,20210922,4,5,V,
828DF,0731,2130001,CIRRUS DESIGN CORP,SR22,SR Series,1,,7,IN,C,US,20230718,20160208,,4,1,V,
828DT,1648,2130001,CIRRUS DESIGN CORP,SR22,SR Series,1,2005,3,DE,1,US,20260715,20260715,20051021,4,1,V,
828EC,1200,2130001,CIRRUS DESIGN CORP,SR22,SR Series,1,,7,CA,4,US,20240426,20240426,20041130,4,1,V,
828EX,3927,2130001,CIRRUS DESIGN CORP,SR22,SR Series,1,2013,7,DE,1,US,20230728,20220429,20130321,4,1,V,
828G,11216,2130004,CIRRUS DESIGN CORP,SR22T,SR Series,1,2026,4,CA,4,US,20260424,20260424,20260215,4,1,V,
828GG,4294,2130001,CIRRUS DESIGN CORP,SR22,SR Series,1,2015,7,DE,1,US,20230401,20201102,20151228,4,1,V,
828JH,10714,2130004,CIRRUS DESIGN CORP,SR22T,SR Series,1,2025,4,CA,4,US,20250714,20250714,20250618,4,1,V,
828KG,11253,2130004,CIRRUS DESIGN CORP,SR22T,SR Series,1,2026,7,MO,3,US,20260615,20260615,20260314,4,1,V,
828KP,1456,2130001,CIRRUS DESIGN CORP,SR22,SR Series,1,2005,3,CA,4,US,20160406,,20050524,4,1,V,
828L,2044,2130004,CIRRUS DESIGN CORP,SR22T,SR Series,1,2019,7,AR,2,US,20250826,20250826,20191217,4,1,V,
828LE,3178,2130001,CIRRUS DESIGN CORP,SR22,SR Series,1,2008,7,TN,3,US,20240511,20240511,20080812,4,1,V,
828LL,2368,2130004,CIRRUS DESIGN CORP,SR22T,SR Series,1,2021,7,MN,C,US,20250606,20250606,20210809,4,1,V,
828MB,8655,2130004,CIRRUS DESIGN CORP,SR22T,SR Series,1,2022,7,MI,C,US,20230922,20221217,20220526,4,1,V,
828ME,1943,2130001,CIRRUS DESIGN CORP,SR22,SR Series,1,2006,7,MD,1,US,20231117,20231117,20060508,4,1,V,
828MP,0134,2130010,CIRRUS DESIGN CORP,SF50,Vision Jet,1,2019,7,IL,C,US,20240401,20230310,20190805,4,5,V,
828MR,3885,2130001,CIRRUS DESIGN CORP,SR22,SR Series,1,2012,7,VT,E,US,20230930,20230116,20121029,4,1,V,
828MW,10813,2130001,CIRRUS DESIGN CORP,SR22,SR Series,1,2025,4,NC,1,US,20250911,20250911,20250724,4,1,V,
828PS,10020,2130004,CIRRUS DESIGN CORP,SR22T,SR Series,1,2024,1,CA,4,US,20240712,20240712,20240627,4,1,V,
828PW,1635,2130004,CIRRUS DESIGN CORP,SR22T,SR Series,1,2017,7,TX,2,US,20230315,20230315,20171213,4,1,V,
828PZ,10059,2130004,CIRRUS DESIGN CORP,SR22T,SR Series,1,2024,7,CA,4,US,20240806,20240806,20240702,4,1,V,
828RP,1642,2130004,CIRRUS DESIGN CORP,SR22T,SR Series,1,2017,7,IL,C,US,20231022,20191118,20171214,4,1,V,
828RR,4337,2130001,CIRRUS DESIGN CORP,SR22,SR Series,1,2016,7,DE,1,US,20230701,20181227,20160422,4,1,V,
828SJ,1580,2130004,CIRRUS DESIGN CORP,SR22T,SR Series,1,2017,4,IA,3,US,20240427,20240427,20170809,4,1,V,
828TM,0943,2130001,CIRRUS DESIGN CORP,SR22,SR Series,1,2004,7,DE,1,US,20230825,20160831,20040524,4,1,V,
828TX,10151,2130004,CIRRUS DESIGN CORP,SR22T,SR Series,1,2024,7,TX,2,US,20241008,20241008,20240816,4,1,V,
828VT,3587,2130001,CIRRUS DESIGN CORP,SR22,SR Series,1,2009,7,TX,2,US,20250809,20250809,20091217,4,1,V,
828ZZ,0605,2130004,CIRRUS DESIGN CORP,SR22T,SR Series,1,2013,7,MT,S,US,20240504,20240504,20130925,4,1,V,
829BT,2006,2130004,CIRRUS DESIGN CORP,SR22T,SR Series,1,2019,1,CO,S,US,20250403,20250123,20191016,4,1,V,
829CD,1256,2130000,CIRRUS DESIGN CORP,SR20,SR Series,1,2002,4,WI,C,US,20230804,20070131,20020925,4,1,V,
829CF,3683,2130001,CIRRUS DESIGN CORP,SR22,SR Series,1,2010,7,ID,S,US,20250707,20250707,20100921,4,1,V,
829CN,3764,2130001,CIRRUS DESIGN CORP,SR22,SR Series,1,2011,7,NY,1,US,20230512,20210505,20200809,4,1,V,
829D,9127,2130001,CIRRUS DESIGN CORP,SR22,SR Series,1,2023,7,FL,7,US,20250319,20250319,20230321,4,1,V,
829DM,8729,2130001,CIRRUS DESIGN CORP,SR22,SR Series,1,2022,7,FL,7,US,20240828,20230307,20220711,4,1,V,
829DT,10293,2130004,CIRRUS DESIGN CORP,SR22T,SR Series,1,2024,7,GA,7,US,20241206,20241206,20241030,4,1,V,
829HS,2170,2130004,CIRRUS DESIGN CORP,SR22T,SR Series,1,2020,7,MA,E,US,20230401,20201121,20200916,4,1,V,
829MM,2647,2130000,CIRRUS DESIGN CORP,SR20,SR Series,1,2020,3,GA,7,US,20231221,20231221,20201118,4,1,V,
829PK,8995,2130001,CIRRUS DESIGN CORP,SR22,SR Series,1,2022,7,WI,C,US,20260129,20251009,20221217,4,1,V,
829RC,4725,2130001,CIRRUS DESIGN CORP,SR22,SR Series,1,2018,7,DE,1,US,20230505,20210426,20181121,4,1,V,
829UM,10184,2130004,CIRRUS DESIGN CORP,SR22T,SR Series,1,2024,7,WY,S,US,20260531,20250123,20241003,4,1,V,
829W,1407,2130001,CIRRUS DESIGN CORP,SR22,SR Series,1,2005,7,FL,7,US,20250225,20250225,20050420,4,1,V,
82AU,9376,2130004,CIRRUS DESIGN CORP,SR22T,SR Series,1,2023,4,TX,2,US,20231018,20231018,20230809,4,1,V,
82DH,0008,2130004,CIRRUS DESIGN CORP,SR22T,SR Series,1,2010,7,LA,2,US,20250228,20180605,20100630,4,1,V,
82DP,11554,2130001,CIRRUS DESIGN CORP,SR22,SR Series,1,,8,MN,C,US,20260514,,,4,1,M,
82FG,9001,2130001,CIRRUS DESIGN CORP,SR22,SR Series,1,2022,3,UT,S,US,20230125,20230125,20221228,4,1,V,
82JR,10510,2130001,CIRRUS DESIGN CORP,SR22,SR Series,1,2025,1,MO,3,US,20250920,20250328,20250301,4,1,V,
82LY,11032,2130004,CIRRUS DESIGN CORP,SR22T,SR Series,1,2025,7,TX,2,US,20260310,20260310,20251129,4,1,V,
82MV,4297,2130001,CIRRUS DESIGN CORP,SR22,SR Series,1,2015,1,LA,2,US,20250730,20250730,20151231,4,1,V,
82MZ,9921,2130001,CIRRUS DESIGN CORP,SR22,SR Series,1,2024,7,CA,4,US,20240622,20240622,20240504,4,1,V,
82SA,0902,2130001,CIRRUS DESIGN CORP,SR22,SR Series,1,2004,7,VA,1,US,20230519,20180628,20040422,4,1,V,
82SF,0675,2130010,CIRRUS DESIGN CORP,SF50,Vision Jet,1,2025,7,,,,20250822,20250822,20250724,4,5,V,
82SN,0859,2130004,CIRRUS DESIGN CORP,SR22T,SR Series,1,2014,7,PA,1,US,20230509,20230509,20140828,4,1,V,
82TE,1817,2130001,CIRRUS DESIGN CORP,SR22,SR Series,1,2006,7,SC,7,US,20231020,20060522,20060210,4,1,V,
82VT,0956,2130004,CIRRUS DESIGN CORP,SR22T,SR Series,1,2014,7,GA,7,US,20250327,20250327,20141229,4,1,V,
82VV,0551,2130004,CIRRUS DESIGN CORP,SR22T,SR Series,1,2013,7,OR,S,US,20230218,20230218,20130709,4,1,V,
82WF,0007,2130010,CIRRUS DESIGN CORP,SF50,Vision Jet,1,2016,7,WY,S,US,20230320,20211029,20161221,4,5,V,
830CA,11119,2130001,CIRRUS DESIGN CORP,SR22,SR Series,1,2026,7,WY,S,US,20260312,20260312,20260106,4,1,V,
830CD,0158,2130001,CIRRUS DESIGN CORP,SR22,SR Series,1,2002,3,WY,S,US,20260204,20260204,20020219,4,1,V,
830DS,2113,2130001,CIRRUS DESIGN CORP,SR22,SR Series,1,2006,4,IN,C,US,20230825,20190813,20060829,4,1,V,
830EG,10929,2130000,CIRRUS DESIGN CORP,SR20,SR Series,1,2025,7,NY,1,US,20251104,20251104,20250919,4,1,V,
830WM,10221,2130000,CIRRUS DESIGN CORP,SR20,SR Series,1,2024,5,MI,C,US,20241105,20241105,20240928,4,1,V,
831AM,1578,2130001,CIRRUS DESIGN CORP,SR22,SR Series,1,2005,7,AZ,4,US,20231013,20110321,20050825,4,1,V,
831AZ,0003,2130001,CIRRUS DESIGN CORP,SR22,SR Series,1,2001,7,UT,S,US,20230610,20210902,20010210,4,1,V,
831CC,2360,2130001,CIRRUS DESIGN CORP,SR22,SR Series,1,2007,7,WA,S,US,20230512,20100913,20070209,4,1,V,
831CD,1580,2130001,CIRRUS DESIGN CORP,SR22,SR Series,1,2005,3,NC,1,US,20260306,20250925,20050826,4,1,V,
831DE,2205,2130004,CIRRUS DESIGN CORP,SR22T,SR Series,1,2020,4,GA,7,US,20260512,20260512,20201117,4,1,V,
831DJ,0043,2130010,CIRRUS DESIGN CORP,SF50,Vision Jet,1,2018,7,AL,7,US,20251204,20251204,20180413,4,5,V,
831DW,1233,2130004,CIRRUS DESIGN CORP,SR22T,SR Series,1,2016,7,CA,4,US,20230421,20210204,20160125,4,1,V,
831DX,0285,2130010,CIRRUS DESIGN CORP,SF50,Vision Jet,1,2021,7,UT,S,US,20260507,20231217,20210820,4,5,V,
831ED,3188,2130001,CIRRUS DESIGN CORP,SR22,SR Series,1,2008,1,AL,7,US,20250605,20080903,20080806,4,1,V,
831JC,0546,2130001,CIRRUS DESIGN CORP,SR22,SR Series,1,2003,3,CA,4,US,20230928,20230313,20030612,4,1,V,
831JW,8637,2130004,CIRRUS DESIGN CORP,SR22T,SR Series,1,2022,3,NV,4,US,20231206,20231206,20220512,4,1,V,
831MM,0493,2130004,CIRRUS DESIGN CORP,SR22T,SR Series,1,2013,7,FL,7,US,20240427,20210528,20130408,4,1,V,
831MU,8790,2130000,CIRRUS DESIGN CORP,SR20,SR Series,1,2022,5,WV,1,US,20230309,20230208,20220824,4,1,V,
831SG,0647,2130001,CIRRUS DESIGN CORP,SR22,SR Series,1,2003,7,TX,2,US,20250307,20250307,20030814,4,1,V,
831TA,3150,2130001,CIRRUS DESIGN CORP,SR22,SR Series,1,2008,3,FL,7,US,20230929,20140127,20140131,4,1,V,
831TD,2087,2130001,CIRRUS DESIGN CORP,SR22,SR Series,1,2006,7,CA,4,US,20230919,20221107,20060816,4,1,V,
831TR,10973,2130001,CIRRUS DESIGN CORP,SR22,SR Series,1,2025,7,LA,2,US,20251125,20251125,20251010,4,1,V,
831TX,2476,2130004,CIRRUS DESIGN CORP,SR22T,SR Series,1,2022,4,MT,S,US,20230818,20220708,20220105,4,1,V,
831WT,9292,2130004,CIRRUS DESIGN CORP,SR22T,SR Series,1,2023,7,CO,S,US,20230804,20230730,20230613,4,1,V,
831Y,9345,2130004,CIRRUS DESIGN CORP,SR22T,SR Series,1,2023,7,OH,C,US,20230908,20230907,20230724,4,1,V,
831ZH,11371,2130004,CIRRUS DESIGN CORP,SR22T,SR Series,1,2026,7,CA,4,US,20260731,20260731,20260506,4,1,V,
832AM,9752,2130000,CIRRUS DESIGN CORP,SR20,SR Series,1,2023,8,MN,C,US,20230606,,20260201,4,1,M,
832EF,2377,2130000,CIRRUS DESIGN CORP,SR20,SR Series,1,2017,8,AZ,4,US,20260724,20260722,20171024,4,1,V,
832JH,1296,2130000,CIRRUS DESIGN CORP,SR20,SR Series,1,2003,7,NC,1,US,20230818,20051219,20030220,4,1,V,
832LM,0832,2130001,CIRRUS DESIGN CORP,SR22,SR Series,1,2004,4,NV,4,US,20240607,20240607,20040317,4,1,V,
832MU,8977,2130000,CIRRUS DESIGN CORP,SR20,SR Series,1,2022,5,WV,1,US,20230325,20230325,20221215,4,1,V,
832PS,10981,2130001,CIRRUS DESIGN CORP,SR22,SR Series,1,2025,7,TX,2,US,20251209,20251209,20251013,4,1,V,
832TA,0168,2130010,CIRRUS DESIGN CORP,SF50,Vision Jet,1,2019,7,FL,7,US,20250421,20250421,20191206,4,5,V,
833CF,2148,2130001,CIRRUS DESIGN CORP,SR22,SR Series,1,2006,3,CT,E,US,20230122,20140627,20060921,4,1,V,
833EE,9951,2130000,CIRRUS DESIGN CORP,SR20,SR Series,1,2024,7,OK,2,US,20240814,20240807,20240603,4,1,V,
833EF,2378,2130000,CIRRUS DESIGN CORP,SR20,SR Series,1,2017,8,AZ,4,US,20260724,20260722,,4,1,V,
833JD,2463,2130004,CIRRUS DESIGN CORP,SR22T,SR Series,1,2021,7,IL,C,US,20230728,20220426,20211206,4,1,V,
833JR,1460,2130004,CIRRUS DESIGN CORP,SR22T,SR Series,1,2016,7,NY,1,US,20230505,20210405,20161228,4,1,V,
833M,1338,2130001,CIRRUS DESIGN CORP,SR22,SR Series,1,2005,1,NC,1,US,20250806,20250806,20050303,4,1,V,
833RC,3689,2130001,CIRRUS DESIGN CORP,SR22,SR Series,1,2010,7,ND,C,US,20260811,20260811,20100923,4,1,V,
833SD,2327,2130001,CIRRUS DESIGN CORP,SR22,SR Series,1,2007,7,CA,4,US,20230818,20070226,20070117,4,1,V,
833SR,1530,2130001,CIRRUS DESIGN CORP,SR22,SR Series,1,2005,7,KY,3,US,20230512,20180517,20050722,4,1,V,
833TA,0594,2130010,CIRRUS DESIGN CORP,SF50,Vision Jet,1,2024,7,NC,1,US,20241122,20241122,20241031,4,5,V,
834AK,1288,2130001,CIRRUS DESIGN CORP,SR22,SR Series,1,2005,1,LA,2,US,20250116,20250116,20050203,4,1,V,
834CD,0168,2130001,CIRRUS DESIGN CORP,SR22,SR Series,1,2002,3,WY,S,US,20260129,20260129,20040105,4,1,V,
834EF,2379,2130000,CIRRUS DESIGN CORP,SR20,SR Series,1,2017,8,AZ,4,US,20260724,20260722,20171026,4,1,V,
834HS,10682,2130001,CIRRUS DESIGN CORP,SR22,SR Series,1,2025,7,DE,1,US,20250625,20250625,20250527,4,1,V,
834LA,0463,2130001,CIRRUS DESIGN CORP,SR22,SR Series,1,2003,1,IL,C,US,20230512,20210511,20030227,4,1,V,
834LC,8689,2130004,CIRRUS DESIGN CORP,SR22T,SR Series,1,2022,7,TN,3,US,20230623,20230105,20220626,4,1,V,
835EF,2380,2130000,CIRRUS DESIGN CORP,SR20,SR Series,1,2017,8,AZ,4,US,20260724,20260722,,4,1,V,
835WB,9484,2130000,CIRRUS DESIGN CORP,SR20,SR Series,1,2023,4,MA,E,US,20231130,20231130,20231022,4,1,V,
835Z,0126,2130004,CIRRUS DESIGN CORP,SR22T,SR Series,1,2011,7,CA,4,US,20230610,20210908,20110420,4,1,V,
836EF,2381,2130000,CIRRUS DESIGN CORP,SR20,SR Series,1,2017,8,AZ,4,US,20260724,20260722,,4,1,V,
836ZJ,9063,2130004,CIRRUS DESIGN CORP,SR22T,SR Series,1,2023,7,TN,3,US,20241106,20241106,20230114,4,1,V,
837EF,2382,2130000,CIRRUS DESIGN CORP,SR20,SR Series,1,2017,8,AZ,4,US,20260727,20260617,20171026,4,1,V,
837MM,4022,2130001,CIRRUS DESIGN CORP,SR22,SR Series,1,2013,3,WY,S,US,20260219,20260219,20131203,4,1,V,
8388G,0470,2130001,CIRRUS DESIGN CORP,SR22,SR Series,1,2003,4,NH,E,US,20230804,20130529,20030304,4,1,V,
8388T,2396,2130001,CIRRUS DESIGN CORP,SR22,SR Series,1,2007,3,FL,7,US,20240913,20240913,20070308,4,1,V,
838CD,0339,2130001,CIRRUS DESIGN CORP,SR22,SR Series,1,2002,7,,8,DE,20230930,20200108,20021020,4,1,V,
838EF,2386,2130000,CIRRUS DESIGN CORP,SR20,SR Series,1,2017,8,AZ,4,US,20260724,20260722,20171121,4,1,V,
838G,3524,2130001,CIRRUS DESIGN CORP,SR22,SR Series,1,2009,3,DE,1,US,20230428,20120312,20090916,4,1,V,
838TK,0838,2130010,CIRRUS DESIGN CORP,SF50,Vision Jet,1,,8,MN,C,US,20260807,,,4,5,M,
838WP,4444,2130001,CIRRUS DESIGN CORP,SR22,SR Series,1,2017,7,MN,C,US,20250930,20230131,20170130,4,1,V,
839CR,9839,2130004,CIRRUS DESIGN CORP,SR22T,SR Series,1,2024,3,NY,1,US,20250919,20250919,20240318,4,1,V,
839CT,2938,2130001,CIRRUS DESIGN CORP,SR22,SR Series,1,2008,7,KS,3,US,20231007,20080402,20080207,4,1,V,
839EF,2387,2130000,CIRRUS DESIGN CORP,SR20,SR Series,1,2017,8,AZ,4,US,20260724,20260722,20171127,4,1,V,
839SR,2726,2130001,CIRRUS DESIGN CORP,SR22,SR Series,1,2007,7,NC,1,US,20230202,20230202,20070928,4,1,V,
839WX,1154,2130001,CIRRUS DESIGN CORP,SR22,SR Series,1,2004,7,TX,2,US,20230825,20041202,20041102,4,1,V,
83CC,1872,2130004,CIRRUS DESIGN CORP,SR22T,SR Series,1,2019,7,ND,C,US,20230915,20221124,20190218,4,1,V,
83CD,1301,2130000,CIRRUS DESIGN CORP,SR20,SR Series,1,2003,7,,,,20230407,20171219,20030311,4,1,V,
83CM,1690,2130004,CIRRUS DESIGN CORP,SR22T,SR Series,1,2017,1,OH,C,US,20230825,20230825,20171212,4,1,V,
83DS,0046,2130010,CIRRUS DESIGN CORP,SF50,Vision Jet,1,2018,7,TX,2,US,20230915,20230915,20180426,4,5,V,
83FL,11340,2130001,CIRRUS DESIGN CORP,SR22,SR Series,1,2026,7,MA,E,US,20260718,20260718,20260418,4,1,V,
83GV,11084,2130004,CIRRUS DESIGN CORP,SR22T,SR Series,1,,7,WY,S,US,20251217,20251217,,4,1,V,
83HB,9821,2130004,CIRRUS DESIGN CORP,SR22T,SR Series,1,2024,7,NC,1,US,20251219,20251219,20240307,4,1,V,
83MK,0198,2130010,CIRRUS DESIGN CORP,SF50,Vision Jet,1,2020,7,OH,C,US,20260219,20250116,20200401,4,5,V,
83MR,0022,2130010,CIRRUS DESIGN CORP,SF50,Vision Jet,1,2017,7,AL,7,US,20260626,20260312,20171023,4,5,V,
83MW,9351,2130001,CIRRUS DESIGN CORP,SR22,SR Series,1,2023,4,NC,1,US,20240513,20240513,20230726,4,1,V,
83UM,10452,2130004,CIRRUS DESIGN CORP,SR22T,SR Series,1,2025,7,,,,20250724,20250724,20250124,4,1,V,
83W,0418,2130010,CIRRUS DESIGN CORP,SF50,Vision Jet,1,2022,7,SC,7,US,20260202,20260202,20221227,4,5,V,
8402F,4608,2130001,CIRRUS DESIGN CORP,SR22,SR Series,1,2018,7,IL,C,US,20240608,20240608,20180301,4,1,V,
8402Q,4145,2130001,CIRRUS DESIGN CORP,SR22,SR Series,1,2014,7,TX,2,US,20250902,20190812,20141126,4,1,V,
840CD,1535,2130000,CIRRUS DESIGN CORP,SR20,SR Series,1,2005,3,DE,1,US,20240329,20240329,20050712,4,1,V,
840EF,2394,2130000,CIRRUS DESIGN CORP,SR20,SR Series,1,2018,8,AZ,4,US,20260724,20260722,20180108,4,1,V,
840MJ,0599,2130004,CIRRUS DESIGN CORP,SR22T,SR Series,1,2013,7,IN,C,US,20260205,20251028,20130912,4,1,V,
840VT,10871,2130004,CIRRUS DESIGN CORP,SR22T,SR Series,1,2025,7,,,,20251209,20251209,20250824,4,1,V,
840WC,2384,2130000,CIRRUS DESIGN CORP,SR20,SR Series,1,2017,7,DE,1,US,20230317,20200921,20171114,4,1,V,
8412F,10238,2130001,CIRRUS DESIGN CORP,SR22,SR Series,1,2024,7,DE,1,US,20241026,20241026,20241001,4,1,V,
841C,0409,2130001,CIRRUS DESIGN CORP,SR22,SR Series,1,,7,GA,7,US,20230410,20230410,20021203,4,1,V,
841CD,0336,2130001,CIRRUS DESIGN CORP,SR22,SR Series,1,,7,DE,1,US,20230322,20230322,20021020,4,1,V,
841EF,2395,2130000,CIRRUS DESIGN CORP,SR20,SR Series,1,2018,8,AZ,4,US,20260724,20260722,20180110,4,1,V,
841MT,11218,2130004,CIRRUS DESIGN CORP,SR22T,SR Series,1,2026,7,MT,S,US,20260425,20260425,20260215,4,1,V,
841T,1806,2130000,CIRRUS DESIGN CORP,SR20,SR Series,1,2007,7,FL,7,US,20230922,20221227,20070620,4,1,V,
841WM,10222,2130000,CIRRUS DESIGN CORP,SR20,SR Series,1,2024,5,MI,C,US,20241105,20241105,20240930,4,1,V,
8420G,10654,2130004,CIRRUS DESIGN CORP,SR22T,SR Series,1,2025,1,WA,S,US,20250617,20250617,20250504,4,1,V,
842CP,3110,2130001,CIRRUS DESIGN CORP,SR22,SR Series,1,,3,TN,3,US,20230428,20210316,,4,1,V,
842EF,2396,2130000,CIRRUS DESIGN CORP,SR20,SR Series,1,2018,8,AZ,4,US,20260724,20260722,20180116,4,1,V,
842HJ,2519,2130001,CIRRUS DESIGN CORP,SR22,SR Series,1,2007,7,TN,3,US,20230304,20070629,20070530,4,1,V,
842SF,2068,2130000,CIRRUS DESIGN CORP,SR20,SR Series,1,2010,7,AZ,4,US,20250217,20250217,20181213,4,1,V,
842VV,2282,2130004,CIRRUS DESIGN CORP,SR22T,SR Series,1,2021,3,NM,2,US,20260311,20260311,20210315,4,1,V,
842WT,4025,2130001,CIRRUS DESIGN CORP,SR22,SR Series,1,2013,7,CT,E,US,20230630,20230630,20131210,4,1,V,
843A,2196,2130001,CIRRUS DESIGN CORP,SR22,SR Series,1,2006,7,SC,7,US,20230122,20170503,20061013,4,1,V,
843CD,0160,2130001,CIRRUS DESIGN CORP,SR22,SR Series,1,2002,7,CA,4,US,20250205,20250205,20020221,4,1,V,
843DT,2034,2130004,CIRRUS DESIGN CORP,SR22T,SR Series,1,2019,7,WY,S,US,20251031,20251031,20191211,4,1,V,
843EF,2397,2130000,CIRRUS DESIGN CORP,SR20,SR Series,1,2018,8,AZ,4,US,20260724,20260722,20180118,4,1,V,
843KJ,10945,2130004,CIRRUS DESIGN CORP,SR22T,SR Series,1,2025,7,IN,C,US,20251104,20251104,20250921,4,1,V,
843MD,2445,2130004,CIRRUS DESIGN CORP,SR22T,SR Series,1,2021,7,SC,7,US,20230623,20211119,20211118,4,1,V,
844CD,0178,2130001,CIRRUS DESIGN CORP,SR22,SR Series,1,2002,7,MS,2,US,20230721,20071105,20020321,4,1,V,
844EF,2403,2130000,CIRRUS DESIGN CORP,SR20,SR Series,1,2018,8,AZ,4,US,20260727,20260722,20180131,4,1,V,
844W,3158,2130001,CIRRUS DESIGN CORP,SR22,SR Series,1,2008,4,MI,C,US,20250609,20250609,20080724,4,1,V,
845CD,0194,2130001,CIRRUS DESIGN CORP,SR22,SR Series,1,2002,1,GA,7,US,20230527,20230527,20020404,4,1,V,
845EA,8545,2130000,CIRRUS DESIGN CORP,SR20,SR Series,1,2022,7,VA,1,US,20251230,20251230,20250814,4,1,V,
845EF,2404,2130000,CIRRUS DESIGN CORP,SR20,SR Series,1,2018,8,AZ,4,US,20260727,20260722,20180205,4,1,V,
845J,1365,2130001,CIRRUS DESIGN CORP,SR22,SR Series,1,2005,1,OK,2,US,20250715,20150323,20050321,4,1,V,
845JR,0081,2130001,CIRRUS DESIGN CORP,SR22,SR Series,1,2001,3,OR,S,US,20230616,20211014,20010824,4,1,V,
845LP,1047,2130001,CIRRUS DESIGN CORP,SR22,SR Series,1,2004,7,GA,7,US,20240606,20240606,20040819,4,1,V,
845P,0466,2130001,CIRRUS DESIGN CORP,SR22,SR Series,1,2003,7,DE,1,US,20260424,20260424,20030227,4,1,V,
845S,10558,2130004,CIRRUS DESIGN CORP,SR22T,SR Series,1,2025,1,MI,C,US,20250516,20250516,20250315,4,1,V,
845XG,0505,2130001,CIRRUS DESIGN CORP,SR22,SR Series,1,,7,FL,7,US,20260716,20260716,,4,1,V,
846CD,0188,2130001,CIRRUS DESIGN CORP,SR22,SR Series,1,2002,3,OR,S,US,20241210,20240610,20020401,4,1,V,
846EC,0743,2130004,CIRRUS DESIGN CORP,SR22T,SR Series,1,2014,7,NC,1,US,20260222,20140421,20140319,4,1,V,
846EF,2405,2130000,CIRRUS DESIGN CORP,SR20,SR Series,1,2018,8,AZ,4,US,20260727,20260722,20180208,4,1,V,
846LP,2260,2130000,CIRRUS DESIGN CORP,SR20,SR Series,1,2014,3,MN,C,US,20230724,20230724,20140520,4,1,V,
846W,8831,2130004,CIRRUS DESIGN CORP,SR22T,SR Series,1,2022,7,MT,S,US,20260407,20260407,20220928,4,1,V,
847AH,10958,2130004,CIRRUS DESIGN CORP,SR22T,SR Series,1,2025,7,IL,C,US,20251206,20251206,20250930,4,1,V,
847C,1799,2130004,CIRRUS DESIGN CORP,SR22T,SR Series,1,2018,4,,,,20241220,20240214,20181002,4,1,V,
847CB,0738,2130010,CIRRUS DESIGN CORP,SF50,Vision Jet,1,2026,7,NV,4,US,20260425,20260425,20260213,4,5,V,
847CD,0335,2130001,CIRRUS DESIGN CORP,SR22,SR Series,1,2002,1,,,,20250701,20230624,20021019,4,1,V,
847EF,2406,2130000,CIRRUS DESIGN CORP,SR20,SR Series,1,2018,8,AZ,4,US,20260727,20260722,20180214,4,1,V,
847GG,1654,2130004,CIRRUS DESIGN CORP,SR22T,SR Series,1,2017,7,TN,3,US,20240701,,20171212,4,1,V,
847JG,4972,2130001,CIRRUS DESIGN CORP,SR22,SR Series,1,2020,7,AL,7,US,20230412,20230412,20201123,4,1,V,
847P,3926,2130001,CIRRUS DESIGN CORP,SR22,SR Series,1,2013,7,IL,C,US,20230728,20130425,20130327,4,1,V,
848AR,10149,2130004,CIRRUS DESIGN CORP,SR22T,SR Series,1,2024,7,AZ,4,US,20241001,20241001,20240815,4,1,V,
848B,11393,2130004,CIRRUS DESIGN CORP,SR22T,SR Series,1,2026,7,CA,4,US,20260807,20260807,20260510,4,1,V,
848BD,2677,2130001,CIRRUS DESIGN CORP,SR22,SR Series,1,2007,3,,8,AT,20241003,20240829,20241001,4,1,V,
848CB,2515,2130001,CIRRUS DESIGN CORP,SR22,SR Series,1,2007,3,CA,4,US,20230930,20230118,20070521,4,1,V,
848DD,2249,2130004,CIRRUS DESIGN CORP,SR22T,SR Series,1,2021,7,TX,2,US,20230505,20210426,20210125,4,1,V,
848DE,4159,2130001,CIRRUS DESIGN CORP,SR22,SR Series,1,2014,1,MO,3,US,20230811,20190626,20141223,4,1,V,
848EF,2407,2130000,CIRRUS DESIGN CORP,SR20,SR Series,1,2018,8,AZ,4,US,20260727,20260722,20180214,4,1,V,
848EM,0673,2130004,CIRRUS DESIGN CORP,SR22T,SR Series,1,2013,3,AZ,4,US,20260802,20260802,20131218,4,1,V,
848JB,9939,2130001,CIRRUS DESIGN CORP,SR22,SR Series,1,2024,7,NJ,1,US,20251103,20240702,20240512,4,1,V,
848M,2662,2130001,CIRRUS DESIGN CORP,SR22,SR Series,1,2007,7,AZ,4,US,20230909,20161027,20070829,4,1,V,
848MD,4528,2130001,CIRRUS DESIGN CORP,SR22,SR Series,1,2017,7,LA,2,US,20230603,20230603,20170911,4,1,V,
848ME,1823,2130001,CIRRUS DESIGN CORP,SR22,SR Series,1,2006,7,VA,1,US,20230811,20160614,20060220,4,1,V,
848PK,11236,2130004,CIRRUS DESIGN CORP,SR22T,SR Series,1,2026,7,AZ,4,US,20260509,20260509,20260305,4,1,V,
848PM,8855,2130004,CIRRUS DESIGN CORP,SR22T,SR Series,1,2022,7,TX,2,US,20250401,20250401,20221006,4,1,V,
848RS,0592,2130010,CIRRUS DESIGN CORP,SF50,Vision Jet,1,2024,7,FL,7,US,20251015,20241030,20241024,4,5,V,
848SC,2198,2130004,CIRRUS DESIGN CORP,SR22T,SR Series,1,2020,7,KS,3,US,20230421,20210208,20201119,4,1,V,
848SR,2836,2130001,CIRRUS DESIGN CORP,SR22,SR Series,1,2007,7,AZ,4,US,20260624,20260624,20071129,4,1,V,
848WT,0231,2130010,CIRRUS DESIGN CORP,SF50,Vision Jet,1,2020,7,MN,C,US,20230421,20210211,20201029,4,5,V,
849CM,11106,2130001,CIRRUS DESIGN CORP,SR22,SR Series,1,,7,DE,1,US,20251229,20251229,,4,1,V,
849EF,2412,2130000,CIRRUS DESIGN CORP,SR20,SR Series,1,2018,8,AZ,4,US,20260727,20260722,20180302,4,1,V,
849SW,1887,2130004,CIRRUS DESIGN CORP,SR22T,SR Series,1,2019,7,MT,S,US,20230728,20190430,20190319,4,1,V,
849UM,10731,2130004,CIRRUS DESIGN CORP,SR22T,SR Series,1,2025,3,UT,S,US,20251211,20251211,20250708,4,1,V,
849WM,2785,2130001,CIRRUS DESIGN CORP,SR22,SR Series,1,2007,3,FL,7,US,20250210,20170531,20071102,4,1,V,
84AD,1656,2130004,CIRRUS DESIGN CORP,SR22T,SR Series,1,2017,7,LA,2,US,20240813,20240813,20171120,4,1,V,
84CN,0295,2130010,CIRRUS DESIGN CORP,SF50,Vision Jet,1,2021,7,MT,S,US,20230825,20220820,20220215,4,5,V,
84DE,10449,2130004,CIRRUS DESIGN CORP,SR22T,SR Series,1,2025,1,IL,C,US,20250227,20250227,20250201,4,1,V,
84DS,8836,2130004,CIRRUS DESIGN CORP,SR22T,SR Series,1,2022,7,WI,C,US,20230218,20230218,20220923,4,1,V,
84FA,11407,2130004,CIRRUS DESIGN CORP,SR22T,SR Series,1,2026,8,MN,C,US,20260304,,20260515,4,1,M,
84HM,10118,2130001,CIRRUS DESIGN CORP,SR22,SR Series,1,2024,7,NC,1,US,20240906,20240906,20240728,4,1,V,
84MH,11327,2130000,CIRRUS DESIGN CORP,SR20,SR Series,1,2026,7,NY,1,US,20260423,20260423,20260415,4,1,V,
84MR,1118,2130000,CIRRUS DESIGN CORP,SR20,SR Series,1,2001,1,TN,3,US,20230811,20160615,20010127,4,1,V,
84NK,0841,2130010,CIRRUS DESIGN CORP,SF50,Vision Jet,1,,8,MN,C,US,20260807,,,4,5,M,
84PD,0231,2130001,CIRRUS DESIGN CORP,SR22,SR Series,1,2002,4,FL,7,US,20250116,20020927,20020603,4,1,V,
84PW,0302,2130001,CIRRUS DESIGN CORP,SR22,SR Series,1,2002,7,AL,7,US,20230122,20170531,20020815,4,1,V,
84RB,0929,2130004,CIRRUS DESIGN CORP,SR22T,SR Series,1,2014,7,TX,2,US,20231217,20200127,20141223,4,1,V,
84VJ,0816,2130010,CIRRUS DESIGN CORP,SF50,Vision Jet,1,,8,MN,C,US,20260515,,,4,5,M,
84WB,2695,2130000,CIRRUS DESIGN CORP,SR20,SR Series,1,2021,7,PA,1,US,20240107,20240107,20210331,4,1,V,
850EB,10334,2130001,CIRRUS DESIGN CORP,SR22,SR Series,1,2024,7,FL,7,US,20250122,20250122,20241117,4,1,V,
850EF,2413,2130000,CIRRUS DESIGN CORP,SR20,SR Series,1,2018,8,AZ,4,US,20260727,20260722,20180307,4,1,V,
850FF,10641,2130004,CIRRUS DESIGN CORP,SR22T,SR Series,1,2025,7,AZ,4,US,20250610,20250610,20250503,4,1,V,
850HL,9604,2130001,CIRRUS DESIGN CORP,SR22,SR Series,1,2023,4,FL,7,US,20240604,20240119,20231218,4,1,V,
8511,1023,2130001,CIRRUS DESIGN CORP,SR22,SR Series,1,2004,7,TN,3,US,20230407,20201217,20040729,4,1,V,
851CD,1493,2130001,CIRRUS DESIGN CORP,SR22,SR Series,1,2005,7,UT,S,US,20230718,20220226,20050620,4,1,V,
851DZ,8830,2130004,CIRRUS DESIGN CORP,SR22T,SR Series,1,2022,1,TX,2,US,20230218,20230218,20220925,4,1,V,
851EF,2416,2130000,CIRRUS DESIGN CORP,SR20,SR Series,1,2018,8,AZ,4,US,20260627,20260627,20180315,4,1,V,
851FW,2985,2130001,CIRRUS DESIGN CORP,SR22,SR Series,1,2008,3,AZ,4,US,20240131,20180612,20080401,4,1,V,
851JW,1477,2130001,CIRRUS DESIGN CORP,SR22,SR Series,1,2005,1,TX,2,US,20260710,,20050613,4,1,R,
851SF,8744,2130000,CIRRUS DESIGN CORP,SR20,SR Series,1,2022,7,LA,2,US,20230128,20230128,20220630,4,1,V,
851ST,1706,2130000,CIRRUS DESIGN CORP,SR20,SR Series,1,2006,5,MI,C,US,20230512,20200415,20060811,4,1,V,
852CD,0219,2130001,CIRRUS DESIGN CORP,SR22,SR Series,1,2002,1,AR,2,US,20230222,20230128,20020510,4,1,V,
852EF,2417,2130000,CIRRUS DESIGN CORP,SR20,SR Series,1,2018,8,AZ,4,US,20260727,20260722,20180313,4,1,V,
852EW,0320,2130001,CIRRUS DESIGN CORP,SR22,SR Series,1,2002,7,CO,S,US,20230930,20170124,20020824,4,1,V,
852KS,2786,2130000,CIRRUS DESIGN CORP,SR20,SR Series,1,2021,5,KS,3,US,20230804,20220510,20211210,4,1,V,
852MM,0916,2130004,CIRRUS DESIGN CORP,SR22T,SR Series,1,2014,7,DE,1,US,20230407,20141216,20141117,4,1,V,
852RC,0849,2130010,CIRRUS DESIGN CORP,SF50,Vision Jet,1,,8,MN,C,US,20260717,,,4,5,M,
852TW,9147,2130001,CIRRUS DESIGN CORP,SR22,SR Series,1,2023,7,DE,1,US,20241212,20241212,20230328,4,1,V,
852WM,10223,2130000,CIRRUS DESIGN CORP,SR20,SR Series,1,2024,5,MI,C,US,20241105,20241105,20240926,4,1,V,
853CF,8539,2130001,CIRRUS DESIGN CORP,SR22,SR Series,1,2022,7,TN,3,US,20260219,20260219,20220303,4,1,V,
853CM,0982,2130001,CIRRUS DESIGN CORP,SR22,SR Series,1,2004,1,FL,7,US,20230922,20101214,20040621,4,1,V,
853DB,1620,2130000,CIRRUS DESIGN CORP,SR20,SR Series,1,2006,3,IA,3,US,20251009,20251009,20060215,4,1,V,
853EF,2429,2130000,CIRRUS DESIGN CORP,SR20,SR Series,1,2018,8,AZ,4,US,20260727,20260720,20180403,4,1,V,
853JM,4253,2130001,CIRRUS DESIGN CORP,SR22,SR Series,1,2015,7,MS,2,US,20230623,20151105,20151005,4,1,V,
853KS,8746,2130000,CIRRUS DESIGN CORP,SR20,SR Series,1,2022,5,KS,3,US,20230213,20230127,20220722,4,1,V,
853LB,1449,2130000,CIRRUS DESIGN CORP,SR20,SR Series,1,2004,7,IL,C,US,20230428,20210323,20040816,4,1,V,
854BC,3220,2130001,CIRRUS DESIGN CORP,SR22,SR Series,1,2008,7,WY,S,US,20230811,20220613,20080822,4,1,V,
854EF,2430,2130000,CIRRUS DESIGN CORP,SR20,SR Series,1,2018,8,AZ,4,US,20260727,20260722,20180403,4,1,V,
854KS,8747,2130000,CIRRUS DESIGN CORP,SR20,SR Series,1,2022,5,KS,3,US,20230213,20230127,20220728,4,1,V,
854SD,2247,2130004,CIRRUS DESIGN CORP,SR22T,SR Series,1,2021,7,CA,4,US,20230505,20210405,20210121,4,1,V,
854SR,2670,2130001,CIRRUS DESIGN CORP,SR22,SR Series,1,2007,3,TX,2,US,20230204,20230204,20070831,4,1,V,
8554R,0874,2130001,CIRRUS DESIGN CORP,SR22,SR Series,1,2004,1,AZ,4,US,20230915,20221108,20040407,4,1,V,
855CM,2716,2130000,CIRRUS DESIGN CORP,SR20,SR Series,1,2021,3,LA,2,US,20230526,20210730,20210504,4,1,V,
855EF,2433,2130000,CIRRUS DESIGN CORP,SR20,SR Series,1,2018,8,AZ,4,US,20260727,20260722,20180417,4,1,V,
855KS,8748,2130000,CIRRUS DESIGN CORP,SR20,SR Series,1,2022,5,KS,3,US,20230213,20230127,20220727,4,1,V,
855TA,1536,2130001,CIRRUS DESIGN CORP,SR22,SR Series,1,2005,7,OK,2,US,20241116,20241116,20050728,4,1,V,
855TX,0632,2130010,CIRRUS DESIGN CORP,SF50,Vision Jet,1,2025,3,IN,C,US,20250428,20250428,20250305,4,5,V,
856EF,2434,2130000,CIRRUS DESIGN CORP,SR20,SR Series,1,2018,8,AZ,4,US,20260727,20260722,20180416,4,1,V,
856KS,8749,2130000,CIRRUS DESIGN CORP,SR20,SR Series,1,2022,5,KS,3,US,20230213,20230127,20220729,4,1,V,
856SR,2834,2130001,CIRRUS DESIGN CORP,SR22,SR Series,1,2007,7,TX,2,US,20230127,20230127,20071207,4,1,V,
856UM,0683,2130010,CIRRUS DESIGN CORP,SF50,Vision Jet,1,2025,3,FL,7,US,20260219,20251216,20250820,4,5,V,
857CD,0271,2130001,CIRRUS DESIGN CORP,SR22,SR Series,1,2002,4,AZ,4,US,20240605,20030522,20020718,4,1,V,
858AF,0103,2130010,CIRRUS DESIGN CORP,SF50,Vision Jet,1,2019,7,MA,E,US,20250128,20250128,20190214,4,5,V,
858BS,2035,2130001,CIRRUS DESIGN CORP,SR22,SR Series,1,2006,7,KY,3,US,20251220,20251220,20060705,4,1,V,
858CA,10200,2130001,CIRRUS DESIGN CORP,SR22,SR Series,1,2024,7,ND,C,US,20241008,20241008,20240914,4,1,V,
858DA,2766,2130000,CIRRUS DESIGN CORP,SR20,SR Series,1,2021,7,SC,7,US,20260702,20220125,20210928,4,1,V,
858HP,1968,2130001,CIRRUS DESIGN CORP,SR22,SR Series,1,,7,CA,4,US,20231214,20230906,20060524,4,1,V,
858MC,9263,2130001,CIRRUS DESIGN CORP,SR22,SR Series,1,2023,7,FL,7,US,20250124,20250124,20230526,4,1,V,
858PG,2095,2130004,CIRRUS DESIGN CORP,SR22T,SR Series,1,2020,7,CO,S,US,20230122,20200601,20200319,4,1,V,
858RC,2939,2130001,CIRRUS DESIGN CORP,SR22,SR Series,1,,1,TX,2,US,20230815,20230420,20080206,4,1,V,
858SD,1633,2130000,CIRRUS DESIGN CORP,SR20,SR Series,1,2006,4,OH,C,US,20260115,20260115,20060321,4,1,V,
858TL,0232,2130004,CIRRUS DESIGN CORP,SR22T,SR Series,1,2011,7,IN,C,US,20230324,20201026,20111111,4,1,V,
858TN,1858,2130004,CIRRUS DESIGN CORP,SR22T,SR Series,1,,7,CO,S,US,20250108,20250108,20190122,4,1,V,
858TW,4553,2130001,CIRRUS DESIGN CORP,SR22,SR Series,1,2017,7,MI,C,US,20240105,20171025,20170920,4,1,V,
858ZG,1956,2130004,CIRRUS DESIGN CORP,SR22T,SR Series,1,2019,7,CO,S,US,20230512,20210504,20190118,4,1,V,
859A,11287,2130000,CIRRUS DESIGN CORP,SR20,SR Series,1,2026,7,PA,1,US,20260807,20260807,20260321,4,1,V,
859AV,11551,2130000,CIRRUS DESIGN CORP,SR20,SR Series,1,,8,MN,C,US,20260612,,,4,1,M,
859BT,11286,2130000,CIRRUS DESIGN CORP,SR20,SR Series,1,2026,7,KY,3,US,20260612,20260612,20260321,4,1,V,
859J,1996,2130001,CIRRUS DESIGN CORP,SR22,SR Series,1,2006,7,KY,3,US,20230526,20210722,20060605,4,1,V,
859SR,2835,2130001,CIRRUS DESIGN CORP,SR22,SR Series,1,2007,7,IN,C,US,20250103,20250103,20071206,4,1,V,
859WE,9894,2130000,CIRRUS DESIGN CORP,SR20,SR Series,1,2024,7,KY,3,US,20240528,20240528,20240430,4,1,V,
859ZA,0713,2130010,CIRRUS DESIGN CORP,SF50,Vision Jet,1,2025,7,KY,3,US,20251230,20251230,20251119,4,5,V,
85AH,0044,2130010,CIRRUS DESIGN CORP,SF50,Vision Jet,1,2018,7,FL,7,US,20230804,20220523,20180414,4,5,V,
85BE,2423,2130004,CIRRUS DESIGN CORP,SR22T,SR Series,1,2021,7,GA,7,US,20230718,20220222,20211026,4,1,V,
85BT,10248,2130004,CIRRUS DESIGN CORP,SR22T,SR Series,1,2024,8,CA,4,US,20250522,20250522,20241011,4,1,V,
85DA,1085,2130001,CIRRUS DESIGN CORP,SR22,SR Series,1,2004,7,DE,1,US,20230526,20180727,20040914,4,1,V,
85DP,11339,2130004,CIRRUS DESIGN CORP,SR22T,SR Series,1,2026,7,WI,C,US,20260711,20260711,20260420,4,1,V,
85EM,1756,2130004,CIRRUS DESIGN CORP,SR22T,SR Series,1,2018,7,CO,S,US,20230610,20180911,20180719,4,1,V,
85MM,1913,2130004,CIRRUS DESIGN CORP,SR22T,SR Series,1,2019,7,MA,E,US,20230318,20230318,20190507,4,1,V,
85PS,9276,2130004,CIRRUS DESIGN CORP,SR22T,SR Series,1,2023,7,TN,3,US,20260318,20260318,20230524,4,1,V,
85VV,0317,2130004,CIRRUS DESIGN CORP,SR22T,SR Series,1,2012,7,IL,C,US,20230310,20200831,20120517,4,1,V,
85WB,2294,2130001,CIRRUS DESIGN CORP,SR22,SR Series,1,2006,7,CT,E,US,20230930,20170130,20061220,4,1,V,
85WC,1464,2130004,CIRRUS DESIGN CORP,SR22T,SR Series,1,2016,7,MT,S,US,20250622,20250622,20161205,4,1,V,
85WF,1384,2130001,CIRRUS DESIGN CORP,SR22,SR Series,1,2005,7,TN,3,US,20231020,20140410,20050412,4,1,V,
860P,1149,2130000,CIRRUS DESIGN CORP,SR20,SR Series,1,2001,3,SC,7,US,20230706,20200801,20010930,4,1,V,
8613A,1344,2130001,CIRRUS DESIGN CORP,SR22,SR Series,1,2005,7,CA,4,US,20240725,20240217,20050303,4,1,V,
8619,11590,2130000,CIRRUS DESIGN CORP,SR20,SR Series,1,,8,MN,C,US,20260612,,,4,1,M,
861DM,1796,2130000,CIRRUS DESIGN CORP,SR20,SR Series,1,2007,7,IN,C,US,20250226,20250226,20070326,4,1,V,
861F,2070,2130004,CIRRUS DESIGN CORP,SR22T,SR Series,1,2020,1,CA,4,US,20251123,20251123,20200211,4,1,V,
861MS,1988,2130001,CIRRUS DESIGN CORP,SR22,SR Series,1,2006,4,FL,7,US,20250821,20250821,20060601,4,1,V,
861PG,0557,2130010,CIRRUS DESIGN CORP,SF50,Vision Jet,1,2024,7,DE,1,US,20250415,20240703,20240606,4,5,V,
861SH,1658,2130000,CIRRUS DESIGN CORP,SR20,SR Series,1,2005,7,MI,C,US,20250217,20250217,20060522,4,1,V,
861TZ,0877,2130001,CIRRUS DESIGN CORP,SR22,SR Series,1,2004,7,WI,C,US,20240506,20240506,20040412,4,1,V,
862CD,0572,2130001,CIRRUS DESIGN CORP,SR22,SR Series,1,2003,7,TN,3,US,20230721,20160302,20030605,4,1,V,
862DP,2343,2130000,CIRRUS DESIGN CORP,SR20,SR Series,1,2017,7,TN,3,US,20230818,20220723,20170215,4,1,V,
862GM,3408,2130001,CIRRUS DESIGN CORP,SR22,SR Series,1,2009,7,VA,1,US,20230512,20210513,20090331,4,1,V,
862JM,0495,2130010,CIRRUS DESIGN CORP,SF50,Vision Jet,1,2023,7,CO,S,US,20231221,20231221,20231103,4,5,V,
862N,9468,2130004,CIRRUS DESIGN CORP,SR22T,SR Series,1,2023,7,NV,4,US,20250315,20240918,20231012,4,1,V,
862PH,3602,2130001,CIRRUS DESIGN CORP,SR22,SR Series,1,2010,3,DE,1,US,20230310,20200811,20100122,4,1,V,
862RJ,1192,2130004,CIRRUS DESIGN CORP,SR22T,SR Series,1,2015,7,CA,4,US,20231026,20231026,20151123,4,1,V,
862TM,11578,2130001,CIRRUS DESIGN CORP,SR22,SR Series,1,,8,MN,C,US,20260706,,,4,1,M,
863CD,1701,2130001,CIRRUS DESIGN CORP,SR22,SR Series,1,2005,1,PA,1,US,20230505,20180423,20051128,4,1,V,
863CF,0191,2130001,CIRRUS DESIGN CORP,SR22,SR Series,1,2002,7,UT,S,US,20260715,20260715,20020403,4,1,V,
863MM,9767,2130001,CIRRUS DESIGN CORP,SR22,SR Series,1,2024,7,IN,C,US,20250320,20250320,20240124,4,1,V,
864CD,1221,2130000,CIRRUS DESIGN CORP,SR20,SR Series,1,,3,OK,2,US,20230317,20110901,,4,1,V,
864JC,0436,2130004,CIRRUS DESIGN CORP,SR22T,SR Series,1,2012,7,IN,C,US,20230304,20140711,20121226,4,1,V,
864MA,0760,2130010,CIRRUS DESIGN CORP,SF50,Vision Jet,1,2026,1,TX,2,US,20260427,20260427,20260415,4,5,V,
864PW,2024,2130001,CIRRUS DESIGN CORP,SR22,SR Series,1,2006,7,TX,2,US,20251009,20251009,20060626,4,1,V,
864SR,2828,2130001,CIRRUS DESIGN CORP,SR22,SR Series,1,2007,7,MT,S,US,20231129,20231129,20071127,4,1,V,
864TA,1545,2130004,CIRRUS DESIGN CORP,SR22T,SR Series,1,2017,7,WY,S,US,20230401,20201121,20170518,4,1,V,
864WT,9566,2130004,CIRRUS DESIGN CORP,SR22T,SR Series,1,2023,7,DE,1,US,20240109,20240109,20231128,4,1,V,
864X,10523,2130004,CIRRUS DESIGN CORP,SR22T,SR Series,1,2025,7,DE,1,US,20250326,20250326,20250309,4,1,V,
865AN,11337,2130004,CIRRUS DESIGN CORP,SR22T,SR Series,1,2026,8,MN,C,US,20260203,,20260503,4,1,M,
865CD,1586,2130000,CIRRUS DESIGN CORP,SR20,SR Series,1,2005,4,ME,E,US,20230407,20080603,20051108,4,1,V,
865CF,8540,2130001,CIRRUS DESIGN CORP,SR22,SR Series,1,2022,7,DE,1,US,20260529,20260529,20220228,4,1,V,
865CV,0739,2130010,CIRRUS DESIGN CORP,SF50,Vision Jet,1,2026,7,DE,1,US,20260217,20260217,20260213,4,5,V,
865EK,0094,2130010,CIRRUS DESIGN CORP,SF50,Vision Jet,1,2019,7,TN,3,US,20231201,20230325,20190109,4,5,V,
865EW,0303,2130010,CIRRUS DESIGN CORP,SF50,Vision Jet,1,2021,3,TN,3,US,20240516,20220305,20211023,4,5,V,
865FC,2233,2130000,CIRRUS DESIGN CORP,SR20,SR Series,1,2013,8,TN,3,US,20260625,20220127,20130710,4,1,V,
865KA,4543,2130001,CIRRUS DESIGN CORP,SR22,SR Series,1,2017,4,FL,7,US,20230401,20171114,20171017,4,1,V,
865KB,9754,2130004,CIRRUS DESIGN CORP,SR22T,SR Series,1,2023,7,DE,1,US,20260204,20260204,20231013,4,1,V,
865KM,4920,2130001,CIRRUS DESIGN CORP,SR22,SR Series,1,2020,7,TN,3,US,20230310,20200831,20200629,4,1,V,
865MB,0655,2130004,CIRRUS DESIGN CORP,SR22T,SR Series,1,2013,3,IL,C,US,20241016,20140624,20131127,4,1,V,
865MM,5017,2130001,CIRRUS DESIGN CORP,SR22,SR Series,1,2021,7,OH,C,US,20260502,20260502,20210317,4,1,V,
865SR,1003,2130004,CIRRUS DESIGN CORP,SR22T,SR Series,1,2015,7,CA,4,US,20240711,20161207,20150317,4,1,V,
865SS,4593,2130001,CIRRUS DESIGN CORP,SR22,SR Series,1,2018,3,TN,3,US,20260522,20180514,20180102,4,1,V,
865TL,9637,2130004,CIRRUS DESIGN CORP,SR22T,SR Series,1,2023,7,FL,7,US,20240531,20240531,20231223,4,1,V,
865WB,2035,2130004,CIRRUS DESIGN CORP,SR22T,SR Series,1,2019,7,TN,3,US,20250529,20240124,20191211,4,1,V,
865WM,9216,2130004,CIRRUS DESIGN CORP,SR22T,SR Series,1,2023,7,MT,S,US,20250605,20250605,20230504,4,1,V,
866AD,0571,2130004,CIRRUS DESIGN CORP,SR22T,SR Series,1,2013,7,TX,2,US,20260525,20200619,20130806,4,1,V,
866C,0397,2130001,CIRRUS DESIGN CORP,SR22,SR Series,1,2002,3,DE,1,US,20230407,20171208,20021122,4,1,V,
866CD,1235,2130000,CIRRUS DESIGN CORP,SR20,SR Series,1,2002,7,MO,3,US,20240304,20240304,20020911,4,1,V,
866GE,11021,2130001,CIRRUS DESIGN CORP,SR22,SR Series,1,2025,7,WY,S,US,20251126,20251126,20251104,4,1,V,
867CA,0600,2130010,CIRRUS DESIGN CORP,SF50,Vision Jet,1,2024,7,OH,C,US,20250315,20241129,20241120,4,5,V,
867CD,0195,2130001,CIRRUS DESIGN CORP,SR22,SR Series,1,2002,7,MT,S,US,20230122,20170601,20020419,4,1,V,
867CS,0405,2130004,CIRRUS DESIGN CORP,SR22T,SR Series,1,2012,7,LA,2,US,20230623,20121115,20121102,4,1,V,
867RG,3376,2130001,CIRRUS DESIGN CORP,SR22,SR Series,1,2009,7,DE,1,US,20260108,20230131,20230208,4,1,V,
867RM,10790,2130004,CIRRUS DESIGN CORP,SR22T,SR Series,1,2025,7,CA,4,US,20250901,20250901,20250716,4,1,V,
868BR,1779,2130004,CIRRUS DESIGN CORP,SR22T,SR Series,1,2018,7,CA,4,US,20260117,20260117,20180828,4,1,V,
868CD,0245,2130001,CIRRUS DESIGN CORP,SR22,SR Series,1,2002,3,CA,4,US,20230525,20230525,20170902,4,1,V,
868CK,3412,2130001,CIRRUS DESIGN CORP,SR22,SR Series,1,2009,3,NM,2,US,20230623,20181109,20090327,4,1,V,
868LE,1813,2130004,CIRRUS DESIGN CORP,SR22T,SR Series,1,2018,7,WI,C,US,20251024,20251024,20181024,4,1,V,
868M,2276,2130004,CIRRUS DESIGN CORP,SR22T,SR Series,1,2021,1,CA,4,US,20251027,20251027,20210304,4,1,V,
868SR,2860,2130001,CIRRUS DESIGN CORP,SR22,SR Series,1,2007,1,CO,S,US,20241031,20241002,20071220,4,1,V,
868TW,3060,2130001,CIRRUS DESIGN CORP,SR22,SR Series,1,2008,7,AR,2,US,20230421,20210204,20080615,4,1,V,
869DK,0264,2130010,CIRRUS DESIGN CORP,SF50,Vision Jet,1,2021,3,WY,S,US,20260130,20260130,20210504,4,5,V,
869JB,2910,2130001,CIRRUS DESIGN CORP,SR22,SR Series,1,2008,7,OK,2,US,20230610,20180906,20080110,4,1,V,
869MP,1895,2130001,CIRRUS DESIGN CORP,SR22,SR Series,1,2006,3,FL,7,US,20231203,20231203,20060411,4,1,V,
869RH,10155,2130004,CIRRUS DESIGN CORP,SR22T,SR Series,1,2024,7,GA,7,US,20241001,20241001,20240826,4,1,V,
869SF,11382,2130001,CIRRUS DESIGN CORP,SR22,SR Series,1,2026,7,NJ,1,US,20260805,20260805,20260509,4,1,V,
869SM,2596,2130001,CIRRUS DESIGN CORP,SR22,SR Series,1,2007,7,UT,S,US,20230623,20211119,20070719,4,1,V,
869TF,9454,2130004,CIRRUS DESIGN CORP,SR22T,SR Series,1,2023,7,TN,3,US,20231102,20231031,20230927,4,1,V,
869WM,10252,2130000,CIRRUS DESIGN CORP,SR20,SR Series,1,2024,5,MI,C,US,20241217,20241217,20241014,4,1,V,
86AH,3754,2130001,CIRRUS DESIGN CORP,SR22,SR Series,1,2011,7,FL,7,US,20230122,20110517,20110415,4,1,V,
86AR,9758,2130004,CIRRUS DESIGN CORP,SR22T,SR Series,1,2024,7,NY,1,US,20240214,20240214,20240619,4,1,V,
86AS,0019,2130004,CIRRUS DESIGN CORP,SR22T,SR Series,1,2010,3,DE,1,US,20230811,20190611,20100813,4,1,V,
86BA,10874,2130004,CIRRUS DESIGN CORP,SR22T,SR Series,1,2025,7,MA,E,US,20251026,20251026,20250823,4,1,V,
86CP,0319,2130010,CIRRUS DESIGN CORP,SF50,Vision Jet,1,2021,7,UT,S,US,20230811,20220615,20211204,4,5,V,
86DV,10843,2130004,CIRRUS DESIGN CORP,SR22T,SR Series,1,2025,1,FL,7,US,20250922,20250922,20250813,4,1,V,
86EW,5013,2130001,CIRRUS DESIGN CORP,SR22,SR Series,1,2021,7,MA,E,US,20230519,20210601,20210306,4,1,V,
86GE,2947,2130001,CIRRUS DESIGN CORP,SR22,SR Series,1,2008,7,TX,2,US,20230722,20220329,20080306,4,1,V,
86JK,0525,2130001,CIRRUS DESIGN CORP,SR22,SR Series,1,2003,4,OH,C,US,20230324,20171012,20030423,4,1,V,
86MJ,3711,2130001,CIRRUS DESIGN CORP,SR22,SR Series,1,2010,8,MN,C,US,20240613,20240613,20101220,4,1,V,
86NX,0236,2130001,CIRRUS DESIGN CORP,SR22,SR Series,1,2002,4,MA,E,US,20230930,20200117,20020607,4,1,V,
86PZ,9353,2130000,CIRRUS DESIGN CORP,SR20,SR Series,1,2023,7,AR,2,US,20231018,20231018,20230726,4,1,V,
86WB,1173,2130001,CIRRUS DESIGN CORP,SR22,SR Series,1,2004,1,LA,2,US,20230421,20060825,20041111,4,1,V,
870CD,0305,2130001,CIRRUS DESIGN CORP,SR22,SR Series,1,2002,7,CO,S,US,20230718,20031206,20020816,4,1,V,
870CH,10009,2130001,CIRRUS DESIGN CORP,SR22,SR Series,1,2024,7,LA,2,US,20241021,20241021,20240606,4,1,V,
870CV,5000,2130001,CIRRUS DESIGN CORP,SR22,SR Series,1,2021,7,FL,7,US,20250113,20250113,20230519,4,1,V,
870FV,10087,2130004,CIRRUS DESIGN CORP,SR22T,SR Series,1,2024,3,UT,S,US,20241217,20241217,20240728,4,1,V,
870WP,1380,2130004,CIRRUS DESIGN CORP,SR22T,SR Series,1,2016,1,NM,2,US,20241121,20241121,20160627,4,1,V,
871CD,1207,2130000,CIRRUS DESIGN CORP,SR20,SR Series,1,2002,7,NC,1,US,20230922,20221205,20020530,4,1,V,
871DL,2478,2130004,CIRRUS DESIGN CORP,SR22T,SR Series,1,2021,1,,,,20230804,20220518,20211223,4,1,V,
871G,9455,2130000,CIRRUS DESIGN CORP,SR20,SR Series,1,2023,7,IN,C,US,20260305,,20230920,4,1,23,
871JK,9350,2130001,CIRRUS DESIGN CORP,SR22,SR Series,1,2023,4,IL,C,US,20230920,20230920,20230727,4,1,V,
872CD,0364,2130001,CIRRUS DESIGN CORP,SR22,SR Series,1,,7,CA,4,US,20230922,20221226,20021112,4,1,V,
872CP,4204,2130001,CIRRUS DESIGN CORP,SR22,SR Series,1,2015,1,FL,7,US,20230623,20181128,20150601,4,1,V,
872SR,2780,2130001,CIRRUS DESIGN CORP,SR22,SR Series,1,2007,3,TX,2,US,20230902,20130904,20071106,4,1,V,
872WT,2252,2130000,CIRRUS DESIGN CORP,SR20,SR Series,1,2014,7,AZ,4,US,20240307,20240305,20140424,4,1,V,
873CD,1229,2130000,CIRRUS DESIGN CORP,SR20,SR Series,1,2002,3,WY,S,US,20260219,20260219,20020726,4,1,V,
873CK,8738,2130000,CIRRUS DESIGN CORP,SR20,SR Series,1,2022,7,FL,7,US,20230605,20230605,20220722,4,1,V,
873MM,9532,2130004,CIRRUS DESIGN CORP,SR22T,SR Series,1,2023,3,NV,4,US,20231211,20231211,20231104,4,1,V,
873SR,1873,2130000,CIRRUS DESIGN CORP,SR20,SR Series,1,2007,1,NC,1,US,20230907,20230905,20071017,4,1,V,
873WT,2472,2130000,CIRRUS DESIGN CORP,SR20,SR Series,1,2019,7,NY,1,US,20260113,20260113,20190220,4,1,V,
874BH,4260,2130001,CIRRUS DESIGN CORP,SR22,SR Series,1,2015,7,MO,3,US,20231212,20231212,20151015,4,1,V,
874CD,0285,2130001,CIRRUS DESIGN CORP,SR22,SR Series,1,,7,FL,7,US,20231020,20200406,20020730,4,1,V,
874CP,4713,2130001,CIRRUS DESIGN CORP,SR22,SR Series,1,2018,7,TN,3,US,20250217,20250217,20181023,4,1,V,
874DC,8804,2130004,CIRRUS DESIGN CORP,SR22T,SR Series,1,2022,7,IN,C,US,20230215,20230215,20220824,4,1,V,
874T,2020,2130000,CIRRUS DESIGN CORP,SR20,SR Series,1,2009,7,MD,1,US,20231020,20090526,20090508,4,1,V,
874WB,2424,2130001,CIRRUS DESIGN CORP,SR22,SR Series,1,2007,7,GA,7,US,20260331,20260331,20070327,4,1,V,
875DJ,2388,2130000,CIRRUS DESIGN CORP,SR20,SR Series,1,2017,7,PA,1,US,20251119,20251119,20171204,4,1,V,
875JT,2305,2130004,CIRRUS DESIGN CORP,SR22T,SR Series,1,2021,7,UT,S,US,20230701,20211209,20210331,4,1,V,
875SB,2720,2130000,CIRRUS DESIGN CORP,SR20,SR Series,1,2021,7,FL,7,US,20230519,20210609,20210329,4,1,V,
8765T,2582,2130001,CIRRUS DESIGN CORP,SR22,SR Series,1,2007,7,OK,2,US,20231011,20230925,20070626,4,1,V,
8765V,3145,2130001,CIRRUS DESIGN CORP,SR22,SR Series,1,,3,AR,2,US,20230317,20140912,,4,1,V,
8765W,1826,2130000,CIRRUS DESIGN CORP,SR20,SR Series,1,2007,3,PA,1,US,20230122,20170517,20070730,4,1,V,
876AA,4898,2130001,CIRRUS DESIGN CORP,SR22,SR Series,1,2020,4,TX,2,US,20230122,20200427,20200318,4,1,V,
876AH,9135,2130004,CIRRUS DESIGN CORP,SR22T,SR Series,1,2023,7,IL,C,US,20230713,20230713,20230330,4,1,V,
876CP,3271,2130001,CIRRUS DESIGN CORP,SR22,SR Series,1,2008,7,SC,7,US,20230317,20200904,20080918,4,1,V,
876DY,1528,2130004,CIRRUS DESIGN CORP,SR22T,SR Series,1,2017,7,MO,3,US,20230122,20170505,20170418,4,1,V,
876FM,0446,2130004,CIRRUS DESIGN CORP,SR22T,SR Series,1,2013,7,IN,C,US,20251022,20251022,20130214,4,1,V,
876RC,9334,2130004,CIRRUS DESIGN CORP,SR22T,SR Series,1,2023,7,FL,7,US,20260710,20260519,20230712,4,1,V,
876TM,0641,2130010,CIRRUS DESIGN CORP,SF50,Vision Jet,1,2025,7,FL,7,US,20251230,20250411,20250410,4,5,V,
8777X,1011,2130001,CIRRUS DESIGN CORP,SR22,SR Series,1,2004,7,KS,3,US,20230818,20190711,20040712,4,1,V,
877AC,1329,2130004,CIRRUS DESIGN CORP,SR22T,SR Series,1,2016,7,TX,2,US,20251213,20251213,20160505,4,1,V,
877AG,0372,2130004,CIRRUS DESIGN CORP,SR22T,SR Series,1,2012,1,WA,S,US,20230825,20220829,20120829,4,1,V,
877C,0445,2130001,CIRRUS DESIGN CORP,SR22,SR Series,1,2003,3,NV,4,US,20250429,20250130,20030106,4,1,V,
877CC,10982,2130004,CIRRUS DESIGN CORP,SR22T,SR Series,1,2025,3,,8,AT,20251125,20251113,20251024,4,1,V,
877CD,0327,2130001,CIRRUS DESIGN CORP,SR22,SR Series,1,2002,7,TX,2,US,20240119,20240119,20020830,4,1,V,
877CP,3535,2130001,CIRRUS DESIGN CORP,SR22,SR Series,1,2010,7,WY,S,US,20260521,20240716,20100113,4,1,V,
877EM,1217,2130004,CIRRUS DESIGN CORP,SR22T,SR Series,1,2015,7,UT,S,US,20230122,20200128,20151221,4,1,V,
877GW,1908,2130001,CIRRUS DESIGN CORP,SR22,SR Series,1,2006,1,CA,4,US,20230930,20140116,20060419,4,1,V,
877LE,10660,2130004,CIRRUS DESIGN CORP,SR22T,SR Series,1,2025,7,GA,7,US,20250710,20250710,20250510,4,1,V,
877MS,0629,2130004,CIRRUS DESIGN CORP,SR22T,SR Series,1,2013,7,WA,S,US,20230707,20190103,20131021,4,1,V,
877PR,11588,2130001,CIRRUS DESIGN CORP,SR22,SR Series,1,,8,MN,C,US,20260625,,,4,1,M,
877WM,10253,2130000,CIRRUS DESIGN CORP,SR20,SR Series,1,2024,5,MI,C,US,20241217,20241217,20241010,4,1,V,
8787Y,1589,2130001,CIRRUS DESIGN CORP,SR22,SR Series,1,2005,7,OR,S,US,20230707,20220108,20050901,4,1,V,
878CF,2398,2130004,CIRRUS DESIGN CORP,SR22T,SR Series,1,2021,7,FL,7,US,20250528,20240618,20210916,4,1,V,
878DT,0947,2130004,CIRRUS DESIGN CORP,SR22T,SR Series,1,2014,1,KS,3,US,20241212,20241212,20141222,4,1,V,
878EA,1808,2130000,CIRRUS DESIGN CORP,SR20,SR Series,1,2007,7,CA,4,US,20230317,20170927,20070622,4,1,V,
878GR,2467,2130000,CIRRUS DESIGN CORP,SR20,SR Series,1,2018,4,NH,E,US,20231231,20231231,20181210,4,1,V,
878P,1488,2130001,CIRRUS DESIGN CORP,SR22,SR Series,1,2005,3,OK,2,US,20230901,20150824,20050621,4,1,V,
878PC,3249,2130001,CIRRUS DESIGN CORP,SR22,SR Series,1,2008,7,NV,4,US,20231228,20231228,20080909,4,1,V,
878RK,0699,2130010,CIRRUS DESIGN CORP,SF50,Vision Jet,1,2025,7,SC,7,US,20251214,20251214,20251002,4,5,V,
878SK,9348,2130004,CIRRUS DESIGN CORP,SR22T,SR Series,1,2023,7,VA,1,US,20260109,20260109,20230721,4,1,V,
878VM,0551,2130001,CIRRUS DESIGN CORP,SR22,SR Series,1,2003,1,PA,1,US,20231013,20110311,20030606,4,1,V,
879CD,0292,2130001,CIRRUS DESIGN CORP,SR22,SR Series,1,2002,7,DE,1,US,20230122,20060503,20020813,4,1,V,
879SR,2850,2130001,CIRRUS DESIGN CORP,SR22,SR Series,1,2007,7,MI,C,US,20251021,20251021,20100826,4,1,V,
87AB,11485,2130004,CIRRUS DESIGN CORP,SR22T,SR Series,1,,8,MN,C,US,20260330,,,4,1,M,
87AD,11650,2130000,CIRRUS DESIGN CORP,SR20,SR Series,1,,8,MN,C,US,20260629,,,4,1,M,
87AQ,1531,2130004,CIRRUS DESIGN CORP,SR22T,SR Series,1,2017,7,GA,7,US,20250702,20250702,20170502,4,1,V,
87BL,3695,2130001,CIRRUS DESIGN CORP,SR22,SR Series,1,2010,3,FL,7,US,20230930,20170112,20101111,4,1,V,
87CD,8658,2130004,CIRRUS DESIGN CORP,SR22T,SR Series,1,2022,7,GA,7,US,20251212,20251212,20220524,4,1,V,
87DS,1496,2130001,CIRRUS DESIGN CORP,SR22,SR Series,1,,7,AL,7,US,20260714,20260714,,4,1,V,
87EB,8664,2130004,CIRRUS DESIGN CORP,SR22T,SR Series,1,2022,4,TN,3,US,20230825,20220817,20220531,4,1,V,
87FB,9587,2130004,CIRRUS DESIGN CORP,SR22T,SR Series,1,2023,7,MD,1,US,20260527,20260527,20231206,4,1,V,
87HH,9639,2130004,CIRRUS DESIGN CORP,SR22T,SR Series,1,2023,3,IN,C,US,20240207,20240207,20231227,4,1,V,
87HK,5023,2130001,CIRRUS DESIGN CORP,SR22,SR Series,1,2021,4,NE,3,US,20250817,20250707,20210401,4,1,V,
87LE,1190,2130000,CIRRUS DESIGN CORP,SR20,SR Series,1,2002,3,,8,DE,20260127,20260127,20020429,4,1,V,
87LP,0279,2130001,CIRRUS DESIGN CORP,SR22,SR Series,1,2002,7,AL,7,US,20230902,20220924,20020727,4,1,V,
87LS,1830,2130001,CIRRUS DESIGN CORP,SR22,SR Series,1,2006,3,WY,S,US,20260217,20260217,20060224,4,1,V,
87ML,11147,2130004,CIRRUS DESIGN CORP,SR22T,SR Series,1,2026,7,WI,C,US,20260524,20260524,20260114,4,1,V,
87RF,8621,2130001,CIRRUS DESIGN CORP,SR22,SR Series,1,2022,7,ME,E,US,20250307,20250119,20220427,4,1,V,
87TU,2320,2130004,CIRRUS DESIGN CORP,SR22T,SR Series,1,2021,7,MT,S,US,20230603,20210803,20210505,4,1,V,
87UR,2186,2130004,CIRRUS DESIGN CORP,SR22T,SR Series,1,2020,7,DE,1,US,20250823,20250823,20200825,4,1,V,
87VB,2518,2130000,CIRRUS DESIGN CORP,SR20,SR Series,1,2019,7,CA,4,US,20250710,20250710,20191009,4,1,V,
87VS,0289,2130010,CIRRUS DESIGN CORP,SF50,Vision Jet,1,2021,3,UT,S,US,20250520,20250520,20210908,4,5,V,
880CD,0300,2130001,CIRRUS DESIGN CORP,SR22,SR Series,1,,7,AL,7,US,20260619,20260619,20020814,4,1,V,
880GM,9606,2130000,CIRRUS DESIGN CORP,SR20,SR Series,1,2023,7,TN,3,US,20250513,20250513,20231210,4,1,V,
880KD,0710,2130010,CIRRUS DESIGN CORP,SF50,Vision Jet,1,2025,7,FL,7,US,20251124,20251121,20251117,4,5,V,
880MS,9136,2130004,CIRRUS DESIGN CORP,SR22T,SR Series,1,2023,7,FL,7,US,20230614,20230614,20230323,4,1,V,
8817M,2064,2130001,CIRRUS DESIGN CORP,SR22,SR Series,1,2006,7,MI,C,US,20230414,20090817,20060731,4,1,V,
8818M,0901,2130001,CIRRUS DESIGN CORP,SR22,SR Series,1,2004,7,MO,3,US,20230505,20180411,20040421,4,1,V,
881AG,0881,05637RF,CIRRUS DESIGN CORP,EX18,Other / experimental,0,2018,8,MN,C,US,20230914,20220520,20210723,4,1,N,
881C,2280,2130004,CIRRUS DESIGN CORP,SR22T,SR Series,1,2021,7,AZ,4,US,20230519,20210605,20210318,4,1,V,
881CA,0275,2130004,CIRRUS DESIGN CORP,SR22T,SR Series,1,2012,7,VA,1,US,20240315,20240315,20120206,4,1,V,
881JV,1032,2130001,CIRRUS DESIGN CORP,SR22,SR Series,1,2004,1,CO,S,US,20230512,20040924,20040804,4,1,V,
881PF,2155,2130000,CIRRUS DESIGN CORP,SR20,SR Series,1,,3,NV,4,US,20240607,20240607,20120425,4,1,V,
881PG,1683,2130004,CIRRUS DESIGN CORP,SR22T,SR Series,1,2018,7,NC,1,US,20250325,20250325,20180213,4,1,V,
881PM,0883,2130004,CIRRUS DESIGN CORP,SR22T,SR Series,1,2014,7,NV,4,US,20230324,20201017,20140930,4,1,V,
881RT,10955,2130004,CIRRUS DESIGN CORP,SR22T,SR Series,1,2025,3,UT,S,US,20251117,20251117,20251006,4,1,V,
881SR,2722,2130001,CIRRUS DESIGN CORP,SR22,SR Series,1,2007,3,CA,4,US,20240426,20240426,20071003,4,1,V,
881TC,1649,2130001,CIRRUS DESIGN CORP,SR22,SR Series,1,2005,7,MN,C,US,20251106,20251106,20051023,4,1,V,
881VB,0027,2130010,CIRRUS DESIGN CORP,SF50,Vision Jet,1,2017,4,CA,4,US,20251226,20251226,20171207,4,5,V,
881VC,0238,2130010,CIRRUS DESIGN CORP,SF50,Vision Jet,1,2020,7,ID,S,US,20230421,20210220,20201204,4,5,V,
881WC,0125,2130004,CIRRUS DESIGN CORP,SR22T,SR Series,1,2011,7,VA,1,US,20250210,20231021,20110406,4,1,V,
881WD,1215,2130001,CIRRUS DESIGN CORP,SR22,SR Series,1,2004,7,TX,2,US,20230401,20201121,20041209,4,1,V,
881XP,2077,2130001,CIRRUS DESIGN CORP,SR22,SR Series,1,,1,AR,2,US,20230228,20230228,20060807,4,1,V,
8822G,2227,2130004,CIRRUS DESIGN CORP,SR22T,SR Series,1,2020,7,CA,4,US,20230428,20210308,20201216,4,1,V,
882AB,2022,2130000,CIRRUS DESIGN CORP,SR20,SR Series,1,2009,7,CA,4,US,20260602,20210504,20090424,4,1,V,
882C,1278,2130004,CIRRUS DESIGN CORP,SR22T,SR Series,1,2016,7,FL,7,US,20230807,20230807,20160311,4,1,V,
882CD,0295,2130001,CIRRUS DESIGN CORP,SR22,SR Series,1,2002,4,,,,20230408,20230408,20020813,4,1,V,
882SL,4736,2130001,CIRRUS DESIGN CORP,SR22,SR Series,1,2018,8,NY,1,US,20260120,20220916,20181218,4,1,N,
882SR,2384,2130001,CIRRUS DESIGN CORP,SR22,SR Series,1,,3,OK,2,US,20230324,20201015,20070306,4,1,V,
882WB,0360,2130001,CIRRUS DESIGN CORP,SR22,SR Series,1,2002,7,DE,1,US,20230610,20210920,20021026,4,1,V,
8837Z,0418,2130004,CIRRUS DESIGN CORP,SR22T,SR Series,1,2012,4,OR,S,US,20230526,20210730,20121120,4,1,V,
883CB,4874,2130001,CIRRUS DESIGN CORP,SR22,SR Series,1,2020,7,CA,4,US,20260107,20241114,20200121,4,1,V,
883CD,0532,2130001,CIRRUS DESIGN CORP,SR22,SR Series,1,2003,2,OH,C,US,20230707,20190131,,4,1,V,
883EL,4322,2130001,CIRRUS DESIGN CORP,SR22,SR Series,1,2016,7,CA,4,US,20230609,20221121,20160414,4,1,V,
883ES,2124,2130001,CIRRUS DESIGN CORP,SR22,SR Series,1,,3,CA,4,US,20230410,20230410,20060907,4,1,V,
883JP,0363,2130001,CIRRUS DESIGN CORP,SR22,SR Series,1,2002,4,MA,E,US,20231007,20110224,20021102,4,1,V,
883TF,4609,2130001,CIRRUS DESIGN CORP,SR22,SR Series,1,2018,3,CA,4,US,20230918,20230918,20180306,4,1,V,
884,5062,2130001,CIRRUS DESIGN CORP,SR22,SR Series,1,2021,7,AZ,4,US,20251230,20211022,20210721,4,1,V,
884C,0446,2130001,CIRRUS DESIGN CORP,SR22,SR Series,1,2003,7,SC,7,US,20250311,20250311,20030114,4,1,V,
884CD,1567,2130001,CIRRUS DESIGN CORP,SR22,SR Series,1,2005,7,GA,7,US,20240828,20240828,20050818,4,1,V,
884LM,10377,2130001,CIRRUS DESIGN CORP,SR22,SR Series,1,2024,7,NY,1,US,20250120,20250120,20241220,4,1,V,
884SR,2080,2130001,CIRRUS DESIGN CORP,SR22,SR Series,1,2006,7,MI,C,US,20230718,20130206,20060814,4,1,V,
884SW,1562,2130004,CIRRUS DESIGN CORP,SR22T,SR Series,1,2017,7,CA,4,US,20230310,20170802,20170620,4,1,V,
884TL,10533,2130004,CIRRUS DESIGN CORP,SR22T,SR Series,1,2025,7,TX,2,US,20250326,20250326,20250311,4,1,V,
8851L,4457,2130001,CIRRUS DESIGN CORP,SR22,SR Series,1,2017,7,MI,C,US,20240612,20240612,20170306,4,1,V,
8855M,0022,2130004,CIRRUS DESIGN CORP,SR22T,SR Series,1,2010,7,AZ,4,US,20230608,20230608,20100816,4,1,V,
885CH,11515,2130004,CIRRUS DESIGN CORP,SR22T,SR Series,1,,7,WY,S,US,20260730,20260730,,4,1,V,
885EW,3505,2130001,CIRRUS DESIGN CORP,SR22,SR Series,1,2009,7,AZ,4,US,20241118,20241118,20091007,4,1,V,
885PC,2744,2130000,CIRRUS DESIGN CORP,SR20,SR Series,1,2021,7,AL,7,US,20250522,20250522,20210812,4,1,V,
885PT,1703,2130001,CIRRUS DESIGN CORP,SR22,SR Series,1,2005,4,TX,2,US,20241214,20241214,20051129,4,1,V,
885SR,2369,2130001,CIRRUS DESIGN CORP,SR22,SR Series,1,2007,3,OK,2,US,20230411,20190702,20070215,4,1,V,
885WP,10505,2130000,CIRRUS DESIGN CORP,SR20,SR Series,1,2025,7,CA,4,US,20260203,20260203,20250226,4,1,V,
886CB,9514,2130000,CIRRUS DESIGN CORP,SR20,SR Series,1,,7,TX,2,US,20241227,20241227,,4,1,V,
886CM,0388,2130010,CIRRUS DESIGN CORP,SF50,Vision Jet,1,2022,7,GA,7,US,20260219,20260219,20220927,4,5,V,
886J,10841,2130004,CIRRUS DESIGN CORP,SR22T,SR Series,1,2025,1,,,,20250919,20250919,20250811,4,1,V,
886JM,0155,2130004,CIRRUS DESIGN CORP,SR22T,SR Series,1,2011,7,OR,S,US,20230512,20210512,20110627,4,1,V,
886PC,10493,2130000,CIRRUS DESIGN CORP,SR20,SR Series,1,2025,7,PA,1,US,20250320,20250320,20250223,4,1,V,
886SR,2832,2130001,CIRRUS DESIGN CORP,SR22,SR Series,1,2007,1,TX,2,US,20230902,20220907,20071204,4,1,V,
8878T,1162,2130001,CIRRUS DESIGN CORP,SR22,SR Series,1,2004,7,KY,3,US,20230512,20090929,20041110,4,1,V,
887CD,0502,2130010,CIRRUS DESIGN CORP,SF50,Vision Jet,1,2023,7,,,,20231227,20231227,20231121,4,5,V,
887KC,10691,2130001,CIRRUS DESIGN CORP,SR22,SR Series,1,2025,7,KS,3,US,20250725,20250725,20250520,4,1,V,
887SA,2297,2130001,CIRRUS DESIGN CORP,SR22,SR Series,1,2006,7,MA,E,US,20230811,20160608,20160414,4,1,V,
887SW,10460,2130004,CIRRUS DESIGN CORP,SR22T,SR Series,1,2025,7,MS,2,US,20250225,20250225,20250131,4,1,V,
8888P,2791,2130001,CIRRUS DESIGN CORP,SR22,SR Series,1,2007,4,CO,S,US,20240717,20240717,20071102,4,1,V,
888AF,1839,2130004,CIRRUS DESIGN CORP,SR22T,SR Series,1,2018,7,DE,1,US,20230701,20181226,20181217,4,1,V,
888AJ,0078,2130001,CIRRUS DESIGN CORP,SR22,SR Series,1,,1,NY,1,US,20230922,20221216,20010817,4,1,V,
888DN,3122,2130001,CIRRUS DESIGN CORP,SR22,SR Series,1,2008,7,MD,1,US,20230616,20121005,20080708,4,1,V,
888EP,0190,2130001,CIRRUS DESIGN CORP,SR22,SR Series,1,,7,WY,S,US,20251126,20251126,20020405,4,1,V,
888JV,1067,2130004,CIRRUS DESIGN CORP,SR22T,SR Series,1,2015,3,ID,S,US,20230414,20210112,20150710,4,1,V,
888LV,4355,2130001,CIRRUS DESIGN CORP,SR22,SR Series,1,2016,7,FL,7,US,20240109,20230508,20160606,4,1,V,
888ME,2374,2130000,CIRRUS DESIGN CORP,SR20,SR Series,1,2017,7,FL,7,US,20250218,20250218,,4,1,V,
888SC,0571,2130010,CIRRUS DESIGN CORP,SF50,Vision Jet,1,2024,7,NE,3,US,20241024,20240911,20240820,4,5,V,
888SG,0762,2130001,CIRRUS DESIGN CORP,SR22,SR Series,1,2003,7,OH,C,US,20230818,20040220,20031223,4,1,V,
888SS,1302,2130001,CIRRUS DESIGN CORP,SR22,SR Series,1,2005,1,TX,2,US,20260730,,20050204,4,1,R,
888SX,4466,2130001,CIRRUS DESIGN CORP,SR22,SR Series,1,2017,7,MS,2,US,20240831,20170410,20170403,4,1,V,
888SZ,2115,2130004,CIRRUS DESIGN CORP,SR22T,SR Series,1,2020,7,CA,4,US,20230511,20200713,20200526,4,1,V,
888UM,2345,2130004,CIRRUS DESIGN CORP,SR22T,SR Series,1,2021,3,CA,4,US,20250520,20220328,20210623,4,1,V,
888VE,0814,2130004,CIRRUS DESIGN CORP,SR22T,SR Series,1,2014,7,TX,2,US,20230811,20190606,20140710,4,1,V,
888VL,2084,2130004,CIRRUS DESIGN CORP,SR22T,SR Series,1,2020,7,DE,1,US,20230610,20210922,20200310,4,1,V,
888WK,11470,2130001,CIRRUS DESIGN CORP,SR22,SR Series,1,,8,MN,C,US,20260313,,,4,1,M,
888YM,1437,2130001,CIRRUS DESIGN CORP,SR22,SR Series,1,2005,7,AR,2,US,20240717,20240717,20050513,4,1,V,
888ZL,2204,2130001,CIRRUS DESIGN CORP,SR22,SR Series,1,2006,7,DE,1,US,20260623,20220830,20160727,4,1,V,
88917,9291,2130004,CIRRUS DESIGN CORP,SR22T,SR Series,1,2023,7,CA,4,US,20230809,20230809,20230620,4,1,V,
889DB,11410,2130004,CIRRUS DESIGN CORP,SR22T,SR Series,1,2026,8,MN,C,US,20260205,,20260515,4,1,M,
889JP,2419,2130004,CIRRUS DESIGN CORP,SR22T,SR Series,1,2021,3,TX,2,US,20230718,20220209,20211022,4,1,V,
889LD,1434,2130000,CIRRUS DESIGN CORP,SR20,SR Series,1,2004,7,VA,1,US,20230930,20200109,20040719,4,1,V,
889LT,9234,2130004,CIRRUS DESIGN CORP,SR22T,SR Series,1,2023,3,CA,4,US,20240506,20230721,20230503,4,1,V,
889PJ,11524,2130004,CIRRUS DESIGN CORP,SR22T,SR Series,1,,8,MN,C,US,20260527,,,4,1,M,
889SK,8501,2130004,CIRRUS DESIGN CORP,SR22T,SR Series,1,2022,7,MT,S,US,20260607,20260607,20220126,4,1,V,
889SR,2130,2130001,CIRRUS DESIGN CORP,SR22,SR Series,1,2006,3,OK,2,US,20250620,20110816,20060907,4,1,V,
889TJ,8944,2130001,CIRRUS DESIGN CORP,SR22,SR Series,1,2022,4,SC,7,US,20230311,20230311,20221118,4,1,V,
889TM,2231,2130001,CIRRUS DESIGN CORP,SR22,SR Series,1,2006,7,CO,S,US,20230304,20070505,20061128,4,1,V,
889W,0097,2130004,CIRRUS DESIGN CORP,SR22T,SR Series,1,2011,7,MT,S,US,20250301,20250301,20110324,4,1,V,
88AT,0616,2130010,CIRRUS DESIGN CORP,SF50,Vision Jet,1,2024,7,MT,S,US,20250521,20241230,20241223,4,5,V,
88BA,0066,2130004,CIRRUS DESIGN CORP,SR22T,SR Series,1,2010,7,WA,S,US,20250321,20250321,20101223,4,1,V,
88BM,0798,2130001,CIRRUS DESIGN CORP,SR22,SR Series,1,2004,7,FL,7,US,20251201,20251201,20040113,4,1,V,
88CB,2152,2130004,CIRRUS DESIGN CORP,SR22T,SR Series,1,2020,7,AZ,4,US,20251226,20251226,20200807,4,1,V,
88CR,9432,2130001,CIRRUS DESIGN CORP,SR22,SR Series,1,,7,FL,7,US,20260216,20231020,,4,1,V,
88DZ,8758,2130004,CIRRUS DESIGN CORP,SR22T,SR Series,1,2022,7,AZ,4,US,20230810,20230130,20220808,4,1,V,
88GY,10992,2130004,CIRRUS DESIGN CORP,SR22T,SR Series,1,2025,7,OR,S,US,20251103,20251103,20251015,4,1,V,
88KK,4798,2130001,CIRRUS DESIGN CORP,SR22,SR Series,1,2019,7,FL,7,US,20230825,20190821,20190618,4,1,V,
88LG,0336,2130010,CIRRUS DESIGN CORP,SF50,Vision Jet,1,2022,7,FL,7,US,20250519,20250519,20220128,4,5,V,
88LH,10947,2130001,CIRRUS DESIGN CORP,SR22,SR Series,1,2025,7,NJ,1,US,20251123,20251123,20251001,4,1,V,
88LM,11134,2130004,CIRRUS DESIGN CORP,SR22T,SR Series,1,2026,7,TX,2,US,20260511,20260511,20260107,4,1,V,
88MG,0078,2130004,CIRRUS DESIGN CORP,SR22T,SR Series,1,2011,7,WI,C,US,20231020,20110425,20110131,4,1,V,
88SE,2405,2130004,CIRRUS DESIGN CORP,SR22T,SR Series,1,2021,7,CA,4,US,20240527,20240527,20210930,4,1,V,
88SM,10880,2130000,CIRRUS DESIGN CORP,SR20,SR Series,1,2025,7,NJ,1,US,20251019,20251019,20250827,4,1,V,
88SP,8861,2130000,CIRRUS DESIGN CORP,SR20,SR Series,1,,7,NY,1,US,20230228,20230228,,4,1,V,
88SV,9075,2130004,CIRRUS DESIGN CORP,SR22T,SR Series,1,2023,7,FL,7,US,20230509,20230509,20230226,4,1,V,
88UK,11758,2130004,CIRRUS DESIGN CORP,SR22T,SR Series,1,,8,MN,C,US,20260716,,,4,1,M,
88VC,10915,2130001,CIRRUS DESIGN CORP,SR22,SR Series,1,2025,1,TX,2,US,20251031,20251031,20250927,4,1,V,
88VM,11093,2130001,CIRRUS DESIGN CORP,SR22,SR Series,1,2025,7,OH,C,US,20260314,20260314,20260102,4,1,V,
88WD,4718,2130001,CIRRUS DESIGN CORP,SR22,SR Series,1,2018,7,FL,7,US,20230505,20230505,20181030,4,1,V,
88WF,3860,2130001,CIRRUS DESIGN CORP,SR22,SR Series,1,2012,7,NC,1,US,20230526,20120710,20120622,4,1,V,
88WZ,3597,2130001,CIRRUS DESIGN CORP,SR22,SR Series,1,2009,3,NV,4,US,20260326,20260326,20091230,4,1,V,
88XG,0049,2130004,CIRRUS DESIGN CORP,SR22T,SR Series,1,2010,7,TX,2,US,20260215,20260215,20101130,4,1,V,
88YM,10515,2130000,CIRRUS DESIGN CORP,SR20,SR Series,1,2025,3,DE,1,US,20250305,20250305,20250220,4,1,V,
88YP,2584,2130001,CIRRUS DESIGN CORP,SR22,SR Series,1,2007,1,PA,1,US,20230728,20100113,20070627,4,1,V,
8909M,2368,2130001,CIRRUS DESIGN CORP,SR22,SR Series,1,2007,7,AZ,4,US,20230616,20211020,20070222,4,1,V,
890CD,0591,2130001,CIRRUS DESIGN CORP,SR22,SR Series,1,2003,7,MA,E,US,20230922,20161229,20030621,4,1,V,
890DG,1910,2130004,CIRRUS DESIGN CORP,SR22T,SR Series,1,2019,7,TX,2,US,20250107,20250107,20190429,4,1,V,
890DR,9750,2130001,CIRRUS DESIGN CORP,SR22,SR Series,1,2023,8,MN,C,US,20230607,,20251006,4,1,M,
891AR,1875,2130004,CIRRUS DESIGN CORP,SR22T,SR Series,1,2019,4,CA,4,US,20230822,20230822,20190218,4,1,V,
891CD,0592,2130001,CIRRUS DESIGN CORP,SR22,SR Series,1,2003,7,TX,2,US,20260805,20260805,20150527,4,1,V,
891CM,11065,2130001,CIRRUS DESIGN CORP,SR22,SR Series,1,2025,7,TN,3,US,20251208,20251208,20251116,4,1,V,
891DM,0353,2130004,CIRRUS DESIGN CORP,SR22T,SR Series,1,2012,7,MT,S,US,20260320,20260320,20120726,4,1,V,
891DW,11217,2130000,CIRRUS DESIGN CORP,SR20,SR Series,1,2026,7,IL,C,US,20260510,20260510,20260301,4,1,V,
891SF,0258,2130004,CIRRUS DESIGN CORP,SR22T,SR Series,1,2011,7,NY,1,US,20231020,20170419,20111220,4,1,V,
891SK,0819,2130004,CIRRUS DESIGN CORP,SR22T,SR Series,1,2014,4,WA,S,US,20251017,20251017,20140714,4,1,V,
8922P,1917,2130004,CIRRUS DESIGN CORP,SR22T,SR Series,1,2019,7,TX,2,US,20240601,20240601,20190508,4,1,V,
892AM,2738,2130001,CIRRUS DESIGN CORP,SR22,SR Series,1,2007,4,CO,S,US,20240605,20211026,20071011,4,1,V,
892CM,1517,2130004,CIRRUS DESIGN CORP,SR22T,SR Series,1,2017,7,PA,1,US,20230310,20170830,20170330,4,1,V,
892CN,0453,2130004,CIRRUS DESIGN CORP,SR22T,SR Series,1,2013,8,TN,3,US,20230406,20220127,20130211,4,1,V,
892DB,11125,2130004,CIRRUS DESIGN CORP,SR22T,SR Series,1,2026,3,CA,4,US,20260314,20260314,20260105,4,1,V,
892KC,2116,2130004,CIRRUS DESIGN CORP,SR22T,SR Series,1,2020,1,CA,4,US,20260619,20260619,20200528,4,1,V,
892MK,11441,2130004,CIRRUS DESIGN CORP,SR22T,SR Series,1,,8,MN,C,US,20260331,,,4,1,M,
892SR,11481,2130004,CIRRUS DESIGN CORP,SR22T,SR Series,1,,8,MN,C,US,20260319,,,4,1,M,
893QA,10755,2130000,CIRRUS DESIGN CORP,SR20,SR Series,1,2025,7,NV,4,US,20250807,20250807,20250629,4,1,V,
893SR,2883,2130001,CIRRUS DESIGN CORP,SR22,SR Series,1,2008,1,UT,S,US,20240313,20240313,20080109,4,1,V,
893T,2016,2130004,CIRRUS DESIGN CORP,SR22T,SR Series,1,2019,3,TX,2,US,20230608,20230301,20191104,4,1,V,Y
89423,2255,2130000,CIRRUS DESIGN CORP,SR20,SR Series,1,2014,3,CA,4,US,20230304,20140710,20140519,4,1,V,
894WM,10254,2130000,CIRRUS DESIGN CORP,SR20,SR Series,1,2024,5,MI,C,US,20241217,20241217,20241012,4,1,V,
895CD,0577,2130001,CIRRUS DESIGN CORP,SR22,SR Series,1,2003,7,NY,1,US,20230623,20211127,20030610,4,1,V,
895JJ,1530,2130004,CIRRUS DESIGN CORP,SR22T,SR Series,1,2017,7,CA,4,US,20250922,20250922,20170425,4,1,V,
895JK,0061,2130010,CIRRUS DESIGN CORP,SF50,Vision Jet,1,2018,3,NC,1,US,20240227,20221011,20180627,4,5,V,
895SL,1323,2130001,CIRRUS DESIGN CORP,SR22,SR Series,1,2005,7,TX,2,US,20230526,20210727,20050221,4,1,V,
895WT,0405,2130010,CIRRUS DESIGN CORP,SF50,Vision Jet,1,2022,7,NY,1,US,20260528,20260528,20221129,4,5,V,
896CA,10678,2130001,CIRRUS DESIGN CORP,SR22,SR Series,1,2025,4,KY,3,US,20250801,20250801,20250513,4,1,V,
896CC,0663,2130004,CIRRUS DESIGN CORP,SR22T,SR Series,1,2013,7,MI,C,US,20250822,20250822,20131212,4,1,V,
896KR,5131,2130001,CIRRUS DESIGN CORP,SR22,SR Series,1,2021,7,GA,7,US,20230804,20220519,20211222,4,1,V,
896MK,4790,2130001,CIRRUS DESIGN CORP,SR22,SR Series,1,2019,7,MO,3,US,20230818,20190710,20190522,4,1,V,
896RT,2415,2130004,CIRRUS DESIGN CORP,SR22T,SR Series,1,2021,7,WI,C,US,20230722,20220303,20211019,4,1,V,
897P,9472,2130001,CIRRUS DESIGN CORP,SR22,SR Series,1,2023,7,FL,7,US,20231016,20231016,20230929,4,1,V,
8988X,1757,2130001,CIRRUS DESIGN CORP,SR22,SR Series,1,2006,4,FL,7,US,20241112,20241112,20060108,4,1,V,
898AC,10619,2130004,CIRRUS DESIGN CORP,SR22T,SR Series,1,2025,7,NV,4,US,20250611,20250611,20250426,4,1,V,
898JA,1963,2130004,CIRRUS DESIGN CORP,SR22T,SR Series,1,2019,3,DE,1,US,20251114,20251114,20190806,4,1,V,
898JP,1308,2130001,CIRRUS DESIGN CORP,SR22,SR Series,1,2005,3,AL,7,US,20231215,20231215,20050211,4,1,V,
898TB,10175,2130004,CIRRUS DESIGN CORP,SR22T,SR Series,1,2024,7,VA,1,US,20250423,20241011,20240825,4,1,V,
898TX,2477,2130000,CIRRUS DESIGN CORP,SR20,SR Series,1,2019,7,GA,7,US,20231206,20231206,20190311,4,1,V,
898ZK,1312,2130001,CIRRUS DESIGN CORP,SR22,SR Series,1,,3,CA,4,US,20230616,20211027,20050214,4,1,V,
899AM,2841,2130001,CIRRUS DESIGN CORP,SR22,SR Series,1,2007,4,TX,2,US,20260311,20260311,20071203,4,1,V,
899CD,0297,2130001,CIRRUS DESIGN CORP,SR22,SR Series,1,2002,7,TX,2,US,20230616,20211023,20020813,4,1,V,
899J,3790,2130001,CIRRUS DESIGN CORP,SR22,SR Series,1,2011,1,FL,7,US,20240115,20240115,20110921,4,1,V,
899MM,11516,2130004,CIRRUS DESIGN CORP,SR22T,SR Series,1,,8,MN,C,US,20260527,,,4,1,M,
899PW,1748,2130001,CIRRUS DESIGN CORP,SR22,SR Series,1,2005,7,AL,7,US,20240425,20240425,20060104,4,1,V,
899TJ,10970,2130004,CIRRUS DESIGN CORP,SR22T,SR Series,1,2025,7,MI,C,US,20251109,20251109,20251002,4,1,V,
899TT,0203,2130001,CIRRUS DESIGN CORP,SR22,SR Series,1,2002,7,DE,1,US,20250919,20250919,20020418,4,1,V,
899WT,1801,2130000,CIRRUS DESIGN CORP,SR20,SR Series,1,2007,3,NY,1,US,20240129,20221216,20070620,4,1,V,
89AB,8509,2130001,CIRRUS DESIGN CORP,SR22,SR Series,1,2022,7,SC,7,US,20250401,20250401,20220207,4,1,V,
89BG,0351,2130004,CIRRUS DESIGN CORP,SR22T,SR Series,1,2012,7,IL,C,US,20250502,20241008,20120723,4,1,V,
89BP,2229,2130004,CIRRUS DESIGN CORP,SR22T,SR Series,1,2020,7,NY,1,US,20230428,20210308,20201218,4,1,V,
89BT,2023,2130004,CIRRUS DESIGN CORP,SR22T,SR Series,1,2019,7,FL,7,US,20230922,20191220,20191111,4,1,V,
89CD,1520,2130000,CIRRUS DESIGN CORP,SR20,SR Series,1,2005,7,TX,2,US,20250314,20250314,20050512,4,1,V,
89CR,2365,2130001,CIRRUS DESIGN CORP,SR22,SR Series,1,2007,7,MO,3,US,20230414,20120104,20070212,4,1,V,
89DB,0171,2130010,CIRRUS DESIGN CORP,SF50,Vision Jet,1,2019,3,WY,S,US,20230930,20200128,20191212,4,5,V,
89DS,0444,2130010,CIRRUS DESIGN CORP,SF50,Vision Jet,1,2023,7,MO,3,US,20230531,20230531,20230322,4,5,V,
89FJ,4238,2130001,CIRRUS DESIGN CORP,SR22,SR Series,1,2015,7,FL,7,US,20230616,20211016,20150818,4,1,V,
89FR,0845,2130010,CIRRUS DESIGN CORP,SF50,Vision Jet,1,,8,MN,C,US,20260811,,,4,5,M,
89GH,1178,2130001,CIRRUS DESIGN CORP,SR22,SR Series,1,2004,3,WY,S,US,20260130,20260130,20041116,4,1,V,
89HR,1112,2130000,CIRRUS DESIGN CORP,SR20,SR Series,1,2001,1,NY,1,US,20230317,20200901,20010116,4,1,V,
89JT,0095,2130010,CIRRUS DESIGN CORP,SF50,Vision Jet,1,2019,7,FL,7,US,20230428,20210306,20190110,4,5,V,
89KT,2453,2130000,CIRRUS DESIGN CORP,SR20,SR Series,1,2018,1,WI,C,US,20250306,20250306,20180626,4,1,V,
89KW,2492,2130001,CIRRUS DESIGN CORP,SR22,SR Series,1,2007,1,GA,7,US,20230526,20210721,20070507,4,1,V,
89LF,8569,2130000,CIRRUS DESIGN CORP,SR20,SR Series,1,2022,7,TX,2,US,20260701,20260701,20220321,4,1,V,
89MN,10378,2130001,CIRRUS DESIGN CORP,SR22,SR Series,1,2024,2,ND,C,US,20250129,20250129,20241217,4,1,V,
89NB,3680,2130001,CIRRUS DESIGN CORP,SR22,SR Series,1,2010,3,UT,S,US,20230223,20210629,20100427,4,1,V,
89NX,1004,2130001,CIRRUS DESIGN CORP,SR22,SR Series,1,2004,3,OH,C,US,20250219,20210612,20040707,4,1,V,
89PB,11052,2130001,CIRRUS DESIGN CORP,SR22,SR Series,1,2025,7,PA,1,US,20260110,20260110,20251119,4,1,V,
89SN,11446,2130001,CIRRUS DESIGN CORP,SR22,SR Series,1,2026,8,,,,20260403,,20260607,4,1,M,
89SW,9799,2130004,CIRRUS DESIGN CORP,SR22T,SR Series,1,2024,7,FL,7,US,20240813,20240426,20240301,4,1,V,
89UM,0971,2130001,CIRRUS DESIGN CORP,SR22,SR Series,1,2004,7,AL,7,US,20230304,20200723,20040609,4,1,V,
89WG,9863,2130004,CIRRUS DESIGN CORP,SR22T,SR Series,1,2024,7,IN,C,US,20240508,20240508,20240331,4,1,V,
89ZQ,0560,2130010,CIRRUS DESIGN CORP,SF50,Vision Jet,1,2024,7,NY,1,US,20240706,20240706,20240625,4,5,V,
8AE,2999,2130001,CIRRUS DESIGN CORP,SR22,SR Series,1,2008,7,AL,7,US,20230603,20210803,20080408,4,1,V,
8DA,2376,2130004,CIRRUS DESIGN CORP,SR22T,SR Series,1,2021,7,CA,4,US,20231011,20230304,20210810,4,1,V,
8G,0818,2130010,CIRRUS DESIGN CORP,SF50,Vision Jet,1,,8,MN,C,US,20260513,,,4,5,M,
8GC,0659,2130010,CIRRUS DESIGN CORP,SF50,Vision Jet,1,2025,7,TN,3,US,20260615,20260615,20250529,4,5,V,
8HS,0139,2130010,CIRRUS DESIGN CORP,SF50,Vision Jet,1,2019,1,CO,S,US,20230909,20191003,20190826,4,5,V,
8KT,4900,2130001,CIRRUS DESIGN CORP,SR22,SR Series,1,2020,7,TX,2,US,20250304,20221105,20200322,4,1,V,
8LD,0250,2130010,CIRRUS DESIGN CORP,SF50,Vision Jet,1,2021,7,UT,S,US,20230512,20210522,20210312,4,5,V,
8LJ,9323,2130001,CIRRUS DESIGN CORP,SR22,SR Series,1,2023,7,NY,1,US,20240608,20230724,20230718,4,1,V,
8LL,0358,2130010,CIRRUS DESIGN CORP,SF50,Vision Jet,1,2022,7,MA,E,US,20250707,20220601,20220524,4,5,V,
8LU,10925,2130004,CIRRUS DESIGN CORP,SR22T,SR Series,1,2025,7,DC,1,US,20251031,20251031,20250928,4,1,V,
8PY,1645,2130000,CIRRUS DESIGN CORP,SR20,SR Series,1,,1,TX,2,US,20230428,20210317,20060414,4,1,V,
8SG,1176,2130004,CIRRUS DESIGN CORP,SR22T,SR Series,1,2015,7,CA,4,US,20230122,20200608,20151029,4,1,V,
8WT,9800,2130004,CIRRUS DESIGN CORP,SR22T,SR Series,1,2024,7,VA,1,US,20240718,20240605,20240306,4,1,V,
8ZP,4343,2130001,CIRRUS DESIGN CORP,SR22,SR Series,1,2016,7,MN,C,US,20230915,20191104,20160509,4,1,V,
901GM,11472,2130004,CIRRUS DESIGN CORP,SR22T,SR Series,1,,8,MN,C,US,20260407,,,4,1,M,
901GT,3788,2130001,CIRRUS DESIGN CORP,SR22,SR Series,1,,7,MS,2,US,20230915,20191122,20110926,4,1,V,
901KD,11442,2130004,CIRRUS DESIGN CORP,SR22T,SR Series,1,2026,8,MN,C,US,20251125,,20260606,4,1,M,
901M,10985,2130004,CIRRUS DESIGN CORP,SR22T,SR Series,1,2025,7,CA,4,US,20251125,20251125,20251011,4,1,V,
901ML,2149,2130004,CIRRUS DESIGN CORP,SR22T,SR Series,1,2020,4,OK,2,US,20240919,20240919,20200807,4,1,V,
901PF,1605,2130004,CIRRUS DESIGN CORP,SR22T,SR Series,1,2017,4,CA,4,US,20230428,20210303,20170919,4,1,V,
901PN,1664,2130004,CIRRUS DESIGN CORP,SR22T,SR Series,1,2018,4,TN,3,US,20260119,20260119,20180118,4,1,V,
901SE,2601,2130000,CIRRUS DESIGN CORP,SR20,SR Series,1,2020,5,OK,2,US,20230401,20201114,20200824,4,1,V,
902ES,1253,2130000,CIRRUS DESIGN CORP,SR20,SR Series,1,2002,3,KS,3,US,20230122,20200415,20020923,4,1,V,
902KD,10364,2130004,CIRRUS DESIGN CORP,SR22T,SR Series,1,2024,7,MN,C,US,20250108,20250108,20241207,4,1,V,
902RD,1819,2130004,CIRRUS DESIGN CORP,SR22T,SR Series,1,,7,NC,1,US,20250325,20221219,20181107,4,1,V,
902SE,2602,2130000,CIRRUS DESIGN CORP,SR20,SR Series,1,2020,5,OK,2,US,20230401,20201114,20200826,4,1,V,
902SR,2356,2130001,CIRRUS DESIGN CORP,SR22,SR Series,1,2007,3,GA,7,US,20260211,20260210,20070208,4,1,V,
902TV,2542,2130000,CIRRUS DESIGN CORP,SR20,SR Series,1,2020,7,VA,1,US,20251205,20251205,20200219,4,1,V,
903GB,0183,2130010,CIRRUS DESIGN CORP,SF50,Vision Jet,1,2020,7,NM,2,US,20230610,20210927,20200220,4,5,V,
903PS,2662,2130000,CIRRUS DESIGN CORP,SR20,SR Series,1,2021,7,TX,2,US,20250604,20250604,20210202,4,1,V,
903RD,4709,2130001,CIRRUS DESIGN CORP,SR22,SR Series,1,2018,7,NC,1,US,20240830,20240830,20181011,4,1,V,
903RM,0903,2130001,CIRRUS DESIGN CORP,SR22,SR Series,1,2004,3,WI,C,US,20250825,20250825,20040422,4,1,V,
903TR,9091,2130000,CIRRUS DESIGN CORP,SR20,SR Series,1,2023,8,MN,C,US,20240616,20240616,20230222,4,1,V,
904BL,4757,2130001,CIRRUS DESIGN CORP,SR22,SR Series,1,2019,7,FL,7,US,20230728,20190411,20190228,4,1,V,
904CD,2306,2130001,CIRRUS DESIGN CORP,SR22,SR Series,1,2006,7,OR,S,US,20230701,20230701,20061227,4,1,V,
904CG,1647,2130004,CIRRUS DESIGN CORP,SR22T,SR Series,1,2017,7,OK,2,US,20230414,20180116,20171219,4,1,V,
904JP,2223,2130004,CIRRUS DESIGN CORP,SR22T,SR Series,1,2020,7,TX,2,US,20250118,20250118,20201215,4,1,V,
904LM,3904,2130001,CIRRUS DESIGN CORP,SR22,SR Series,1,,7,IN,C,US,20250311,20230420,20121206,4,1,V,
904ST,1473,2130001,CIRRUS DESIGN CORP,SR22,SR Series,1,2005,3,DE,1,US,20230519,20210611,20050609,4,1,V,
905MJ,9140,2130004,CIRRUS DESIGN CORP,SR22T,SR Series,1,2023,7,TX,2,US,20250527,20241106,20230324,4,1,V,
905SE,2090,2130001,CIRRUS DESIGN CORP,SR22,SR Series,1,2006,7,DE,1,US,20250930,20231130,20060822,4,1,V,
906CD,0523,2130001,CIRRUS DESIGN CORP,SR22,SR Series,1,2003,3,MA,E,US,20241003,20241003,20030422,4,1,V,
906RD,1264,2130001,CIRRUS DESIGN CORP,SR22,SR Series,1,2005,1,MI,C,US,20230818,20160728,20050111,4,1,V,
906WT,10371,2130004,CIRRUS DESIGN CORP,SR22T,SR Series,1,2024,7,NE,3,US,20260423,20260423,20241214,4,1,V,
907C,0385,2130001,CIRRUS DESIGN CORP,SR22,SR Series,1,2002,1,CT,E,US,20230616,20211030,20021112,4,1,V,
907CD,1706,2130001,CIRRUS DESIGN CORP,SR22,SR Series,1,2005,1,MN,C,US,20240811,20200324,20051201,4,1,V,
907DR,1300,2130001,CIRRUS DESIGN CORP,SR22,SR Series,1,2005,1,AL,7,US,20230403,20150610,20050204,4,1,V,
907FS,1030,2130000,CIRRUS DESIGN CORP,SR20,SR Series,1,,4,FL,7,US,20230818,20030123,,4,1,V,
907MM,1270,2130000,CIRRUS DESIGN CORP,SR20,SR Series,1,2003,3,DE,1,US,20230804,20160531,20030113,4,1,V,
907WF,2177,2130004,CIRRUS DESIGN CORP,SR22T,SR Series,1,2020,3,UT,S,US,20260110,20260110,20200924,4,1,V,
907WG,3283,2130001,CIRRUS DESIGN CORP,SR22,SR Series,1,2008,3,UT,S,US,20241008,20241008,20080930,4,1,V,
908AL,8552,2130001,CIRRUS DESIGN CORP,SR22,SR Series,1,2022,7,FL,7,US,20240120,20240120,20220309,4,1,V,
908CB,2506,2130000,CIRRUS DESIGN CORP,SR20,SR Series,1,2019,1,MN,C,US,20230808,20230808,20190722,4,1,V,
908CD,2322,2130000,CIRRUS DESIGN CORP,SR20,SR Series,1,2016,4,MI,C,US,20230825,20190829,20160331,4,1,V,
908DT,1943,2130004,CIRRUS DESIGN CORP,SR22T,SR Series,1,2019,7,FL,7,US,20240529,20240529,20190710,4,1,V,
908DU,9301,2130001,CIRRUS DESIGN CORP,SR22,SR Series,1,2023,7,GA,7,US,20240709,20230818,20230623,4,1,V,
908MM,11459,2130004,CIRRUS DESIGN CORP,SR22T,SR Series,1,,8,MN,C,US,20260305,,,4,1,M,
908SE,2135,2130001,CIRRUS DESIGN CORP,SR22,SR Series,1,2006,4,CA,4,US,20230310,20170801,20060912,4,1,V,
908TA,10199,2130004,CIRRUS DESIGN CORP,SR22T,SR Series,1,2024,7,FL,7,US,20241028,20241028,20240918,4,1,V,
908WM,10263,2130000,CIRRUS DESIGN CORP,SR20,SR Series,1,2024,5,MI,C,US,20250113,20250113,20241023,4,1,V,
908ZU,1040,2130001,CIRRUS DESIGN CORP,SR22,SR Series,1,2004,1,RI,E,US,20230728,20190411,20040805,4,1,V,
909JB,0212,2130010,CIRRUS DESIGN CORP,SF50,Vision Jet,1,2020,7,PA,1,US,20240328,20231014,20200720,4,5,V,
909LM,0554,2130010,CIRRUS DESIGN CORP,SF50,Vision Jet,1,2024,7,TX,2,US,20240702,20240610,20240521,4,5,V,
909SB,11167,2130004,CIRRUS DESIGN CORP,SR22T,SR Series,1,2026,7,CA,4,US,20260416,20260416,20260128,4,1,V,
909TM,9028,2130004,CIRRUS DESIGN CORP,SR22T,SR Series,1,2022,7,MT,S,US,20231210,20231210,20221228,4,1,V,
90CD,0939,2130001,CIRRUS DESIGN CORP,SR22,SR Series,1,2004,3,NJ,1,US,20230902,20130910,20040519,4,1,V,
90CF,10645,2130004,CIRRUS DESIGN CORP,SR22T,SR Series,1,2025,7,NC,1,US,20250725,20250725,20250508,4,1,V,
90DP,0556,2130010,CIRRUS DESIGN CORP,SF50,Vision Jet,1,2024,7,TN,3,US,20240702,20240702,20240603,4,5,V,
90KB,8934,2130001,CIRRUS DESIGN CORP,SR22,SR Series,1,2022,3,DE,1,US,20230703,20230703,20221129,4,1,V,
90MG,2380,2130001,CIRRUS DESIGN CORP,SR22,SR Series,1,2007,7,FL,7,US,20240806,20240806,20070221,4,1,V,
90PS,9502,2130004,CIRRUS DESIGN CORP,SR22T,SR Series,1,,7,FL,7,US,20231213,20231213,,4,1,V,
90SD,0606,2130010,CIRRUS DESIGN CORP,SF50,Vision Jet,1,2024,3,UT,S,US,20241227,20241227,20241209,4,5,V,
910B,2352,2130001,CIRRUS DESIGN CORP,SR22,SR Series,1,,7,CO,S,US,20230909,20221024,20070201,4,1,V,
910CD,1247,2130000,CIRRUS DESIGN CORP,SR20,SR Series,1,2002,4,CA,4,US,20230929,20230118,20020921,4,1,V,
910GT,3153,2130001,CIRRUS DESIGN CORP,SR22,SR Series,1,,7,NC,1,US,20250729,20250729,,4,1,V,
910SG,2774,2130001,CIRRUS DESIGN CORP,SR22,SR Series,1,2007,7,IL,C,US,20260722,20131220,20071102,4,1,V,
910WM,2226,2130000,CIRRUS DESIGN CORP,SR20,SR Series,1,2013,1,FL,7,US,20230707,20220128,20130404,4,1,V,
910WT,11591,2130000,CIRRUS DESIGN CORP,SR20,SR Series,1,,8,MN,C,US,20260611,,,4,1,M,
911AD,1585,2130004,CIRRUS DESIGN CORP,SR22T,SR Series,1,2017,1,CT,E,US,20251209,20250917,20170829,4,1,V,
911HE,10610,2130000,CIRRUS DESIGN CORP,SR20,SR Series,1,2025,7,SC,7,US,20250514,20250514,20250413,4,1,V,
911KE,3187,2130001,CIRRUS DESIGN CORP,SR22,SR Series,1,2008,7,TX,2,US,20260620,20190410,20160725,4,1,V,
911KJ,0849,2130004,CIRRUS DESIGN CORP,SR22T,SR Series,1,2014,7,FL,7,US,20250818,20250818,20140812,4,1,V,
911PF,2462,2130000,CIRRUS DESIGN CORP,SR20,SR Series,1,2018,7,TX,2,US,20250327,20250327,20181105,4,1,V,
911SP,8924,2130004,CIRRUS DESIGN CORP,SR22T,SR Series,1,2022,7,FL,7,US,20230321,20230321,20221212,4,1,V,
911TK,1001,2130001,CIRRUS DESIGN CORP,SR22,SR Series,1,2004,3,GA,7,US,20230902,20190904,20040630,4,1,V,
911TW,3172,2130001,CIRRUS DESIGN CORP,SR22,SR Series,1,2008,4,NM,2,US,20230525,20230517,20080804,4,1,V,
912BG,1220,2130000,CIRRUS DESIGN CORP,SR20,SR Series,1,,1,NY,1,US,20230122,20170327,,4,1,V,
912BJ,2259,2130001,CIRRUS DESIGN CORP,SR22,SR Series,1,2006,7,TX,2,US,20250515,20250515,20061127,4,1,V,
912DT,4203,2130001,CIRRUS DESIGN CORP,SR22,SR Series,1,2015,7,DE,1,US,20230519,20150612,20150515,4,1,V,
912GL,1336,2130001,CIRRUS DESIGN CORP,SR22,SR Series,1,2005,7,CA,4,US,20230401,20141112,20050301,4,1,V,
912TA,9621,2130004,CIRRUS DESIGN CORP,SR22T,SR Series,1,2023,8,MN,C,US,20251217,20241028,20231217,4,1,V,
912VV,9043,2130004,CIRRUS DESIGN CORP,SR22T,SR Series,1,2023,3,UT,S,US,20230323,20230323,20230126,4,1,V,
912YZ,9450,2130004,CIRRUS DESIGN CORP,SR22T,SR Series,1,2023,7,GA,7,US,20231025,20231025,20230924,4,1,V,
913AD,1520,2130001,CIRRUS DESIGN CORP,SR22,SR Series,1,2005,7,WI,C,US,20230407,20201216,20050719,4,1,V,
913AG,4065,2130001,CIRRUS DESIGN CORP,SR22,SR Series,1,2014,7,DE,1,US,20240613,20210405,20140324,4,1,V,
913BT,1271,2130001,CIRRUS DESIGN CORP,SR22,SR Series,1,2005,7,UT,S,US,20230317,20140924,20050119,4,1,V,
913CD,0252,2130001,CIRRUS DESIGN CORP,SR22,SR Series,1,,1,MA,E,US,20231020,20200429,,4,1,V,
913CF,0466,2130004,CIRRUS DESIGN CORP,SR22T,SR Series,1,2013,7,CO,S,US,20230515,20230515,20130304,4,1,V,
913CN,1217,2130001,CIRRUS DESIGN CORP,SR22,SR Series,1,2004,7,FL,7,US,20230922,20161223,20041212,4,1,V,
913DB,0379,2130004,CIRRUS DESIGN CORP,SR22T,SR Series,1,2012,1,WA,S,US,20231208,20231208,20120926,4,1,V,
913EG,9152,2130000,CIRRUS DESIGN CORP,SR20,SR Series,1,2023,7,FL,7,US,20250912,20250912,20230325,4,1,V,
913GT,1030,2130001,CIRRUS DESIGN CORP,SR22,SR Series,1,2004,4,PA,1,US,20230210,20230210,20040803,4,1,V,
913MT,1597,2130001,CIRRUS DESIGN CORP,SR22,SR Series,1,2005,7,AL,7,US,20250604,20250604,20050906,4,1,V,
913RJ,3023,2130001,CIRRUS DESIGN CORP,SR22,SR Series,1,2008,1,TX,2,US,20260129,20260129,20080506,4,1,V,
913TJ,9036,2130004,CIRRUS DESIGN CORP,SR22T,SR Series,1,2023,7,MI,C,US,20230502,20230413,20230120,4,1,V,
9143,1842,2130004,CIRRUS DESIGN CORP,SR22T,SR Series,1,2019,7,MA,E,US,20231011,20231011,20190103,4,1,V,
914AF,0378,2130010,CIRRUS DESIGN CORP,SF50,Vision Jet,1,2022,7,TN,3,US,20240515,20230208,20220901,4,5,V,
914BA,11645,2130001,CIRRUS DESIGN CORP,SR22,SR Series,1,,8,MN,C,US,20260707,,,4,1,M,
914CH,11304,2130001,CIRRUS DESIGN CORP,SR22,SR Series,1,2026,7,AR,2,US,20260625,20260625,20260331,4,1,V,
914CJ,3795,2130001,CIRRUS DESIGN CORP,SR22,SR Series,1,2011,1,,,,20230324,20111021,20110927,4,1,V,
914CT,11273,2130004,CIRRUS DESIGN CORP,SR22T,SR Series,1,2026,7,FL,7,US,20260414,20260414,20260320,4,1,V,
914D,1104,2130000,CIRRUS DESIGN CORP,SR20,SR Series,1,2000,7,NC,1,US,20260326,20260326,20001223,4,1,V,
914GT,3614,2130001,CIRRUS DESIGN CORP,SR22,SR Series,1,2010,7,ND,C,US,20240211,20240211,20100414,4,1,V,
914PK,10528,2130004,CIRRUS DESIGN CORP,SR22T,SR Series,1,2025,1,NC,1,US,20250414,20250414,20250321,4,1,V,
914SY,8737,2130004,CIRRUS DESIGN CORP,SR22T,SR Series,1,2022,7,OK,2,US,20250619,20220819,20220720,4,1,V,
914TD,2026,2130000,CIRRUS DESIGN CORP,SR20,SR Series,1,2009,1,PA,1,US,20230617,20230617,20090630,4,1,V,
914TL,1142,2130001,CIRRUS DESIGN CORP,SR22,SR Series,1,2004,1,KS,3,US,20231105,20231105,20041027,4,1,V,
914WF,1548,2130004,CIRRUS DESIGN CORP,SR22T,SR Series,1,2017,8,DE,1,US,20251207,20251207,20170530,4,1,V,
915AS,4390,2130001,CIRRUS DESIGN CORP,SR22,SR Series,1,2016,3,TN,3,US,20260210,20260210,20160915,4,1,V,
915CB,2346,2130004,CIRRUS DESIGN CORP,SR22T,SR Series,1,2021,7,GA,7,US,20230610,20210909,20210616,4,1,V,
915CS,10520,2130004,CIRRUS DESIGN CORP,SR22T,SR Series,1,2025,7,FL,7,US,20260419,20260419,20250302,4,1,V,
915DC,1093,2130001,CIRRUS DESIGN CORP,SR22,SR Series,1,2004,4,CA,4,US,20230915,20161101,20040921,4,1,V,
915DJ,1168,2130000,CIRRUS DESIGN CORP,SR20,SR Series,1,2002,7,FL,7,US,20240117,20240116,20020108,4,1,V,
915EB,2136,2130004,CIRRUS DESIGN CORP,SR22T,SR Series,1,2020,7,CA,4,US,20240329,20230331,20200714,4,1,V,
915GC,1348,2130000,CIRRUS DESIGN CORP,SR20,SR Series,1,2003,7,FL,7,US,20230122,20200324,20030820,4,1,V,
915HK,3794,2130001,CIRRUS DESIGN CORP,SR22,SR Series,1,2011,7,IL,C,US,20230324,20111019,20110926,4,1,V,
915JS,2305,2130000,CIRRUS DESIGN CORP,SR20,SR Series,1,2016,1,FL,7,US,20240106,20240106,20160204,4,1,V,
915MA,2777,2130000,CIRRUS DESIGN CORP,SR20,SR Series,1,2021,1,TX,2,US,20240803,20240803,20211029,4,1,V,
915TD,4098,2130001,CIRRUS DESIGN CORP,SR22,SR Series,1,2014,4,FL,7,US,20230512,20210527,20140613,4,1,V,
915WW,11178,2130001,CIRRUS DESIGN CORP,SR22,SR Series,1,2026,7,TN,3,US,20260329,20260329,20260127,4,1,V,
916AK,0435,2130004,CIRRUS DESIGN CORP,SR22T,SR Series,1,2012,1,MD,1,US,20250314,20250314,20121213,4,1,V,
916CD,0318,2130001,CIRRUS DESIGN CORP,SR22,SR Series,1,2002,3,DE,1,US,20250818,20250818,20020824,4,1,V,
916CT,2916,2130001,CIRRUS DESIGN CORP,SR22,SR Series,1,2008,1,TX,2,US,20240823,20240823,20080124,4,1,V,
916LJ,0080,2130001,CIRRUS DESIGN CORP,SR22,SR Series,1,2001,1,AZ,4,US,20230526,20091007,20010818,4,1,V,
916P,2484,2130001,CIRRUS DESIGN CORP,SR22,SR Series,1,2007,7,MO,3,US,20230825,20190823,20070509,4,1,V,
916RS,9021,2130004,CIRRUS DESIGN CORP,SR22T,SR Series,1,2022,7,AZ,4,US,20230331,20230331,20221227,4,1,V,
916SY,1916,2130004,CIRRUS DESIGN CORP,SR22T,SR Series,1,2019,7,AZ,4,US,20230915,20221107,20190508,4,1,V,
917,10282,2130004,CIRRUS DESIGN CORP,SR22T,SR Series,1,2024,7,MT,S,US,20250116,20250102,20241025,4,1,V,
917CD,0350,2130001,CIRRUS DESIGN CORP,SR22,SR Series,1,2002,1,CO,S,US,20230310,20210522,20021012,4,1,V,
917DM,1112,2130001,CIRRUS DESIGN CORP,SR22,SR Series,1,2004,4,TN,3,US,20260226,20260226,20041005,4,1,V,
917DS,11630,2130004,CIRRUS DESIGN CORP,SR22T,SR Series,1,,8,MN,C,US,20260729,,,4,1,M,
917GM,5083,2130001,CIRRUS DESIGN CORP,SR22,SR Series,1,2021,7,LA,2,US,20250429,20250429,20210910,4,1,V,
917JH,11116,2130004,CIRRUS DESIGN CORP,SR22T,SR Series,1,2026,1,CA,4,US,20260303,20260303,20260106,4,1,V,
917LK,10071,2130000,CIRRUS DESIGN CORP,SR20,SR Series,1,2024,1,CA,4,US,20240823,20240823,20240712,4,1,V,
917LM,2383,2130000,CIRRUS DESIGN CORP,SR20,SR Series,1,2017,7,WI,C,US,20240725,20240725,20171113,4,1,V,
917PJ,10858,2130004,CIRRUS DESIGN CORP,SR22T,SR Series,1,2025,7,AK,5,US,20251001,20251001,20250828,4,1,V,
917RT,1384,2130000,CIRRUS DESIGN CORP,SR20,SR Series,1,2004,7,WI,C,US,20241030,20241030,20040115,4,1,V,
917WK,0131,2130010,CIRRUS DESIGN CORP,SF50,Vision Jet,1,2019,7,OK,2,US,20240912,20240506,20190717,4,5,V,
918AR,0610,2130004,CIRRUS DESIGN CORP,SR22T,SR Series,1,2013,4,CA,4,US,20240703,20240703,20130930,4,1,V,
918CB,1832,2130004,CIRRUS DESIGN CORP,SR22T,SR Series,1,2018,7,TX,2,US,20251209,20251209,20181210,4,1,V,
918DP,10250,2130004,CIRRUS DESIGN CORP,SR22T,SR Series,1,2024,7,OK,2,US,20241105,20241105,20241010,4,1,V,
918DT,2060,2130004,CIRRUS DESIGN CORP,SR22T,SR Series,1,2020,7,OK,2,US,20241112,20200304,20200124,4,1,V,
918DW,4002,2130001,CIRRUS DESIGN CORP,SR22,SR Series,1,2013,7,FL,7,US,20230701,20181231,20131007,4,1,V,
918GG,9976,2130004,CIRRUS DESIGN CORP,SR22T,SR Series,1,2024,7,NC,1,US,20240624,20240624,20240525,4,1,V,
918GV,4646,2130001,CIRRUS DESIGN CORP,SR22,SR Series,1,2018,7,LA,2,US,20250113,20250113,20180403,4,1,V,
918JD,2372,2130004,CIRRUS DESIGN CORP,SR22T,SR Series,1,2021,7,IN,C,US,20250910,20211210,20210809,4,1,V,
918JW,2365,2130004,CIRRUS DESIGN CORP,SR22T,SR Series,1,2021,4,NC,1,US,20230616,20211012,20210715,4,1,V,
918K,4217,2130001,CIRRUS DESIGN CORP,SR22,SR Series,1,2015,7,MA,E,US,20230526,20150728,20150630,4,1,V,
918PB,4278,2130001,CIRRUS DESIGN CORP,SR22,SR Series,1,2015,7,FL,7,US,20230531,20200619,20151124,4,1,V,
918PG,1975,2130000,CIRRUS DESIGN CORP,SR20,SR Series,1,,3,NV,4,US,20230728,20220415,,4,1,V,
918RM,9255,2130004,CIRRUS DESIGN CORP,SR22T,SR Series,1,2023,4,MA,E,US,20260320,20260320,20230525,4,1,V,
918VM,9636,2130001,CIRRUS DESIGN CORP,SR22,SR Series,1,2023,1,TX,2,US,20241023,20240611,20231221,4,1,V,
918WT,2232,2130000,CIRRUS DESIGN CORP,SR20,SR Series,1,2013,1,SC,7,US,20260112,20260112,20130618,4,1,V,
918XT,2370,2130004,CIRRUS DESIGN CORP,SR22T,SR Series,1,2021,3,WA,S,US,20231004,20211102,20210806,4,1,V,
918Z,9941,2130001,CIRRUS DESIGN CORP,SR22,SR Series,1,2024,4,MA,E,US,20250320,20250320,20240523,4,1,V,
919BA,8698,2130001,CIRRUS DESIGN CORP,SR22,SR Series,1,2022,7,NY,1,US,20230930,20230105,20220626,4,1,V,
919CD,0278,2130001,CIRRUS DESIGN CORP,SR22,SR Series,1,2002,3,PA,1,US,20250611,20060727,20020726,4,1,V,Y
919GK,2413,2130004,CIRRUS DESIGN CORP,SR22T,SR Series,1,,7,NV,4,US,20230718,20220223,,4,1,V,
919SC,2112,2130001,CIRRUS DESIGN CORP,SR22,SR Series,1,2006,7,TX,2,US,20230825,20190819,20060829,4,1,V,
919SE,2215,2130001,CIRRUS DESIGN CORP,SR22,SR Series,1,2006,7,NC,1,US,20230317,20140909,20061030,4,1,V,
919SR,2713,2130001,CIRRUS DESIGN CORP,SR22,SR Series,1,2007,7,GA,7,US,20240408,20240408,20161208,4,1,V,
919TK,11467,2130001,CIRRUS DESIGN CORP,SR22,SR Series,1,,8,MN,C,US,20260220,,,4,1,M,
919TL,0182,2130001,CIRRUS DESIGN CORP,SR22,SR Series,1,2002,1,,,,20230909,20191018,20020326,4,1,V,
919WM,10264,2130000,CIRRUS DESIGN CORP,SR20,SR Series,1,2024,5,MI,C,US,20250113,20250113,20241016,4,1,V,
919WS,2274,2130004,CIRRUS DESIGN CORP,SR22T,SR Series,1,2021,7,AL,7,US,20250522,20210505,20210301,4,1,V,
91GL,10219,2130004,CIRRUS DESIGN CORP,SR22T,SR Series,1,2024,1,,,,20241011,20241011,20240922,4,1,V,
91KB,8872,2130004,CIRRUS DESIGN CORP,SR22T,SR Series,1,2022,7,NV,4,US,20250314,20250314,20221018,4,1,V,
91LG,9112,2130004,CIRRUS DESIGN CORP,SR22T,SR Series,1,2023,7,MA,E,US,20230513,20230513,20230311,4,1,V,
91NE,1500,2130001,CIRRUS DESIGN CORP,SR22,SR Series,1,2005,7,UT,S,US,20230728,20220422,20120322,4,1,V,
91SA,1710,2130000,CIRRUS DESIGN CORP,SR20,SR Series,1,2006,5,MI,C,US,20230512,20200415,20060809,4,1,V,
91SM,0644,2130004,CIRRUS DESIGN CORP,SR22T,SR Series,1,2013,1,AL,7,US,20230514,20200526,20131107,4,1,V,
91VX,9510,2130000,CIRRUS DESIGN CORP,SR20,SR Series,1,2023,7,MT,S,US,20250911,20250911,20231026,4,1,V,
91YW,10983,2130004,CIRRUS DESIGN CORP,SR22T,SR Series,1,2025,7,PA,1,US,20251119,20251119,20251016,4,1,V,
91ZT,9054,2130004,CIRRUS DESIGN CORP,SR22T,SR Series,1,2023,7,CO,S,US,20230516,20230516,20230202,4,1,V,
920AM,1569,2130004,CIRRUS DESIGN CORP,SR22T,SR Series,1,2017,1,CA,4,US,20230324,20171030,20170718,4,1,V,
920AW,1979,2130001,CIRRUS DESIGN CORP,SR22,SR Series,1,2006,7,LA,2,US,20230526,20210727,20060530,4,1,V,
920BC,3994,2130001,CIRRUS DESIGN CORP,SR22,SR Series,1,2013,7,SC,7,US,20231007,20170208,20131001,4,1,V,
920BD,1211,2130001,CIRRUS DESIGN CORP,SR22,SR Series,1,2004,3,UT,S,US,20230930,20080409,20041209,4,1,V,
920ED,4240,2130001,CIRRUS DESIGN CORP,SR22,SR Series,1,2015,7,NY,1,US,20260218,20231222,20150929,4,1,V,
920ML,4870,2130001,CIRRUS DESIGN CORP,SR22,SR Series,1,2019,7,FL,7,US,20230930,20200127,20191219,4,1,V,
920S,0230,2130010,CIRRUS DESIGN CORP,SF50,Vision Jet,1,2020,7,MA,E,US,20260210,20260210,20201020,4,5,V,
920SC,1292,2130000,CIRRUS DESIGN CORP,SR20,SR Series,1,2003,1,IN,C,US,20250114,20250114,20030214,4,1,V,
921CS,0287,2130004,CIRRUS DESIGN CORP,SR22T,SR Series,1,2012,3,FL,7,US,20230421,20120225,20120130,4,1,V,
921EP,11655,2130001,CIRRUS DESIGN CORP,SR22,SR Series,1,,8,MN,C,US,20260806,,,4,1,M,
921HR,3121,2130001,CIRRUS DESIGN CORP,SR22,SR Series,1,2008,1,PA,1,US,20230407,20201201,20080715,4,1,V,
921JP,9438,2130004,CIRRUS DESIGN CORP,SR22T,SR Series,1,2023,7,TX,2,US,20251010,20251010,20230926,4,1,V,
921RE,4524,2130001,CIRRUS DESIGN CORP,SR22,SR Series,1,2017,7,TN,3,US,20240626,20240626,20170905,4,1,V,
921TR,10435,2130000,CIRRUS DESIGN CORP,SR20,SR Series,1,2025,7,TN,3,US,20260203,20260203,20250112,4,1,V,
922BP,4613,2130001,CIRRUS DESIGN CORP,SR22,SR Series,1,2018,7,FL,7,US,20230526,20210722,20180314,4,1,V,
922KA,2390,2130001,CIRRUS DESIGN CORP,SR22,SR Series,1,2007,7,WV,1,US,20250126,20250126,20070306,4,1,V,
922MH,1281,2130001,CIRRUS DESIGN CORP,SR22,SR Series,1,2005,1,MA,E,US,20230718,20071221,20050121,4,1,V,
922MP,2400,2130004,CIRRUS DESIGN CORP,SR22T,SR Series,1,2021,7,LA,2,US,20250123,20250123,20210923,4,1,V,
922PR,11126,2130004,CIRRUS DESIGN CORP,SR22T,SR Series,1,2026,4,CA,4,US,20260310,20260310,20260106,4,1,V,
922SE,2224,2130001,CIRRUS DESIGN CORP,SR22,SR Series,1,2006,7,CO,S,US,20250205,20250205,20061031,4,1,V,
922SR,0461,2130001,CIRRUS DESIGN CORP,SR22,SR Series,1,2003,7,TX,2,US,20230310,20140819,20030301,4,1,V,
922TN,2529,2130001,CIRRUS DESIGN CORP,SR22,SR Series,1,2007,7,FL,7,US,20230930,20170118,20070529,4,1,V,
922TW,11621,2130001,CIRRUS DESIGN CORP,SR22,SR Series,1,,8,MN,C,US,20260423,,,4,1,M,
922VG,4393,2130001,CIRRUS DESIGN CORP,SR22,SR Series,1,2016,7,DE,1,US,20230519,20210612,20160921,4,1,V,
922WM,10284,2130000,CIRRUS DESIGN CORP,SR20,SR Series,1,2024,5,MI,C,US,20250113,20250113,20241022,4,1,V,
923AB,4472,2130001,CIRRUS DESIGN CORP,SR22,SR Series,1,2017,7,NY,1,US,20251006,20250613,20170429,4,1,V,
923AJ,3892,2130001,CIRRUS DESIGN CORP,SR22,SR Series,1,2012,1,,,,20240108,20230303,20121102,4,1,V,
923BB,2231,2130000,CIRRUS DESIGN CORP,SR20,SR Series,1,2013,7,DE,1,US,20260311,20250506,20130610,4,1,V,
923CD,10415,2130004,CIRRUS DESIGN CORP,SR22T,SR Series,1,2025,7,GA,7,US,20250305,20250304,20250108,4,1,V,
923CM,9312,2130001,CIRRUS DESIGN CORP,SR22,SR Series,1,2023,3,AL,7,US,20250619,20240306,20230628,4,1,V,
923GT,4535,2130001,CIRRUS DESIGN CORP,SR22,SR Series,1,,4,TN,3,US,20240611,20230802,20171005,4,1,V,
923HC,0333,2130010,CIRRUS DESIGN CORP,SF50,Vision Jet,1,2022,7,IN,C,US,20240828,20240828,20220112,4,5,V,
923JW,1700,2130000,CIRRUS DESIGN CORP,SR20,SR Series,1,2006,5,MI,C,US,20230512,20200415,20060718,4,1,V,
923MS,1743,2130001,CIRRUS DESIGN CORP,SR22,SR Series,1,2005,7,IL,C,US,20260601,20060720,20051222,4,1,V,
923PT,4531,2130001,CIRRUS DESIGN CORP,SR22,SR Series,1,2017,7,OK,2,US,20250108,20250108,20170925,4,1,V,
923TP,1689,2130004,CIRRUS DESIGN CORP,SR22T,SR Series,1,2018,4,GA,7,US,20250918,20250918,20180222,4,1,V,
923WS,1052,2130001,CIRRUS DESIGN CORP,SR22,SR Series,1,2004,3,CO,S,US,20250321,20041202,20040824,4,1,V,
924BM,4178,2130001,CIRRUS DESIGN CORP,SR22,SR Series,1,2015,7,IL,C,US,20230505,20150406,20150310,4,1,V,
924CD,0334,2130001,CIRRUS DESIGN CORP,SR22,SR Series,1,2002,7,CT,E,US,20260805,20260805,20030114,4,1,V,
924CF,1743,2130004,CIRRUS DESIGN CORP,SR22T,SR Series,1,2018,7,CA,4,US,20240616,20240616,20180622,4,1,V,
924DD,1443,2130000,CIRRUS DESIGN CORP,SR20,SR Series,1,2004,3,TN,3,US,20230707,20130131,20040811,4,1,V,
924JT,8905,2130000,CIRRUS DESIGN CORP,SR20,SR Series,1,2022,7,MN,C,US,20230318,20230318,20221112,4,1,V,
924P,0593,2130004,CIRRUS DESIGN CORP,SR22T,SR Series,1,2013,7,SC,7,US,20260226,20250305,20250311,4,1,V,
924TK,10701,2130001,CIRRUS DESIGN CORP,SR22,SR Series,1,2025,7,NY,1,US,20250714,20250714,20250524,4,1,V,
924TR,2708,2130000,CIRRUS DESIGN CORP,SR20,SR Series,1,2021,7,FL,7,US,20230407,20230326,20210311,4,1,V,
924W,0048,2130001,CIRRUS DESIGN CORP,SR22,SR Series,1,2001,7,NC,1,US,20250606,20250606,20010629,4,1,V,
9255,1651,2130000,CIRRUS DESIGN CORP,SR20,SR Series,1,2006,1,AR,2,US,20230603,20210816,20060419,4,1,V,
925CC,2992,2130001,CIRRUS DESIGN CORP,SR22,SR Series,1,2008,3,DE,1,US,20240724,20240724,20101031,4,1,V,
925CG,3645,2130001,CIRRUS DESIGN CORP,SR22,SR Series,1,,7,CO,S,US,20230512,20210505,20100416,4,1,V,
925CS,0424,2130004,CIRRUS DESIGN CORP,SR22T,SR Series,1,2012,7,FL,7,US,20230722,20130327,20121213,4,1,V,
925GW,9927,2130000,CIRRUS DESIGN CORP,SR20,SR Series,1,2024,7,DE,1,US,20240806,20240806,20240517,4,1,V,
925KD,1673,2130001,CIRRUS DESIGN CORP,SR22,SR Series,1,2005,1,MA,E,US,20260403,20260403,20051103,4,1,V,
925LB,4835,2130001,CIRRUS DESIGN CORP,SR22,SR Series,1,2019,1,NY,1,US,20251116,20251116,20191014,4,1,V,
925LC,4985,2130001,CIRRUS DESIGN CORP,SR22,SR Series,1,2020,7,MI,C,US,20230421,20210226,20201206,4,1,V,
925MS,0342,2130001,CIRRUS DESIGN CORP,SR22,SR Series,1,2002,1,MO,3,US,20230526,20021029,20021005,4,1,V,
925PC,1633,2130001,CIRRUS DESIGN CORP,SR22,SR Series,1,2005,7,TX,2,US,20231020,20170417,20051007,4,1,V,
925PD,1270,2130001,CIRRUS DESIGN CORP,SR22,SR Series,1,2005,7,KS,3,US,20230421,20150202,20050113,4,1,V,
925PW,0122,2130001,CIRRUS DESIGN CORP,SR22,SR Series,1,2001,7,FL,7,US,20230915,20221119,20011129,4,1,V,
925SE,2232,2130001,CIRRUS DESIGN CORP,SR22,SR Series,1,2006,7,WY,S,US,20260630,20210623,20061114,4,1,V,
925SR,1846,2130000,CIRRUS DESIGN CORP,SR20,SR Series,1,2007,1,FL,7,US,20240207,20240207,20070921,4,1,V,
926,9537,2130004,CIRRUS DESIGN CORP,SR22T,SR Series,1,2023,7,SD,C,US,20260715,20260715,20231108,4,1,V,
926CD,0351,2130001,CIRRUS DESIGN CORP,SR22,SR Series,1,2002,3,PA,1,US,20230902,20190918,20021012,4,1,V,
926CW,2324,2130004,CIRRUS DESIGN CORP,SR22T,SR Series,1,2021,7,CA,4,US,20240722,20240722,20210519,4,1,V,
926DC,0926,2130001,CIRRUS DESIGN CORP,SR22,SR Series,1,,7,TX,2,US,20230314,20230314,20040511,4,1,V,
926DM,8568,2130001,CIRRUS DESIGN CORP,SR22,SR Series,1,2022,7,VA,1,US,20240131,20240131,20220320,4,1,V,
926JN,0682,2130004,CIRRUS DESIGN CORP,SR22T,SR Series,1,2013,7,TX,2,US,20260310,20221028,20131230,4,1,V,
926KJ,8949,2130004,CIRRUS DESIGN CORP,SR22T,SR Series,1,2022,7,NC,1,US,20230315,20230315,20221130,4,1,V,
926KS,9424,2130004,CIRRUS DESIGN CORP,SR22T,SR Series,1,2023,7,DE,1,US,20231014,20231014,20230911,4,1,V,
926KW,8681,2130001,CIRRUS DESIGN CORP,SR22,SR Series,1,2022,7,NH,E,US,20230930,20230102,20220610,4,1,V,
926SJ,10783,2130004,CIRRUS DESIGN CORP,SR22T,SR Series,1,2025,7,CA,4,US,20260203,20250813,20250709,4,1,V,
926TK,8622,2130001,CIRRUS DESIGN CORP,SR22,SR Series,1,2022,7,MA,E,US,20250815,20250815,20220502,4,1,V,
926WG,4911,2130001,CIRRUS DESIGN CORP,SR22,SR Series,1,2020,7,GA,7,US,20240426,20240426,20200609,4,1,V,
927CD,0227,2130001,CIRRUS DESIGN CORP,SR22,SR Series,1,2002,1,MI,C,US,20230929,20230101,20131007,4,1,V,
927CR,1500,2130004,CIRRUS DESIGN CORP,SR22T,SR Series,1,2017,7,OH,C,US,20250627,20250627,20170308,4,1,V,
927CS,0496,2130004,CIRRUS DESIGN CORP,SR22T,SR Series,1,2013,7,WA,S,US,20230428,20210303,20130415,4,1,V,
927DB,4351,2130001,CIRRUS DESIGN CORP,SR22,SR Series,1,2016,7,KY,3,US,20230818,20160723,20160527,4,1,V,
927DK,10805,2130000,CIRRUS DESIGN CORP,SR20,SR Series,1,2025,7,WI,C,US,20250827,20250827,20250720,4,1,V,
927GL,0644,2130010,CIRRUS DESIGN CORP,SF50,Vision Jet,1,2025,7,DE,1,US,20250610,20250514,20250423,4,5,V,
927ML,10849,2130004,CIRRUS DESIGN CORP,SR22T,SR Series,1,2025,7,FL,7,US,20250924,20250924,20250810,4,1,V,
927PP,1367,2130000,CIRRUS DESIGN CORP,SR20,SR Series,1,2003,1,FL,7,US,20250228,20250228,20031015,4,1,V,
927SF,2238,2130001,CIRRUS DESIGN CORP,SR22,SR Series,1,2006,7,VA,1,US,20230122,20070416,20061113,4,1,V,
927WA,1807,2130001,CIRRUS DESIGN CORP,SR22,SR Series,1,2006,1,OH,C,US,20230701,20230701,20060206,4,1,V,
9280C,11139,2130004,CIRRUS DESIGN CORP,SR22T,SR Series,1,2026,8,MN,C,US,20251027,,20260113,4,1,M,
9284C,10218,2130004,CIRRUS DESIGN CORP,SR22T,SR Series,1,2024,7,ND,C,US,20241011,20241011,20240929,4,1,V,
928CS,0636,2130004,CIRRUS DESIGN CORP,SR22T,SR Series,1,,1,NE,3,US,20231128,20231128,20131031,4,1,V,
928CV,0697,2130010,CIRRUS DESIGN CORP,SF50,Vision Jet,1,2025,4,OH,C,US,20260303,20251024,20250929,4,5,V,
928DH,10189,2130004,CIRRUS DESIGN CORP,SR22T,SR Series,1,2024,7,TN,3,US,20241011,20241011,20240924,4,1,V,
928LT,8879,2130004,CIRRUS DESIGN CORP,SR22T,SR Series,1,2022,7,SC,7,US,20260102,20260102,20221010,4,1,V,
928MW,8947,2130004,CIRRUS DESIGN CORP,SR22T,SR Series,1,2022,7,MT,S,US,20230330,20230330,20221217,4,1,V,
928PM,2712,2130001,CIRRUS DESIGN CORP,SR22,SR Series,1,2007,7,CA,4,US,20230122,20140529,20070925,4,1,V,
928SD,10979,2130004,CIRRUS DESIGN CORP,SR22T,SR Series,1,2025,7,MT,S,US,20260205,20251125,20251011,4,1,V,
928SJ,0804,2130010,CIRRUS DESIGN CORP,SF50,Vision Jet,1,,8,MN,C,US,20260422,,,4,5,M,
928SK,0928,2130004,CIRRUS DESIGN CORP,SR22T,SR Series,1,2014,3,DE,1,US,20230401,20141124,20141124,4,1,V,
928SV,10635,2130000,CIRRUS DESIGN CORP,SR20,SR Series,1,2025,7,MI,C,US,20251020,20251020,20250503,4,1,V,
928ZT,9491,2130004,CIRRUS DESIGN CORP,SR22T,SR Series,1,2023,7,GA,7,US,20231203,20231128,20231024,4,1,V,
929,8706,2130001,CIRRUS DESIGN CORP,SR22,SR Series,1,2022,7,GA,7,US,20240813,20240813,20220714,4,1,V,
929AM,5024,2130001,CIRRUS DESIGN CORP,SR22,SR Series,1,2021,4,MA,E,US,20230519,20210623,20210402,4,1,V,
929BL,2898,2130001,CIRRUS DESIGN CORP,SR22,SR Series,1,2008,7,IN,C,US,20250113,20250113,20080102,4,1,V,
929BR,1606,2130004,CIRRUS DESIGN CORP,SR22T,SR Series,1,2017,4,TX,2,US,20250811,20250811,20170922,4,1,V,
929CD,10045,2130000,CIRRUS DESIGN CORP,SR20,SR Series,1,2024,4,CO,S,US,20240812,20240812,20240625,4,1,V,
929CP,0856,2130001,CIRRUS DESIGN CORP,SR22,SR Series,1,,7,LA,2,US,20230909,20191030,20040407,4,1,V,
929DE,0293,2130001,CIRRUS DESIGN CORP,SR22,SR Series,1,2002,3,KS,3,US,20230721,20190325,20020802,4,1,V,
929DR,4441,2130001,CIRRUS DESIGN CORP,SR22,SR Series,1,,7,WI,C,US,20230304,20200714,20161228,4,1,V,
929GK,11512,2130004,CIRRUS DESIGN CORP,SR22T,SR Series,1,,8,MN,C,US,20260421,,,4,1,M,
929HG,2460,2130000,CIRRUS DESIGN CORP,SR20,SR Series,1,2018,7,AZ,4,US,20240425,20240425,20181015,4,1,V,
929JW,2296,2130000,CIRRUS DESIGN CORP,SR20,SR Series,1,2015,7,AL,7,US,20230616,20211025,20150922,4,1,V,
929MB,10456,2130001,CIRRUS DESIGN CORP,SR22,SR Series,1,2025,7,IA,3,US,20250414,20250414,20250222,4,1,V,
929MG,1792,2130001,CIRRUS DESIGN CORP,SR22,SR Series,1,2006,7,DE,1,US,20231117,20231117,20060130,4,1,V,
929R,0133,2130001,CIRRUS DESIGN CORP,SR22,SR Series,1,2001,1,TX,2,US,20251118,20251118,20011220,4,1,V,
929SE,2244,2130001,CIRRUS DESIGN CORP,SR22,SR Series,1,2006,1,SC,7,US,20230512,20180518,20061109,4,1,V,
929TM,1568,2130000,CIRRUS DESIGN CORP,SR20,SR Series,1,2005,4,WI,C,US,20230224,20230224,20050919,4,1,V,
929W,11050,2130001,CIRRUS DESIGN CORP,SR22,SR Series,1,2025,7,GA,7,US,20260118,20260118,20251113,4,1,V,
929ZA,3818,2130001,CIRRUS DESIGN CORP,SR22,SR Series,1,2011,7,NJ,1,US,20230414,20120109,20111202,4,1,V,
92AC,0588,2130010,CIRRUS DESIGN CORP,SF50,Vision Jet,1,2024,7,FL,7,US,20241106,20241106,20241017,4,5,V,
92BK,8870,2130004,CIRRUS DESIGN CORP,SR22T,SR Series,1,2022,7,FL,7,US,20260812,20250407,20221015,4,1,V,
92BZ,0908,2130001,CIRRUS DESIGN CORP,SR22,SR Series,1,2004,7,OH,C,US,20250212,20250212,20040428,4,1,V,
92CD,0299,2130001,CIRRUS DESIGN CORP,SR22,SR Series,1,2002,1,NC,1,US,20230428,20150312,20020815,4,1,V,
92DE,8521,2130004,CIRRUS DESIGN CORP,SR22T,SR Series,1,2022,7,TX,2,US,20241025,20240614,20220215,4,1,V,
92HP,0305,2130010,CIRRUS DESIGN CORP,SF50,Vision Jet,1,2021,7,GA,7,US,20260321,20220211,20211117,4,5,V,
92HS,0761,2130010,CIRRUS DESIGN CORP,SF50,Vision Jet,1,2026,7,WI,C,US,20260608,20260608,20260417,4,5,V,
92JD,1468,2130000,CIRRUS DESIGN CORP,SR20,SR Series,1,2004,7,WI,C,US,20240129,20240129,20041002,4,1,V,
92JF,2246,2130004,CIRRUS DESIGN CORP,SR22T,SR Series,1,2021,7,DE,1,US,20230915,20221128,20210121,4,1,V,
92LB,9430,2130004,CIRRUS DESIGN CORP,SR22T,SR Series,1,2023,7,MA,E,US,20251211,20251211,20230913,4,1,V,
92NF,1425,2130004,CIRRUS DESIGN CORP,SR22T,SR Series,1,2016,7,CA,4,US,20250924,20231203,20160830,4,1,V,
92PF,2126,2130004,CIRRUS DESIGN CORP,SR22T,SR Series,1,2020,7,DE,1,US,20241008,20241008,20200615,4,1,V,
92PK,0238,2130004,CIRRUS DESIGN CORP,SR22T,SR Series,1,2011,7,VA,1,US,20250326,20250326,20111128,4,1,V,
92PR,1287,2130004,CIRRUS DESIGN CORP,SR22T,SR Series,1,2016,4,CA,4,US,20230804,20160518,20160325,4,1,V,
92SP,0711,2130010,CIRRUS DESIGN CORP,SF50,Vision Jet,1,2025,7,CA,4,US,20251124,20251124,20251117,4,5,V,
92VG,0551,2130010,CIRRUS DESIGN CORP,SF50,Vision Jet,1,2024,7,WI,C,US,20240624,20240624,20240521,4,5,V,
92WF,3763,2130001,CIRRUS DESIGN CORP,SR22,SR Series,1,,7,WY,S,US,20240118,20231026,20110614,4,1,V,
92WT,10104,2130004,CIRRUS DESIGN CORP,SR22T,SR Series,1,2024,7,DE,1,US,20241008,20241008,20240824,4,1,V,
930AB,9496,2130000,CIRRUS DESIGN CORP,SR20,SR Series,1,2023,7,CT,E,US,20260706,20260706,20231018,4,1,V,
930DG,4935,2130001,CIRRUS DESIGN CORP,SR22,SR Series,1,2020,4,WA,S,US,20250922,20250922,20200812,4,1,V,
930KH,0317,2130001,CIRRUS DESIGN CORP,SR22,SR Series,1,2002,7,GA,7,US,20230701,20151210,20020825,4,1,V,
930PG,1224,2130000,CIRRUS DESIGN CORP,SR20,SR Series,1,2002,7,NY,1,US,20230818,20030210,20020628,4,1,V,
930SE,2254,2130001,CIRRUS DESIGN CORP,SR22,SR Series,1,2006,1,MN,C,US,20250512,20250509,20061206,4,1,V,
930SL,2517,2130000,CIRRUS DESIGN CORP,SR20,SR Series,1,2019,7,CO,S,US,20250824,20241212,20191002,4,1,V,
930SM,11351,2130004,CIRRUS DESIGN CORP,SR22T,SR Series,1,2026,7,MI,C,US,20260715,20260715,20260422,4,1,V,
931CD,0261,2130001,CIRRUS DESIGN CORP,SR22,SR Series,1,,3,VA,1,US,20251123,20251123,,4,1,V,
931CT,2931,2130001,CIRRUS DESIGN CORP,SR22,SR Series,1,2008,7,DE,1,US,20240315,20140716,20080201,4,1,V,
931DR,0047,2130004,CIRRUS DESIGN CORP,SR22T,SR Series,1,2010,7,MT,S,US,20231007,20200210,20101213,4,1,V,
9322T,2031,2130004,CIRRUS DESIGN CORP,SR22T,SR Series,1,2019,7,AL,7,US,20230327,20210702,20191210,4,1,V,
932CD,1231,2130000,CIRRUS DESIGN CORP,SR20,SR Series,1,2002,7,DE,1,US,20250517,20150603,20020726,4,1,V,
932DR,2356,2130000,CIRRUS DESIGN CORP,SR20,SR Series,1,2017,7,TX,2,US,20240901,20240901,20170607,4,1,V,
932TA,1537,2130001,CIRRUS DESIGN CORP,SR22,SR Series,1,,7,KY,3,US,20231007,20170221,20050726,4,1,V,
933CD,1233,2130001,CIRRUS DESIGN CORP,SR22,SR Series,1,2004,1,TX,2,US,20230825,20130807,20041220,4,1,V,
933DH,0772,2130001,CIRRUS DESIGN CORP,SR22,SR Series,1,2003,2,CO,S,US,20230426,20230426,20031212,4,1,V,
933JB,2494,2130000,CIRRUS DESIGN CORP,SR20,SR Series,1,2019,7,TN,3,US,20260313,20230617,20190528,4,1,V,
933WP,4370,2130001,CIRRUS DESIGN CORP,SR22,SR Series,1,2016,7,TN,3,US,20230309,20230309,20160714,4,1,V,
934AF,0074,2130010,CIRRUS DESIGN CORP,SF50,Vision Jet,1,2018,7,FL,7,US,20230127,20230127,20180925,4,5,V,
934DR,1822,2130004,CIRRUS DESIGN CORP,SR22T,SR Series,1,2018,7,TX,2,US,20251028,20251028,20181114,4,1,V,
934FP,0452,2130010,CIRRUS DESIGN CORP,SF50,Vision Jet,1,2023,7,TX,2,US,20230516,20230516,20230426,4,5,V,
934SY,9934,2130004,CIRRUS DESIGN CORP,SR22T,SR Series,1,2024,7,OK,2,US,20240620,20240620,20240608,4,1,V,
935CD,0454,2130001,CIRRUS DESIGN CORP,SR22,SR Series,1,2003,1,AL,7,US,20230718,20220204,20030327,4,1,V,
935DR,2347,2130004,CIRRUS DESIGN CORP,SR22T,SR Series,1,2021,7,DE,1,US,20240417,20210911,20210617,4,1,V,
935SR,2482,2130001,CIRRUS DESIGN CORP,SR22,SR Series,1,2007,4,TX,2,US,20230825,20160803,20070511,4,1,V,
935TS,3446,2130001,CIRRUS DESIGN CORP,SR22,SR Series,1,2009,7,OH,C,US,20260505,20260505,20090624,4,1,V,
936BC,9513,2130004,CIRRUS DESIGN CORP,SR22T,SR Series,1,2023,1,TX,2,US,20231211,20231211,20231027,4,1,V,
936CM,2447,2130001,CIRRUS DESIGN CORP,SR22,SR Series,1,2007,3,AL,7,US,20251009,20090612,20250428,4,1,V,
936CT,0648,2130004,CIRRUS DESIGN CORP,SR22T,SR Series,1,2013,3,DE,1,US,20250314,20250314,20131114,4,1,V,
936KC,0068,2130001,CIRRUS DESIGN CORP,SR22,SR Series,1,2001,7,CO,S,US,20231208,20231208,20010730,4,1,V,
936TS,0254,2130010,CIRRUS DESIGN CORP,SF50,Vision Jet,1,2021,7,NV,4,US,20230519,20210624,20210315,4,5,V,
937BC,2334,2130004,CIRRUS DESIGN CORP,SR22T,SR Series,1,2021,7,CA,4,US,20250617,20250617,20210526,4,1,V,
937DM,10225,2130004,CIRRUS DESIGN CORP,SR22T,SR Series,1,2024,7,MI,C,US,20241017,20241017,20241001,4,1,V,
937MB,10016,2130004,CIRRUS DESIGN CORP,SR22T,SR Series,1,2024,7,CA,4,US,20241011,20241011,20240614,4,1,V,
938BT,9382,2130004,CIRRUS DESIGN CORP,SR22T,SR Series,1,2023,7,GA,7,US,20260422,20260422,20230817,4,1,V,
938R,1219,2130000,CIRRUS DESIGN CORP,SR20,SR Series,1,,3,CA,4,US,20230122,20200422,,4,1,V,
938RT,11170,2130004,CIRRUS DESIGN CORP,SR22T,SR Series,1,2026,7,FL,7,US,20260416,20260416,20260204,4,1,V,
938RZ,0731,2130010,CIRRUS DESIGN CORP,SF50,Vision Jet,1,2026,7,FL,7,US,20260210,20260210,20260127,4,5,V,
9393T,9393,2130004,CIRRUS DESIGN CORP,SR22T,SR Series,1,2023,7,CA,4,US,20240124,20240124,20230820,4,1,V,
939CD,1295,2130000,CIRRUS DESIGN CORP,SR20,SR Series,1,2003,1,AZ,4,US,20260806,20260806,20030220,4,1,V,
939SR,1785,2130000,CIRRUS DESIGN CORP,SR20,SR Series,1,2007,3,NV,4,US,20251023,20251023,20070228,4,1,V,
939VG,11572,2130000,CIRRUS DESIGN CORP,SR20,SR Series,1,,8,MN,C,US,20260521,,,4,1,M,
939WB,9030,2130001,CIRRUS DESIGN CORP,SR22,SR Series,1,2023,7,NC,1,US,20230419,20230419,20230128,4,1,V,
939WM,11445,2130004,CIRRUS DESIGN CORP,SR22T,SR Series,1,,8,MN,C,US,20260311,,,4,1,M,
93AW,0727,2130010,CIRRUS DESIGN CORP,SF50,Vision Jet,1,2025,7,DE,1,US,20260217,20260217,20251222,4,5,V,
93DZ,2093,2130001,CIRRUS DESIGN CORP,SR22,SR Series,1,2006,7,NC,1,US,20230407,20220404,20060821,4,1,V,
93GD,0169,2130004,CIRRUS DESIGN CORP,SR22T,SR Series,1,2011,7,VA,1,US,20260513,20260513,20110713,4,1,V,
93GS,2134,2130000,CIRRUS DESIGN CORP,SR20,SR Series,1,2012,3,CA,4,US,20230610,20210928,20120215,4,1,V,
93KT,11537,2130004,CIRRUS DESIGN CORP,SR22T,SR Series,1,,8,MN,C,US,20260604,,,4,1,M,
93MF,10170,2130001,CIRRUS DESIGN CORP,SR22,SR Series,1,2024,7,NH,E,US,20241009,20241009,20240828,4,1,V,
93PF,2502,2130000,CIRRUS DESIGN CORP,SR20,SR Series,1,2019,7,TX,2,US,20230915,20221129,20190613,4,1,V,
93PU,9791,2130004,CIRRUS DESIGN CORP,SR22T,SR Series,1,2024,7,IN,C,US,20240316,20240316,20240216,4,1,V,
93PW,8796,2130001,CIRRUS DESIGN CORP,SR22,SR Series,1,2022,7,FL,7,US,20241123,20241123,20220830,4,1,V,
93SJ,0163,2130010,CIRRUS DESIGN CORP,SF50,Vision Jet,1,2019,7,FL,7,US,20240106,20240106,20191120,4,5,V,
93TA,1683,2130000,CIRRUS DESIGN CORP,SR20,SR Series,1,2006,7,VT,E,US,20260224,20260224,20060710,4,1,V,
93VG,3563,2130001,CIRRUS DESIGN CORP,SR22,SR Series,1,2009,7,OH,C,US,20230915,20161115,20091102,4,1,V,
93WB,2772,2130001,CIRRUS DESIGN CORP,SR22,SR Series,1,2007,7,MI,C,US,20230122,20170621,20071029,4,1,V,
93WF,0087,2130001,CIRRUS DESIGN CORP,SR22,SR Series,1,2001,1,NH,E,US,20230304,20110713,20010831,4,1,V,
940CD,0259,2130001,CIRRUS DESIGN CORP,SR22,SR Series,1,2002,3,TX,2,US,20230526,20120712,20020710,4,1,V,
940TS,0838,2130004,CIRRUS DESIGN CORP,SR22T,SR Series,1,2014,1,IL,C,US,20230825,20220829,20140804,4,1,V,
941CD,0270,2130001,CIRRUS DESIGN CORP,SR22,SR Series,1,,7,CA,4,US,20250211,20250211,20020718,4,1,V,
941CS,0839,2130004,CIRRUS DESIGN CORP,SR22T,SR Series,1,2014,7,GA,7,US,20230707,20190128,20140806,4,1,V,
941CZ,9415,2130001,CIRRUS DESIGN CORP,SR22,SR Series,1,2023,7,IL,C,US,20250414,20250414,20230829,4,1,V,
941SE,2312,2130001,CIRRUS DESIGN CORP,SR22,SR Series,1,2007,7,WA,S,US,20230414,20180112,20140519,4,1,V,
941SG,10167,2130004,CIRRUS DESIGN CORP,SR22T,SR Series,1,2024,3,FL,7,US,20251001,20241113,20240910,4,1,V,
941SL,3895,2130001,CIRRUS DESIGN CORP,SR22,SR Series,1,2012,7,TX,2,US,20250806,20250806,20121109,4,1,V,
941SR,1907,2130000,CIRRUS DESIGN CORP,SR20,SR Series,1,2008,7,SC,7,US,20260309,20260309,20090226,4,1,V,
941SS,0030,2130004,CIRRUS DESIGN CORP,SR22T,SR Series,1,2010,3,DE,1,US,20230930,20200102,20100930,4,1,V,
941VF,11247,2130000,CIRRUS DESIGN CORP,SR20,SR Series,1,2026,7,FL,7,US,20260513,20260513,20260306,4,1,V,
942AM,10699,2130001,CIRRUS DESIGN CORP,SR22,SR Series,1,2025,4,NY,1,US,20250704,20250704,20250529,4,1,V,
942CD,1195,2130000,CIRRUS DESIGN CORP,SR20,SR Series,1,2002,1,NE,3,US,20230915,20191119,20020430,4,1,V,
942PS,0552,2130004,CIRRUS DESIGN CORP,SR22T,SR Series,1,2013,7,ID,S,US,20230825,20130812,20130711,4,1,V,
942SR,3326,2130001,CIRRUS DESIGN CORP,SR22,SR Series,1,2008,3,FL,7,US,20250613,20250613,20090217,4,1,V,
943CD,1327,2130001,CIRRUS DESIGN CORP,SR22,SR Series,1,2005,3,NE,3,US,20230310,20110825,20050225,4,1,V,
943SH,10976,2130004,CIRRUS DESIGN CORP,SR22T,SR Series,1,2025,3,LA,2,US,20251204,20251204,20251019,4,1,V,
944AL,0331,2130010,CIRRUS DESIGN CORP,SF50,Vision Jet,1,2021,7,TX,2,US,20230804,20220523,20211230,4,5,V,
944HC,2659,2130001,CIRRUS DESIGN CORP,SR22,SR Series,1,2007,3,GA,7,US,20230728,20190424,20070822,4,1,V,
945AA,0087,2130010,CIRRUS DESIGN CORP,SF50,Vision Jet,1,2018,7,MT,S,US,20230214,20230214,20181129,4,5,V,
945BD,4397,2130001,CIRRUS DESIGN CORP,SR22,SR Series,1,2016,3,,,,20230915,20161107,20160930,4,1,V,
945CD,1699,2130001,CIRRUS DESIGN CORP,SR22,SR Series,1,2005,3,FL,7,US,20230816,20230816,20051122,4,1,V,
945P,1909,2130001,CIRRUS DESIGN CORP,SR22,SR Series,1,2006,7,CT,E,US,20251005,20251005,20060420,4,1,V,
945SE,2394,2130001,CIRRUS DESIGN CORP,SR22,SR Series,1,2007,7,PA,1,US,20231020,20070523,20070313,4,1,V,
945TR,2169,2130001,CIRRUS DESIGN CORP,SR22,SR Series,1,2006,3,LA,2,US,20230804,20220531,20060929,4,1,V,
945WT,3831,2130001,CIRRUS DESIGN CORP,SR22,SR Series,1,2012,7,NV,4,US,20230505,20120416,20120125,4,1,V,
946CD,1839,2130001,CIRRUS DESIGN CORP,SR22,SR Series,1,2006,7,UT,S,US,20230510,20230510,20060302,4,1,V,
947CD,1725,2130001,CIRRUS DESIGN CORP,SR22,SR Series,1,,1,AZ,4,US,20230428,20150309,20051209,4,1,V,
947KA,8904,2130000,CIRRUS DESIGN CORP,SR20,SR Series,1,2022,7,IN,C,US,20230830,20230830,20221028,4,1,V,
947TH,1903,2130001,CIRRUS DESIGN CORP,SR22,SR Series,1,2006,7,DE,1,US,20251113,20251113,20060412,4,1,V,
948CD,1065,2130001,CIRRUS DESIGN CORP,SR22,SR Series,1,2004,3,AR,2,US,20260406,,20040831,4,1,V,
948EA,3152,2130001,CIRRUS DESIGN CORP,SR22,SR Series,1,,7,CA,4,US,20231013,20220428,,4,1,V,
948HC,0712,2130001,CIRRUS DESIGN CORP,SR22,SR Series,1,,3,GA,7,US,20230525,20230525,20031021,4,1,V,
948MC,11163,2130000,CIRRUS DESIGN CORP,SR20,SR Series,1,2026,7,GA,7,US,20260427,20260427,20260127,4,1,V,
948SR,2036,2130001,CIRRUS DESIGN CORP,SR22,SR Series,1,2006,3,OK,2,US,20230901,20110831,20060705,4,1,V,
949AC,0833,2130004,CIRRUS DESIGN CORP,SR22T,SR Series,1,2014,7,WY,S,US,20240917,20240917,20140724,4,1,V,
949KL,4471,2130001,CIRRUS DESIGN CORP,SR22,SR Series,1,2017,3,NC,1,US,20230304,20200717,20170426,4,1,V,
949KM,0329,2130004,CIRRUS DESIGN CORP,SR22T,SR Series,1,,7,OH,C,US,20241017,20241017,20120608,4,1,V,
949MM,11040,2130001,CIRRUS DESIGN CORP,SR22,SR Series,1,2025,7,LA,2,US,20260109,20260109,20251109,4,1,V,
949RD,2181,2130004,CIRRUS DESIGN CORP,SR22T,SR Series,1,2020,7,NE,3,US,20241015,20240805,20200827,4,1,V,
949WB,0447,2130001,CIRRUS DESIGN CORP,SR22,SR Series,1,2003,7,LA,2,US,20250822,20250822,20030109,4,1,V,
94AD,0037,2130010,CIRRUS DESIGN CORP,SF50,Vision Jet,1,2018,8,MN,C,US,20251129,20251129,20180309,4,5,V,
94EB,5094,2130001,CIRRUS DESIGN CORP,SR22,SR Series,1,2021,7,MT,S,US,20230728,20220402,20210930,4,1,V,
94RS,1668,2130000,CIRRUS DESIGN CORP,SR20,SR Series,1,2006,5,MI,C,US,20230512,20200415,20060613,4,1,V,
951AW,0242,2130010,CIRRUS DESIGN CORP,SF50,Vision Jet,1,2020,7,FL,7,US,20230428,20210305,20201215,4,5,V,
951CD,1833,2130001,CIRRUS DESIGN CORP,SR22,SR Series,1,2006,7,MS,2,US,20231012,20171204,20060227,4,1,V,
951DT,1560,2130000,CIRRUS DESIGN CORP,SR20,SR Series,1,2005,3,MT,S,US,20260623,20260623,20050914,4,1,V,
951PB,1449,2130001,CIRRUS DESIGN CORP,SR22,SR Series,1,2005,7,CT,E,US,20230909,20191008,20050520,4,1,V,
951PR,10971,2130001,CIRRUS DESIGN CORP,SR22,SR Series,1,2025,7,FL,7,US,20251118,20251118,20251005,4,1,V,
9527,2117,2130001,CIRRUS DESIGN CORP,SR22,SR Series,1,2006,1,CA,4,US,20260406,20240318,20060830,4,1,V,
952C,0422,2130001,CIRRUS DESIGN CORP,SR22,SR Series,1,2002,7,WI,C,US,20241101,20050526,20021216,4,1,V,
952DS,1102,2130000,CIRRUS DESIGN CORP,SR20,SR Series,1,2000,4,AZ,4,US,20250905,20250905,20001214,4,1,V,
952RT,1875,2130001,CIRRUS DESIGN CORP,SR22,SR Series,1,2006,3,FL,7,US,20230127,20230127,20060327,4,1,V,
952SB,4314,2130001,CIRRUS DESIGN CORP,SR22,SR Series,1,,7,FL,7,US,20230721,20220305,,4,1,V,
952SV,8728,2130001,CIRRUS DESIGN CORP,SR22,SR Series,1,2022,7,MO,3,US,20230131,20230123,20220706,4,1,V,
9536M,4143,2130001,CIRRUS DESIGN CORP,SR22,SR Series,1,2014,7,WI,C,US,20230526,20210714,20141119,4,1,V,
953AB,3815,2130001,CIRRUS DESIGN CORP,SR22,SR Series,1,2011,3,KS,3,US,20250222,20250222,20111117,4,1,V,
953DC,10921,2130004,CIRRUS DESIGN CORP,SR22T,SR Series,1,2025,7,MS,2,US,20251021,20251021,20250914,4,1,V,
953EG,2417,2130001,CIRRUS DESIGN CORP,SR22,SR Series,1,2007,7,NH,E,US,20251216,20251216,20070323,4,1,V,
953MB,2149,2130001,CIRRUS DESIGN CORP,SR22,SR Series,1,2006,1,,,,20230603,20210823,20060919,4,1,V,
953MH,2349,2130004,CIRRUS DESIGN CORP,SR22T,SR Series,1,2021,7,DE,1,US,20260402,20210928,20210701,4,1,V,
954CV,0018,2130010,CIRRUS DESIGN CORP,SF50,Vision Jet,1,2017,4,CO,S,US,20230526,20210720,20170905,4,5,V,
954JF,11297,2130000,CIRRUS DESIGN CORP,SR20,SR Series,1,2026,7,TX,2,US,20260615,20260615,20260325,4,1,V,
954KB,1803,2130000,CIRRUS DESIGN CORP,SR20,SR Series,1,2007,1,SC,7,US,20230310,20070629,20070621,4,1,V,
954PG,4256,2130001,CIRRUS DESIGN CORP,SR22,SR Series,1,2015,7,FL,7,US,20230623,20151123,20151008,4,1,V,
954TB,8617,2130004,CIRRUS DESIGN CORP,SR22T,SR Series,1,2022,7,FL,7,US,20240410,20231021,20220426,4,1,V,
955CB,3124,2130001,CIRRUS DESIGN CORP,SR22,SR Series,1,2008,1,NV,4,US,20231024,20231024,20080709,4,1,V,
955JL,2099,2130001,CIRRUS DESIGN CORP,SR22,SR Series,1,2006,7,FL,7,US,20230811,20220613,20060825,4,1,V,
955JW,4455,2130001,CIRRUS DESIGN CORP,SR22,SR Series,1,2017,7,CT,E,US,20230414,20180108,20170301,4,1,V,
955M,0695,2130010,CIRRUS DESIGN CORP,SF50,Vision Jet,1,2025,4,NV,4,US,20260112,20251030,20250925,4,5,V,
955SR,2217,2130001,CIRRUS DESIGN CORP,SR22,SR Series,1,2006,7,CA,4,US,20250127,20250127,20061031,4,1,V,
955W,4901,2130001,CIRRUS DESIGN CORP,SR22,SR Series,1,2020,7,TX,2,US,20230122,20200428,20200321,4,1,V,
955WT,8775,2130001,CIRRUS DESIGN CORP,SR22,SR Series,1,2022,4,CT,E,US,20230222,20230128,20220813,4,1,V,
956C,0387,2130001,CIRRUS DESIGN CORP,SR22,SR Series,1,2002,3,VA,1,US,20230909,20030121,20021115,4,1,V,
956HK,11367,2130000,CIRRUS DESIGN CORP,SR20,SR Series,1,2026,8,MN,C,US,20260213,,20260508,4,1,M,
956PV,2951,2130001,CIRRUS DESIGN CORP,SR22,SR Series,1,2008,3,LA,2,US,20230718,20130212,20080310,4,1,V,
956WP,9332,2130001,CIRRUS DESIGN CORP,SR22,SR Series,1,2023,7,WI,C,US,20230904,20230904,20230709,4,1,V,
9577P,1128,2130004,CIRRUS DESIGN CORP,SR22T,SR Series,1,2015,7,TN,3,US,20260207,20260207,20151015,4,1,V,
957JP,0802,2130010,CIRRUS DESIGN CORP,SF50,Vision Jet,1,,8,MN,C,US,20260217,,,4,5,M,
957JW,11254,2130000,CIRRUS DESIGN CORP,SR20,SR Series,1,2026,7,CA,4,US,20260523,20260523,20260312,4,1,V,
957PJ,9420,2130004,CIRRUS DESIGN CORP,SR22T,SR Series,1,2023,7,CO,S,US,20231016,20231016,20230914,4,1,V,
958CD,1788,2130001,CIRRUS DESIGN CORP,SR22,SR Series,1,2006,7,TX,2,US,20240701,20180504,20060127,4,1,V,
958PG,9509,2130004,CIRRUS DESIGN CORP,SR22T,SR Series,1,2023,7,NC,1,US,20251028,20251028,20231030,4,1,V,
958PT,4578,2130001,CIRRUS DESIGN CORP,SR22,SR Series,1,2017,4,TX,2,US,20240530,20240530,20171218,4,1,V,
958S,10633,2130004,CIRRUS DESIGN CORP,SR22T,SR Series,1,2025,7,TN,3,US,20260106,20250905,20250507,4,1,V,
959CD,1808,2130001,CIRRUS DESIGN CORP,SR22,SR Series,1,2006,7,SC,7,US,20231020,20170403,20060207,4,1,V,
959DR,2890,2130001,CIRRUS DESIGN CORP,SR22,SR Series,1,2007,7,WI,C,US,20231111,20231111,20071220,4,1,V,
959GK,8866,2130004,CIRRUS DESIGN CORP,SR22T,SR Series,1,2022,7,MO,3,US,20230223,20230223,20221005,4,1,V,
959WT,1120,2130001,CIRRUS DESIGN CORP,SR22,SR Series,1,2004,7,WA,S,US,20230627,20200622,20041014,4,1,V,
95AT,1930,2130004,CIRRUS DESIGN CORP,SR22T,SR Series,1,2019,1,TX,2,US,20260509,20260509,20190530,4,1,V,
95CM,3435,2130001,CIRRUS DESIGN CORP,SR22,SR Series,1,2009,4,WA,S,US,20251014,20251014,20090601,4,1,V,
95GT,1758,2130001,CIRRUS DESIGN CORP,SR22,SR Series,1,2006,3,NV,4,US,20260121,20260121,20060109,4,1,V,
95H,0546,2130010,CIRRUS DESIGN CORP,SF50,Vision Jet,1,2024,4,,,,20260213,20250927,20240426,4,5,V,
95HM,1968,2130004,CIRRUS DESIGN CORP,SR22T,SR Series,1,2019,7,TX,2,US,20260205,20260205,20190819,4,1,V,
95P,0645,2130004,CIRRUS DESIGN CORP,SR22T,SR Series,1,2013,3,IL,C,US,20251124,20250822,20131112,4,1,V,
95RM,0626,2130010,CIRRUS DESIGN CORP,SF50,Vision Jet,1,2025,7,TX,2,US,20250226,20250226,20250213,4,5,V,
95SE,9878,2130004,CIRRUS DESIGN CORP,SR22T,SR Series,1,2024,7,MO,3,US,20240604,20240604,20240407,4,1,V,
96007,10478,2130004,CIRRUS DESIGN CORP,SR22T,SR Series,1,2025,7,AL,7,US,20260722,20260722,20250215,4,1,V,
960AL,1457,2130004,CIRRUS DESIGN CORP,SR22T,SR Series,1,2016,3,DE,1,US,20230707,20220110,20161122,4,1,V,
960BG,10179,2130001,CIRRUS DESIGN CORP,SR22,SR Series,1,2024,1,FL,7,US,20241106,20241106,20240912,4,1,V,
960BP,1110,2130001,CIRRUS DESIGN CORP,SR22,SR Series,1,2004,7,GA,7,US,20230915,20050215,20041007,4,1,V,
960CM,0041,2130001,CIRRUS DESIGN CORP,SR22,SR Series,1,2001,7,CA,4,US,20240212,20240212,20010618,4,1,V,
960JA,2578,2130001,CIRRUS DESIGN CORP,SR22,SR Series,1,2007,7,FL,7,US,20241106,20150908,20070627,4,1,V,
960P,0426,2130001,CIRRUS DESIGN CORP,SR22,SR Series,1,2002,3,KS,3,US,20231129,20231124,20021219,4,1,V,
960TM,11662,2130001,CIRRUS DESIGN CORP,SR22,SR Series,1,,8,MN,C,US,20260710,,,4,1,M,
961CD,1824,2130001,CIRRUS DESIGN CORP,SR22,SR Series,1,2006,3,FL,7,US,20230505,20090930,20060222,4,1,V,
961CM,0249,2130010,CIRRUS DESIGN CORP,SF50,Vision Jet,1,2021,7,VA,1,US,20231218,20231218,20210208,4,5,V,
961MC,2079,2130004,CIRRUS DESIGN CORP,SR22T,SR Series,1,2020,7,IA,3,US,20250728,20240828,20200220,4,1,V,
9621J,1441,2130004,CIRRUS DESIGN CORP,SR22T,SR Series,1,2016,7,CA,4,US,20250722,20250722,20160919,4,1,V,
962MB,4866,2130001,CIRRUS DESIGN CORP,SR22,SR Series,1,2019,7,NY,1,US,20250906,20250906,20191216,4,1,V,
962PJ,10872,2130000,CIRRUS DESIGN CORP,SR20,SR Series,1,2025,7,NJ,1,US,20251009,20251009,20250905,4,1,V,
962PW,1125,2130001,CIRRUS DESIGN CORP,SR22,SR Series,1,2004,1,TX,2,US,20251106,20171102,20041014,4,1,V,
962SR,2669,2130001,CIRRUS DESIGN CORP,SR22,SR Series,1,2007,7,TX,2,US,20250121,20190717,20070904,4,1,V,
962SY,9620,2130004,CIRRUS DESIGN CORP,SR22T,SR Series,1,2023,7,FL,7,US,20260509,20260509,20231214,4,1,V,
963AP,0729,2130004,CIRRUS DESIGN CORP,SR22T,SR Series,1,2014,7,SC,7,US,20250612,20250612,20140304,4,1,V,
963AR,10756,2130004,CIRRUS DESIGN CORP,SR22T,SR Series,1,2025,7,PA,1,US,20250908,20250908,20250702,4,1,V,
963AW,0482,2130004,CIRRUS DESIGN CORP,SR22T,SR Series,1,2013,7,CO,S,US,20230718,20220214,20130326,4,1,V,
963BB,2093,2130004,CIRRUS DESIGN CORP,SR22T,SR Series,1,2020,7,MT,S,US,20240103,20240103,20200305,4,1,V,
963CD,1470,2130001,CIRRUS DESIGN CORP,SR22,SR Series,1,2005,7,NC,1,US,20250417,20250417,20050608,4,1,V,
963DB,1575,2130001,CIRRUS DESIGN CORP,SR22,SR Series,1,2005,3,VA,1,US,20230701,20121214,20050824,4,1,V,
963DM,4221,2130001,CIRRUS DESIGN CORP,SR22,SR Series,1,2015,7,ND,C,US,20230414,20210121,20150706,4,1,V,
963LG,10621,2130000,CIRRUS DESIGN CORP,SR20,SR Series,1,2025,7,WY,S,US,20250711,20250711,20250429,4,1,V,
963RB,2928,2130001,CIRRUS DESIGN CORP,SR22,SR Series,1,2008,3,AZ,4,US,20250212,20250212,20080130,4,1,V,
963RT,1169,2130001,CIRRUS DESIGN CORP,SR22,SR Series,1,2004,3,KY,3,US,20250126,20250126,20041110,4,1,V,
963SF,0717,2130010,CIRRUS DESIGN CORP,SF50,Vision Jet,1,2026,3,MN,C,US,20260224,20260224,20260125,4,5,V,
964CD,1846,2130001,CIRRUS DESIGN CORP,SR22,SR Series,1,2006,1,CA,4,US,20241026,20241026,20060306,4,1,V,
964HR,5088,2130001,CIRRUS DESIGN CORP,SR22,SR Series,1,2021,7,DE,1,US,20251021,20251021,20210921,4,1,V,
965GH,1666,2130001,CIRRUS DESIGN CORP,SR22,SR Series,1,,1,LA,2,US,20250604,20250604,20051101,4,1,V,
965PW,4546,2130001,CIRRUS DESIGN CORP,SR22,SR Series,1,2017,1,NC,1,US,20230623,20211120,20171018,4,1,V,
965PZ,2042,2130004,CIRRUS DESIGN CORP,SR22T,SR Series,1,2019,7,UT,S,US,20240712,20240712,20191213,4,1,V,
965XM,4848,2130001,CIRRUS DESIGN CORP,SR22,SR Series,1,2019,7,MD,1,US,20240308,20191203,20191028,4,1,V,
966MG,3155,2130001,CIRRUS DESIGN CORP,SR22,SR Series,1,2008,7,WY,S,US,20240304,20240304,20080723,4,1,V,
966RK,2333,2130000,CIRRUS DESIGN CORP,SR20,SR Series,1,2016,7,CA,4,US,20230122,20200624,20161014,4,1,V,
966TT,2051,2130001,CIRRUS DESIGN CORP,SR22,SR Series,1,2006,1,VA,1,US,20240812,20240812,20060725,4,1,V,
96706,1116,2130000,CIRRUS DESIGN CORP,SR20,SR Series,1,2001,1,CO,S,US,20230811,20190618,20010124,4,1,V,
967C,0417,2130001,CIRRUS DESIGN CORP,SR22,SR Series,1,2002,7,MA,E,US,20250106,20250106,20021211,4,1,V,
967DP,1287,2130000,CIRRUS DESIGN CORP,SR20,SR Series,1,2003,7,VA,1,US,20250611,20250611,20030212,4,1,V,
967KJ,0396,2130004,CIRRUS DESIGN CORP,SR22T,SR Series,1,2012,1,OH,C,US,20230519,20210617,20121023,4,1,V,
967PF,10836,2130000,CIRRUS DESIGN CORP,SR20,SR Series,1,2025,7,CT,E,US,20250916,20250916,20250802,4,1,V,
967PT,0042,2130010,CIRRUS DESIGN CORP,SF50,Vision Jet,1,2018,3,OH,C,US,20241017,20230329,20180410,4,5,V,
967RB,9157,2130004,CIRRUS DESIGN CORP,SR22T,SR Series,1,2023,7,UT,S,US,20230525,20230525,20230329,4,1,V,
967VS,10439,2130000,CIRRUS DESIGN CORP,SR20,SR Series,1,2025,7,CO,S,US,20250304,20250304,20250119,4,1,V,
968BG,0968,2130001,CIRRUS DESIGN CORP,SR22,SR Series,1,2004,7,CA,4,US,20230324,20040727,20040609,4,1,V,
968CC,9443,2130004,CIRRUS DESIGN CORP,SR22T,SR Series,1,2023,4,MO,3,US,20250314,20250314,20230922,4,1,V,
968CD,1829,2130001,CIRRUS DESIGN CORP,SR22,SR Series,1,2006,1,CA,4,US,20240509,20160711,20060222,4,1,V,
968PH,1372,2130001,CIRRUS DESIGN CORP,SR22,SR Series,1,2005,7,TN,3,US,20230421,20210218,20050328,4,1,V,
968R,1337,2130004,CIRRUS DESIGN CORP,SR22T,SR Series,1,2016,7,CT,E,US,20230902,20160909,20160512,4,1,V,
968RA,1492,2130000,CIRRUS DESIGN CORP,SR20,SR Series,1,2005,1,GA,7,US,20241018,20241018,20050210,4,1,V,
969AR,10810,2130004,CIRRUS DESIGN CORP,SR22T,SR Series,1,2025,7,WA,S,US,20260120,20251022,20250722,4,1,V,
969BJ,1068,2130001,CIRRUS DESIGN CORP,SR22,SR Series,1,2004,7,LA,2,US,20230825,20160823,20040902,4,1,V,
969BS,0969,2130004,CIRRUS DESIGN CORP,SR22T,SR Series,1,2015,7,UT,S,US,20240222,20240222,20150128,4,1,V,
969DW,0935,2130004,CIRRUS DESIGN CORP,SR22T,SR Series,1,2014,7,CA,4,US,20230414,20150126,20141224,4,1,V,
969HD,1404,2130000,CIRRUS DESIGN CORP,SR20,SR Series,1,2004,7,IA,3,US,20230324,20040722,20040203,4,1,V,
969JB,1280,2130001,CIRRUS DESIGN CORP,SR22,SR Series,1,2005,1,OH,C,US,20241018,20241018,20050125,4,1,V,
969PG,1957,2130000,CIRRUS DESIGN CORP,SR20,SR Series,1,2008,3,IN,C,US,20230902,20220908,20080422,4,1,V,
969SR,2111,2130001,CIRRUS DESIGN CORP,SR22,SR Series,1,2006,1,MI,C,US,20230526,20120712,20060831,4,1,V,
969SS,2157,2130001,CIRRUS DESIGN CORP,SR22,SR Series,1,2006,4,GA,7,US,20230718,20220217,20060925,4,1,V,
969TM,10128,2130001,CIRRUS DESIGN CORP,SR22,SR Series,1,2024,7,FL,7,US,20240912,20240912,20240807,4,1,V,
969U,0115,2130010,CIRRUS DESIGN CORP,SF50,Vision Jet,1,,7,MT,S,US,20231002,20231002,20190514,4,5,V,
96AT,4647,2130001,CIRRUS DESIGN CORP,SR22,SR Series,1,2018,7,FL,7,US,20250707,20250707,20180524,4,1,V,
96BB,3512,2130001,CIRRUS DESIGN CORP,SR22,SR Series,1,2009,7,CA,4,US,20230304,20200710,20090918,4,1,V,
96CF,10541,2130000,CIRRUS DESIGN CORP,SR20,SR Series,1,2025,7,NC,1,US,20250514,20250514,20250309,4,1,V,
96DF,8767,2130004,CIRRUS DESIGN CORP,SR22T,SR Series,1,2022,7,OH,C,US,20230214,20230201,20220802,4,1,V,
96FK,1611,2130004,CIRRUS DESIGN CORP,SR22T,SR Series,1,,4,IN,C,US,20260810,20260810,20170926,4,1,V,
96FL,2899,2130001,CIRRUS DESIGN CORP,SR22,SR Series,1,2008,3,NM,2,US,20251104,20251104,20100302,4,1,V,
96FU,8672,2130004,CIRRUS DESIGN CORP,SR22T,SR Series,1,2022,7,KY,3,US,20251113,20230330,20220523,4,1,V,
96KJ,1730,2130004,CIRRUS DESIGN CORP,SR22T,SR Series,1,2018,7,FL,7,US,20230623,20181117,20180605,4,1,V,
96LS,1946,2130004,CIRRUS DESIGN CORP,SR22T,SR Series,1,2019,1,AZ,4,US,20240826,20240826,20190710,4,1,V,
96MJ,11314,2130000,CIRRUS DESIGN CORP,SR20,SR Series,1,2026,3,AL,7,US,20260703,20260703,20260406,4,1,V,
96RZ,11664,2130000,CIRRUS DESIGN CORP,SR20,SR Series,1,,8,MN,C,US,20260731,,,4,1,M,
96SA,1315,2130001,CIRRUS DESIGN CORP,SR22,SR Series,1,2005,1,AZ,4,US,20241029,20180514,20050216,4,1,V,
96SB,0465,2130001,CIRRUS DESIGN CORP,SR22,SR Series,1,2003,8,MI,C,US,20260105,20260105,20030228,4,1,V,
96SY,0107,2130001,CIRRUS DESIGN CORP,SR22,SR Series,1,2001,1,FL,7,US,20260522,20190411,20011022,4,1,V,
970GG,10146,2130004,CIRRUS DESIGN CORP,SR22T,SR Series,1,2024,7,WY,S,US,20260518,20240911,20240815,4,1,V,
970MW,10894,2130004,CIRRUS DESIGN CORP,SR22T,SR Series,1,,7,FL,7,US,20251125,20251125,,4,1,V,
970S,2078,2130004,CIRRUS DESIGN CORP,SR22T,SR Series,1,2020,7,TN,3,US,20231020,20200427,20200218,4,1,V,
970TX,0586,2130010,CIRRUS DESIGN CORP,SF50,Vision Jet,1,2024,7,NV,4,US,20241030,20241030,20241014,4,5,V,
970WZ,10927,2130004,CIRRUS DESIGN CORP,SR22T,SR Series,1,2025,7,TN,3,US,20251021,20251021,20250923,4,1,V,
9711S,1693,2130000,CIRRUS DESIGN CORP,SR20,SR Series,1,2006,7,WV,1,US,20250421,20250421,20060713,4,1,V,
971AP,11505,2130004,CIRRUS DESIGN CORP,SR22T,SR Series,1,,8,MN,C,US,20260403,,,4,1,M,
971B,9362,2130004,CIRRUS DESIGN CORP,SR22T,SR Series,1,2023,7,SD,C,US,20260202,20250929,20230802,4,1,V,
971CD,1813,2130001,CIRRUS DESIGN CORP,SR22,SR Series,1,2006,7,MI,C,US,20240514,20240514,20060208,4,1,V,
971DB,8987,2130004,CIRRUS DESIGN CORP,SR22T,SR Series,1,2022,7,VA,1,US,20240606,20230323,20221213,4,1,V,
971SR,1726,2130000,CIRRUS DESIGN CORP,SR20,SR Series,1,2006,3,NV,4,US,20251113,20250909,20060921,4,1,V,
972BC,10776,2130000,CIRRUS DESIGN CORP,SR20,SR Series,1,2025,7,GA,7,US,20250822,20250822,20250722,4,1,V,
972BR,1712,2130001,CIRRUS DESIGN CORP,SR22,SR Series,1,2005,1,TX,2,US,20231007,20100423,20051203,4,1,V,
972CD,1562,2130001,CIRRUS DESIGN CORP,SR22,SR Series,1,2005,1,OK,2,US,20230718,20220204,20050818,4,1,V,
972CP,3162,2130001,CIRRUS DESIGN CORP,SR22,SR Series,1,2008,3,OK,2,US,20230616,20121004,20080729,4,1,V,
972EU,0972,2130004,CIRRUS DESIGN CORP,SR22T,SR Series,1,2015,7,OK,2,US,20230224,20230224,20150203,4,1,V,
972JB,2267,2130001,CIRRUS DESIGN CORP,SR22,SR Series,1,2006,4,TN,3,US,20240314,20240314,20061204,4,1,V,
972JH,4059,2130001,CIRRUS DESIGN CORP,SR22,SR Series,1,2014,7,WI,C,US,20231007,20200203,20140306,4,1,V,
972JM,0212,2130001,CIRRUS DESIGN CORP,SR22,SR Series,1,2002,3,NC,1,US,20240404,20240404,20020503,4,1,V,
972PA,2721,2130000,CIRRUS DESIGN CORP,SR20,SR Series,1,2021,7,CA,4,US,20230712,20210828,20210520,4,1,V,
972SB,1293,2130004,CIRRUS DESIGN CORP,SR22T,SR Series,1,2016,7,AZ,4,US,20231015,20231015,20160331,4,1,V,
972SD,11468,2130004,CIRRUS DESIGN CORP,SR22T,SR Series,1,,8,MN,C,US,20260320,,,4,1,M,
972TB,3778,2130001,CIRRUS DESIGN CORP,SR22,SR Series,1,,1,FL,7,US,20260806,20260806,20110726,4,1,V,
973CD,1806,2130001,CIRRUS DESIGN CORP,SR22,SR Series,1,2006,1,TN,3,US,20230421,20120222,20060207,4,1,V,
973DM,2118,2130000,CIRRUS DESIGN CORP,SR20,SR Series,1,2011,7,AL,7,US,20260104,20260104,20111101,4,1,V,
973KB,9969,2130000,CIRRUS DESIGN CORP,SR20,SR Series,1,2024,7,CA,4,US,20240729,20240729,20240610,4,1,V,
973KP,2697,2130001,CIRRUS DESIGN CORP,SR22,SR Series,1,2007,7,IN,C,US,20230407,20201218,20070913,4,1,V,
973PA,2603,2130000,CIRRUS DESIGN CORP,SR20,SR Series,1,2020,7,CA,4,US,20230712,20201205,20200826,4,1,V,
973SD,3755,2130001,CIRRUS DESIGN CORP,SR22,SR Series,1,,7,IL,C,US,20251105,20230210,20110414,4,1,V,
973SN,0973,2130004,CIRRUS DESIGN CORP,SR22T,SR Series,1,2015,7,AL,7,US,20250329,20250329,20150203,4,1,V,
974DJ,1623,2130004,CIRRUS DESIGN CORP,SR22T,SR Series,1,2017,7,CO,S,US,20200924,,20171128,4,1,V,
974KS,0974,2130004,CIRRUS DESIGN CORP,SR22T,SR Series,1,2015,7,NM,2,US,20230419,20230419,20150204,4,1,V,
974PA,2511,2130000,CIRRUS DESIGN CORP,SR20,SR Series,1,2019,7,CA,4,US,20230712,20191217,20190828,4,1,V,
974RK,1864,2130000,CIRRUS DESIGN CORP,SR20,SR Series,1,,1,NE,3,US,20230722,20220315,20071011,4,1,V,
974SR,2729,2130001,CIRRUS DESIGN CORP,SR22,SR Series,1,2007,7,MT,S,US,20250603,20250603,20071004,4,1,V,
975BB,11076,2130000,CIRRUS DESIGN CORP,SR20,SR Series,1,2026,7,FL,7,US,20260228,20260228,20260103,4,1,V,
975CW,0424,2130001,CIRRUS DESIGN CORP,SR22,SR Series,1,2002,7,GA,7,US,20241126,20161214,20021217,4,1,V,
975MS,3001,2130001,CIRRUS DESIGN CORP,SR22,SR Series,1,2008,4,AZ,4,US,20250329,20250329,20211229,4,1,V,
975NE,0975,2130004,CIRRUS DESIGN CORP,SR22T,SR Series,1,2015,1,NV,4,US,20240307,20240307,20150211,4,1,V,
975PW,0425,2130001,CIRRUS DESIGN CORP,SR22,SR Series,1,2002,7,NE,3,US,20230526,20210708,20021219,4,1,V,
975TC,11449,2130004,CIRRUS DESIGN CORP,SR22T,SR Series,1,,8,MN,C,US,20260318,,,4,1,M,
975TK,2264,2130000,CIRRUS DESIGN CORP,SR20,SR Series,1,,7,MD,1,US,20230502,20230502,20140623,4,1,V,
976AT,0976,2130004,CIRRUS DESIGN CORP,SR22T,SR Series,1,2015,7,AL,7,US,20250911,20250911,20150206,4,1,V,
976CJ,2482,2130004,CIRRUS DESIGN CORP,SR22T,SR Series,1,2021,7,WY,S,US,20260521,20220427,20211220,4,1,V,
976JB,1495,2130004,CIRRUS DESIGN CORP,SR22T,SR Series,1,2017,7,CA,4,US,20231007,20170224,20170207,4,1,V,
976JW,1018,2130001,CIRRUS DESIGN CORP,SR22,SR Series,1,2004,7,WA,S,US,20231013,20200319,20040723,4,1,V,
976RS,0054,2130010,CIRRUS DESIGN CORP,SF50,Vision Jet,1,2018,7,AR,2,US,20260416,20260313,20180524,4,5,V,
976TM,9575,2130004,CIRRUS DESIGN CORP,SR22T,SR Series,1,2023,7,TX,2,US,20240117,20240117,20231120,4,1,V,
977CM,3037,2130001,CIRRUS DESIGN CORP,SR22,SR Series,1,2008,3,OK,2,US,20230519,20150626,20080602,4,1,V,
977CP,10203,2130004,CIRRUS DESIGN CORP,SR22T,SR Series,1,2024,7,DE,1,US,20260128,20241017,20240922,4,1,V,
977ER,3873,2130001,CIRRUS DESIGN CORP,SR22,SR Series,1,2012,7,FL,7,US,20230623,20211127,20120917,4,1,V,
977JW,8628,2130000,CIRRUS DESIGN CORP,SR20,SR Series,1,2022,8,MN,C,US,20260525,20260525,20220503,4,1,V,
977LW,11252,2130000,CIRRUS DESIGN CORP,SR20,SR Series,1,2026,7,OK,2,US,20260514,20260514,20260308,4,1,V,
977MB,0081,2130010,CIRRUS DESIGN CORP,SF50,Vision Jet,1,2018,7,FL,7,US,20230902,20220929,20181031,4,5,V,
977SR,2779,2130001,CIRRUS DESIGN CORP,SR22,SR Series,1,2007,7,TX,2,US,20230902,20190924,20071113,4,1,V,
9785,11710,2130004,CIRRUS DESIGN CORP,SR22T,SR Series,1,,8,MN,C,US,20260813,,,4,1,M,
978CB,11168,2130004,CIRRUS DESIGN CORP,SR22T,SR Series,1,2026,3,TN,3,US,20260604,20260604,20260115,4,1,V,
978NS,2340,2130004,CIRRUS DESIGN CORP,SR22T,SR Series,1,2021,3,DE,1,US,20230722,20220315,20210611,4,1,V,
978SR,2809,2130001,CIRRUS DESIGN CORP,SR22,SR Series,1,2007,3,OK,2,US,20230519,20120608,20071113,4,1,V,
978SV,10148,2130000,CIRRUS DESIGN CORP,SR20,SR Series,1,2024,4,ME,E,US,20241007,20241007,20240816,4,1,V,
97CK,3419,2130001,CIRRUS DESIGN CORP,SR22,SR Series,1,2009,7,FL,7,US,20230718,20130207,20090305,4,1,V,
97CP,0035,2130010,CIRRUS DESIGN CORP,SF50,Vision Jet,1,2018,7,MO,3,US,20231020,20200409,20180215,4,5,V,
97CT,0128,2130001,CIRRUS DESIGN CORP,SR22,SR Series,1,2001,3,FL,7,US,20250920,20230119,20011213,4,1,V,
97GV,11633,2130004,CIRRUS DESIGN CORP,SR22T,SR Series,1,,8,MN,C,US,20260608,,,4,1,M,
97LT,0768,2130001,CIRRUS DESIGN CORP,SR22,SR Series,1,2003,1,AL,7,US,20230811,20220618,20031217,4,1,V,
97LX,0544,2130004,CIRRUS DESIGN CORP,SR22T,SR Series,1,2013,7,FL,7,US,20260812,20260812,20130625,4,1,V,
97MC,0536,2130010,CIRRUS DESIGN CORP,SF50,Vision Jet,1,2024,7,DE,1,US,20240502,20240326,20240318,4,5,V,
97MK,10029,2130004,CIRRUS DESIGN CORP,SR22T,SR Series,1,2024,7,KY,3,US,20240712,20240712,20240624,4,1,V,
97ML,9041,2130004,CIRRUS DESIGN CORP,SR22T,SR Series,1,2023,7,,,,20260424,20260424,20230118,4,1,V,
97PP,1855,2130004,CIRRUS DESIGN CORP,SR22T,SR Series,1,2019,7,DE,1,US,20230401,20201119,20190122,4,1,V,
97RJ,1151,2130001,CIRRUS DESIGN CORP,SR22,SR Series,1,2004,7,VA,1,US,20230428,20100824,20041029,4,1,V,
97SU,2358,2130000,CIRRUS DESIGN CORP,SR20,SR Series,1,2017,5,UT,S,US,20231013,20200303,20170615,4,1,V,
97VT,4884,2130001,CIRRUS DESIGN CORP,SR22,SR Series,1,2020,7,VA,1,US,20230122,20200309,20200206,4,1,V,
98007,5128,2130001,CIRRUS DESIGN CORP,SR22,SR Series,1,2021,7,FL,7,US,20230804,20220516,20211215,4,1,V,
980CD,1634,2130000,CIRRUS DESIGN CORP,SR20,SR Series,1,2006,1,VA,1,US,20231007,20060412,20060317,4,1,V,
980ML,10041,2130004,CIRRUS DESIGN CORP,SR22T,SR Series,1,2024,7,TN,3,US,20260210,20260210,20240617,4,1,V,
980RJ,0980,2130004,CIRRUS DESIGN CORP,SR22T,SR Series,1,2015,3,DE,1,US,20241029,20210302,20150209,4,1,V,
980US,1852,2130000,CIRRUS DESIGN CORP,SR20,SR Series,1,2007,7,FL,7,US,20260220,20260220,20070921,4,1,V,
981AR,1159,2130004,CIRRUS DESIGN CORP,SR22T,SR Series,1,2015,7,FL,7,US,20230421,20210205,20151008,4,1,V,
981BK,8962,2130004,CIRRUS DESIGN CORP,SR22T,SR Series,1,2022,7,MI,C,US,20230323,20230323,20221204,4,1,V,
981CD,1896,2130001,CIRRUS DESIGN CORP,SR22,SR Series,1,2006,7,MI,C,US,20240803,20240803,20060403,4,1,V,
981J,8784,2130004,CIRRUS DESIGN CORP,SR22T,SR Series,1,2022,7,TX,2,US,20241015,20230208,20220803,4,1,V,
981JW,1731,2130004,CIRRUS DESIGN CORP,SR22T,SR Series,1,2018,7,DE,1,US,20250421,20230315,20180604,4,1,V,
981K,2129,2130004,CIRRUS DESIGN CORP,SR22T,SR Series,1,2020,1,KY,3,US,20260509,20260509,20200624,4,1,V,
981P,4293,2130001,CIRRUS DESIGN CORP,SR22,SR Series,1,2015,1,NE,3,US,20231020,20200422,20151229,4,1,V,
981PG,2393,2130004,CIRRUS DESIGN CORP,SR22T,SR Series,1,2021,7,CA,4,US,20250627,20240809,20210913,4,1,V,
981S,0144,2130010,CIRRUS DESIGN CORP,SF50,Vision Jet,1,2019,7,TX,2,US,20260610,20191011,20190911,4,5,V,
982CD,1853,2130001,CIRRUS DESIGN CORP,SR22,SR Series,1,2006,1,NV,4,US,20230804,20220520,20060308,4,1,V,
982PW,3641,2130001,CIRRUS DESIGN CORP,SR22,SR Series,1,2010,3,ID,S,US,20230707,20220112,20100412,4,1,V,
983BC,11584,2130000,CIRRUS DESIGN CORP,SR20,SR Series,1,,8,MN,C,US,20260616,,,4,1,M,
983CD,1899,2130001,CIRRUS DESIGN CORP,SR22,SR Series,1,2006,7,TN,3,US,20231007,20060417,20060407,4,1,V,
983WP,1671,2130001,CIRRUS DESIGN CORP,SR22,SR Series,1,2005,7,UT,S,US,20231009,20231009,20051104,4,1,V,
984JP,10315,2130004,CIRRUS DESIGN CORP,SR22T,SR Series,1,2024,1,IL,C,US,20241218,20241218,20241110,4,1,V,
984KC,4226,2130001,CIRRUS DESIGN CORP,SR22,SR Series,1,2015,7,NC,1,US,20240909,20240909,20150724,4,1,V,
984PG,1959,2130000,CIRRUS DESIGN CORP,SR20,SR Series,1,2008,7,VA,1,US,20230603,20180822,20251105,4,1,V,
984VB,11453,2130004,CIRRUS DESIGN CORP,SR22T,SR Series,1,2026,8,MN,C,US,20260324,,20260607,4,1,M,
984WM,10587,2130001,CIRRUS DESIGN CORP,SR22,SR Series,1,2025,7,NC,1,US,20250504,20250504,20250329,4,1,V,
985AR,9910,2130000,CIRRUS DESIGN CORP,SR20,SR Series,1,2024,7,OH,C,US,20240615,20240615,20240501,4,1,V,
985BW,2406,2130004,CIRRUS DESIGN CORP,SR22T,SR Series,1,2021,7,NJ,1,US,20260103,20260103,20211004,4,1,V,
985EK,4262,2130001,CIRRUS DESIGN CORP,SR22,SR Series,1,2015,7,,8,DE,20230911,20211222,20151022,4,1,V,
986CC,2711,2130000,CIRRUS DESIGN CORP,SR20,SR Series,1,2021,1,MS,2,US,20260428,20260428,20210408,4,1,V,
986CD,1862,2130001,CIRRUS DESIGN CORP,SR22,SR Series,1,2006,1,FL,7,US,20240828,20240828,20060314,4,1,V,
986DT,1630,2130004,CIRRUS DESIGN CORP,SR22T,SR Series,1,2017,3,DE,1,US,20230414,20180125,20171212,4,1,V,
986JT,0937,2130004,CIRRUS DESIGN CORP,SR22T,SR Series,1,2014,3,DE,1,US,20240724,20240724,20141218,4,1,V,
986S,9278,2130004,CIRRUS DESIGN CORP,SR22T,SR Series,1,2023,7,CA,4,US,20230802,20230802,20230616,4,1,V,
986WL,1721,2130001,CIRRUS DESIGN CORP,SR22,SR Series,1,2005,7,MS,2,US,20230830,20230830,20230911,4,1,V,
987AH,1277,2130001,CIRRUS DESIGN CORP,SR22,SR Series,1,,7,FL,7,US,20260507,20260507,20050124,4,1,V,
987CA,0251,2130004,CIRRUS DESIGN CORP,SR22T,SR Series,1,2011,7,DE,1,US,20230421,20120208,20120119,4,1,V,
987CD,1310,2130001,CIRRUS DESIGN CORP,SR22,SR Series,1,2005,7,UT,S,US,20241206,20220926,20050214,4,1,V,
987MK,0156,2130010,CIRRUS DESIGN CORP,SF50,Vision Jet,1,2019,3,CA,4,US,20230922,20191203,20191029,4,5,V,
987TM,3531,2130001,CIRRUS DESIGN CORP,SR22,SR Series,1,2009,7,TN,3,US,20230328,20170821,20091125,4,1,V,
987W,1062,2130001,CIRRUS DESIGN CORP,SR22,SR Series,1,2004,1,NM,2,US,20230623,20151118,20040831,4,1,V,
987WT,2125,2130001,CIRRUS DESIGN CORP,SR22,SR Series,1,2006,7,TX,2,US,20240223,20221229,20060906,4,1,V,
988CB,1313,2130004,CIRRUS DESIGN CORP,SR22T,SR Series,1,2016,7,DE,1,US,20231013,20200515,20160422,4,1,V,
988CD,0889,2130001,CIRRUS DESIGN CORP,SR22,SR Series,1,2004,1,AZ,4,US,20230505,20210422,20040415,4,1,V,
988JL,3639,2130001,CIRRUS DESIGN CORP,SR22,SR Series,1,2010,7,WI,C,US,20230825,20220801,20220826,4,1,V,
988LL,2161,2130000,CIRRUS DESIGN CORP,SR20,SR Series,1,2012,7,FL,7,US,20240423,20171212,20120619,4,1,V,
988SR,2038,2130001,CIRRUS DESIGN CORP,SR22,SR Series,1,2006,3,OK,2,US,20230401,20111116,20060707,4,1,V,
988TJ,9056,2130004,CIRRUS DESIGN CORP,SR22T,SR Series,1,2023,7,MI,C,US,20260126,20260126,20230131,4,1,V,
98952,8845,2130004,CIRRUS DESIGN CORP,SR22T,SR Series,1,2022,7,OH,C,US,20230217,20230217,20220928,4,1,V,
989B,10419,2130004,CIRRUS DESIGN CORP,SR22T,SR Series,1,2025,7,WY,S,US,20250310,20250310,20250115,4,1,V,
989BD,9902,2130001,CIRRUS DESIGN CORP,SR22,SR Series,1,2024,7,FL,7,US,20240605,20240605,20240427,4,1,V,
989BE,8907,2130001,CIRRUS DESIGN CORP,SR22,SR Series,1,2022,7,NM,2,US,20240715,20240715,20221109,4,1,V,
989C,2445,2130001,CIRRUS DESIGN CORP,SR22,SR Series,1,,3,,8,DE,20260408,20260408,20070417,4,1,V,
989D,1295,2130004,CIRRUS DESIGN CORP,SR22T,SR Series,1,2016,7,WY,S,US,20260422,20260325,20160401,4,1,V,
989DF,0554,2130001,CIRRUS DESIGN CORP,SR22,SR Series,1,2003,1,TX,2,US,20230310,20030606,20030515,4,1,V,
989EC,3099,2130001,CIRRUS DESIGN CORP,SR22,SR Series,1,2008,1,UT,S,US,20230930,20200115,20080627,4,1,V,
989HK,4859,2130001,CIRRUS DESIGN CORP,SR22,SR Series,1,2019,7,LA,2,US,20230325,20230325,20191118,4,1,V,
989MB,11462,2130001,CIRRUS DESIGN CORP,SR22,SR Series,1,,8,MN,C,US,20260316,,,4,1,M,
989MP,9251,2130004,CIRRUS DESIGN CORP,SR22T,SR Series,1,2023,7,IA,3,US,20251113,20250927,20230521,4,1,V,
989PS,4104,2130001,CIRRUS DESIGN CORP,SR22,SR Series,1,2014,7,GA,7,US,20250122,20250122,20140728,4,1,V,
98AT,10345,2130004,CIRRUS DESIGN CORP,SR22T,SR Series,1,2024,3,CA,4,US,20250108,20250108,20241203,4,1,V,
98BK,3527,2130001,CIRRUS DESIGN CORP,SR22,SR Series,1,,7,TX,2,US,20240426,20240426,20170717,4,1,V,
98GF,0194,2130010,CIRRUS DESIGN CORP,SF50,Vision Jet,1,2020,7,MA,E,US,20240528,20240528,20200323,4,5,V,
98HH,2260,2130001,CIRRUS DESIGN CORP,SR22,SR Series,1,2006,7,RI,E,US,20260108,20260108,20061206,4,1,V,
98LW,3428,2130001,CIRRUS DESIGN CORP,SR22,SR Series,1,2009,3,TX,2,US,20230324,20201030,20090524,4,1,V,
98RF,0520,2130001,CIRRUS DESIGN CORP,SR22,SR Series,1,2003,7,PA,1,US,20230526,20210727,20030504,4,1,V,
98SF,0639,2130010,CIRRUS DESIGN CORP,SF50,Vision Jet,1,2025,7,TX,2,US,20250409,20250409,20250331,4,5,V,
98SL,4868,2130001,CIRRUS DESIGN CORP,SR22,SR Series,1,2019,7,MA,E,US,20230930,20200127,20191218,4,1,V,
98TH,10763,2130004,CIRRUS DESIGN CORP,SR22T,SR Series,1,2025,7,DE,1,US,20250801,20250801,20250626,4,1,V,
98TN,9526,2130004,CIRRUS DESIGN CORP,SR22T,SR Series,1,2023,3,TN,3,US,20260428,20260428,20231025,4,1,V,
98TT,1802,2130004,CIRRUS DESIGN CORP,SR22T,SR Series,1,2018,7,WA,S,US,20230414,20210114,20181008,4,1,V,
98UM,2010,2130004,CIRRUS DESIGN CORP,SR22T,SR Series,1,2019,7,UT,S,US,20241010,20241010,20191025,4,1,V,
98VS,10953,2130000,CIRRUS DESIGN CORP,SR20,SR Series,1,2025,7,GA,7,US,20251117,20251117,20251014,4,1,V,
990,10997,2130004,CIRRUS DESIGN CORP,SR22T,SR Series,1,2025,3,NH,E,US,20260520,20251203,20251024,4,1,V,
990BS,1061,2130001,CIRRUS DESIGN CORP,SR22,SR Series,1,2004,1,FL,7,US,20230722,20160319,20040831,4,1,V,
990CD,1087,2130001,CIRRUS DESIGN CORP,SR22,SR Series,1,2004,1,NY,1,US,20230304,20110707,20040916,4,1,V,
990MC,8639,2130004,CIRRUS DESIGN CORP,SR22T,SR Series,1,2022,7,TX,2,US,20230922,20221203,20220517,4,1,V,
990P,0945,2130001,CIRRUS DESIGN CORP,SR22,SR Series,1,2004,7,MD,1,US,20260203,20260203,20040520,4,1,V,
990PT,9624,2130001,CIRRUS DESIGN CORP,SR22,SR Series,1,2023,7,SC,7,US,20240123,20240123,20231217,4,1,V,
991EW,1481,2130004,CIRRUS DESIGN CORP,SR22T,SR Series,1,2017,7,MT,S,US,20231208,20231208,20170113,4,1,V,
991FP,2155,2130001,CIRRUS DESIGN CORP,SR22,SR Series,1,2006,7,AR,2,US,20250709,20210324,20060925,4,1,V,
991MZ,1355,2130004,CIRRUS DESIGN CORP,SR22T,SR Series,1,2016,4,CA,4,US,20240518,20240518,20160603,4,1,V,
991PC,0311,2130004,CIRRUS DESIGN CORP,SR22T,SR Series,1,2012,3,OK,2,US,20230804,20190520,20120501,4,1,V,
991PF,10840,2130000,CIRRUS DESIGN CORP,SR20,SR Series,1,2025,7,CT,E,US,20250916,20250916,20250803,4,1,V,
991PM,1601,2130001,CIRRUS DESIGN CORP,SR22,SR Series,1,2005,7,TX,2,US,20230207,20230207,20050908,4,1,V,
991RA,11526,2130000,CIRRUS DESIGN CORP,SR20,SR Series,1,,8,MN,C,US,20260605,,,4,1,M,
991RJ,10183,2130004,CIRRUS DESIGN CORP,SR22T,SR Series,1,2024,7,MT,S,US,20241007,20241007,20240829,4,1,V,
991SB,0059,2130004,CIRRUS DESIGN CORP,SR22T,SR Series,1,2010,7,CA,4,US,20241219,20121121,20101217,4,1,V,
991SG,8983,2130004,CIRRUS DESIGN CORP,SR22T,SR Series,1,2022,7,CA,4,US,20250312,20230328,20221220,4,1,V,
9922T,11386,2130004,CIRRUS DESIGN CORP,SR22T,SR Series,1,2026,8,MN,C,US,20260114,,20260521,4,1,M,
992BZ,11387,2130000,CIRRUS DESIGN CORP,SR20,SR Series,1,2026,8,MN,C,US,20251216,,20260509,4,1,M,
992DM,2306,2130004,CIRRUS DESIGN CORP,SR22T,SR Series,1,2021,7,SC,7,US,20250715,20250117,20210505,4,1,V,
992K,1600,2130001,CIRRUS DESIGN CORP,SR22,SR Series,1,2005,7,CA,4,US,20251022,20240809,20050909,4,1,V,
992LK,0610,2130001,CIRRUS DESIGN CORP,SR22,SR Series,1,2003,7,MI,C,US,20231007,20050413,20030821,4,1,V,
992M,5049,2130001,CIRRUS DESIGN CORP,SR22,SR Series,1,2021,7,FL,7,US,20240213,20230310,20210622,4,1,V,
992PJ,10188,2130004,CIRRUS DESIGN CORP,SR22T,SR Series,1,2024,7,CA,4,US,20241010,20241010,20240917,4,1,V,
992TS,10764,2130004,CIRRUS DESIGN CORP,SR22T,SR Series,1,2025,3,UT,S,US,20250807,20250807,20250703,4,1,V,
992VJ,0624,2130010,CIRRUS DESIGN CORP,SF50,Vision Jet,1,2025,3,WA,S,US,20250304,20250304,20250206,4,5,V,
992X,11728,2130001,CIRRUS DESIGN CORP,SR22,SR Series,1,,8,MN,C,US,20260804,,,4,1,M,
993KG,0024,2130010,CIRRUS DESIGN CORP,SF50,Vision Jet,1,2017,7,FL,7,US,20230421,20210217,20171125,4,5,V,
993LL,2220,2130001,CIRRUS DESIGN CORP,SR22,SR Series,1,2006,7,AZ,4,US,20260523,20260523,20061031,4,1,V,
993MM,2585,2130001,CIRRUS DESIGN CORP,SR22,SR Series,1,2007,7,LA,2,US,20230722,20220329,20070710,4,1,V,
993MS,9207,2130004,CIRRUS DESIGN CORP,SR22T,SR Series,1,2023,7,FL,7,US,20230726,20230726,20230421,4,1,V,
993PM,9612,2130004,CIRRUS DESIGN CORP,SR22T,SR Series,1,2023,7,TX,2,US,20240121,20240121,20231212,4,1,V,
993SM,4089,2130001,CIRRUS DESIGN CORP,SR22,SR Series,1,2014,7,KY,3,US,20230718,20220202,20140520,4,1,V,
9943C,0904,2130004,CIRRUS DESIGN CORP,SR22T,SR Series,1,2014,7,OR,S,US,20230922,20221224,20141029,4,1,V,
994CE,10311,2130004,CIRRUS DESIGN CORP,SR22T,SR Series,1,2024,1,ID,S,US,20260509,,20241107,4,1,R,
994CT,3020,2130001,CIRRUS DESIGN CORP,SR22,SR Series,1,2008,7,KY,3,US,20230623,20151116,20080515,4,1,V,
994EF,9240,2130004,CIRRUS DESIGN CORP,SR22T,SR Series,1,2023,7,DE,1,US,20251021,20251021,20230513,4,1,V,
994KD,2492,2130004,CIRRUS DESIGN CORP,SR22T,SR Series,1,2022,7,CO,S,US,20230818,20220702,20220111,4,1,V,
994PM,1386,2130001,CIRRUS DESIGN CORP,SR22,SR Series,1,,7,OH,C,US,20230407,20201221,20050401,4,1,V,
994PX,0080,2130004,CIRRUS DESIGN CORP,SR22T,SR Series,1,2011,7,MT,S,US,20250219,20250219,20110202,4,1,V,
994SB,1364,2130001,CIRRUS DESIGN CORP,SR22,SR Series,1,2005,7,AR,2,US,20230922,20161213,20050323,4,1,V,
995LC,0186,2130010,CIRRUS DESIGN CORP,SF50,Vision Jet,1,2020,7,FL,7,US,20250221,20250221,20200227,4,5,V,
995SD,1653,2130004,CIRRUS DESIGN CORP,SR22T,SR Series,1,2017,7,AZ,4,US,20230414,20180118,20171220,4,1,V,
995TB,4430,2130001,CIRRUS DESIGN CORP,SR22,SR Series,1,2016,7,AR,2,US,20230930,20170117,20161222,4,1,V,
995TT,3823,2130001,CIRRUS DESIGN CORP,SR22,SR Series,1,,7,LA,2,US,20230930,20170120,,4,1,V,
995VJ,0059,2130010,CIRRUS DESIGN CORP,SF50,Vision Jet,1,2018,7,CO,S,US,20230414,20210129,20180618,4,5,V,
995WA,9103,2130004,CIRRUS DESIGN CORP,SR22T,SR Series,1,2023,7,VA,1,US,20260215,20260215,20230313,4,1,V,
995WB,4556,2130001,CIRRUS DESIGN CORP,SR22,SR Series,1,2017,7,SD,C,US,20230306,20230306,20171110,4,1,V,
995WD,4908,2130001,CIRRUS DESIGN CORP,SR22,SR Series,1,,7,OH,C,US,20230122,20200602,,4,1,V,
995WS,11206,2130004,CIRRUS DESIGN CORP,SR22T,SR Series,1,2026,7,VA,1,US,20260416,20260416,20260214,4,1,V,
9962,1914,2130000,CIRRUS DESIGN CORP,SR20,SR Series,1,2008,7,WY,S,US,20260521,20230828,20220204,4,1,V,
9963H,1650,2130004,CIRRUS DESIGN CORP,SR22T,SR Series,1,2017,7,CA,4,US,20251014,20251014,20170922,4,1,V,
9963W,9097,2130004,CIRRUS DESIGN CORP,SR22T,SR Series,1,2023,7,WI,C,US,20250819,20250324,20230304,4,1,V,
9963X,0649,2130010,CIRRUS DESIGN CORP,SF50,Vision Jet,1,2025,4,CO,S,US,20250522,20250522,20250501,4,5,V,
996A,2221,2130004,CIRRUS DESIGN CORP,SR22T,SR Series,1,2020,7,CA,4,US,20260424,20260424,20201211,4,1,V,
996CD,1499,2130001,CIRRUS DESIGN CORP,SR22,SR Series,1,2005,3,KS,3,US,20230401,20141105,20050628,4,1,V,
996PA,9966,2130000,CIRRUS DESIGN CORP,SR20,SR Series,1,2024,7,CA,4,US,20241220,20240723,20240530,4,1,V,
996SM,9545,2130004,CIRRUS DESIGN CORP,SR22T,SR Series,1,2023,1,TX,2,US,20240918,20240115,20231112,4,1,V,
996W,11724,2130000,CIRRUS DESIGN CORP,SR20,SR Series,1,,8,MN,C,US,20260813,,,4,1,M,
997AJ,2296,2130004,CIRRUS DESIGN CORP,SR22T,SR Series,1,2021,7,NV,4,US,20250707,20250707,20210421,4,1,V,
997AV,2279,2130004,CIRRUS DESIGN CORP,SR22T,SR Series,1,2021,7,CA,4,US,20231204,20231204,20210309,4,1,V,
997CD,0893,2130001,CIRRUS DESIGN CORP,SR22,SR Series,1,2004,3,DE,1,US,20250717,20250717,20040420,4,1,V,
997PS,10178,2130001,CIRRUS DESIGN CORP,SR22,SR Series,1,2024,7,MS,2,US,20241004,20241004,20240904,4,1,V,
997TC,8548,2130004,CIRRUS DESIGN CORP,SR22T,SR Series,1,2022,7,CA,4,US,20230902,20220926,20220225,4,1,V,
997TD,2328,2130000,CIRRUS DESIGN CORP,SR20,SR Series,1,2016,3,MN,C,US,20241003,20241003,20230919,4,1,V,
997UW,2327,2130000,CIRRUS DESIGN CORP,SR20,SR Series,1,2016,3,MN,C,US,20241003,20241003,20230919,4,1,V,
997WP,11553,2130000,CIRRUS DESIGN CORP,SR20,SR Series,1,,8,MN,C,US,20260515,,,4,1,M,
9984G,4345,2130001,CIRRUS DESIGN CORP,SR22,SR Series,1,2016,7,MI,C,US,20241202,20241202,20160524,4,1,V,
9989,11060,2130001,CIRRUS DESIGN CORP,SR22,SR Series,1,2025,3,UT,S,US,20251212,20251212,20251123,4,1,V,
998CD,0482,2130001,CIRRUS DESIGN CORP,SR22,SR Series,1,2003,1,NE,3,US,20250513,20250513,20030313,4,1,V,
998CZ,9098,2130004,CIRRUS DESIGN CORP,SR22T,SR Series,1,2023,7,AZ,4,US,20240506,20240506,20230316,4,1,V,
998DF,0650,2130004,CIRRUS DESIGN CORP,SR22T,SR Series,1,2013,1,IL,C,US,20260428,20260428,20131205,4,1,V,
998EK,4353,2130001,CIRRUS DESIGN CORP,SR22,SR Series,1,2016,3,MD,1,US,20260715,20260715,20160603,4,1,V,
998JW,2989,2130001,CIRRUS DESIGN CORP,SR22,SR Series,1,,7,LA,2,US,20231019,20220422,20080407,4,1,V,
998KB,8713,2130004,CIRRUS DESIGN CORP,SR22T,SR Series,1,2022,7,KS,3,US,20251205,20251205,20220816,4,1,V,
998LL,2425,2130000,CIRRUS DESIGN CORP,SR20,SR Series,1,2018,7,FL,7,US,20230802,20230802,20180321,4,1,V,
998PR,10356,2130004,CIRRUS DESIGN CORP,SR22T,SR Series,1,2024,7,NV,4,US,20250123,20250123,20241214,4,1,V,
998RC,4727,2130001,CIRRUS DESIGN CORP,SR22,SR Series,1,2018,7,MS,2,US,20240702,20240702,20181128,4,1,V,
998WT,0210,2130001,CIRRUS DESIGN CORP,SR22,SR Series,1,2002,7,WI,C,US,20230930,20230123,20020502,4,1,V,
9991,0079,2130001,CIRRUS DESIGN CORP,SR22,SR Series,1,2001,1,MT,S,US,20260106,,20010817,4,1,17,
9994,9809,2130004,CIRRUS DESIGN CORP,SR22T,SR Series,1,2024,3,CA,4,US,20240403,20240403,20240305,4,1,V,
999AN,1668,2130001,CIRRUS DESIGN CORP,SR22,SR Series,1,2005,7,DE,1,US,20230825,20130821,20051103,4,1,V,
999BY,2858,2130001,CIRRUS DESIGN CORP,SR22,SR Series,1,2007,3,OH,C,US,20230324,20141028,20071211,4,1,V,
999DX,0582,2130001,CIRRUS DESIGN CORP,SR22,SR Series,1,2003,7,KY,3,US,20241107,20181127,20030613,4,1,V,
999ET,0476,2130001,CIRRUS DESIGN CORP,SR22,SR Series,1,2003,7,PA,1,US,20230616,20151013,20030310,4,1,V,
999FA,0252,2130004,CIRRUS DESIGN CORP,SR22T,SR Series,1,2011,7,FL,7,US,20230414,20120130,20111214,4,1,V,
999GE,1057,2130000,CIRRUS DESIGN CORP,SR20,SR Series,1,2000,3,IA,3,US,20231020,20050527,20000811,4,1,V,
999KS,3507,2130001,CIRRUS DESIGN CORP,SR22,SR Series,1,2009,3,KS,3,US,20250630,20250630,20091030,4,1,V,
999PK,0747,2130010,CIRRUS DESIGN CORP,SF50,Vision Jet,1,2026,7,WY,S,US,20260428,20260428,20260316,4,5,V,
999SJ,10873,2130001,CIRRUS DESIGN CORP,SR22,SR Series,1,2025,7,TX,2,US,20251021,20251021,20250821,4,1,V,
999TF,2500,2130001,CIRRUS DESIGN CORP,SR22,SR Series,1,,1,MT,S,US,20230324,20230324,20070515,4,1,V,
999VT,1246,2130000,CIRRUS DESIGN CORP,SR20,SR Series,1,2002,3,OK,2,US,20230728,20130426,20020918,4,1,V,
999XG,2018,2130001,CIRRUS DESIGN CORP,SR22,SR Series,1,2006,3,FL,7,US,20250328,20220702,20200312,4,1,V,
99BY,0825,2130001,CIRRUS DESIGN CORP,SR22,SR Series,1,2004,7,,8,DE,20240417,20240417,20040323,4,1,V,
99CD,0283,2130001,CIRRUS DESIGN CORP,SR22,SR Series,1,2002,3,DE,1,US,20230818,20130712,20020727,4,1,V,
99CP,1670,2130004,CIRRUS DESIGN CORP,SR22T,SR Series,1,2018,7,CA,4,US,20230722,20190316,20180125,4,1,V,
99CV,0093,2130010,CIRRUS DESIGN CORP,SF50,Vision Jet,1,2018,7,FL,7,US,20260430,20260430,20181219,4,5,V,
99CW,10844,2130001,CIRRUS DESIGN CORP,SR22,SR Series,1,2025,7,FL,7,US,20250917,20250917,20250809,4,1,V,
99EC,2307,2130000,CIRRUS DESIGN CORP,SR20,SR Series,1,2016,7,IN,C,US,20230804,20160511,20160314,4,1,V,
99EL,0404,2130010,CIRRUS DESIGN CORP,SF50,Vision Jet,1,2022,7,OR,S,US,20230922,20221209,20221123,4,5,V,
99GU,0078,2130010,CIRRUS DESIGN CORP,SF50,Vision Jet,1,2018,3,CA,4,US,20230701,20211227,20181003,4,5,V,
99GW,10974,2130004,CIRRUS DESIGN CORP,SR22T,SR Series,1,2025,7,NM,2,US,20260106,20260106,20250928,4,1,V,
99HS,1909,2130004,CIRRUS DESIGN CORP,SR22T,SR Series,1,2019,3,CA,4,US,20230428,20210304,20190424,4,1,V,
99JT,8783,2130004,CIRRUS DESIGN CORP,SR22T,SR Series,1,2022,7,OK,2,US,20240125,20230217,20220826,4,1,V,
99KE,2303,2130001,CIRRUS DESIGN CORP,SR22,SR Series,1,2006,1,CA,4,US,20240617,20181022,20061222,4,1,V,
99MU,5144,2130001,CIRRUS DESIGN CORP,SR22,SR Series,1,2021,7,NY,1,US,20230804,20220523,20211230,4,1,V,
99PY,9769,2130004,CIRRUS DESIGN CORP,SR22T,SR Series,1,2024,7,DE,1,US,20240228,20240228,20240202,4,1,V,
99SL,4181,2130001,CIRRUS DESIGN CORP,SR22,SR Series,1,2015,7,MA,E,US,20250211,20200916,20150323,4,1,V,
99UK,11146,2130004,CIRRUS DESIGN CORP,SR22T,SR Series,1,2026,8,MN,C,US,20251027,,20260115,4,1,M,
99UW,1551,2130004,CIRRUS DESIGN CORP,SR22T,SR Series,1,2017,7,WI,C,US,20230616,20181002,20170601,4,1,V,
99W,9962,2130004,CIRRUS DESIGN CORP,SR22T,SR Series,1,2024,1,CA,4,US,20240621,20240621,20240525,4,1,V,
99XL,0018,2130004,CIRRUS DESIGN CORP,SR22T,SR Series,1,2010,7,RI,E,US,20230414,20120109,20100810,4,1,V,
99ZD,2423,2130001,CIRRUS DESIGN CORP,SR22,SR Series,1,2007,7,NC,1,US,20230414,20210108,20070328,4,1,V,
99ZZ,2678,2130000,CIRRUS DESIGN CORP,SR20,SR Series,1,2021,7,DE,1,US,20250827,20250827,20210308,4,1,V,
9AW,9827,2130004,CIRRUS DESIGN CORP,SR22T,SR Series,1,2024,3,,,,20250320,20240528,20240306,4,1,V,
9BH,2374,2130001,CIRRUS DESIGN CORP,SR22,SR Series,1,2007,7,PA,1,US,20240429,20221129,20070215,4,1,V,
9DM,11280,2130004,CIRRUS DESIGN CORP,SR22T,SR Series,1,2026,7,MS,2,US,20260602,20260602,20260322,4,1,V,
9JR,2061,2130004,CIRRUS DESIGN CORP,SR22T,SR Series,1,2020,1,IA,3,US,20250401,20250401,20200128,4,1,V,
9LS,9164,2130004,CIRRUS DESIGN CORP,SR22T,SR Series,1,2023,3,FL,7,US,20240517,20240213,20230412,4,1,V,
9MW,11301,2130001,CIRRUS DESIGN CORP,SR22,SR Series,1,2026,7,FL,7,US,20260813,20260813,20260411,4,1,V,
9PJ,3240,2130001,CIRRUS DESIGN CORP,SR22,SR Series,1,2008,3,OK,2,US,20231013,20140312,20080829,4,1,V,
9SZ,1232,2130001,CIRRUS DESIGN CORP,SR22,SR Series,1,2004,3,OK,2,US,20230310,20110816,20041220,4,1,V,
9VB,1983,2130004,CIRRUS DESIGN CORP,SR22T,SR Series,1,2019,3,CA,4,US,20260402,20260331,20190916,4,1,V,
9WA,0407,2130010,CIRRUS DESIGN CORP,SF50,Vision Jet,1,2022,7,TX,2,US,20260213,20260213,20221130,4,5,V,
9WV,0104,2130010,CIRRUS DESIGN CORP,SF50,Vision Jet,1,2019,7,SC,7,US,20250429,20190513,20190222,4,5,V,
9ZT,0088,2130001,CIRRUS DESIGN CORP,SR22,SR Series,1,2001,7,WY,S,US,20260521,20220509,20010906,4,1,V,
