timestamp,humidity_abs,temp_ambient,nox_unit_1,nox_unit_2,nox_unit_3,nox_unit_4,nox_unit_5,nox_unit_6
2024-01-01 00:00:00,9.244,23.22,810.88,829.79,858.24,,817.71,875.45
2024-01-01 01:00:00,8.509,24.201,884.58,826.16,885.06,1383.69,852.77,967.3
2024-01-01 02:00:00,10.261,23.14,779.96,748.2,765.86,1434.15,741.64,815.61
2024-01-01 03:00:00,10.693,23.396,792.23,726.13,788.59,1430.79,743.27,797.44
2024-01-01 04:00:00,8.601,25.616,850.07,847.63,852.35,1485.35,844.11,921.21
2024-01-01 05:00:00,9.27,24.704,833.16,793.16,799.57,1488.83,860.27,823.29
2024-01-01 06:00:00,10.485,23.955,793.63,775.6,770.98,1469.29,,879.07
2024-01-01 07:00:00,10.12,26.805,801.05,859.08,817.43,1480.75,812.56,817.04
2024-01-01 08:00:00,10.27,24.704,758.79,785.15,788.25,1463.88,775.02,843.45
2024-01-01 09:00:00,9.441,26.54,861.9,833.04,863.57,1498.69,775.76,867.82
2024-01-01 10:00:00,10.609,24.795,845.17,769.89,791.05,1460.07,749.35,773.77
2024-01-01 11:00:00,10.268,24.646,859.7,845.59,826.55,1505.81,767.89,815.51
2024-01-01 12:00:00,9.419,23.535,802.82,885.52,807.11,1460.66,834.21,814.27
2024-01-01 13:00:00,9.987,20.099,765.13,771.92,817.73,1412.96,839.87,795.11
2024-01-01 14:00:00,9.201,21.451,799.52,849.05,854.29,1406.34,777.44,876.87
2024-01-01 15:00:00,7.921,22.263,852.25,946.97,769.19,1403.25,857.1,818.51
2024-01-01 16:00:00,8.743,22.546,834.82,791.44,850.06,,894.55,792.28
2024-01-01 17:00:00,7.591,19.773,821.5,905.62,817.39,1417.1,,870.53
2024-01-01 18:00:00,9.05,21.799,772.9,756.16,804.26,1405.73,848.79,804.13
2024-01-01 19:00:00,8.379,20.596,839.83,844.86,845.34,1398.25,780.9,882.09
2024-01-01 20:00:00,8.421,22.434,721.61,842.24,846.44,1452.86,914.72,866.33
2024-01-01 21:00:00,8.245,22.457,846.69,785.27,835.83,1449.14,817.8,902.05
2024-01-01 22:00:00,10.046,23.797,772.56,843.29,837.4,1444.13,763.26,772.0
2024-01-01 23:00:00,9.264,24.676,858.97,833.5,840.92,1437.23,889.21,864.27
2024-01-02 00:00:00,9.385,24.473,864.01,786.01,797.51,1522.74,852.15,940.87
2024-01-02 01:00:00,9.786,25.48,858.14,826.42,871.41,1480.12,777.72,871.04
2024-01-02 02:00:00,10.813,24.518,767.94,805.12,833.62,1487.16,782.84,828.67
2024-01-02 03:00:00,10.958,28.747,753.54,704.24,807.73,1453.65,798.28,860.61
2024-01-02 04:00:00,11.216,24.222,733.8,623.37,749.74,1405.6,701.75,773.11
2024-01-02 05:00:00,11.38,25.257,770.18,742.9,740.62,1492.42,,774.54
2024-01-02 06:00:00,12.819,27.046,647.46,647.1,799.04,1467.93,719.7,699.21
2024-01-02 07:00:00,10.769,26.805,840.89,831.37,795.25,1525.96,801.82,829.77
2024-01-02 08:00:00,10.594,26.292,785.12,769.35,812.19,1469.36,739.08,912.85
2024-01-02 09:00:00,10.192,26.204,828.92,813.55,836.28,1485.84,793.95,862.3
2024-01-02 10:00:00,11.116,22.483,696.27,741.34,651.16,1389.73,772.19,732.35
2024-01-02 11:00:00,11.266,26.412,737.67,691.66,744.99,1510.83,759.41,779.98
2024-01-02 12:00:00,9.99,23.746,,802.76,903.3,1437.54,783.48,856.06
2024-01-02 13:00:00,9.128,24.971,872.53,779.77,720.8,1501.38,797.25,872.65
2024-01-02 14:00:00,8.88,20.555,818.25,772.5,757.09,1444.2,835.35,
2024-01-02 15:00:00,9.84,22.891,827.48,759.88,790.85,1427.27,793.37,806.9
2024-01-02 16:00:00,9.752,21.59,806.31,755.28,763.02,1407.82,789.65,788.46
2024-01-02 17:00:00,9.501,22.754,832.76,805.81,785.58,1418.09,810.16,793.41
2024-01-02 18:00:00,8.522,22.38,,828.76,790.05,1494.23,868.44,913.62
2024-01-02 19:00:00,9.309,22.507,813.5,830.99,813.14,1427.43,735.57,852.21
2024-01-02 20:00:00,9.365,20.997,,750.33,825.72,1395.96,783.7,867.52
2024-01-02 21:00:00,9.666,22.516,824.88,798.17,828.68,1394.58,812.74,840.0
2024-01-02 22:00:00,10.465,22.781,801.01,760.08,756.52,1408.65,780.86,817.57
2024-01-02 23:00:00,10.264,24.072,897.6,799.84,845.42,1437.46,861.09,820.39
2024-01-03 00:00:00,10.967,25.18,835.72,773.86,793.26,1495.7,774.45,793.12
2024-01-03 01:00:00,10.816,24.689,718.47,,834.74,1446.75,814.11,767.59
2024-01-03 02:00:00,11.31,23.456,749.92,702.9,777.72,1416.96,771.61,758.45
2024-01-03 03:00:00,11.86,25.527,726.61,722.94,745.94,1481.28,765.78,717.14
2024-01-03 04:00:00,10.408,28.845,860.13,779.47,816.29,,792.63,810.69
2024-01-03 05:00:00,11.465,27.882,757.29,800.93,799.18,1472.97,708.2,803.27
2024-01-03 06:00:00,11.413,22.4,762.14,738.86,809.16,1454.09,805.21,756.62
2024-01-03 07:00:00,11.264,25.972,686.39,755.45,786.37,1457.04,754.87,796.28
2024-01-03 08:00:00,11.462,26.809,710.66,694.04,787.37,1494.79,739.93,
2024-01-03 09:00:00,12.715,25.147,774.49,653.94,746.13,1454.14,641.21,756.33
2024-01-03 10:00:00,10.604,24.393,789.52,788.38,720.75,1386.7,799.53,822.92
2024-01-03 11:00:00,11.809,24.135,701.84,717.18,691.11,1424.12,616.07,722.68
2024-01-03 12:00:00,9.404,24.593,835.86,819.28,838.72,1449.76,756.03,816.41
2024-01-03 13:00:00,10.198,22.026,755.53,718.23,755.21,1378.92,716.19,793.68
2024-01-03 14:00:00,10.333,24.34,787.95,757.13,792.78,1451.15,739.81,799.74
2024-01-03 15:00:00,10.449,22.423,734.02,767.94,789.01,1422.5,759.94,741.34
2024-01-03 16:00:00,10.384,21.041,753.48,825.65,885.4,1411.01,795.47,853.44
2024-01-03 17:00:00,10.356,23.302,777.76,709.94,790.0,1439.17,770.38,825.43
2024-01-03 18:00:00,9.427,20.02,845.35,766.62,715.06,1383.49,833.7,845.43
2024-01-03 19:00:00,9.403,21.265,828.66,736.98,819.86,1455.57,888.26,821.47
2024-01-03 20:00:00,10.604,21.434,796.79,782.16,,,771.71,806.92
2024-01-03 21:00:00,9.981,24.999,812.13,853.06,840.31,1419.75,840.19,836.99
2024-01-03 22:00:00,9.387,22.006,844.99,830.06,835.26,1396.59,837.28,872.11
2024-01-03 23:00:00,9.815,20.712,767.8,821.14,767.4,1428.03,804.21,843.19
2024-01-04 00:00:00,10.322,23.104,767.07,745.17,779.77,1426.59,731.63,809.11
2024-01-04 01:00:00,11.79,24.853,755.09,738.17,720.16,1420.73,723.52,723.81
2024-01-04 02:00:00,11.82,25.715,733.63,693.6,728.58,1483.85,692.46,734.67
2024-01-04 03:00:00,12.532,27.906,721.43,697.63,735.87,1539.45,716.99,740.41
2024-01-04 04:00:00,11.852,27.166,742.8,747.36,804.88,1482.36,744.4,785.03
2024-01-04 05:00:00,12.465,25.887,,680.93,,1476.72,678.89,708.88
2024-01-04 06:00:00,12.903,24.645,736.14,699.08,718.45,1473.5,696.67,711.88
2024-01-04 07:00:00,12.138,27.579,716.01,707.7,780.52,1554.36,705.05,
2024-01-04 08:00:00,12.654,24.971,641.59,691.07,622.44,1455.35,,762.95
2024-01-04 09:00:00,11.592,24.289,721.88,807.06,741.54,1437.98,685.74,763.39
2024-01-04 10:00:00,11.606,24.146,714.16,750.22,823.05,1434.87,669.69,773.5
2024-01-04 11:00:00,11.324,22.644,779.81,709.44,764.58,1347.78,792.77,815.83
2024-01-04 12:00:00,10.385,23.053,822.33,764.37,,1392.9,819.41,861.18
2024-01-04 13:00:00,11.444,22.794,710.27,769.06,879.02,1429.48,750.5,782.79
2024-01-04 14:00:00,10.411,23.449,764.5,825.36,846.42,,746.18,844.89
2024-01-04 15:00:00,10.571,21.673,725.06,769.9,813.86,1387.39,729.15,829.6
2024-01-04 16:00:00,10.777,20.28,767.16,696.84,764.18,1370.34,700.13,776.33
2024-01-04 17:00:00,10.651,19.656,763.03,723.7,779.09,1379.74,748.03,765.63
2024-01-04 18:00:00,10.807,21.743,795.44,768.15,863.65,1450.11,770.96,820.26
2024-01-04 19:00:00,10.258,21.626,805.79,807.89,885.05,1382.04,759.42,855.89
2024-01-04 20:00:00,10.14,21.051,811.41,828.0,769.21,1384.47,837.54,791.78
2024-01-04 21:00:00,10.627,21.451,719.68,686.92,710.17,1400.61,678.09,773.63
2024-01-04 22:00:00,9.61,22.87,791.92,845.95,817.22,1439.69,834.29,820.59
2024-01-04 23:00:00,10.112,24.532,839.89,856.43,843.82,1467.21,789.59,774.31
2024-01-05 00:00:00,10.543,22.421,762.42,679.09,862.36,1430.3,771.39,749.62
2024-01-05 01:00:00,11.134,23.958,707.55,752.18,770.25,1457.26,640.23,742.94
2024-01-05 02:00:00,12.561,25.46,737.85,716.69,715.38,1459.41,661.35,734.19
2024-01-05 03:00:00,11.786,23.768,715.93,663.91,796.73,1428.71,673.32,745.85
2024-01-05 04:00:00,12.418,24.973,750.99,672.28,694.09,1401.21,743.58,723.09
2024-01-05 05:00:00,13.899,25.121,645.75,637.31,665.35,1386.73,598.32,671.67
2024-01-05 06:00:00,12.635,23.635,688.34,656.21,717.39,1393.4,606.15,771.88
2024-01-05 07:00:00,13.488,25.317,714.24,622.95,689.89,1468.88,655.51,707.11
2024-01-05 08:00:00,12.05,24.926,684.24,719.51,800.25,1489.1,748.72,756.72
2024-01-05 09:00:00,12.461,25.21,763.14,643.98,755.0,1406.2,718.68,761.98
2024-01-05 10:00:00,11.635,22.678,715.31,681.8,726.87,1439.61,720.14,738.2
2024-01-05 11:00:00,11.853,23.604,738.17,735.29,736.74,1378.06,743.94,758.82
2024-01-05 12:00:00,12.504,24.704,714.76,725.02,845.59,1455.38,650.86,711.17
2024-01-05 13:00:00,10.157,24.993,792.24,814.89,752.3,1456.56,805.36,772.73
2024-01-05 14:00:00,11.615,23.525,715.71,782.48,676.08,1362.69,743.7,760.19
2024-01-05 15:00:00,11.226,20.133,730.55,753.35,698.22,1340.17,730.11,762.21
2024-01-05 16:00:00,10.387,21.739,748.62,853.45,800.6,1391.27,757.35,790.87
2024-01-05 17:00:00,9.603,20.388,871.54,806.51,849.42,1405.02,757.4,859.72
2024-01-05 18:00:00,10.793,21.21,749.15,770.07,766.57,1393.64,729.66,790.26
2024-01-05 19:00:00,10.369,19.98,817.45,791.19,755.04,1373.93,807.08,816.12
2024-01-05 20:00:00,11.115,19.019,779.02,713.35,717.31,1343.3,702.56,719.17
2024-01-05 21:00:00,11.153,20.948,762.88,711.42,684.64,1415.8,722.6,810.85
2024-01-05 22:00:00,12.682,22.611,686.59,635.65,776.9,1366.96,697.16,733.5
2024-01-05 23:00:00,11.514,22.54,749.03,707.76,744.74,1426.17,674.81,821.31
2024-01-06 00:00:00,11.212,23.163,777.73,829.14,776.86,1497.0,710.78,821.37
2024-01-06 01:00:00,12.5,23.423,706.66,756.26,757.0,1430.12,613.93,669.08
2024-01-06 02:00:00,12.837,24.098,636.15,654.94,770.11,,750.49,682.68
2024-01-06 03:00:00,14.012,24.629,575.22,590.53,658.57,1395.83,601.49,636.1
2024-01-06 04:00:00,13.798,23.947,698.71,530.97,634.65,1467.41,645.32,682.47
2024-01-06 05:00:00,13.549,24.542,567.99,592.16,685.3,1396.33,720.34,724.47
2024-01-06 06:00:00,14.489,26.568,631.68,554.78,653.68,1441.41,545.89,653.17
2024-01-06 07:00:00,12.34,24.543,707.09,677.32,710.02,1370.41,691.73,755.34
2024-01-06 08:00:00,12.673,24.189,704.44,654.02,665.71,1405.56,656.17,698.25
2024-01-06 09:00:00,12.266,23.908,675.84,705.35,749.11,1447.95,684.39,722.34
2024-01-06 10:00:00,12.46,23.072,715.63,715.39,776.44,1403.67,686.07,745.3
2024-01-06 11:00:00,11.394,22.293,753.4,705.9,,1438.38,784.69,801.97
2024-01-06 12:00:00,12.706,22.511,786.44,727.59,676.48,1400.57,692.56,734.82
2024-01-06 13:00:00,11.721,21.099,731.44,729.35,811.58,1396.12,774.21,728.39
2024-01-06 14:00:00,10.445,21.012,825.86,810.41,735.72,1424.62,770.33,775.77
2024-01-06 15:00:00,10.573,19.786,715.8,748.03,777.28,1323.7,735.33,766.69
2024-01-06 16:00:00,11.457,20.508,771.22,748.5,788.05,1399.14,763.7,763.63
2024-01-06 17:00:00,11.768,20.842,731.65,730.6,757.79,1364.88,,801.34
2024-01-06 18:00:00,12.665,19.78,688.79,722.71,754.09,1331.1,664.62,696.77
2024-01-06 19:00:00,13.45,17.653,643.73,642.62,609.22,1264.66,636.0,658.02
2024-01-06 20:00:00,11.581,20.932,791.86,756.03,734.27,1393.42,750.87,789.2
2024-01-06 21:00:00,10.659,20.646,777.68,743.17,764.32,1389.52,754.01,809.06
2024-01-06 22:00:00,10.004,19.684,761.03,836.76,836.02,1400.39,806.72,830.17
2024-01-06 23:00:00,12.223,22.247,688.63,642.93,715.56,1349.19,667.19,737.12
2024-01-07 00:00:00,11.678,20.118,752.92,691.77,743.72,1395.53,696.83,760.15
2024-01-07 01:00:00,12.316,23.527,,704.33,717.93,1432.61,713.14,746.52
2024-01-07 02:00:00,12.457,22.645,647.99,637.15,733.74,1373.08,683.7,679.8
2024-01-07 03:00:00,13.092,20.364,680.57,606.65,649.81,1380.46,616.94,654.76
2024-01-07 04:00:00,14.256,23.577,584.62,554.0,,1404.24,630.54,640.58
2024-01-07 05:00:00,13.657,23.034,663.69,636.77,652.63,1352.43,633.69,655.39
2024-01-07 06:00:00,13.454,22.879,628.96,625.65,642.3,1395.75,578.84,663.62
2024-01-07 07:00:00,12.719,22.552,679.52,708.08,699.42,1318.48,686.21,783.92
2024-01-07 08:00:00,12.096,23.042,700.31,777.99,767.29,1431.43,721.55,757.41
2024-01-07 09:00:00,12.863,22.252,734.67,672.0,644.53,1366.92,660.15,748.79
2024-01-07 10:00:00,12.967,20.148,681.35,628.98,667.68,1297.73,657.98,617.43
2024-01-07 11:00:00,14.142,23.377,671.19,611.27,747.03,1319.12,,715.8
2024-01-07 12:00:00,12.528,20.996,792.32,,631.39,1377.57,606.96,680.14
2024-01-07 13:00:00,12.905,19.849,670.4,649.22,638.92,1338.93,683.36,745.43
2024-01-07 14:00:00,11.436,18.847,781.48,821.14,748.43,1333.38,,729.81
2024-01-07 15:00:00,10.645,20.668,744.92,756.91,706.08,1392.77,,753.87
2024-01-07 16:00:00,10.636,17.822,800.89,769.02,752.61,1334.51,677.86,794.0
2024-01-07 17:00:00,10.713,19.296,732.3,751.41,833.88,1381.99,803.51,735.58
2024-01-07 18:00:00,12.96,18.322,658.77,627.97,649.02,1314.27,629.49,673.75
2024-01-07 19:00:00,10.645,18.414,778.04,777.49,,1330.49,747.45,727.72
2024-01-07 20:00:00,12.097,17.875,720.33,636.33,637.58,1303.94,669.41,795.83
2024-01-07 21:00:00,10.899,18.727,706.02,741.0,717.1,1353.9,732.88,739.22
2024-01-07 22:00:00,12.619,19.85,651.38,612.28,686.85,1360.42,658.96,727.01
2024-01-07 23:00:00,12.475,20.558,712.78,737.88,796.05,1343.35,707.68,725.21
2024-01-08 00:00:00,12.356,19.804,680.44,719.41,698.97,1334.67,686.59,735.97
2024-01-08 01:00:00,12.762,21.109,632.04,632.26,692.5,1375.33,633.01,692.3
2024-01-08 02:00:00,12.563,22.719,694.68,603.85,712.85,1408.67,613.29,736.92
2024-01-08 03:00:00,13.695,20.025,628.91,630.22,618.88,1307.53,657.54,726.86
2024-01-08 04:00:00,13.167,22.283,673.94,643.65,,1345.03,665.06,
2024-01-08 05:00:00,12.672,21.302,704.4,757.96,763.5,1373.61,656.08,692.41
2024-01-08 06:00:00,12.673,21.201,,723.93,727.65,1384.48,705.81,681.86
2024-01-08 07:00:00,13.794,22.661,613.39,638.6,712.68,1389.9,700.3,677.41
2024-01-08 08:00:00,14.8,21.446,572.4,533.52,628.05,1304.22,562.71,603.24
2024-01-08 09:00:00,13.475,20.274,676.91,612.59,714.35,,674.79,652.65
2024-01-08 10:00:00,13.005,22.861,658.78,667.71,633.69,1421.64,659.05,707.03
2024-01-08 11:00:00,13.039,21.845,657.81,664.97,693.7,1364.11,719.56,672.51
2024-01-08 12:00:00,13.545,17.855,,583.79,671.28,1278.82,615.5,651.52
2024-01-08 13:00:00,12.365,17.838,683.05,618.99,751.02,1348.91,652.34,674.72
2024-01-08 14:00:00,11.571,19.788,739.53,796.09,753.51,1390.6,764.48,784.97
2024-01-08 15:00:00,12.535,18.271,609.24,667.5,709.0,,667.12,656.0
2024-01-08 16:00:00,11.802,20.046,681.24,725.38,738.45,1366.35,705.2,720.79
2024-01-08 17:00:00,12.566,18.736,629.33,631.66,630.77,1294.46,694.73,759.64
2024-01-08 18:00:00,11.442,18.238,753.52,775.2,707.26,1345.23,709.75,724.53
2024-01-08 19:00:00,10.355,16.671,695.6,807.35,739.79,1302.03,686.99,758.82
2024-01-08 20:00:00,10.358,18.636,768.52,773.94,,1322.16,748.17,781.22
2024-01-08 21:00:00,12.961,16.784,677.54,648.05,688.36,1244.14,612.02,697.86
2024-01-08 22:00:00,13.266,20.245,660.59,645.47,737.1,1382.6,601.29,626.32
2024-01-08 23:00:00,12.03,19.617,691.45,699.72,738.6,1335.83,731.29,741.86
2024-01-09 00:00:00,12.174,18.588,707.99,707.76,698.04,1424.6,662.04,665.97
2024-01-09 01:00:00,13.957,21.01,661.45,614.5,704.23,1392.48,584.9,706.6
2024-01-09 02:00:00,12.188,23.166,712.09,691.44,679.39,1450.75,695.21,727.32
2024-01-09 03:00:00,12.603,20.579,607.38,,689.37,1298.62,680.58,615.36
2024-01-09 04:00:00,14.02,21.767,665.77,597.31,612.21,1358.81,620.66,706.98
2024-01-09 05:00:00,13.305,20.737,668.43,663.48,627.92,1290.77,640.46,713.18
2024-01-09 06:00:00,13.653,21.375,639.95,643.78,619.0,1374.67,625.27,644.21
2024-01-09 07:00:00,13.48,19.345,570.7,,632.58,1324.53,575.94,627.28
2024-01-09 08:00:00,13.756,20.901,623.69,666.67,665.88,1395.16,631.08,623.93
2024-01-09 09:00:00,14.416,20.585,570.78,601.29,614.59,1304.42,540.42,595.96
2024-01-09 10:00:00,13.108,22.226,627.61,655.8,701.87,1397.07,693.29,713.16
2024-01-09 11:00:00,13.255,17.379,636.82,639.75,667.78,,612.82,687.45
2024-01-09 12:00:00,10.783,18.627,735.99,,659.39,1346.18,693.98,697.72
2024-01-09 13:00:00,12.067,19.94,690.19,726.84,724.95,1378.81,699.36,720.5
2024-01-09 14:00:00,11.136,17.57,761.59,786.1,707.97,1338.53,753.26,761.43
2024-01-09 15:00:00,10.58,17.189,765.24,799.17,687.5,1349.54,733.46,732.26
2024-01-09 16:00:00,10.654,16.025,730.8,772.94,757.11,1317.88,762.95,791.31
2024-01-09 17:00:00,10.962,15.654,712.4,725.9,737.69,1302.52,,678.45
2024-01-09 18:00:00,11.913,14.462,672.8,671.88,700.27,1236.17,688.63,682.08
2024-01-09 19:00:00,10.152,15.914,757.83,765.5,792.26,1295.72,709.14,806.35
2024-01-09 20:00:00,11.35,15.629,738.51,687.95,692.54,1255.2,705.63,725.93
2024-01-09 21:00:00,11.12,17.224,698.3,743.84,696.43,1308.86,704.6,716.83
2024-01-09 22:00:00,11.485,16.499,767.33,601.39,719.34,1313.8,630.24,744.03
2024-01-09 23:00:00,12.83,17.299,681.2,626.5,655.35,1255.02,591.63,640.72
2024-01-10 00:00:00,12.759,17.797,570.34,655.92,793.57,1331.6,717.97,715.61
2024-01-10 01:00:00,13.7,18.747,,706.57,641.61,1304.63,592.2,607.67
2024-01-10 02:00:00,12.786,18.601,705.01,654.41,682.3,1317.69,643.61,728.68
2024-01-10 03:00:00,12.591,18.323,689.72,665.09,651.19,1318.86,612.75,729.81
2024-01-10 04:00:00,13.149,19.965,643.7,606.03,631.41,1347.02,715.05,
2024-01-10 05:00:00,13.631,21.291,639.59,686.56,592.88,1285.87,635.32,651.18
2024-01-10 06:00:00,13.609,20.18,644.03,583.12,643.45,1336.52,,
2024-01-10 07:00:00,12.548,19.173,708.81,749.51,684.48,1314.34,694.82,661.65
2024-01-10 08:00:00,13.357,19.505,596.95,597.44,709.29,1322.86,675.92,717.52
2024-01-10 09:00:00,13.265,16.822,617.49,661.52,641.43,1306.55,541.86,651.47
2024-01-10 10:00:00,14.836,18.649,629.83,542.03,,1280.36,594.73,645.29
2024-01-10 11:00:00,14.022,17.801,,563.83,636.6,1267.98,,666.45
2024-01-10 12:00:00,11.515,16.591,768.91,752.47,712.35,1311.09,640.34,726.21
2024-01-10 13:00:00,11.644,16.239,812.82,757.86,750.19,1258.4,773.26,724.86
2024-01-10 14:00:00,10.401,16.115,741.07,754.66,812.8,1341.81,762.26,769.99
2024-01-10 15:00:00,10.838,17.332,704.84,745.31,742.89,1381.35,710.83,762.91
2024-01-10 16:00:00,11.359,17.081,,704.56,683.85,1270.95,782.8,741.69
2024-01-10 17:00:00,11.938,14.405,725.87,693.7,682.55,1275.89,656.69,666.02
2024-01-10 18:00:00,10.335,14.777,798.1,717.11,,1327.51,708.05,773.24
2024-01-10 19:00:00,10.422,14.823,831.21,649.58,687.74,1268.36,776.92,776.3
2024-01-10 20:00:00,9.333,16.534,791.78,726.13,770.43,1305.3,725.9,756.81
2024-01-10 21:00:00,11.097,16.003,747.32,721.42,665.0,1278.02,720.82,795.45
2024-01-10 22:00:00,10.611,16.302,726.16,710.64,763.84,1344.15,686.74,694.6
2024-01-10 23:00:00,11.312,17.264,639.26,719.16,680.73,1356.14,672.34,
2024-01-11 00:00:00,11.33,16.371,720.86,699.85,708.07,1292.2,732.65,717.77
2024-01-11 01:00:00,12.251,19.189,654.81,655.13,696.69,1384.95,642.29,682.6
2024-01-11 02:00:00,11.194,17.981,757.66,705.68,681.36,1294.45,753.48,742.31
2024-01-11 03:00:00,11.659,17.319,646.7,745.92,716.86,1328.37,617.01,707.22
2024-01-11 04:00:00,14.711,18.337,551.24,559.68,555.29,1265.41,544.91,636.97
2024-01-11 05:00:00,12.081,20.239,716.77,757.68,777.91,1365.36,670.21,663.42
2024-01-11 06:00:00,12.258,18.267,,684.39,754.03,1312.13,665.66,678.01
2024-01-11 07:00:00,14.547,19.798,589.91,487.26,665.09,1288.49,550.95,619.41
2024-01-11 08:00:00,15.265,17.657,612.47,475.68,580.31,1281.45,535.75,533.09
2024-01-11 09:00:00,11.796,17.12,760.71,704.53,723.51,1271.4,707.93,717.75
2024-01-11 10:00:00,12.172,18.365,670.99,694.55,694.62,1347.1,664.12,730.89
2024-01-11 11:00:00,12.433,15.991,729.02,641.09,701.62,1301.51,637.71,652.07
2024-01-11 12:00:00,13.215,17.459,705.52,596.58,725.54,1299.18,641.03,626.98
2024-01-11 13:00:00,10.713,16.326,,724.61,,1297.24,757.2,714.01
2024-01-11 14:00:00,10.999,14.323,728.28,724.04,741.14,1288.78,632.52,698.15
2024-01-11 15:00:00,11.55,14.821,704.19,703.1,633.76,1293.87,641.54,742.53
2024-01-11 16:00:00,11.067,13.88,699.36,681.41,700.52,1243.67,664.54,725.23
2024-01-11 17:00:00,10.279,14.707,737.4,772.91,746.2,1287.25,730.58,739.54
2024-01-11 18:00:00,10.413,16.436,805.47,772.03,767.41,1299.52,675.38,722.8
2024-01-11 19:00:00,9.442,13.744,792.79,784.7,793.65,1285.65,788.62,764.49
2024-01-11 20:00:00,10.451,14.979,731.89,,799.82,1262.88,704.68,746.5
2024-01-11 21:00:00,10.6,14.636,711.62,775.82,679.19,1283.41,761.65,690.06
2024-01-11 22:00:00,11.227,15.001,693.82,774.06,754.86,1273.41,683.24,740.82
2024-01-11 23:00:00,10.867,15.207,730.3,720.67,807.88,1311.19,758.83,716.67
2024-01-12 00:00:00,11.978,14.845,719.58,658.9,674.33,1248.26,660.15,672.06
2024-01-12 01:00:00,12.701,16.745,633.95,671.67,652.0,1297.73,639.07,675.08
2024-01-12 02:00:00,12.284,16.43,712.86,626.6,696.0,1276.57,691.17,713.18
2024-01-12 03:00:00,12.669,16.056,669.31,601.58,667.82,1231.74,627.19,
2024-01-12 04:00:00,12.599,18.628,682.11,637.97,681.83,1317.18,596.38,668.69
2024-01-12 05:00:00,12.656,17.682,706.23,670.58,743.88,1325.96,590.43,663.01
2024-01-12 06:00:00,12.098,17.309,723.0,,802.68,1327.31,714.87,
2024-01-12 07:00:00,12.865,19.075,617.94,650.77,669.46,1310.83,599.5,716.53
2024-01-12 08:00:00,12.393,15.016,632.17,583.29,776.17,1291.92,638.35,704.14
2024-01-12 09:00:00,13.932,18.382,606.47,617.57,621.98,1340.98,645.8,620.69
2024-01-12 10:00:00,13.246,15.337,645.31,678.02,679.42,1229.37,591.83,636.44
2024-01-12 11:00:00,11.984,16.117,740.86,651.19,656.64,1291.44,649.37,754.62
2024-01-12 12:00:00,10.732,14.593,,760.68,700.01,1306.89,737.27,715.74
2024-01-12 13:00:00,10.119,13.627,817.02,758.06,737.91,1303.24,799.94,728.22
2024-01-12 14:00:00,11.649,15.783,681.33,707.36,746.05,1291.88,755.63,736.35
2024-01-12 15:00:00,10.635,15.973,729.86,741.57,756.69,1334.24,708.37,726.26
2024-01-12 16:00:00,10.595,13.116,726.69,732.48,664.51,1289.04,749.61,749.55
2024-01-12 17:00:00,8.671,13.539,769.52,779.8,730.34,1291.49,788.49,777.91
2024-01-12 18:00:00,10.745,13.091,771.96,694.1,655.81,1239.52,718.85,721.45
2024-01-12 19:00:00,10.383,15.122,657.56,803.86,764.88,1299.48,762.4,759.65
2024-01-12 20:00:00,9.227,10.664,752.0,719.56,763.37,1198.0,777.51,717.82
2024-01-12 21:00:00,9.905,13.925,,774.07,764.24,1252.91,717.92,821.0
2024-01-12 22:00:00,10.717,12.97,720.98,736.12,733.59,1199.75,683.16,749.82
2024-01-12 23:00:00,10.813,11.453,758.83,727.9,685.18,1243.86,,707.83
2024-01-13 00:00:00,10.824,14.321,810.69,764.5,739.55,1300.79,702.77,704.65
2024-01-13 01:00:00,11.26,17.445,732.79,712.05,,1263.53,738.9,679.6
2024-01-13 02:00:00,11.406,14.879,753.24,738.33,738.87,1257.99,756.95,753.53
2024-01-13 03:00:00,11.953,16.986,783.03,771.16,657.32,1285.21,676.48,713.32
2024-01-13 04:00:00,13.174,17.75,661.11,625.34,649.67,1316.96,681.28,590.18
2024-01-13 05:00:00,10.038,16.453,771.17,696.72,743.06,1315.52,738.72,799.16
2024-01-13 06:00:00,11.917,16.639,729.96,686.78,742.94,1317.05,723.81,720.59
2024-01-13 07:00:00,12.181,14.324,717.84,662.69,638.86,1253.44,666.41,750.0
2024-01-13 08:00:00,12.131,15.282,681.55,693.8,698.05,1278.57,659.16,779.19
2024-01-13 09:00:00,11.38,16.87,705.46,639.68,,,739.56,749.29
2024-01-13 10:00:00,9.997,15.399,829.48,789.27,732.05,1332.34,752.35,834.75
2024-01-13 11:00:00,11.349,15.243,706.87,699.16,727.73,1249.9,677.63,747.33
2024-01-13 12:00:00,12.132,14.404,720.69,707.14,676.25,1232.13,601.35,697.17
2024-01-13 13:00:00,9.186,16.316,805.42,784.26,820.51,1294.09,811.25,778.28
2024-01-13 14:00:00,10.788,12.646,791.6,769.23,703.96,1252.52,744.32,759.91
2024-01-13 15:00:00,9.559,14.635,748.5,727.6,721.38,1238.02,839.32,793.08
2024-01-13 16:00:00,9.555,12.511,738.98,782.49,750.79,1190.75,779.79,772.67
2024-01-13 17:00:00,8.615,14.145,832.35,777.89,801.55,1306.21,766.84,830.37
2024-01-13 18:00:00,9.121,10.534,732.44,770.19,784.66,1175.19,772.49,765.69
2024-01-13 19:00:00,10.443,12.255,743.44,857.52,726.04,1209.12,725.85,699.63
2024-01-13 20:00:00,9.961,11.722,808.03,,780.81,1190.38,791.14,727.56
2024-01-13 21:00:00,11.044,12.642,654.82,707.76,659.25,1214.67,752.72,717.73
2024-01-13 22:00:00,10.821,14.317,747.93,692.26,773.69,1356.82,815.32,740.53
2024-01-13 23:00:00,10.492,13.75,786.61,738.77,764.37,1252.32,729.7,768.34
2024-01-14 00:00:00,11.819,15.24,695.42,687.15,683.26,1272.97,728.54,704.1
2024-01-14 01:00:00,11.057,13.452,687.94,695.09,763.6,1220.15,767.26,752.4
2024-01-14 02:00:00,11.63,13.714,688.39,760.9,713.53,1244.99,714.73,727.23
2024-01-14 03:00:00,10.951,15.099,702.8,780.6,786.01,1310.77,703.23,774.49
2024-01-14 04:00:00,11.404,15.315,716.81,675.75,684.86,1283.16,688.03,655.06
2024-01-14 05:00:00,10.884,15.303,726.08,770.75,,1346.13,755.84,761.8
2024-01-14 06:00:00,12.246,14.408,655.93,650.08,704.38,1230.2,,736.71
2024-01-14 07:00:00,10.442,16.894,776.56,713.48,762.22,1255.14,703.47,786.27
2024-01-14 08:00:00,11.862,14.785,747.67,660.92,637.31,1277.02,,689.12
2024-01-14 09:00:00,10.864,16.58,753.77,692.58,822.04,1321.78,750.97,785.87
2024-01-14 10:00:00,11.676,14.436,745.86,735.38,776.29,1262.96,,761.45
2024-01-14 11:00:00,11.022,14.682,782.64,694.77,735.63,1232.23,724.39,767.13
2024-01-14 12:00:00,11.538,14.023,682.35,754.77,676.66,1238.75,668.35,640.86
2024-01-14 13:00:00,10.327,11.814,751.35,758.01,707.28,1235.33,700.4,773.23
2024-01-14 14:00:00,8.166,12.728,793.77,,810.28,1271.26,785.97,824.84
2024-01-14 15:00:00,9.092,14.155,737.25,781.44,839.98,1302.19,790.92,777.38
2024-01-14 16:00:00,7.988,11.794,821.86,899.87,904.25,1218.64,806.03,862.54
2024-01-14 17:00:00,8.362,12.342,764.59,,774.54,1198.38,749.8,762.14
2024-01-14 18:00:00,9.915,11.993,773.3,748.53,733.05,1231.14,681.96,783.12
2024-01-14 19:00:00,9.227,11.567,719.23,823.57,,1253.08,775.18,799.3
2024-01-14 20:00:00,8.248,11.592,807.19,844.25,802.95,1203.0,816.09,796.28
2024-01-14 21:00:00,8.158,12.312,752.02,786.37,756.04,1303.98,831.34,826.36
2024-01-14 22:00:00,9.214,12.956,803.91,794.24,712.9,1249.21,710.85,852.86
2024-01-14 23:00:00,8.474,10.871,,739.11,766.64,1261.9,798.35,795.75
2024-01-15 00:00:00,9.191,13.279,,794.39,785.47,1318.66,798.87,787.24
2024-01-15 01:00:00,10.258,13.25,790.15,772.14,817.24,1206.98,722.18,754.27
2024-01-15 02:00:00,11.192,13.456,,736.06,669.51,1263.82,688.57,691.46
2024-01-15 03:00:00,10.973,15.867,738.57,695.66,783.23,1349.45,704.56,752.9
2024-01-15 04:00:00,8.814,13.723,788.01,779.58,779.65,1262.94,766.85,765.38
2024-01-15 05:00:00,10.98,13.101,739.72,736.92,710.1,1303.82,759.11,723.65
2024-01-15 06:00:00,10.805,15.772,777.54,793.12,675.9,1325.17,706.62,774.66
2024-01-15 07:00:00,11.008,13.018,749.72,729.18,735.4,1233.54,680.22,732.91
2024-01-15 08:00:00,11.819,12.183,666.22,661.62,696.6,1217.56,584.86,645.85
2024-01-15 09:00:00,8.655,15.244,848.58,857.59,891.37,1257.85,824.1,811.27
2024-01-15 10:00:00,9.554,13.905,743.0,791.16,756.35,1253.42,735.6,808.01
2024-01-15 11:00:00,10.18,13.775,729.92,771.53,815.8,1286.2,714.97,743.86
2024-01-15 12:00:00,8.101,12.135,803.32,859.09,779.53,,861.83,831.95
2024-01-15 13:00:00,10.206,10.463,776.71,749.52,717.18,1216.72,686.09,722.45
2024-01-15 14:00:00,9.0,10.196,732.93,755.26,689.5,1246.18,711.43,824.17
2024-01-15 15:00:00,9.103,10.855,805.15,785.07,809.51,1256.08,711.44,776.99
2024-01-15 16:00:00,7.748,9.314,803.05,874.49,791.06,1217.47,745.86,837.71
2024-01-15 17:00:00,8.706,10.988,770.51,,771.29,1211.47,752.49,809.55
2024-01-15 18:00:00,8.838,9.974,815.84,748.36,750.56,1214.23,768.25,838.71
2024-01-15 19:00:00,8.18,10.798,771.46,886.13,792.96,1236.04,782.18,839.64
2024-01-15 20:00:00,8.27,10.941,877.66,803.49,751.82,1211.6,825.57,
2024-01-15 21:00:00,8.459,11.517,788.78,814.67,799.2,1250.92,806.1,793.67
2024-01-15 22:00:00,7.77,12.046,821.88,905.48,759.67,1230.42,820.19,786.34
2024-01-15 23:00:00,8.602,11.497,844.88,792.84,771.16,1237.62,797.97,755.44
2024-01-16 00:00:00,8.878,12.629,794.4,792.81,797.28,1238.48,803.48,769.64
2024-01-16 01:00:00,9.587,13.19,812.54,757.08,821.58,1246.58,756.45,735.09
2024-01-16 02:00:00,10.339,10.456,666.81,749.3,736.13,1232.35,787.31,720.74
2024-01-16 03:00:00,8.91,14.543,780.47,820.98,840.6,1317.82,762.88,783.63
2024-01-16 04:00:00,9.817,14.247,783.12,751.11,762.22,1272.84,737.45,805.55
2024-01-16 05:00:00,11.192,14.927,759.35,780.6,683.68,1313.53,674.33,763.09
2024-01-16 06:00:00,9.422,12.757,800.53,,851.47,1276.57,733.83,740.8
2024-01-16 07:00:00,9.288,13.838,805.88,814.25,768.35,1292.65,727.78,734.78
2024-01-16 08:00:00,9.957,12.692,795.46,770.52,790.6,1246.67,704.69,746.48
2024-01-16 09:00:00,10.249,14.562,773.56,813.61,726.65,1299.71,738.64,778.88
2024-01-16 10:00:00,9.304,11.553,696.46,754.77,782.12,1220.65,755.8,711.53
2024-01-16 11:00:00,10.038,11.628,801.59,786.4,757.39,1235.85,723.07,828.87
2024-01-16 12:00:00,9.32,12.852,747.57,887.17,767.01,1294.08,736.93,797.53
2024-01-16 13:00:00,8.967,10.925,789.07,738.18,850.11,1252.67,,775.54
2024-01-16 14:00:00,8.417,10.07,795.98,774.85,791.39,1196.54,842.55,753.1
2024-01-16 15:00:00,9.557,11.846,767.37,863.08,740.21,1269.98,784.38,799.88
2024-01-16 16:00:00,7.31,11.565,788.66,845.42,874.29,1213.35,835.76,813.31
2024-01-16 17:00:00,5.721,11.082,801.84,904.73,767.58,1252.97,927.58,818.78
2024-01-16 18:00:00,8.536,11.155,756.11,797.03,715.25,1267.05,797.84,780.39
2024-01-16 19:00:00,6.897,9.916,860.42,925.21,845.97,1199.47,778.06,847.66
2024-01-16 20:00:00,7.439,10.138,766.69,777.81,806.74,1232.83,777.53,829.56
2024-01-16 21:00:00,8.561,9.913,754.08,855.26,746.1,1224.03,783.7,827.97
2024-01-16 22:00:00,6.45,11.297,864.86,818.38,843.8,1290.57,874.46,835.36
2024-01-16 23:00:00,6.99,10.935,797.52,796.44,857.17,1226.37,882.16,816.7
2024-01-17 00:00:00,6.991,11.558,817.25,817.47,771.4,1277.53,883.68,833.72
2024-01-17 01:00:00,7.918,13.307,821.05,831.44,799.49,1255.39,848.52,805.25
2024-01-17 02:00:00,9.164,14.483,798.47,771.62,781.33,1276.83,820.39,811.16
2024-01-17 03:00:00,9.451,13.947,741.49,,,1275.75,758.26,762.2
2024-01-17 04:00:00,9.414,15.933,793.05,759.46,808.77,1307.98,765.49,772.3
2024-01-17 05:00:00,8.153,13.127,824.76,792.09,713.88,1300.37,789.63,819.74
2024-01-17 06:00:00,7.446,11.83,780.18,809.9,828.88,1326.4,825.5,840.24
2024-01-17 07:00:00,9.267,14.82,794.72,807.3,698.93,1292.82,809.81,763.91
2024-01-17 08:00:00,8.697,12.831,769.14,784.75,780.29,1262.52,911.36,797.35
2024-01-17 09:00:00,9.222,13.106,785.1,687.61,726.44,1313.54,759.32,826.47
2024-01-17 10:00:00,9.138,10.893,798.45,788.76,768.85,1295.48,744.74,856.2
2024-01-17 11:00:00,8.369,11.451,791.04,846.53,810.09,,819.26,837.39
2024-01-17 12:00:00,8.527,10.207,819.16,796.62,773.9,1225.34,,783.55
2024-01-17 13:00:00,7.762,10.968,839.69,784.08,766.6,1195.41,860.23,806.58
2024-01-17 14:00:00,7.685,10.531,844.0,865.49,738.22,1205.45,866.27,840.35
2024-01-17 15:00:00,6.419,10.697,862.5,821.77,823.21,1192.62,922.16,863.62
2024-01-17 16:00:00,6.62,11.757,886.07,860.58,808.69,1249.71,866.54,850.57
2024-01-17 17:00:00,6.773,10.881,852.81,865.05,831.44,1292.14,900.88,788.26
2024-01-17 18:00:00,7.202,8.053,756.23,886.86,773.36,1161.57,767.87,824.91
2024-01-17 19:00:00,6.243,10.798,826.06,905.72,888.44,1225.58,906.27,862.72
2024-01-17 20:00:00,7.067,10.403,821.55,864.61,809.58,,861.05,817.05
2024-01-17 21:00:00,6.599,10.47,839.28,907.45,857.81,1188.58,853.76,867.66
2024-01-17 22:00:00,6.938,10.976,847.64,814.58,792.88,1252.11,829.4,864.25
2024-01-17 23:00:00,7.957,11.732,781.75,893.76,824.42,1172.64,699.81,777.24
2024-01-18 00:00:00,5.982,11.177,933.1,769.51,864.11,1245.54,893.2,882.69
2024-01-18 01:00:00,6.822,12.308,840.79,925.73,,1220.25,824.62,890.91
2024-01-18 02:00:00,6.935,14.434,850.5,837.73,770.05,1282.49,837.49,874.94
2024-01-18 03:00:00,6.475,12.586,831.87,895.77,887.09,1271.34,865.78,883.9
2024-01-18 04:00:00,7.962,12.517,778.26,890.69,780.11,1258.39,825.09,797.87
2024-01-18 05:00:00,9.197,13.883,780.54,819.78,748.49,1270.61,750.77,782.57
2024-01-18 06:00:00,8.383,12.674,803.27,834.66,775.9,1328.62,768.21,819.45
2024-01-18 07:00:00,8.701,11.9,786.88,841.91,736.86,1266.54,750.93,
2024-01-18 08:00:00,9.267,13.36,838.56,734.32,797.52,1216.2,779.39,753.26
2024-01-18 09:00:00,9.241,15.201,785.24,746.7,781.45,1258.2,829.31,810.87
2024-01-18 10:00:00,7.848,13.009,815.79,848.75,805.4,1311.81,823.81,833.01
2024-01-18 11:00:00,8.67,12.794,823.35,,830.1,1261.31,803.38,768.56
2024-01-18 12:00:00,7.324,9.514,811.76,831.67,800.75,1250.91,810.44,837.82
2024-01-18 13:00:00,6.243,12.086,878.46,936.01,902.81,1298.87,843.71,838.64
2024-01-18 14:00:00,6.122,11.199,814.22,933.76,833.84,1244.52,836.94,868.3
2024-01-18 15:00:00,5.138,9.884,836.11,878.4,787.79,1241.84,870.61,854.91
2024-01-18 16:00:00,5.396,10.589,880.85,926.81,811.51,1230.1,826.84,867.1
2024-01-18 17:00:00,5.674,10.388,859.77,837.02,810.41,1270.43,921.65,860.23
2024-01-18 18:00:00,6.537,8.854,808.5,803.86,816.56,,849.85,837.87
2024-01-18 19:00:00,7.286,10.603,827.98,812.95,867.39,1269.58,832.04,767.78
2024-01-18 20:00:00,4.898,11.853,903.52,926.71,875.56,1254.11,915.32,915.43
2024-01-18 21:00:00,6.483,10.472,820.75,847.83,812.4,1228.78,831.79,879.63
2024-01-18 22:00:00,5.56,10.131,851.75,920.52,829.54,1221.73,886.04,821.07
2024-01-18 23:00:00,7.037,11.454,842.1,858.57,837.02,1295.32,810.34,882.15
2024-01-19 00:00:00,6.838,13.223,812.31,915.42,846.07,1282.38,828.23,908.96
2024-01-19 01:00:00,5.764,11.257,848.13,921.15,877.08,1253.43,871.27,787.97
2024-01-19 02:00:00,8.236,13.92,,786.66,769.33,1279.03,811.34,770.45
2024-01-19 03:00:00,7.234,12.84,834.4,893.06,911.54,1308.57,890.88,895.3
2024-01-19 04:00:00,7.457,14.277,818.74,819.72,805.08,1386.85,798.64,824.69
2024-01-19 05:00:00,7.125,13.525,809.77,879.05,796.71,1361.8,803.83,811.81
2024-01-19 06:00:00,7.474,13.605,796.49,831.96,865.63,1306.54,813.64,858.3
2024-01-19 07:00:00,8.275,16.062,815.96,886.34,847.64,1294.39,855.43,799.48
2024-01-19 08:00:00,7.638,12.36,892.66,871.91,777.62,1243.83,831.47,834.5
2024-01-19 09:00:00,7.838,14.332,844.82,814.46,839.18,1304.28,908.0,887.27
2024-01-19 10:00:00,7.593,15.431,790.17,837.86,804.74,1247.34,831.44,791.99
2024-01-19 11:00:00,8.048,13.711,841.11,964.37,819.86,1262.97,827.71,829.75
2024-01-19 12:00:00,6.384,10.792,,827.66,836.0,1269.4,855.03,813.63
2024-01-19 13:00:00,5.143,10.353,882.4,887.67,960.42,1197.13,897.72,919.51
2024-01-19 14:00:00,6.867,10.525,814.48,835.0,871.48,1250.45,807.31,840.09
2024-01-19 15:00:00,5.477,11.222,947.94,862.04,895.07,1241.61,883.95,
2024-01-19 16:00:00,6.421,11.006,810.04,835.39,858.58,1227.51,,841.32
2024-01-19 17:00:00,5.694,9.03,872.17,890.52,780.36,1234.48,878.45,901.93
2024-01-19 18:00:00,5.22,9.461,852.42,930.4,854.52,1275.87,898.1,833.98
2024-01-19 19:00:00,5.624,9.624,891.71,835.19,819.53,1226.11,862.23,895.02
2024-01-19 20:00:00,7.004,10.602,841.87,837.63,808.07,1275.99,807.26,887.47
2024-01-19 21:00:00,7.274,13.541,881.16,825.69,823.5,1295.52,807.45,
2024-01-19 22:00:00,5.896,10.476,887.2,845.94,764.1,1207.4,829.22,
2024-01-19 23:00:00,6.237,10.929,830.27,923.03,818.5,1279.86,828.98,838.76
2024-01-20 00:00:00,7.26,11.283,929.56,820.93,813.15,1284.31,922.28,844.04
2024-01-20 01:00:00,6.013,13.946,893.84,844.64,,1314.82,886.34,949.75
2024-01-20 02:00:00,7.225,13.641,819.81,894.93,788.71,1249.42,828.43,889.75
2024-01-20 03:00:00,7.166,13.054,845.28,909.89,786.61,1233.26,809.61,878.66
2024-01-20 04:00:00,7.609,14.037,852.19,858.12,778.6,1305.94,822.18,853.56
2024-01-20 05:00:00,6.792,13.747,872.44,836.27,819.25,,873.61,810.45
2024-01-20 06:00:00,6.208,15.146,891.69,885.67,806.94,1344.18,894.55,814.01
2024-01-20 07:00:00,5.762,17.97,933.37,893.34,936.29,1311.82,935.7,
2024-01-20 08:00:00,6.387,15.237,900.11,889.34,883.1,,907.81,864.89
2024-01-20 09:00:00,6.705,14.173,826.38,906.6,951.07,1284.29,854.81,893.57
2024-01-20 10:00:00,6.57,13.1,928.77,878.04,812.05,1315.46,828.68,852.33
2024-01-20 11:00:00,8.047,11.831,876.84,827.85,,1249.25,796.83,804.7
2024-01-20 12:00:00,7.053,13.834,872.8,845.28,,1326.71,873.63,818.16
2024-01-20 13:00:00,5.07,13.28,,954.18,933.07,,876.13,855.69
2024-01-20 14:00:00,5.811,11.452,870.78,913.13,834.51,1204.21,951.42,952.52
2024-01-20 15:00:00,4.941,13.083,889.18,857.6,869.82,1321.29,878.0,896.68
2024-01-20 16:00:00,4.832,11.364,889.05,858.22,920.11,1259.31,919.78,904.42
2024-01-20 17:00:00,5.071,12.098,815.93,910.77,915.86,1278.79,907.39,944.51
2024-01-20 18:00:00,5.36,11.486,935.17,951.77,813.38,1226.63,915.45,929.97
2024-01-20 19:00:00,4.618,11.017,941.5,981.95,865.32,1265.56,827.5,886.91
2024-01-20 20:00:00,5.844,10.315,804.11,924.46,,1245.28,902.12,
2024-01-20 21:00:00,4.254,11.635,944.41,942.76,866.45,1276.08,905.03,900.75
2024-01-20 22:00:00,5.405,13.267,888.09,975.44,876.1,1315.67,858.63,886.43
2024-01-20 23:00:00,7.752,12.161,810.71,809.52,823.44,1280.55,852.87,831.0
2024-01-21 00:00:00,6.147,13.849,887.44,881.19,907.81,1338.0,802.07,885.56
2024-01-21 01:00:00,7.411,12.572,768.07,793.73,839.33,1269.23,900.91,868.19
2024-01-21 02:00:00,6.612,15.323,863.42,870.57,835.36,1373.75,870.83,852.65
2024-01-21 03:00:00,7.237,15.211,848.59,829.57,747.5,1277.52,838.12,832.72
2024-01-21 04:00:00,6.903,13.744,851.37,931.84,859.46,1320.35,799.83,833.72
2024-01-21 05:00:00,6.918,15.152,806.61,927.71,844.54,1318.82,842.88,900.0
2024-01-21 06:00:00,6.458,16.642,889.71,895.8,931.13,1344.79,917.38,888.09
2024-01-21 07:00:00,7.371,13.98,873.61,874.74,844.17,1279.43,844.7,898.89
2024-01-21 08:00:00,6.212,14.041,883.5,869.16,824.34,1319.61,891.15,884.63
2024-01-21 09:00:00,7.222,14.961,837.09,762.31,776.61,1367.34,,889.1
2024-01-21 10:00:00,7.296,17.226,947.34,837.7,832.39,1391.43,817.68,
2024-01-21 11:00:00,6.419,13.413,828.27,914.75,854.95,1317.35,799.47,862.99
2024-01-21 12:00:00,5.574,14.334,915.51,932.17,869.47,1309.45,852.1,901.17
2024-01-21 13:00:00,5.843,13.571,885.98,888.06,801.4,1346.83,877.88,862.45
2024-01-21 14:00:00,4.931,12.106,966.83,958.1,751.19,1291.29,891.43,878.32
2024-01-21 15:00:00,5.666,12.63,891.72,887.74,813.28,1250.74,870.86,878.39
2024-01-21 16:00:00,3.251,11.62,,935.18,803.45,1258.89,968.5,957.61
2024-01-21 17:00:00,4.316,11.566,928.9,976.17,838.81,1322.38,900.45,900.55
2024-01-21 18:00:00,2.94,9.973,905.52,961.37,914.44,1289.95,911.38,938.96
2024-01-21 19:00:00,3.366,12.044,909.53,1019.47,966.18,1327.96,909.74,911.8
2024-01-21 20:00:00,5.763,13.391,869.25,825.85,752.54,1299.81,904.01,912.06
2024-01-21 21:00:00,5.568,12.739,914.92,887.25,813.36,1259.26,924.61,
2024-01-21 22:00:00,4.515,14.432,926.68,972.7,907.62,1270.76,975.58,966.59
2024-01-21 23:00:00,4.168,14.343,920.59,979.4,879.92,1299.88,914.27,911.81
2024-01-22 00:00:00,3.3,14.133,999.23,977.96,925.37,1283.97,964.23,973.93
2024-01-22 01:00:00,5.538,14.009,818.6,926.31,879.99,1377.75,907.83,889.81
2024-01-22 02:00:00,8.189,14.702,771.51,837.66,787.02,1282.48,824.13,814.76
2024-01-22 03:00:00,6.841,13.977,763.98,813.47,883.3,1280.22,872.0,852.0
2024-01-22 04:00:00,6.227,15.78,918.94,,959.36,1317.37,902.76,906.8
2024-01-22 05:00:00,7.158,16.518,850.51,879.58,794.22,1287.71,822.26,834.99
2024-01-22 06:00:00,5.57,18.511,941.15,947.53,927.05,1333.95,883.33,906.39
2024-01-22 07:00:00,6.533,17.061,,889.53,945.58,1403.4,888.48,959.07
2024-01-22 08:00:00,6.723,15.232,896.12,858.49,903.21,1374.12,821.52,937.23
2024-01-22 09:00:00,6.376,14.267,861.23,835.38,816.5,1341.62,842.13,891.87
2024-01-22 10:00:00,6.822,15.376,872.51,907.92,827.05,1337.73,862.73,863.98
2024-01-22 11:00:00,6.169,16.159,889.2,926.77,788.04,1305.25,860.87,921.57
2024-01-22 12:00:00,6.111,14.446,885.71,937.27,828.85,1349.95,887.93,860.07
2024-01-22 13:00:00,4.709,14.887,974.11,900.84,,1330.7,891.59,977.67
2024-01-22 14:00:00,5.683,13.581,825.15,913.78,877.53,1315.32,793.33,952.13
2024-01-22 15:00:00,6.013,14.289,873.54,872.75,806.55,1318.19,887.9,917.1
2024-01-22 16:00:00,3.738,11.239,932.85,965.96,895.14,1295.95,930.05,926.38
2024-01-22 17:00:00,3.679,14.926,945.85,1093.32,922.55,1368.68,997.09,920.0
2024-01-22 18:00:00,5.412,11.643,866.94,947.9,834.59,1262.18,870.04,845.41
2024-01-22 19:00:00,4.226,14.044,906.15,926.67,931.02,1350.53,932.51,957.11
2024-01-22 20:00:00,5.618,13.01,934.79,899.15,837.74,1280.66,868.19,898.49
2024-01-22 21:00:00,4.327,13.561,917.38,937.72,904.4,1340.11,897.52,958.07
2024-01-22 22:00:00,6.09,13.871,957.23,901.69,795.57,1332.36,854.4,896.45
2024-01-22 23:00:00,5.317,14.996,917.09,863.88,842.17,1276.88,863.13,973.69
2024-01-23 00:00:00,5.726,15.802,880.65,927.13,,1339.98,896.12,922.66
2024-01-23 01:00:00,7.078,17.088,878.04,790.05,773.92,,859.89,843.47
2024-01-23 02:00:00,5.824,18.036,901.91,850.84,911.04,1332.17,860.71,893.76
2024-01-23 03:00:00,5.606,17.206,947.42,1002.28,866.33,1366.99,932.5,963.24
2024-01-23 04:00:00,6.189,19.23,852.37,895.21,791.89,1392.71,863.49,916.79
2024-01-23 05:00:00,7.028,17.532,799.08,934.77,829.08,1351.77,858.35,886.06
2024-01-23 06:00:00,5.452,18.829,924.7,899.61,923.54,1415.29,943.18,883.46
2024-01-23 07:00:00,7.172,18.03,889.56,790.51,943.92,1356.09,905.86,855.16
2024-01-23 08:00:00,6.11,16.705,894.09,862.56,943.59,1317.04,793.5,963.02
2024-01-23 09:00:00,7.268,17.312,877.94,976.88,801.7,1307.59,883.85,
2024-01-23 10:00:00,4.185,17.332,959.2,911.65,948.45,1328.89,952.73,979.02
2024-01-23 11:00:00,5.181,16.256,856.26,1004.02,866.25,1325.02,927.72,895.41
2024-01-23 12:00:00,4.151,16.321,947.07,979.95,884.47,1338.42,921.96,915.81
2024-01-23 13:00:00,4.529,16.396,973.07,959.07,943.74,1401.62,956.26,929.51
2024-01-23 14:00:00,5.099,14.896,910.28,901.59,889.1,1332.69,946.4,924.88
2024-01-23 15:00:00,4.509,11.026,857.51,902.73,882.12,1232.03,930.05,881.81
2024-01-23 16:00:00,4.26,16.304,922.4,985.15,836.98,1384.81,968.99,938.23
2024-01-23 17:00:00,4.217,13.783,943.44,1009.18,854.02,1338.65,999.58,935.91
2024-01-23 18:00:00,4.468,13.134,976.86,954.29,847.19,1287.86,970.98,861.77
2024-01-23 19:00:00,3.541,12.891,870.4,1004.96,927.46,1342.34,919.62,963.52
2024-01-23 20:00:00,5.035,14.085,915.05,914.12,907.37,1344.64,931.45,874.09
2024-01-23 21:00:00,5.192,14.182,865.8,1013.31,946.27,1304.69,942.41,939.99
2024-01-23 22:00:00,5.221,14.437,916.54,935.77,834.57,1316.97,912.34,885.16
2024-01-23 23:00:00,5.651,15.036,910.01,995.61,940.96,1315.23,914.65,852.36
2024-01-24 00:00:00,5.756,17.058,887.42,878.36,864.74,1377.62,836.55,861.78
2024-01-24 01:00:00,7.461,19.427,880.62,867.72,851.1,1321.34,851.05,
2024-01-24 02:00:00,6.056,18.508,933.6,954.58,871.53,1413.42,881.43,867.74
2024-01-24 03:00:00,6.133,19.336,889.53,917.44,889.8,1356.33,856.21,892.52
2024-01-24 04:00:00,5.97,17.904,846.6,933.37,904.47,1355.38,928.55,
2024-01-24 05:00:00,5.872,18.734,949.79,879.19,925.69,1453.55,852.78,829.57
2024-01-24 06:00:00,5.748,19.239,934.65,907.58,877.61,1391.04,939.21,886.64
2024-01-24 07:00:00,5.996,17.919,912.48,876.87,878.38,1385.98,885.47,976.41
2024-01-24 08:00:00,6.536,18.051,854.04,891.58,824.15,1386.25,919.01,875.69
2024-01-24 09:00:00,6.675,19.321,914.55,886.84,894.54,1406.28,891.23,913.1
2024-01-24 10:00:00,6.205,19.241,964.32,887.99,888.07,1385.07,895.88,924.8
2024-01-24 11:00:00,5.268,17.583,907.36,959.45,857.62,1388.93,910.33,899.93
2024-01-24 12:00:00,6.297,15.602,877.21,852.71,802.47,1329.58,855.48,867.71
2024-01-24 13:00:00,5.864,16.215,851.5,825.03,875.2,1293.92,897.15,933.3
2024-01-24 14:00:00,4.862,14.41,883.53,914.78,937.44,1286.82,833.05,964.82
2024-01-24 15:00:00,4.226,15.867,895.47,1048.47,972.47,1348.09,924.77,888.95
2024-01-24 16:00:00,5.003,15.818,915.66,957.74,832.58,,936.89,958.08
2024-01-24 17:00:00,4.603,15.039,906.87,913.98,931.49,1351.16,918.17,864.82
2024-01-24 18:00:00,3.261,15.637,972.11,1010.37,961.24,1362.09,998.27,997.9
2024-01-24 19:00:00,4.414,15.968,897.05,951.3,960.06,1353.29,900.89,973.2
2024-01-24 20:00:00,4.806,16.028,911.69,959.8,912.78,1347.23,881.45,936.9
2024-01-24 21:00:00,4.076,14.648,898.42,998.75,888.7,1341.92,940.88,
2024-01-24 22:00:00,5.205,16.252,913.96,939.94,917.48,1322.81,885.76,967.24
2024-01-24 23:00:00,4.188,17.582,884.74,973.57,807.97,1385.12,966.1,937.0
2024-01-25 00:00:00,6.74,19.555,884.57,952.44,824.14,1425.74,857.64,905.42
2024-01-25 01:00:00,6.99,17.904,855.1,901.62,814.2,1370.37,869.59,856.91
2024-01-25 02:00:00,6.089,19.426,903.27,921.23,,1372.11,803.53,959.11
2024-01-25 03:00:00,6.84,20.285,821.93,893.66,803.56,,863.76,897.47
2024-01-25 04:00:00,4.822,19.366,955.03,931.15,887.07,1449.23,920.99,968.35
2024-01-25 05:00:00,5.956,21.232,898.33,873.29,870.59,1430.93,839.9,851.69
2024-01-25 06:00:00,6.697,21.417,896.45,926.75,865.99,1389.06,893.44,892.24
2024-01-25 07:00:00,6.045,21.615,842.56,972.47,905.72,1410.82,900.17,898.76
2024-01-25 08:00:00,7.366,20.361,821.89,892.5,802.66,1357.55,828.61,853.4
2024-01-25 09:00:00,8.213,22.378,837.09,876.96,826.95,1388.05,891.98,897.69
2024-01-25 10:00:00,5.437,18.445,958.91,895.87,887.12,1397.42,872.85,890.31
2024-01-25 11:00:00,5.431,21.303,942.25,916.27,828.96,1422.55,,941.42
2024-01-25 12:00:00,5.991,19.21,903.25,864.65,878.78,1361.07,892.97,984.62
2024-01-25 13:00:00,6.793,19.431,844.87,880.92,873.86,1432.57,909.56,889.93
2024-01-25 14:00:00,4.25,17.009,898.82,1004.35,943.39,1363.52,961.87,900.86
2024-01-25 15:00:00,5.192,18.044,925.52,910.1,839.21,1384.03,842.24,965.11
2024-01-25 16:00:00,6.272,18.478,912.06,901.74,864.73,1404.6,846.7,885.91
2024-01-25 17:00:00,3.387,15.313,961.38,1015.65,975.0,1303.46,928.02,954.69
2024-01-25 18:00:00,3.657,16.406,1011.27,1030.53,849.56,1327.37,1044.65,913.85
2024-01-25 19:00:00,4.397,14.152,896.67,885.86,892.01,1320.21,963.63,972.99
2024-01-25 20:00:00,4.454,16.76,936.99,938.68,841.34,1266.03,989.51,979.7
2024-01-25 21:00:00,5.726,16.364,,886.34,854.55,1409.72,850.8,929.56
2024-01-25 22:00:00,5.532,17.548,911.45,890.55,849.93,1383.0,911.93,964.1
2024-01-25 23:00:00,4.223,21.852,1011.51,965.1,954.55,1455.98,932.89,993.38
2024-01-26 00:00:00,6.381,20.975,859.26,830.82,869.81,1440.66,952.66,882.06
2024-01-26 01:00:00,5.833,17.755,926.05,901.91,824.05,1392.52,915.01,875.69
2024-01-26 02:00:00,7.619,20.683,910.17,869.63,914.87,1421.17,845.45,877.59
2024-01-26 03:00:00,6.362,21.441,874.2,869.01,892.71,1459.56,869.86,919.53
2024-01-26 04:00:00,6.562,20.446,904.62,882.09,916.42,1450.45,910.48,903.03
2024-01-26 05:00:00,7.64,21.317,917.29,870.25,807.88,1474.72,869.75,814.32
2024-01-26 06:00:00,7.875,21.554,864.56,867.45,833.03,1399.78,837.69,886.86
2024-01-26 07:00:00,7.599,19.589,882.92,800.22,887.33,1354.29,821.8,825.53
2024-01-26 08:00:00,5.789,19.819,845.0,952.22,858.57,1372.83,930.87,951.11
2024-01-26 09:00:00,7.395,20.997,888.34,905.34,857.8,1424.96,860.71,844.48
2024-01-26 10:00:00,5.906,20.546,925.21,892.96,888.52,1367.43,880.18,956.58
2024-01-26 11:00:00,6.649,19.145,833.55,961.77,766.47,1349.24,885.58,902.01
2024-01-26 12:00:00,5.029,18.575,889.01,963.02,898.57,1409.85,951.68,906.42
2024-01-26 13:00:00,6.233,18.953,911.91,919.86,857.06,1376.61,889.24,921.0
2024-01-26 14:00:00,4.959,19.693,919.16,977.7,902.31,1410.34,954.89,990.52
2024-01-26 15:00:00,4.349,18.173,978.94,924.04,885.37,1440.19,908.91,962.21
2024-01-26 16:00:00,5.774,19.945,918.96,910.94,836.99,1442.98,962.91,888.84
2024-01-26 17:00:00,5.295,17.013,910.27,956.3,852.32,1370.86,877.36,904.13
2024-01-26 18:00:00,4.589,18.061,926.82,925.43,887.08,1356.65,955.95,931.59
2024-01-26 19:00:00,6.301,17.522,892.66,886.83,890.64,1358.93,876.42,
2024-01-26 20:00:00,4.927,18.903,955.21,973.08,882.2,1374.23,892.27,883.15
2024-01-26 21:00:00,5.516,17.627,923.56,938.77,889.18,,891.19,979.37
2024-01-26 22:00:00,5.974,21.341,,923.7,902.45,1407.98,972.75,902.39
2024-01-26 23:00:00,5.572,17.531,946.24,926.78,859.97,1372.7,866.16,857.8
2024-01-27 00:00:00,6.776,22.185,913.13,892.73,920.19,1434.88,848.89,867.49
2024-01-27 01:00:00,6.303,20.801,910.59,944.81,867.37,1395.27,861.04,887.38
2024-01-27 02:00:00,6.711,21.887,893.79,984.51,855.75,1401.58,923.97,803.2
2024-01-27 03:00:00,8.4,23.288,867.1,862.78,892.89,1499.58,848.06,898.2
2024-01-27 04:00:00,6.689,23.082,832.47,956.48,892.17,1439.41,876.31,936.55
2024-01-27 05:00:00,5.733,21.425,924.35,913.37,799.8,1470.24,902.76,940.35
2024-01-27 06:00:00,9.014,23.137,889.13,803.7,719.25,1439.45,805.2,813.91
2024-01-27 07:00:00,9.745,24.638,825.7,780.53,888.54,1467.1,798.76,870.93
2024-01-27 08:00:00,7.284,21.18,874.29,843.73,865.16,1424.99,825.57,879.96
2024-01-27 09:00:00,5.89,24.516,904.55,923.33,906.18,1483.98,869.32,992.91
2024-01-27 10:00:00,6.965,22.07,901.55,928.79,781.06,1439.92,888.12,833.38
2024-01-27 11:00:00,6.717,20.652,878.03,937.13,866.23,1433.15,857.55,871.59
2024-01-27 12:00:00,6.506,19.629,931.99,880.31,827.52,1361.58,899.08,865.91
2024-01-27 13:00:00,5.48,19.962,886.18,921.58,885.03,1408.43,921.85,889.93
2024-01-27 14:00:00,6.567,17.448,858.8,,827.75,1360.98,917.0,904.21
2024-01-27 15:00:00,6.298,18.928,867.8,914.61,860.79,1408.62,892.71,942.74
2024-01-27 16:00:00,4.515,18.839,,985.49,923.37,1389.1,962.36,975.95
2024-01-27 17:00:00,6.174,17.711,880.19,889.6,884.89,,864.53,
2024-01-27 18:00:00,7.24,19.875,847.55,869.94,852.82,1421.82,798.04,892.34
2024-01-27 19:00:00,5.8,18.829,829.17,975.08,888.84,1342.5,891.4,934.37
2024-01-27 20:00:00,5.536,18.573,876.67,917.42,814.34,1422.26,888.15,892.09
2024-01-27 21:00:00,5.907,19.308,919.96,895.91,880.9,1373.31,863.09,922.68
2024-01-27 22:00:00,6.786,20.584,900.96,891.18,879.04,1446.46,910.57,895.35
2024-01-27 23:00:00,5.223,20.772,904.44,,905.57,1468.36,914.1,886.2
2024-01-28 00:00:00,7.074,20.405,852.9,823.2,924.85,1398.75,882.13,964.07
2024-01-28 01:00:00,6.966,21.959,948.87,875.22,862.5,1468.14,835.19,915.98
2024-01-28 02:00:00,9.071,22.273,920.62,843.35,769.18,1416.06,824.14,814.99
2024-01-28 03:00:00,7.727,21.424,900.3,947.2,852.37,1400.78,890.19,864.55
2024-01-28 04:00:00,9.416,22.806,873.54,795.94,795.32,1445.49,884.38,859.4
2024-01-28 05:00:00,7.344,24.09,944.76,917.85,803.79,1499.87,823.3,
2024-01-28 06:00:00,8.764,24.192,921.0,849.31,829.94,1435.18,,862.87
2024-01-28 07:00:00,8.534,23.204,834.9,892.92,904.79,1395.96,782.85,917.95
2024-01-28 08:00:00,7.489,24.135,848.17,857.99,857.5,1479.42,825.0,891.89
2024-01-28 09:00:00,8.162,21.87,914.06,898.56,889.9,1476.54,853.22,896.59
2024-01-28 10:00:00,8.767,21.535,797.67,,858.16,1415.7,838.56,886.62
2024-01-28 11:00:00,7.275,21.931,838.98,940.77,965.43,1474.3,898.35,925.23
2024-01-28 12:00:00,5.896,23.553,885.69,989.07,927.09,1508.76,912.07,931.48
2024-01-28 13:00:00,6.952,21.475,877.39,899.6,874.48,1456.74,922.48,858.14
2024-01-28 14:00:00,5.981,20.507,,943.52,892.99,1415.51,931.34,848.2
2024-01-28 15:00:00,6.208,22.316,856.45,901.52,905.45,1431.57,900.15,926.92
2024-01-28 16:00:00,6.252,19.841,872.43,820.53,868.15,1410.49,918.97,918.07
2024-01-28 17:00:00,4.86,22.706,904.23,972.83,906.88,1434.37,931.47,940.11
2024-01-28 18:00:00,4.919,19.382,966.69,944.31,927.92,1433.91,971.29,946.97
2024-01-28 19:00:00,6.665,18.889,878.62,931.91,837.36,1374.03,,925.62
2024-01-28 20:00:00,6.008,20.141,922.6,952.64,808.17,1409.13,890.86,883.5
2024-01-28 21:00:00,4.593,20.398,959.56,921.74,866.93,1424.01,916.53,933.71
2024-01-28 22:00:00,7.549,20.18,852.21,962.55,918.99,1378.82,846.0,823.06
2024-01-28 23:00:00,7.456,24.792,917.38,901.31,864.01,1469.64,887.51,891.34
2024-01-29 00:00:00,7.005,22.607,901.41,842.28,908.48,1461.56,880.29,926.25
2024-01-29 01:00:00,6.861,23.336,881.75,854.68,854.37,1430.31,914.65,899.37
2024-01-29 02:00:00,8.901,22.744,774.18,746.29,868.81,1404.54,811.79,851.63
2024-01-29 03:00:00,8.789,23.056,855.89,868.48,852.78,1418.05,,821.05
2024-01-29 04:00:00,10.634,25.333,746.68,758.44,883.09,1470.6,686.46,864.5
2024-01-29 05:00:00,9.213,22.327,835.83,788.57,877.0,1379.09,802.57,873.6
2024-01-29 06:00:00,9.256,23.07,827.41,797.26,855.64,1418.94,801.69,814.17
2024-01-29 07:00:00,8.8,24.112,794.49,828.72,816.69,1393.2,756.53,871.35
2024-01-29 08:00:00,9.496,25.865,839.56,846.76,784.98,1440.6,855.73,874.46
2024-01-29 09:00:00,9.18,23.511,835.45,760.98,823.09,1436.45,817.37,918.53
2024-01-29 10:00:00,9.462,24.079,830.25,776.66,826.15,1466.38,830.68,877.19
2024-01-29 11:00:00,7.783,23.164,871.46,889.04,843.44,1456.82,843.82,926.84
2024-01-29 12:00:00,7.57,24.202,854.11,856.6,901.05,1473.86,900.35,898.16
2024-01-29 13:00:00,7.254,20.26,888.78,901.96,860.6,1388.98,,886.5
2024-01-29 14:00:00,8.009,22.595,833.35,841.59,851.95,1477.61,873.83,889.05
2024-01-29 15:00:00,8.356,21.092,803.33,908.87,899.47,1398.01,839.38,847.31
2024-01-29 16:00:00,6.629,22.154,917.69,912.68,887.15,1401.34,908.0,949.86
2024-01-29 17:00:00,6.566,19.893,918.45,948.63,814.91,1446.5,886.53,892.51
2024-01-29 18:00:00,7.145,20.868,895.05,904.66,906.29,1391.28,883.85,906.48
2024-01-29 19:00:00,6.768,20.815,876.91,919.0,880.85,1411.41,883.12,859.21
2024-01-29 20:00:00,7.876,19.965,781.44,827.78,829.35,1425.16,784.4,835.74
2024-01-29 21:00:00,5.533,19.979,966.84,979.58,856.94,1395.2,858.67,909.42
2024-01-29 22:00:00,6.951,21.263,812.62,899.98,923.09,1460.08,857.24,913.08
2024-01-29 23:00:00,7.306,22.627,897.77,845.94,940.1,1452.05,913.13,936.41
2024-01-30 00:00:00,6.416,22.11,973.7,826.62,859.38,1461.56,895.71,878.27
2024-01-30 01:00:00,7.842,23.168,869.91,874.16,871.72,1460.99,806.61,868.04
2024-01-30 02:00:00,8.2,21.812,858.74,913.35,861.6,1419.03,830.13,879.24
2024-01-30 03:00:00,9.05,24.072,848.2,796.34,761.97,1507.38,808.24,870.69
2024-01-30 04:00:00,10.322,26.09,813.09,757.77,812.01,1508.86,783.83,884.52
2024-01-30 05:00:00,9.385,25.935,916.19,814.82,764.26,1439.03,849.77,881.57
2024-01-30 06:00:00,8.828,25.079,816.17,886.8,845.3,1466.79,855.12,876.38
2024-01-30 07:00:00,9.596,25.434,791.85,745.75,,1504.22,853.11,856.25
2024-01-30 08:00:00,10.391,23.973,782.56,760.08,739.11,1376.11,771.42,845.55
2024-01-30 09:00:00,8.611,26.624,919.63,814.09,938.57,1485.23,862.78,988.03
2024-01-30 10:00:00,8.445,26.767,843.8,882.54,939.15,1546.03,891.15,919.53
2024-01-30 11:00:00,9.361,24.026,841.06,816.81,827.24,1466.82,812.56,896.12
2024-01-30 12:00:00,8.457,26.443,899.69,844.84,884.11,1492.25,776.81,
2024-01-30 13:00:00,8.872,22.024,857.96,824.97,816.3,1446.65,809.49,855.15
2024-01-30 14:00:00,8.084,20.88,,885.34,822.04,1476.23,907.24,
2024-01-30 15:00:00,8.438,21.139,888.48,888.26,,,842.9,845.76
2024-01-30 16:00:00,6.889,21.432,894.35,934.85,840.01,1393.7,881.17,905.54
2024-01-30 17:00:00,7.618,24.292,860.02,902.13,890.65,,845.66,918.72
2024-01-30 18:00:00,7.448,21.133,871.7,930.41,859.22,1451.06,842.2,911.15
2024-01-30 19:00:00,6.716,20.529,872.48,859.43,826.91,1407.11,885.72,925.33
2024-01-30 20:00:00,6.588,20.703,976.96,916.8,905.56,1421.65,916.07,825.16
2024-01-30 21:00:00,8.608,23.487,826.01,938.93,873.48,1479.27,780.43,866.44
2024-01-30 22:00:00,8.058,23.75,878.16,789.92,904.4,1488.45,813.6,876.37
2024-01-30 23:00:00,7.841,22.473,809.05,845.14,835.27,1469.21,866.24,
2024-01-31 00:00:00,8.923,21.341,830.84,,866.44,1388.2,820.7,856.46
2024-01-31 01:00:00,10.244,22.774,784.05,800.29,889.08,,711.08,833.92
2024-01-31 02:00:00,7.836,26.695,904.35,936.83,879.99,1576.21,,881.35
2024-01-31 03:00:00,8.743,25.888,876.26,869.39,857.54,1515.62,890.75,908.68
2024-01-31 04:00:00,9.423,25.475,880.39,816.19,862.46,1533.29,817.57,806.3
2024-01-31 05:00:00,11.481,27.856,814.38,769.36,692.72,1510.81,715.99,772.88
2024-01-31 06:00:00,10.609,28.048,801.69,777.18,757.86,1503.27,,865.82
2024-01-31 07:00:00,10.987,25.603,744.91,772.01,765.75,1441.75,811.03,831.03
2024-01-31 08:00:00,9.371,25.441,803.14,851.19,820.69,1470.55,840.6,887.59
2024-01-31 09:00:00,9.228,24.461,,898.22,837.79,1503.19,792.74,872.81
2024-01-31 10:00:00,10.263,24.419,806.31,810.83,817.73,1460.16,806.63,825.53
2024-01-31 11:00:00,9.693,22.509,818.92,816.07,753.51,1384.04,786.19,
2024-01-31 12:00:00,9.805,22.0,785.74,883.66,854.08,1388.17,747.53,819.46
2024-01-31 13:00:00,8.935,21.218,875.59,749.48,836.24,1480.61,853.16,905.89
2024-01-31 14:00:00,9.049,24.117,783.61,829.1,837.98,1436.47,843.89,923.1
2024-01-31 15:00:00,8.735,20.54,,802.46,843.94,1407.79,785.52,837.36
2024-01-31 16:00:00,9.07,24.448,798.36,823.57,810.94,1494.31,860.32,921.1
2024-01-31 17:00:00,9.004,21.044,815.28,849.17,809.63,1397.46,729.41,931.79
2024-01-31 18:00:00,7.052,23.948,933.95,935.42,837.0,1403.4,883.22,869.52
2024-01-31 19:00:00,6.621,21.504,881.32,881.83,786.81,1397.23,970.37,908.15
2024-01-31 20:00:00,9.37,20.273,812.42,837.75,796.7,1361.46,876.24,796.46
2024-01-31 21:00:00,9.739,24.021,838.64,774.49,890.8,1411.65,792.22,900.92
2024-01-31 22:00:00,8.251,24.587,847.87,808.5,833.31,1519.34,951.25,852.08
2024-01-31 23:00:00,7.899,22.309,872.6,866.98,787.73,1462.35,874.57,871.3
2024-02-01 00:00:00,9.807,23.524,820.04,798.01,837.73,1482.19,792.28,
2024-02-01 01:00:00,10.813,23.361,735.3,825.14,762.46,1404.95,769.3,799.21
2024-02-01 02:00:00,11.825,24.793,722.78,806.62,772.56,1438.43,704.64,733.14
2024-02-01 03:00:00,11.079,25.489,786.1,735.25,812.79,1497.8,788.59,777.8
2024-02-01 04:00:00,10.589,25.262,837.16,708.87,779.33,1415.57,766.42,798.93
2024-02-01 05:00:00,10.321,23.708,840.31,733.61,818.19,1498.79,793.92,782.48
2024-02-01 06:00:00,11.115,25.267,844.53,723.79,,1497.27,746.43,822.35
2024-02-01 07:00:00,10.855,26.746,805.41,782.03,717.08,1504.82,,838.32
2024-02-01 08:00:00,10.192,25.456,793.57,,792.39,1457.68,771.95,823.27
2024-02-01 09:00:00,12.482,25.001,708.84,638.74,695.72,1401.25,687.97,732.79
2024-02-01 10:00:00,12.051,23.867,721.04,778.9,677.31,1446.21,704.52,738.39
2024-02-01 11:00:00,11.272,23.773,743.69,771.82,733.16,1479.57,775.12,739.94
2024-02-01 12:00:00,9.345,25.681,847.31,898.37,865.16,1498.62,845.18,862.2
2024-02-01 13:00:00,10.484,22.108,797.15,704.43,787.3,1432.26,,821.83
2024-02-01 14:00:00,10.051,23.86,764.65,850.62,731.89,1469.11,778.24,785.16
2024-02-01 15:00:00,9.674,22.639,849.1,802.39,765.69,1435.46,808.47,808.34
2024-02-01 16:00:00,10.158,22.56,731.93,775.95,800.18,1439.66,774.63,868.59
2024-02-01 17:00:00,9.575,21.189,799.47,808.14,806.62,1450.8,781.09,851.34
2024-02-01 18:00:00,9.646,21.578,847.23,778.07,793.71,1428.43,,828.88
2024-02-01 19:00:00,9.633,22.061,830.81,802.2,841.78,1424.22,786.33,835.17
2024-02-01 20:00:00,9.545,21.643,797.65,847.36,825.46,1389.29,821.0,826.26
2024-02-01 21:00:00,8.064,22.982,926.54,782.38,828.87,1474.06,,913.49
2024-02-01 22:00:00,9.834,23.546,795.19,865.83,785.11,1447.77,819.03,814.73
2024-02-01 23:00:00,9.64,26.085,757.39,835.47,,1495.51,,838.27
2024-02-02 00:00:00,9.4,24.327,842.13,817.78,740.7,1479.5,796.77,842.29
2024-02-02 01:00:00,12.107,22.213,652.87,737.11,741.72,1396.43,689.53,752.09
2024-02-02 02:00:00,12.462,26.383,689.05,708.77,686.13,1477.77,681.76,800.95
2024-02-02 03:00:00,12.443,25.153,735.3,672.33,783.69,1450.15,706.83,685.94
2024-02-02 04:00:00,11.778,28.126,739.96,702.92,702.38,1495.65,725.81,788.55
2024-02-02 05:00:00,12.801,27.672,729.01,740.62,748.44,1511.64,678.08,
2024-02-02 06:00:00,11.799,25.363,702.22,665.35,674.68,1378.52,667.15,803.76
2024-02-02 07:00:00,11.937,26.762,773.07,713.95,733.73,1497.28,715.05,741.66
2024-02-02 08:00:00,10.808,24.978,,714.19,808.24,1430.44,723.52,860.43
2024-02-02 09:00:00,11.836,25.369,787.31,742.18,795.48,1490.31,695.31,788.66
2024-02-02 10:00:00,11.345,25.756,747.19,743.88,813.44,1413.76,792.56,844.3
2024-02-02 11:00:00,9.992,25.791,869.88,757.65,850.91,1468.37,770.55,843.7
2024-02-02 12:00:00,10.709,25.004,756.98,,828.66,1474.66,758.25,798.07
2024-02-02 13:00:00,10.402,23.494,858.84,785.97,834.08,1434.68,801.08,832.47
2024-02-02 14:00:00,11.641,25.893,718.41,745.26,743.28,1446.27,724.15,780.53
2024-02-02 15:00:00,10.696,22.052,710.86,689.42,763.04,,782.81,796.5
2024-02-02 16:00:00,9.825,20.234,797.47,768.1,823.62,1346.1,,861.18
2024-02-02 17:00:00,9.92,20.255,836.56,799.73,838.97,1388.23,800.77,781.6
2024-02-02 18:00:00,9.742,23.643,841.31,857.59,809.13,1428.8,754.94,856.13
2024-02-02 19:00:00,9.61,21.839,849.89,841.56,786.08,1439.22,836.46,869.25
2024-02-02 20:00:00,9.052,22.311,855.31,809.07,800.67,1411.85,804.66,837.75
2024-02-02 21:00:00,10.013,21.775,768.88,834.83,763.6,1412.01,715.94,880.58
2024-02-02 22:00:00,9.811,22.285,832.41,790.31,825.77,1413.53,750.92,775.0
2024-02-02 23:00:00,9.722,22.353,811.63,681.07,856.14,1422.67,789.44,820.18
2024-02-03 00:00:00,11.466,24.368,727.64,795.4,784.3,1446.77,761.78,755.37
2024-02-03 01:00:00,11.705,24.189,747.76,743.88,753.45,1437.4,710.32,707.7
2024-02-03 02:00:00,10.277,25.297,802.26,802.44,890.36,1470.81,800.98,860.34
2024-02-03 03:00:00,11.881,25.582,789.73,721.42,755.67,1438.11,705.05,817.37
2024-02-03 04:00:00,12.991,24.966,669.88,,768.16,1440.86,737.0,740.08
2024-02-03 05:00:00,13.185,23.911,654.57,649.59,651.07,1376.96,625.87,736.63
2024-02-03 06:00:00,13.223,23.859,647.79,635.58,704.17,1422.09,702.99,706.03
2024-02-03 07:00:00,12.417,29.262,,679.07,714.94,1518.1,710.56,722.15
2024-02-03 08:00:00,11.613,27.187,736.44,742.17,736.24,1424.07,756.11,
2024-02-03 09:00:00,11.255,26.687,817.19,719.62,751.2,1492.36,,803.19
2024-02-03 10:00:00,12.172,23.837,,655.61,738.52,1474.97,762.06,734.65
2024-02-03 11:00:00,11.933,24.158,749.23,725.02,727.19,1429.83,677.23,786.63
2024-02-03 12:00:00,12.372,22.632,714.5,726.78,634.76,1405.2,713.13,659.7
2024-02-03 13:00:00,11.934,21.5,762.67,674.36,713.72,1363.49,678.63,837.26
2024-02-03 14:00:00,10.681,21.866,811.47,742.11,752.53,1477.64,709.07,775.44
2024-02-03 15:00:00,9.565,23.73,,747.27,747.49,1517.95,842.22,877.9
2024-02-03 16:00:00,10.137,22.81,779.28,740.56,820.55,1481.3,765.7,822.06
2024-02-03 17:00:00,10.468,20.417,832.0,720.97,,1445.69,759.36,767.11
2024-02-03 18:00:00,10.113,21.114,768.97,828.03,818.82,1372.54,768.91,808.08
2024-02-03 19:00:00,9.875,22.437,725.1,731.86,877.94,1386.8,,835.57
2024-02-03 20:00:00,10.681,21.031,704.59,782.88,727.11,1476.53,711.27,
2024-02-03 21:00:00,10.287,22.108,732.98,774.32,746.95,1410.26,699.42,789.77
2024-02-03 22:00:00,10.457,22.886,807.49,804.19,790.42,1402.43,738.83,815.56
2024-02-03 23:00:00,11.519,23.332,823.09,778.75,752.41,1436.92,789.0,747.93
2024-02-04 00:00:00,11.279,23.663,685.76,743.42,773.48,1398.3,787.87,804.88
2024-02-04 01:00:00,12.127,23.067,690.71,,768.52,1418.65,772.91,714.92
2024-02-04 02:00:00,12.46,23.649,709.07,748.12,713.21,1392.19,724.5,747.31
2024-02-04 03:00:00,11.598,23.339,796.33,782.11,797.93,1449.33,738.02,739.62
2024-02-04 04:00:00,12.335,23.119,681.55,664.0,693.41,1382.82,747.43,741.26
2024-02-04 05:00:00,14.01,25.029,661.42,529.86,649.03,1385.85,,645.59
2024-02-04 06:00:00,11.99,26.188,729.39,712.48,709.05,1440.42,776.88,777.97
2024-02-04 07:00:00,11.205,23.458,850.59,754.68,626.12,1439.13,747.25,750.14
2024-02-04 08:00:00,11.308,25.216,768.02,669.79,701.89,1440.93,747.64,863.36
2024-02-04 09:00:00,12.649,25.485,718.21,684.41,764.39,,687.12,737.42
2024-02-04 10:00:00,12.42,21.898,702.81,,762.17,1385.0,734.2,657.68
2024-02-04 11:00:00,12.03,23.267,708.75,768.56,684.44,1433.96,784.02,800.55
2024-02-04 12:00:00,12.803,25.021,729.94,691.7,757.39,1408.94,,705.98
2024-02-04 13:00:00,9.401,23.162,780.45,785.95,719.78,1436.79,848.85,896.41
2024-02-04 14:00:00,11.584,19.744,656.62,723.26,691.99,1356.76,702.71,727.19
2024-02-04 15:00:00,12.285,22.335,702.57,701.1,703.77,1371.27,688.85,684.97
2024-02-04 16:00:00,9.96,20.3,821.01,811.49,836.86,1370.79,785.0,799.1
2024-02-04 17:00:00,10.456,21.797,761.48,779.56,861.8,1419.7,807.47,810.37
2024-02-04 18:00:00,10.133,20.041,792.28,822.85,766.97,1328.58,724.48,755.29
2024-02-04 19:00:00,10.077,20.843,748.55,738.94,789.61,1381.0,729.21,815.31
2024-02-04 20:00:00,10.668,20.43,804.63,758.12,815.07,1376.99,758.39,790.12
2024-02-04 21:00:00,12.278,21.365,726.61,760.02,812.76,1339.29,630.99,690.53
2024-02-04 22:00:00,12.87,21.063,676.52,643.18,,1303.12,663.9,650.88
2024-02-04 23:00:00,11.436,21.926,748.66,741.54,701.84,1396.3,765.93,767.45
2024-02-05 00:00:00,13.555,21.268,596.42,581.98,704.75,,640.15,712.1
2024-02-05 01:00:00,12.385,23.752,662.55,776.53,700.25,1368.32,705.65,727.61
2024-02-05 02:00:00,14.064,23.823,628.48,613.51,,1373.82,576.83,684.22
2024-02-05 03:00:00,12.85,22.053,699.19,610.92,726.71,1390.69,724.56,702.37
2024-02-05 04:00:00,13.234,25.469,698.72,695.0,660.85,,705.7,718.3
2024-02-05 05:00:00,13.556,24.231,645.78,587.7,730.64,1405.83,686.23,734.16
2024-02-05 06:00:00,15.862,24.67,575.33,532.2,613.53,1423.16,540.58,586.0
2024-02-05 07:00:00,13.972,25.29,693.42,652.66,690.02,1446.68,581.65,690.8
2024-02-05 08:00:00,12.619,24.532,699.69,761.69,723.95,1394.22,633.9,675.63
2024-02-05 09:00:00,13.783,25.182,662.98,630.3,658.36,1409.22,673.72,652.43
2024-02-05 10:00:00,12.483,22.982,694.67,684.93,745.35,1340.67,664.83,683.63
2024-02-05 11:00:00,12.104,24.056,,,832.2,1469.27,652.24,764.83
2024-02-05 12:00:00,12.924,22.408,685.35,640.19,779.31,1374.06,566.59,681.82
2024-02-05 13:00:00,11.924,22.315,783.22,680.58,729.15,1464.94,747.56,771.75
2024-02-05 14:00:00,11.845,21.671,756.18,703.93,647.93,1375.37,750.64,718.24
2024-02-05 15:00:00,11.396,22.223,774.67,713.9,732.76,1398.35,,749.12
2024-02-05 16:00:00,11.475,21.244,722.17,759.41,753.65,1402.95,,788.71
2024-02-05 17:00:00,11.437,19.609,,702.5,751.87,1410.13,722.37,755.24
2024-02-05 18:00:00,9.518,19.264,813.82,822.24,835.26,1428.54,714.69,806.12
2024-02-05 19:00:00,11.652,20.003,768.45,710.99,764.72,1361.43,750.69,752.21
2024-02-05 20:00:00,10.464,19.312,830.61,744.05,803.1,1360.19,752.2,812.02
2024-02-05 21:00:00,10.297,19.239,690.4,747.36,750.35,1345.33,764.35,
2024-02-05 22:00:00,11.663,18.323,,719.4,702.64,1386.87,672.15,714.25
2024-02-05 23:00:00,12.076,19.459,718.72,747.84,670.08,1366.48,685.27,748.81
2024-02-06 00:00:00,11.774,24.178,770.3,692.94,763.63,1416.39,733.83,727.94
2024-02-06 01:00:00,13.313,21.485,596.49,637.17,715.11,1395.08,623.4,726.88
2024-02-06 02:00:00,11.873,24.998,729.58,739.07,798.43,1468.62,,765.73
2024-02-06 03:00:00,12.879,23.571,,663.52,601.99,1389.41,,718.54
2024-02-06 04:00:00,12.936,23.304,641.81,590.14,723.41,1388.79,680.45,738.93
2024-02-06 05:00:00,13.495,21.721,548.96,,629.1,1333.5,617.91,680.68
2024-02-06 06:00:00,13.804,23.553,655.57,555.07,695.33,1431.97,674.25,625.18
2024-02-06 07:00:00,12.741,25.708,700.83,618.15,680.39,1433.97,672.41,728.35
2024-02-06 08:00:00,14.015,25.064,691.12,556.3,701.18,1385.4,623.45,681.83
2024-02-06 09:00:00,13.302,23.163,659.86,634.42,661.26,1441.31,559.83,722.17
2024-02-06 10:00:00,11.497,20.998,732.99,687.63,719.08,,690.29,719.45
2024-02-06 11:00:00,11.161,20.702,773.18,683.95,789.55,1315.12,750.87,741.03
2024-02-06 12:00:00,12.414,20.266,,693.55,683.96,1377.74,665.02,671.8
2024-02-06 13:00:00,11.942,22.262,697.75,707.0,776.18,1339.84,728.32,743.82
2024-02-06 14:00:00,11.753,22.159,763.36,747.46,773.54,1374.21,,747.51
2024-02-06 15:00:00,11.57,19.978,710.04,690.36,732.41,1375.08,737.97,721.02
2024-02-06 16:00:00,11.588,19.016,723.81,713.26,712.11,1356.69,703.31,749.27
2024-02-06 17:00:00,12.051,20.994,735.59,730.87,778.47,1350.96,748.14,667.7
2024-02-06 18:00:00,10.368,17.848,796.92,716.18,801.9,1297.26,752.92,772.62
2024-02-06 19:00:00,10.365,19.107,784.26,746.16,843.05,1413.83,785.55,815.72
2024-02-06 20:00:00,10.552,19.755,731.09,806.14,698.33,,779.9,810.18
2024-02-06 21:00:00,11.853,18.436,643.78,701.84,706.07,1321.64,730.9,774.26
2024-02-06 22:00:00,12.87,19.076,660.32,645.27,663.84,1327.28,661.26,722.06
2024-02-06 23:00:00,11.822,19.419,748.99,703.99,746.27,1326.35,700.81,743.58
2024-02-07 00:00:00,10.479,22.447,799.56,826.61,748.86,1409.68,764.13,765.83
2024-02-07 01:00:00,11.431,23.515,758.59,735.93,727.65,1426.73,775.01,761.13
2024-02-07 02:00:00,12.42,21.791,699.13,,716.98,1406.16,669.84,710.17
2024-02-07 03:00:00,12.892,21.699,688.53,657.36,617.77,1324.95,636.83,746.22
2024-02-07 04:00:00,13.204,21.571,628.04,576.66,599.09,1381.29,671.15,722.32
2024-02-07 05:00:00,13.683,22.445,671.8,638.57,664.46,1424.98,665.34,640.45
2024-02-07 06:00:00,13.446,21.804,682.31,596.36,786.74,1359.4,,756.88
2024-02-07 07:00:00,14.495,22.231,592.59,523.33,639.88,1333.48,643.21,629.94
2024-02-07 08:00:00,12.996,22.596,,585.41,681.57,1422.95,664.01,685.13
2024-02-07 09:00:00,12.657,21.248,626.21,607.25,721.27,,692.82,693.29
2024-02-07 10:00:00,13.483,21.044,653.86,534.2,693.92,1316.02,707.35,626.88
2024-02-07 11:00:00,11.582,20.518,725.59,679.6,734.25,1315.19,755.01,
2024-02-07 12:00:00,12.812,19.793,716.84,639.07,660.77,1356.84,716.49,756.36
2024-02-07 13:00:00,12.271,19.078,686.83,724.46,640.14,1297.78,714.88,750.85
2024-02-07 14:00:00,11.782,19.991,749.72,711.67,767.22,1307.44,675.37,748.53
2024-02-07 15:00:00,12.921,16.488,639.24,651.01,646.97,1285.02,627.52,712.15
2024-02-07 16:00:00,10.961,20.135,674.38,800.2,779.62,1338.33,681.24,764.36
2024-02-07 17:00:00,12.986,18.159,649.59,528.45,717.77,1328.05,631.29,695.65
2024-02-07 18:00:00,11.115,18.611,748.13,752.92,733.04,1356.86,707.41,782.19
2024-02-07 19:00:00,10.313,18.767,778.81,786.42,712.31,1355.63,738.55,846.19
2024-02-07 20:00:00,11.508,17.197,724.25,747.17,714.54,1287.82,,762.68
2024-02-07 21:00:00,10.78,17.217,730.83,676.75,743.37,1344.51,705.78,718.68
2024-02-07 22:00:00,11.285,17.44,717.58,702.71,754.23,1275.51,671.81,791.51
2024-02-07 23:00:00,12.491,18.814,643.4,632.81,672.16,1362.57,704.98,697.97
2024-02-08 00:00:00,12.925,20.417,600.53,600.91,662.01,1344.29,628.89,674.59
2024-02-08 01:00:00,12.29,19.344,690.41,774.36,690.56,1337.32,668.04,629.48
2024-02-08 02:00:00,13.864,21.206,604.36,582.42,670.83,1364.24,655.03,
2024-02-08 03:00:00,14.245,17.998,635.76,611.91,659.91,1329.11,547.16,632.7
2024-02-08 04:00:00,14.654,20.644,513.86,588.54,717.83,1341.48,594.75,597.75
2024-02-08 05:00:00,14.044,22.656,638.63,542.06,736.9,1363.25,556.83,624.19
2024-02-08 06:00:00,14.748,21.067,661.88,535.42,612.68,1356.3,567.22,625.3
2024-02-08 07:00:00,12.106,20.158,699.52,695.98,688.0,1391.42,714.27,729.26
2024-02-08 08:00:00,13.232,20.114,654.9,651.28,648.28,1372.88,612.78,668.74
2024-02-08 09:00:00,12.596,16.899,684.4,672.13,626.47,1298.98,692.99,
2024-02-08 10:00:00,13.131,18.853,671.61,707.1,676.72,1328.01,655.06,657.41
2024-02-08 11:00:00,12.283,20.802,686.72,723.0,673.45,1378.85,697.53,683.16
2024-02-08 12:00:00,12.291,18.265,653.98,704.88,654.32,1346.8,715.93,721.82
2024-02-08 13:00:00,13.612,17.837,649.93,647.18,603.09,1292.46,,627.61
2024-02-08 14:00:00,11.675,15.062,634.96,753.82,743.55,1276.69,,689.61
2024-02-08 15:00:00,11.886,15.437,723.44,665.5,697.02,1279.97,624.03,777.96
2024-02-08 16:00:00,11.171,18.453,724.5,670.95,685.84,1296.52,798.88,730.92
2024-02-08 17:00:00,11.29,17.514,729.15,701.4,770.68,1301.82,697.14,762.89
2024-02-08 18:00:00,11.186,15.096,704.11,668.43,774.12,1308.31,622.87,674.2
2024-02-08 19:00:00,11.572,15.912,760.01,667.94,,1347.38,760.63,730.84
2024-02-08 20:00:00,12.257,16.781,692.78,679.82,661.0,1297.79,692.77,719.87
2024-02-08 21:00:00,12.825,15.647,642.23,621.18,629.2,1264.34,638.81,642.93
2024-02-08 22:00:00,11.995,15.039,675.53,709.72,705.37,1251.08,672.45,698.72
2024-02-08 23:00:00,12.499,17.683,672.18,678.38,,1236.38,695.43,696.22
2024-02-09 00:00:00,11.408,19.027,814.8,739.14,744.83,1393.34,802.37,767.64
2024-02-09 01:00:00,12.559,19.515,636.81,618.04,640.89,1317.48,651.37,726.18
2024-02-09 02:00:00,13.662,20.285,673.7,578.05,702.99,1290.64,583.81,676.67
2024-02-09 03:00:00,13.841,17.733,635.79,519.5,634.77,,587.02,642.59
2024-02-09 04:00:00,13.497,19.932,695.76,643.57,654.47,1336.3,569.13,641.91
2024-02-09 05:00:00,14.147,19.688,632.25,662.1,653.5,1387.38,582.35,
2024-02-09 06:00:00,13.86,19.921,624.95,608.56,,1346.03,650.9,718.26
2024-02-09 07:00:00,14.376,19.651,634.83,583.32,578.0,1367.2,583.06,637.56
2024-02-09 08:00:00,13.516,18.86,644.23,595.39,599.94,1338.51,633.28,622.7
2024-02-09 09:00:00,12.798,15.661,681.24,636.14,664.99,1250.96,677.32,728.98
2024-02-09 10:00:00,13.09,20.21,711.92,,679.05,1422.4,632.12,644.03
2024-02-09 11:00:00,10.176,18.678,781.34,782.87,815.53,1403.43,,794.95
2024-02-09 12:00:00,12.504,15.93,654.42,686.31,733.08,1294.84,647.34,675.46
2024-02-09 13:00:00,8.956,17.709,786.4,868.58,781.34,1380.72,797.18,849.22
2024-02-09 14:00:00,10.193,16.07,781.52,814.72,776.55,1318.07,788.34,774.72
2024-02-09 15:00:00,11.672,15.638,673.7,702.86,728.79,1289.78,720.72,706.71
2024-02-09 16:00:00,11.489,14.848,696.46,712.36,735.24,1285.57,619.31,751.37
2024-02-09 17:00:00,10.043,16.163,737.49,761.46,699.63,1373.93,703.9,752.63
2024-02-09 18:00:00,10.349,14.439,770.51,779.26,770.81,1313.65,788.45,740.48
2024-02-09 19:00:00,12.042,14.098,655.16,662.09,,1250.38,624.06,680.41
2024-02-09 20:00:00,10.664,16.92,706.76,766.95,776.22,1324.61,780.77,761.46
2024-02-09 21:00:00,13.022,15.613,605.51,674.52,609.4,1218.22,530.45,590.5
2024-02-09 22:00:00,11.46,16.013,,645.58,721.77,1296.42,,739.59
2024-02-09 23:00:00,12.062,17.452,678.88,613.37,691.97,1329.36,683.52,699.12
2024-02-10 00:00:00,13.325,16.286,642.28,617.29,739.18,1285.82,659.55,723.95
2024-02-10 01:00:00,12.431,16.991,671.63,694.39,650.78,,668.71,639.56
2024-02-10 02:00:00,11.798,18.35,724.17,714.97,678.93,1310.15,755.39,708.4
2024-02-10 03:00:00,12.745,16.496,676.73,601.59,735.12,1311.95,701.33,625.58
2024-02-10 04:00:00,12.979,18.878,686.95,681.01,,1355.21,638.95,690.66
2024-02-10 05:00:00,12.019,17.854,,767.36,718.77,1320.92,629.33,748.41
2024-02-10 06:00:00,12.931,19.804,627.95,615.56,662.77,1344.46,584.09,734.79
2024-02-10 07:00:00,12.484,19.314,704.8,642.9,649.1,1338.04,632.86,742.91
2024-02-10 08:00:00,13.68,18.905,636.1,609.03,630.04,1325.19,574.74,633.36
2024-02-10 09:00:00,12.761,16.11,692.7,643.03,646.56,1293.41,701.01,680.04
2024-02-10 10:00:00,12.241,17.449,633.77,726.8,666.91,1258.59,652.89,675.17
2024-02-10 11:00:00,12.075,15.627,670.28,692.89,671.07,1263.41,687.57,747.53
2024-02-10 12:00:00,12.01,16.428,682.98,675.54,675.95,1254.5,623.06,705.67
2024-02-10 13:00:00,11.996,13.125,684.92,654.39,722.3,1217.07,655.06,739.47
2024-02-10 14:00:00,10.395,13.522,748.1,693.45,682.05,1296.1,741.13,753.82
2024-02-10 15:00:00,10.095,16.333,786.8,830.22,781.91,1283.34,761.45,799.95
2024-02-10 16:00:00,11.603,14.981,700.44,728.09,717.94,1223.78,,700.15
2024-02-10 17:00:00,10.25,13.864,801.8,758.12,744.36,1227.11,771.93,772.5
2024-02-10 18:00:00,9.387,13.08,835.23,793.22,792.96,1268.38,802.32,810.75
2024-02-10 19:00:00,10.897,12.888,685.26,725.95,738.39,1263.81,705.32,725.06
2024-02-10 20:00:00,11.013,14.579,728.87,659.33,729.87,1272.14,636.86,719.91
2024-02-10 21:00:00,9.588,14.195,803.33,728.91,812.6,1216.14,793.25,780.2
2024-02-10 22:00:00,11.225,16.828,749.15,718.53,627.38,1288.1,728.03,729.58
2024-02-10 23:00:00,11.899,15.183,678.31,680.14,788.93,1320.76,731.94,721.56
2024-02-11 00:00:00,11.901,15.944,704.87,690.72,750.35,1288.21,642.47,775.06
2024-02-11 01:00:00,12.397,14.676,612.99,730.35,747.88,1193.67,721.39,622.28
2024-02-11 02:00:00,11.036,16.343,,722.68,697.95,1278.14,703.56,705.76
2024-02-11 03:00:00,12.652,17.354,617.9,626.88,683.55,1238.64,737.93,689.62
2024-02-11 04:00:00,12.315,16.964,700.12,675.59,704.5,1283.86,639.76,718.15
2024-02-11 05:00:00,12.269,16.98,645.38,619.95,677.7,1302.75,685.03,657.69
2024-02-11 06:00:00,13.371,17.975,644.62,627.9,663.5,1298.11,552.77,695.57
2024-02-11 07:00:00,13.796,19.285,636.17,573.97,657.25,1309.09,595.01,680.01
2024-02-11 08:00:00,13.906,17.394,613.95,600.35,581.02,,583.9,682.14
2024-02-11 09:00:00,13.31,18.227,620.79,618.48,691.05,1314.96,639.39,677.62
2024-02-11 10:00:00,11.899,17.139,694.02,689.2,735.92,1296.24,673.77,761.62
2024-02-11 11:00:00,11.957,17.165,740.31,717.1,677.8,1329.84,677.91,745.29
2024-02-11 12:00:00,11.955,14.567,672.51,713.72,637.49,1283.34,717.35,752.41
2024-02-11 13:00:00,11.106,14.486,723.82,806.65,727.95,1281.07,687.03,718.84
2024-02-11 14:00:00,10.801,13.963,713.58,765.64,695.82,1345.08,707.78,770.88
2024-02-11 15:00:00,11.084,14.401,759.3,716.3,735.17,1244.98,729.08,721.65
2024-02-11 16:00:00,10.163,14.332,761.73,741.41,720.8,1314.37,754.79,768.99
2024-02-11 17:00:00,9.484,13.286,747.5,800.25,,1298.3,762.93,688.22
2024-02-11 18:00:00,9.671,14.074,772.79,841.21,736.43,1232.35,768.63,772.78
2024-02-11 19:00:00,10.527,12.369,728.21,779.63,694.19,1253.66,677.62,754.08
2024-02-11 20:00:00,10.118,14.262,,739.82,756.1,1246.78,827.22,774.53
2024-02-11 21:00:00,10.554,14.692,744.48,769.24,676.46,1281.1,717.1,
2024-02-11 22:00:00,11.042,14.655,678.02,737.67,690.36,1309.8,681.48,764.91
2024-02-11 23:00:00,10.471,14.441,765.55,795.99,675.4,1279.39,748.2,736.44
2024-02-12 00:00:00,11.662,15.61,767.24,714.01,718.61,1216.56,647.91,771.27
2024-02-12 01:00:00,11.646,14.155,740.76,708.94,741.25,1280.04,672.38,656.94
2024-02-12 02:00:00,10.62,15.904,710.35,704.62,730.05,1252.72,785.84,773.94
2024-02-12 03:00:00,12.985,16.398,640.2,668.95,716.43,1265.47,633.44,577.36
2024-02-12 04:00:00,11.596,14.716,702.47,646.9,671.51,1304.05,663.42,764.7
2024-02-12 05:00:00,10.767,17.038,747.61,752.23,729.77,1283.52,693.29,741.47
2024-02-12 06:00:00,11.27,14.996,731.87,697.02,758.11,1290.85,720.39,788.2
2024-02-12 07:00:00,11.223,15.87,712.4,699.54,757.1,1270.46,678.43,676.99
2024-02-12 08:00:00,11.936,16.189,663.48,713.5,721.93,,645.64,773.71
2024-02-12 09:00:00,11.458,14.905,743.55,709.64,759.88,1250.12,711.45,719.52
2024-02-12 10:00:00,11.133,15.425,686.83,631.1,725.6,1265.26,747.63,724.86
2024-02-12 11:00:00,11.583,14.883,676.78,695.74,721.33,1231.4,664.9,708.81
2024-02-12 12:00:00,11.022,13.26,681.43,710.03,691.15,1248.25,653.01,777.72
2024-02-12 13:00:00,10.666,14.367,761.67,795.5,818.99,1273.88,717.07,
2024-02-12 14:00:00,10.425,12.246,743.72,699.77,715.5,1223.15,756.0,771.29
2024-02-12 15:00:00,10.314,15.454,789.48,840.49,746.64,1282.93,762.71,804.55
2024-02-12 16:00:00,7.918,12.22,785.81,867.57,805.99,1276.95,784.81,817.81
2024-02-12 17:00:00,9.165,10.706,727.69,777.7,786.93,1177.94,781.84,764.15
2024-02-12 18:00:00,7.645,10.823,799.11,821.08,823.64,1270.1,787.23,815.71
2024-02-12 19:00:00,9.431,13.411,769.88,762.9,653.62,1246.83,728.97,771.63
2024-02-12 20:00:00,9.491,11.704,774.23,794.16,830.79,1223.93,817.04,737.93
2024-02-12 21:00:00,10.495,10.838,672.11,710.68,791.98,1181.81,768.74,756.59
2024-02-12 22:00:00,10.829,13.875,748.29,731.61,782.42,1225.24,687.24,766.95
2024-02-12 23:00:00,10.303,12.797,,712.86,747.48,1277.95,759.16,749.97
2024-02-13 00:00:00,10.023,14.56,742.13,801.36,811.86,1256.7,705.61,766.79
2024-02-13 01:00:00,11.094,15.379,768.62,735.3,739.88,1300.54,771.83,757.28
2024-02-13 02:00:00,10.545,15.031,671.51,733.84,756.25,1297.24,763.37,764.88
2024-02-13 03:00:00,11.187,17.955,746.61,722.22,769.1,1322.61,731.16,723.69
2024-02-13 04:00:00,12.139,13.292,684.73,,702.01,1268.43,609.44,619.3
2024-02-13 05:00:00,10.996,14.544,699.17,743.17,770.75,1274.06,759.02,734.17
2024-02-13 06:00:00,12.099,15.251,668.53,629.03,601.12,1204.43,683.02,682.91
2024-02-13 07:00:00,11.927,18.169,747.56,732.66,710.25,,709.85,683.99
2024-02-13 08:00:00,10.472,17.378,829.98,769.72,709.79,,796.02,812.99
2024-02-13 09:00:00,11.796,16.415,739.87,679.85,748.3,1296.52,712.08,674.12
2024-02-13 10:00:00,11.298,13.467,776.49,736.64,672.8,1245.62,652.81,696.27
2024-02-13 11:00:00,10.503,13.091,716.63,764.15,724.62,1281.24,775.89,781.38
2024-02-13 12:00:00,9.472,12.359,715.11,742.16,799.98,1290.55,735.88,807.35
2024-02-13 13:00:00,9.055,11.863,778.01,848.14,,1212.6,763.89,725.07
2024-02-13 14:00:00,8.993,14.079,819.72,704.59,818.68,1282.04,773.41,798.05
2024-02-13 15:00:00,9.58,11.549,698.82,821.68,785.24,1231.2,708.11,746.8
2024-02-13 16:00:00,8.161,11.358,770.18,816.4,736.74,1195.19,770.95,868.82
2024-02-13 17:00:00,9.126,12.19,750.78,834.15,725.29,,733.16,846.38
2024-02-13 18:00:00,7.712,9.165,817.77,888.31,729.01,1209.9,765.42,783.84
2024-02-13 19:00:00,8.554,11.262,799.13,792.96,732.29,1228.22,784.07,775.83
2024-02-13 20:00:00,8.895,10.052,749.04,780.29,,1270.97,803.61,
2024-02-13 21:00:00,10.925,11.302,722.41,736.79,754.62,1237.15,779.42,759.18
2024-02-13 22:00:00,8.085,11.336,764.55,779.93,830.38,1249.77,,830.16
2024-02-13 23:00:00,10.625,11.728,715.05,725.86,647.19,1225.52,,702.04
2024-02-14 00:00:00,9.848,13.253,719.64,757.97,755.02,1282.83,712.46,809.37
2024-02-14 01:00:00,10.337,13.737,744.73,710.24,733.9,1256.81,809.28,750.08
2024-02-14 02:00:00,10.363,13.662,720.69,737.62,646.87,1214.98,728.94,718.79
2024-02-14 03:00:00,10.842,14.757,759.15,,769.09,1239.23,809.8,800.05
2024-02-14 04:00:00,10.524,13.56,741.2,776.31,772.06,1266.34,697.15,795.93
2024-02-14 05:00:00,11.9,15.593,686.46,683.09,675.29,1317.94,721.88,673.3
2024-02-14 06:00:00,10.382,14.569,813.93,760.76,735.55,1265.16,698.2,787.46
2024-02-14 07:00:00,11.582,14.142,714.96,689.29,710.67,1284.47,,757.94
2024-02-14 08:00:00,10.011,13.543,747.73,699.8,771.58,1277.53,838.65,804.67
2024-02-14 09:00:00,10.257,13.864,733.08,720.78,721.4,1302.67,713.42,744.87
2024-02-14 10:00:00,9.169,15.959,753.74,842.83,751.64,1279.91,798.21,773.98
2024-02-14 11:00:00,10.071,13.131,754.49,,704.65,1220.67,705.5,751.0
2024-02-14 12:00:00,10.522,11.292,742.76,708.03,788.51,1271.95,726.31,719.45
2024-02-14 13:00:00,8.963,13.227,721.55,847.63,828.86,1213.63,861.22,706.29
2024-02-14 14:00:00,8.548,11.052,742.66,761.61,729.77,1242.19,798.54,808.36
2024-02-14 15:00:00,7.534,11.522,802.82,822.78,764.92,,799.78,783.35
2024-02-14 16:00:00,8.021,10.114,762.48,818.9,738.57,1230.77,784.83,791.61
2024-02-14 17:00:00,6.78,12.156,846.37,858.57,761.76,1308.04,840.58,877.33
2024-02-14 18:00:00,7.253,9.82,827.49,819.68,881.89,1259.6,823.5,852.81
2024-02-14 19:00:00,8.175,12.254,801.96,830.23,760.35,1280.38,819.09,836.38
2024-02-14 20:00:00,9.138,9.496,786.12,817.13,784.81,1209.11,794.15,801.02
2024-02-14 21:00:00,10.49,10.701,710.07,683.82,709.54,1173.34,700.08,766.33
2024-02-14 22:00:00,7.992,13.127,813.69,838.69,791.17,1228.61,835.55,857.89
2024-02-14 23:00:00,9.868,12.111,723.07,809.15,737.64,1232.46,688.71,758.62
2024-02-15 00:00:00,9.195,15.134,800.6,784.65,797.99,1242.56,792.2,794.78
2024-02-15 01:00:00,9.159,12.584,782.83,772.79,761.63,1271.41,747.06,731.79
2024-02-15 02:00:00,9.885,13.679,722.83,740.68,789.3,1340.5,751.73,767.53
2024-02-15 03:00:00,9.806,16.053,772.23,864.37,821.47,1311.85,789.63,737.92
2024-02-15 04:00:00,10.005,12.251,753.64,826.29,721.19,1251.73,801.12,731.05
2024-02-15 05:00:00,9.68,12.285,774.08,765.31,763.83,1207.11,,823.47
2024-02-15 06:00:00,8.898,13.347,802.04,852.51,711.23,1265.05,799.79,765.09
2024-02-15 07:00:00,8.711,15.193,779.23,795.8,772.58,1305.81,807.05,827.48
2024-02-15 08:00:00,10.318,12.07,769.94,747.3,737.63,1226.67,668.95,692.26
2024-02-15 09:00:00,9.353,14.385,801.17,751.48,766.3,1296.41,787.02,842.6
2024-02-15 10:00:00,8.818,13.872,770.16,735.71,780.09,1258.96,868.47,852.89
2024-02-15 11:00:00,8.982,15.16,756.73,784.85,809.51,1304.75,827.24,756.21
2024-02-15 12:00:00,9.27,13.466,758.35,776.75,802.05,,760.74,827.68
2024-02-15 13:00:00,8.437,12.117,746.77,833.41,694.85,1292.81,779.64,780.86
2024-02-15 14:00:00,7.449,12.815,836.39,876.29,819.4,1273.78,806.35,799.05
2024-02-15 15:00:00,8.676,11.404,829.83,801.68,761.29,1217.65,810.11,780.84
2024-02-15 16:00:00,8.737,9.875,829.56,760.4,744.39,1203.38,780.05,779.29
2024-02-15 17:00:00,7.719,8.842,765.53,803.2,,1211.41,748.03,850.16
2024-02-15 18:00:00,8.031,9.453,825.2,,705.46,1178.0,,790.36
2024-02-15 19:00:00,8.257,10.146,797.42,,775.4,1194.48,814.22,814.84
2024-02-15 20:00:00,8.257,10.593,712.61,874.47,840.53,1228.38,794.89,807.85
2024-02-15 21:00:00,8.005,8.129,780.81,889.31,775.61,1120.53,800.66,770.4
2024-02-15 22:00:00,8.211,10.832,783.31,793.45,742.62,1225.11,765.04,768.72
2024-02-15 23:00:00,8.407,11.603,839.19,848.58,772.95,1227.89,851.58,832.79
2024-02-16 00:00:00,7.394,12.735,799.78,815.5,886.96,1287.54,773.84,915.42
2024-02-16 01:00:00,9.114,14.54,809.95,843.31,830.46,,782.91,790.12
2024-02-16 02:00:00,7.728,13.285,819.65,,785.84,1263.8,822.12,798.88
2024-02-16 03:00:00,8.396,12.377,750.01,733.9,851.04,1254.2,783.14,803.14
2024-02-16 04:00:00,10.235,11.598,724.78,,763.63,1204.79,740.25,787.43
2024-02-16 05:00:00,9.955,14.798,821.46,,655.69,1256.42,722.96,764.73
2024-02-16 06:00:00,10.484,12.993,735.03,735.51,732.11,1228.62,712.09,719.31
2024-02-16 07:00:00,9.006,15.002,827.03,780.41,863.02,1233.59,753.0,795.82
2024-02-16 08:00:00,8.153,15.434,850.96,871.73,802.64,1282.05,810.33,827.67
2024-02-16 09:00:00,8.662,11.582,773.89,780.22,839.68,1256.72,840.43,791.64
2024-02-16 10:00:00,8.658,13.681,,762.82,727.2,1230.11,814.89,843.87
2024-02-16 11:00:00,8.321,14.082,770.06,793.66,742.76,1253.63,758.59,845.23
2024-02-16 12:00:00,8.825,13.232,843.24,798.7,828.54,1258.36,778.47,805.22
2024-02-16 13:00:00,7.29,8.974,821.58,860.06,830.19,1223.62,816.15,757.47
2024-02-16 14:00:00,7.542,9.98,753.05,886.43,792.78,1180.41,788.44,740.78
2024-02-16 15:00:00,6.192,9.052,876.54,899.55,857.67,1192.77,833.17,
2024-02-16 16:00:00,7.124,10.898,767.03,878.08,784.07,1279.12,879.01,830.8
2024-02-16 17:00:00,6.618,10.565,813.33,899.47,771.98,1241.3,779.32,870.19
2024-02-16 18:00:00,5.946,6.763,846.79,912.71,830.73,1193.5,864.79,898.32
2024-02-16 19:00:00,6.369,9.707,933.55,916.63,808.47,1191.02,778.83,837.03
2024-02-16 20:00:00,6.502,11.229,877.03,975.82,843.21,1229.96,861.04,831.65
2024-02-16 21:00:00,6.596,10.765,826.87,903.26,829.57,1270.81,812.43,800.14
2024-02-16 22:00:00,8.45,11.178,794.71,824.61,764.62,1243.44,815.64,837.56
2024-02-16 23:00:00,7.215,11.049,859.89,833.66,886.75,1258.1,,815.08
2024-02-17 00:00:00,7.381,10.736,871.4,858.4,758.31,1254.41,819.46,818.86
2024-02-17 01:00:00,6.181,12.507,854.54,935.88,846.87,1300.62,915.3,
2024-02-17 02:00:00,7.405,13.075,823.83,803.52,810.27,1263.87,856.45,796.92
2024-02-17 03:00:00,8.131,14.169,787.03,882.65,815.69,1256.68,830.21,793.36
2024-02-17 04:00:00,7.956,14.589,846.15,822.1,811.25,1277.39,779.84,815.04
2024-02-17 05:00:00,9.703,14.06,807.5,772.41,809.81,1262.29,807.34,743.51
2024-02-17 06:00:00,8.479,15.344,743.78,845.57,814.03,1240.1,823.21,772.98
2024-02-17 07:00:00,9.574,13.518,758.88,763.12,737.25,1280.48,727.29,788.15
2024-02-17 08:00:00,8.445,12.041,755.24,834.22,740.41,1274.91,759.89,817.45
2024-02-17 09:00:00,8.208,14.035,818.61,,767.88,1289.61,788.81,841.08
2024-02-17 10:00:00,7.832,13.207,776.8,,770.51,1254.45,784.9,
2024-02-17 11:00:00,7.59,13.176,780.56,,838.81,1278.75,819.7,871.51
2024-02-17 12:00:00,8.625,10.553,825.31,805.51,767.57,1169.26,805.35,784.33
2024-02-17 13:00:00,5.057,13.709,894.29,940.28,890.64,1251.86,894.61,914.5
2024-02-17 14:00:00,4.996,11.939,891.74,925.14,807.9,1325.19,906.15,922.21
2024-02-17 15:00:00,5.888,10.336,876.75,910.25,822.26,1177.0,817.44,868.64
2024-02-17 16:00:00,6.118,9.251,884.31,873.7,844.35,1241.51,893.08,882.97
2024-02-17 17:00:00,6.512,11.476,834.64,864.4,870.5,1295.28,883.97,824.73
2024-02-17 18:00:00,6.272,8.804,830.12,804.98,,1206.69,926.71,848.65
2024-02-17 19:00:00,5.602,12.919,867.56,964.1,922.46,1284.65,844.13,
2024-02-17 20:00:00,6.819,9.68,870.49,814.32,870.11,1223.86,790.31,806.44
2024-02-17 21:00:00,6.993,12.81,839.45,929.27,865.36,1209.06,791.37,818.28
2024-02-17 22:00:00,6.54,10.951,835.98,863.89,876.42,1224.84,,842.26
2024-02-17 23:00:00,7.427,13.564,846.76,901.73,800.46,1326.39,778.14,
2024-02-18 00:00:00,7.161,11.316,894.51,896.49,776.88,1248.93,813.66,762.14
2024-02-18 01:00:00,6.78,12.752,850.16,909.8,830.99,1269.53,787.65,804.9
2024-02-18 02:00:00,8.052,14.191,808.98,836.77,,1292.15,818.12,888.25
2024-02-18 03:00:00,7.806,14.449,894.45,795.76,785.86,1275.54,832.04,889.32
2024-02-18 04:00:00,7.885,15.308,874.63,836.31,839.69,1274.37,842.31,862.57
2024-02-18 05:00:00,9.159,13.617,826.3,785.19,834.29,1298.86,775.99,823.74
2024-02-18 06:00:00,6.037,14.388,858.19,895.9,891.86,,832.98,877.45
2024-02-18 07:00:00,6.799,15.732,839.44,830.53,845.34,1394.6,878.28,866.81
2024-02-18 08:00:00,6.84,13.204,783.71,859.29,725.97,1272.87,849.97,846.77
2024-02-18 09:00:00,7.285,14.437,874.76,743.29,760.06,1311.46,841.05,820.32
2024-02-18 10:00:00,7.1,13.09,842.8,850.05,817.64,1327.96,805.89,808.53
2024-02-18 11:00:00,5.786,13.136,814.08,909.3,880.36,1303.28,894.22,893.17
2024-02-18 12:00:00,5.87,12.491,,868.36,,1235.34,,840.5
2024-02-18 13:00:00,5.636,10.945,859.63,891.67,848.95,1233.14,842.94,856.8
2024-02-18 14:00:00,7.979,11.115,,834.52,819.51,1183.66,753.85,814.71
2024-02-18 15:00:00,7.184,11.207,776.33,894.26,806.5,,857.73,789.13
2024-02-18 16:00:00,5.2,10.612,899.38,957.62,827.47,1217.15,818.18,932.39
2024-02-18 17:00:00,5.097,12.443,910.84,936.45,803.84,1275.17,858.71,874.47
2024-02-18 18:00:00,4.406,11.72,907.7,943.0,911.17,,885.7,913.7
2024-02-18 19:00:00,3.818,10.946,907.71,974.87,861.08,1316.33,896.7,938.02
2024-02-18 20:00:00,5.35,9.904,966.7,980.52,915.22,1181.35,907.01,917.49
2024-02-18 21:00:00,4.814,10.17,848.85,946.51,867.83,1189.93,940.14,930.59
2024-02-18 22:00:00,5.772,13.965,855.96,,873.78,1306.06,920.79,922.1
2024-02-18 23:00:00,4.829,10.889,918.59,971.06,898.97,1249.84,863.09,865.12
2024-02-19 00:00:00,5.789,12.779,839.9,905.0,836.03,1241.58,934.11,859.34
2024-02-19 01:00:00,6.808,13.617,812.56,838.86,851.23,1282.02,801.42,818.91
2024-02-19 02:00:00,7.251,13.317,876.49,876.27,792.09,1279.13,845.03,862.8
2024-02-19 03:00:00,7.521,12.926,848.76,854.92,776.96,1260.57,833.13,812.52
2024-02-19 04:00:00,6.302,13.53,881.38,880.19,804.89,1328.4,922.65,825.01
2024-02-19 05:00:00,8.142,14.041,821.57,853.32,781.27,1317.8,831.03,769.46
2024-02-19 06:00:00,6.84,13.94,826.99,800.44,918.97,1290.08,914.77,901.58
2024-02-19 07:00:00,7.926,16.342,822.76,823.76,781.69,1366.58,794.53,760.47
2024-02-19 08:00:00,7.273,14.565,839.14,825.82,851.34,1329.01,872.61,924.46
2024-02-19 09:00:00,5.971,13.656,903.89,868.91,842.28,1299.29,918.8,913.47
2024-02-19 10:00:00,6.552,14.027,874.57,876.26,792.19,1220.25,880.27,838.77
2024-02-19 11:00:00,6.789,14.245,821.53,839.07,868.64,1256.92,822.04,852.37
2024-02-19 12:00:00,6.659,12.541,877.62,941.62,808.02,1257.72,840.07,858.61
2024-02-19 13:00:00,5.727,13.547,821.85,925.44,838.31,1310.18,906.32,887.0
2024-02-19 14:00:00,6.758,10.486,826.74,833.41,860.96,1192.1,868.52,828.51
2024-02-19 15:00:00,6.073,13.032,828.63,825.14,834.91,1316.75,833.62,868.05
2024-02-19 16:00:00,4.854,11.328,865.07,905.32,875.21,1306.78,856.55,940.63
2024-02-19 17:00:00,5.522,11.111,,893.43,847.41,1267.59,927.15,916.98
2024-02-19 18:00:00,6.412,10.299,795.35,850.33,818.82,1247.21,886.45,883.75
2024-02-19 19:00:00,6.457,9.756,814.42,974.33,763.26,1243.99,894.1,875.74
2024-02-19 20:00:00,4.01,9.461,928.15,883.89,911.82,1248.16,987.34,879.81
2024-02-19 21:00:00,4.426,10.895,888.65,943.09,883.02,1260.82,916.9,879.15
2024-02-19 22:00:00,6.588,12.961,859.31,872.88,867.36,1274.3,795.36,855.04
2024-02-19 23:00:00,4.827,11.617,947.15,,872.89,1296.25,956.98,895.67
2024-02-20 00:00:00,4.911,11.463,916.99,849.66,909.54,1291.69,893.47,874.7
2024-02-20 01:00:00,5.875,12.781,856.6,,855.65,1239.09,940.55,896.53
2024-02-20 02:00:00,6.875,13.925,845.48,878.99,889.22,1292.57,818.22,880.0
2024-02-20 03:00:00,6.691,14.421,876.12,907.55,800.7,1318.91,894.0,824.26
2024-02-20 04:00:00,6.428,15.032,889.87,908.71,815.19,1272.45,827.64,909.62
2024-02-20 05:00:00,6.515,16.66,873.27,940.22,,1364.86,928.01,886.78
2024-02-20 06:00:00,6.512,17.023,886.9,810.85,892.08,1346.94,814.3,904.13
2024-02-20 07:00:00,6.323,17.897,896.14,891.95,945.03,1428.71,884.7,935.36
2024-02-20 08:00:00,8.719,13.377,792.84,911.31,810.06,1291.35,787.97,833.58
2024-02-20 09:00:00,6.927,14.017,827.92,912.78,819.16,1298.26,823.83,878.04
2024-02-20 10:00:00,7.137,15.504,875.92,809.98,912.41,1333.89,847.52,893.96
2024-02-20 11:00:00,5.734,13.675,891.19,911.05,781.21,1302.31,854.52,874.69
2024-02-20 12:00:00,5.654,14.772,815.33,871.5,899.15,1272.36,878.35,928.63
2024-02-20 13:00:00,4.909,13.507,874.43,916.18,769.8,1300.53,912.38,875.07
2024-02-20 14:00:00,3.057,14.709,943.77,,990.8,1289.02,934.68,
2024-02-20 15:00:00,3.815,13.688,927.72,1007.31,860.55,1304.82,936.31,879.6
2024-02-20 16:00:00,3.267,13.43,991.1,924.95,902.6,1318.44,982.93,997.71
2024-02-20 17:00:00,2.785,11.501,1065.87,964.79,875.81,1246.12,928.6,948.11
2024-02-20 18:00:00,3.576,11.849,847.13,971.14,924.21,1280.76,943.62,915.39
2024-02-20 19:00:00,5.623,11.707,885.91,894.63,841.69,1308.79,836.78,883.85
2024-02-20 20:00:00,4.636,10.505,,945.68,924.56,1234.09,964.82,900.63
2024-02-20 21:00:00,5.885,14.436,873.87,874.02,830.49,1282.66,896.85,819.61
2024-02-20 22:00:00,5.419,14.018,910.34,903.98,817.44,1340.56,842.87,907.13
2024-02-20 23:00:00,5.996,13.232,876.89,866.37,829.09,1295.35,942.91,924.07
2024-02-21 00:00:00,4.951,15.77,899.7,924.19,956.71,1341.86,928.31,929.97
2024-02-21 01:00:00,6.392,14.006,865.08,915.64,887.44,,831.07,857.04
2024-02-21 02:00:00,6.836,13.08,866.93,882.36,876.46,,940.17,847.5
2024-02-21 03:00:00,6.031,16.95,903.55,879.8,845.33,1332.35,880.97,902.55
2024-02-21 04:00:00,7.122,14.566,852.72,911.07,773.75,,783.36,875.87
2024-02-21 05:00:00,7.239,16.107,829.36,909.21,894.55,1384.47,894.35,869.92
2024-02-21 06:00:00,6.38,16.7,975.19,895.91,800.88,1362.33,886.84,843.85
2024-02-21 07:00:00,5.872,16.889,904.16,902.43,872.21,1402.65,943.22,900.82
2024-02-21 08:00:00,5.696,17.288,925.0,990.1,850.44,1357.0,903.19,939.47
2024-02-21 09:00:00,6.514,16.692,854.94,955.89,858.62,1384.21,844.57,890.82
2024-02-21 10:00:00,6.451,16.283,879.27,831.81,782.94,1316.59,826.16,830.85
2024-02-21 11:00:00,5.26,14.236,903.15,972.17,907.8,1265.52,869.64,893.9
2024-02-21 12:00:00,5.598,15.064,824.13,,926.07,1339.2,865.84,874.47
2024-02-21 13:00:00,5.716,12.43,850.8,930.64,895.06,1304.83,816.91,879.44
2024-02-21 14:00:00,5.459,15.673,,903.66,828.46,1368.72,869.75,914.99
2024-02-21 15:00:00,5.952,11.746,845.2,880.96,860.0,1275.28,861.52,
2024-02-21 16:00:00,5.536,12.74,844.89,979.51,850.02,1263.35,873.51,871.67
2024-02-21 17:00:00,3.588,11.418,932.46,1002.86,896.66,1287.14,815.95,976.65
2024-02-21 18:00:00,5.69,12.102,924.05,926.12,919.69,1282.16,835.47,861.05
2024-02-21 19:00:00,3.955,13.107,932.82,1056.09,878.9,1300.85,927.34,
2024-02-21 20:00:00,5.331,12.702,846.55,877.21,890.46,1271.15,864.89,832.81
2024-02-21 21:00:00,4.736,15.073,879.15,940.04,815.95,1298.28,937.8,955.3
2024-02-21 22:00:00,4.596,14.433,903.05,953.81,892.09,1327.89,897.53,910.39
2024-02-21 23:00:00,3.766,14.134,888.61,963.43,946.46,1330.2,939.08,916.13
2024-02-22 00:00:00,5.382,15.093,907.88,849.44,867.54,1283.31,913.32,859.34
2024-02-22 01:00:00,4.579,17.281,976.91,995.46,930.97,1431.52,968.44,934.21
2024-02-22 02:00:00,6.887,17.437,845.47,851.87,816.57,1314.49,865.2,923.89
2024-02-22 03:00:00,7.573,15.441,840.11,823.23,803.6,1295.85,768.18,
2024-02-22 04:00:00,5.91,16.356,873.1,895.58,,1353.31,940.48,891.67
2024-02-22 05:00:00,6.907,17.99,845.52,873.73,830.39,1378.75,,861.05
2024-02-22 06:00:00,6.124,17.96,895.97,903.04,909.53,1348.3,849.01,948.34
2024-02-22 07:00:00,6.16,16.255,857.46,940.21,907.48,1313.71,890.0,862.77
2024-02-22 08:00:00,7.161,18.263,833.38,922.39,875.79,1366.94,,881.52
2024-02-22 09:00:00,6.319,16.025,818.51,885.5,,1335.63,854.63,880.93
2024-02-22 10:00:00,7.492,18.293,854.8,841.2,827.44,1410.85,875.09,919.21
2024-02-22 11:00:00,5.425,16.93,941.63,922.06,,1327.62,912.22,910.32
2024-02-22 12:00:00,6.299,14.468,893.47,856.07,841.51,1310.69,881.17,955.13
2024-02-22 13:00:00,5.267,14.722,950.98,924.47,865.2,1316.68,917.26,915.37
2024-02-22 14:00:00,5.537,14.268,865.56,877.77,904.86,1322.49,944.2,853.8
2024-02-22 15:00:00,4.295,14.751,955.9,1041.9,939.48,1321.48,955.36,966.44
2024-02-22 16:00:00,4.423,14.046,880.76,955.71,916.23,1347.72,924.41,974.32
2024-02-22 17:00:00,4.252,12.765,943.22,930.72,,1314.61,910.74,929.11
2024-02-22 18:00:00,3.636,12.448,991.76,999.23,854.21,1332.85,934.48,965.25
2024-02-22 19:00:00,4.877,14.898,927.93,889.35,901.41,1331.47,900.69,986.22
2024-02-22 20:00:00,4.989,14.833,965.2,906.37,794.46,1325.28,912.84,936.23
2024-02-22 21:00:00,5.137,14.984,882.63,947.52,947.99,1315.27,855.89,859.99
2024-02-22 22:00:00,6.143,15.646,873.71,905.78,864.34,1286.46,879.15,856.57
2024-02-22 23:00:00,6.365,15.112,837.73,933.6,820.78,1330.97,,878.78
2024-02-23 00:00:00,5.219,16.643,909.97,823.73,863.95,1369.8,911.13,911.17
2024-02-23 01:00:00,6.132,20.037,907.92,946.63,933.74,1426.91,894.14,888.06
2024-02-23 02:00:00,5.627,18.933,908.55,904.99,836.17,,841.72,962.8
2024-02-23 03:00:00,6.397,17.643,863.68,851.41,782.74,1330.06,825.2,882.15
2024-02-23 04:00:00,6.093,17.729,871.99,839.27,829.55,1344.56,838.77,971.75
2024-02-23 05:00:00,7.994,15.176,836.55,817.5,824.02,1314.53,807.42,826.06
2024-02-23 06:00:00,7.034,20.01,867.52,948.54,928.52,1435.68,853.7,913.3
2024-02-23 07:00:00,6.533,19.654,845.22,938.68,922.44,1352.68,863.23,956.13
2024-02-23 08:00:00,7.547,17.909,782.86,927.59,819.04,1409.07,846.9,890.14
2024-02-23 09:00:00,4.671,16.578,902.98,945.72,910.97,1296.31,,948.6
2024-02-23 10:00:00,4.553,16.547,878.6,958.21,916.35,1415.15,953.54,970.03
2024-02-23 11:00:00,6.518,18.035,849.42,832.37,872.08,1339.95,939.11,929.57
2024-02-23 12:00:00,5.625,16.929,883.87,857.61,795.4,1402.19,837.46,924.48
2024-02-23 13:00:00,5.473,17.4,899.95,921.21,871.18,1354.66,913.78,933.78
2024-02-23 14:00:00,3.929,16.243,919.78,917.97,948.24,1402.02,936.29,987.3
2024-02-23 15:00:00,4.73,16.937,1000.48,915.18,978.0,1296.28,949.6,929.76
2024-02-23 16:00:00,6.168,15.955,834.97,902.23,876.43,1354.12,,862.57
2024-02-23 17:00:00,5.112,16.358,952.8,986.39,933.19,1383.01,916.7,984.9
2024-02-23 18:00:00,4.555,12.84,904.55,943.15,918.38,1302.66,896.55,914.66
2024-02-23 19:00:00,4.117,13.986,904.65,905.8,882.16,1335.39,948.37,904.26
2024-02-23 20:00:00,4.281,15.282,949.48,885.99,845.22,1371.11,979.73,953.13
2024-02-23 21:00:00,3.092,17.385,955.8,,,1392.96,900.02,926.07
2024-02-23 22:00:00,5.259,18.813,889.16,912.98,975.05,1382.04,902.02,950.82
2024-02-23 23:00:00,6.028,16.893,949.89,912.44,850.51,1315.72,951.74,
2024-02-24 00:00:00,4.411,16.926,855.86,951.47,957.28,1396.62,972.8,878.41
2024-02-24 01:00:00,5.462,15.884,889.96,920.04,882.58,1374.39,921.12,910.25
2024-02-24 02:00:00,5.365,19.801,925.55,985.8,842.2,1433.68,885.44,903.26
2024-02-24 03:00:00,5.777,18.571,951.1,962.99,885.46,1410.53,872.59,922.97
2024-02-24 04:00:00,6.793,23.152,880.03,916.83,860.43,1469.46,893.85,905.41
2024-02-24 05:00:00,5.213,18.967,1012.51,904.27,917.8,1385.75,914.65,903.51
2024-02-24 06:00:00,7.424,22.501,899.95,857.89,882.35,1479.39,823.14,910.81
2024-02-24 07:00:00,7.506,20.857,780.84,902.92,827.48,1400.43,839.92,833.64
2024-02-24 08:00:00,6.593,18.577,828.11,946.8,809.0,1384.84,967.87,865.43
2024-02-24 09:00:00,4.63,19.824,947.85,910.35,898.66,1435.96,955.92,956.56
2024-02-24 10:00:00,5.581,20.109,874.19,992.83,961.75,1458.58,854.16,928.55
2024-02-24 11:00:00,7.087,18.483,883.91,847.47,802.27,1288.14,925.25,863.25
2024-02-24 12:00:00,3.58,19.294,950.7,1020.07,970.63,1444.59,947.03,950.18
2024-02-24 13:00:00,5.227,18.802,876.41,1051.2,923.11,1382.95,988.24,901.95
2024-02-24 14:00:00,4.284,18.109,907.78,903.65,893.61,1406.59,979.85,973.11
2024-02-24 15:00:00,5.636,17.011,928.56,940.89,842.89,1304.36,787.64,915.04
2024-02-24 16:00:00,4.275,15.355,858.6,946.71,926.8,1319.51,853.86,968.33
2024-02-24 17:00:00,5.032,16.526,950.06,956.45,888.95,1392.17,914.12,876.43
2024-02-24 18:00:00,5.134,16.813,949.52,911.4,868.12,1396.55,930.54,942.86
2024-02-24 19:00:00,6.205,14.471,859.77,795.66,870.47,1304.84,894.88,878.5
2024-02-24 20:00:00,4.708,17.177,876.31,920.72,969.77,1422.38,,925.88
2024-02-24 21:00:00,5.376,17.227,926.44,943.52,937.78,1366.74,900.77,922.37
2024-02-24 22:00:00,4.151,16.254,919.9,1019.9,915.17,1368.96,884.2,952.59
2024-02-24 23:00:00,6.596,17.944,823.05,909.0,718.43,1345.09,859.14,890.55
2024-02-25 00:00:00,5.361,18.539,980.15,992.99,883.28,1376.79,839.93,887.34
2024-02-25 01:00:00,5.846,21.799,883.44,908.58,857.43,1457.78,898.35,910.34
2024-02-25 02:00:00,6.582,20.281,835.44,877.22,865.03,1342.47,929.52,913.83
2024-02-25 03:00:00,5.614,21.726,930.55,949.25,890.09,1448.9,975.86,941.67
2024-02-25 04:00:00,7.254,20.71,867.71,865.0,846.54,1427.75,846.74,861.52
2024-02-25 05:00:00,7.981,18.854,893.39,896.06,877.36,1375.44,851.3,886.58
2024-02-25 06:00:00,7.499,22.029,855.84,819.9,851.62,1479.52,810.22,890.92
2024-02-25 07:00:00,5.969,20.416,891.78,954.73,877.63,1405.08,938.13,933.91
2024-02-25 08:00:00,7.039,20.654,887.6,935.05,884.69,1408.14,841.98,941.07
2024-02-25 09:00:00,7.558,19.526,863.24,881.34,801.59,,,883.51
2024-02-25 10:00:00,5.231,20.514,933.91,980.67,893.11,1418.15,950.09,928.2
2024-02-25 11:00:00,5.601,21.273,928.41,,845.02,1433.06,900.47,878.05
2024-02-25 12:00:00,6.87,20.647,886.32,858.86,894.84,1399.71,894.28,858.85
2024-02-25 13:00:00,6.092,20.964,889.19,932.04,898.82,1462.13,887.29,877.01
2024-02-25 14:00:00,5.934,20.703,936.14,893.32,978.32,1466.82,920.58,872.42
2024-02-25 15:00:00,6.862,15.81,846.4,889.86,773.65,1363.84,856.94,867.05
2024-02-25 16:00:00,5.578,16.565,926.52,933.28,917.99,1374.73,941.95,832.35
2024-02-25 17:00:00,5.628,15.678,941.54,914.24,797.51,1307.73,864.63,896.24
2024-02-25 18:00:00,7.249,18.588,836.97,885.1,,,885.38,874.43
2024-02-25 19:00:00,4.969,17.116,1002.04,967.72,804.76,1430.68,918.13,936.14
2024-02-25 20:00:00,4.641,17.61,904.35,950.31,908.36,1373.18,947.16,957.72
2024-02-25 21:00:00,5.832,18.305,,899.21,892.15,1394.37,870.98,923.14
2024-02-25 22:00:00,6.11,19.487,915.52,945.86,867.01,1356.77,953.6,931.85
2024-02-25 23:00:00,5.647,17.777,917.34,933.57,790.48,1390.8,920.92,886.13
2024-02-26 00:00:00,5.573,18.616,910.24,945.55,866.27,1370.02,859.04,901.73
2024-02-26 01:00:00,8.578,20.694,861.58,860.89,833.37,1395.71,859.79,949.75
2024-02-26 02:00:00,7.302,22.662,886.37,890.27,,1366.59,945.74,928.81
2024-02-26 03:00:00,6.724,21.656,961.48,886.04,876.55,1434.24,848.17,942.32
2024-02-26 04:00:00,8.254,21.103,841.98,824.5,883.35,1440.55,,811.64
2024-02-26 05:00:00,7.575,19.723,826.73,863.22,822.56,1422.37,906.35,912.82
2024-02-26 06:00:00,7.523,23.56,856.07,899.22,823.37,1451.92,843.63,835.54
2024-02-26 07:00:00,8.156,21.514,864.95,874.69,839.19,1444.9,877.89,811.56
2024-02-26 08:00:00,6.574,20.868,906.83,907.98,953.24,1451.71,895.34,934.78
2024-02-26 09:00:00,7.721,19.916,860.65,876.75,865.44,1373.48,830.62,922.52
2024-02-26 10:00:00,8.743,19.88,794.91,785.67,756.11,1416.79,819.14,802.38
2024-02-26 11:00:00,7.319,20.018,903.95,857.27,911.39,1391.64,902.93,843.16
2024-02-26 12:00:00,6.357,20.414,961.66,934.65,862.32,1376.71,907.56,892.65
2024-02-26 13:00:00,5.965,18.78,898.52,882.13,870.32,1369.24,859.4,828.63
2024-02-26 14:00:00,5.776,20.017,971.73,930.89,837.35,1420.51,892.83,930.39
2024-02-26 15:00:00,5.675,19.13,937.5,927.85,895.24,1353.59,943.5,938.98
2024-02-26 16:00:00,5.409,21.821,1004.4,937.83,828.13,1387.57,992.46,920.71
2024-02-26 17:00:00,6.348,16.955,895.11,924.89,813.59,1365.98,905.37,813.21
2024-02-26 18:00:00,4.211,19.172,953.15,981.86,949.92,1421.76,1041.84,935.82
2024-02-26 19:00:00,6.352,19.3,918.49,856.75,879.03,1388.21,878.34,947.83
2024-02-26 20:00:00,5.502,18.099,892.21,948.87,855.84,1384.29,935.05,946.02
2024-02-26 21:00:00,6.322,19.813,906.38,886.84,869.09,1425.49,901.66,906.28
2024-02-26 22:00:00,5.392,21.081,970.46,886.14,935.82,1384.74,994.96,936.93
2024-02-26 23:00:00,7.67,20.8,887.51,896.64,866.39,1332.15,855.23,865.92
2024-02-27 00:00:00,7.939,22.908,859.7,817.23,883.26,1472.88,897.14,910.54
2024-02-27 01:00:00,8.046,19.195,848.11,835.93,782.57,1392.0,832.57,882.41
2024-02-27 02:00:00,6.381,21.323,923.81,921.53,854.42,1448.25,867.77,869.97
2024-02-27 03:00:00,8.529,24.562,877.06,847.81,931.67,1448.48,909.46,867.56
2024-02-27 04:00:00,8.406,24.247,880.0,828.78,834.96,,840.19,863.09
2024-02-27 05:00:00,6.943,24.044,905.67,860.2,866.3,1508.63,895.25,954.04
2024-02-27 06:00:00,8.274,24.986,831.9,829.78,863.99,1489.26,817.73,922.17
2024-02-27 07:00:00,8.57,21.18,812.07,796.2,840.07,1396.64,864.19,829.02
2024-02-27 08:00:00,8.629,24.277,863.77,841.63,804.53,1474.13,790.25,889.57
2024-02-27 09:00:00,8.162,24.324,890.03,839.99,753.35,1512.3,805.9,907.41
2024-02-27 10:00:00,8.03,21.883,878.19,803.53,834.12,1433.97,891.8,871.03
2024-02-27 11:00:00,8.713,25.388,826.65,835.78,849.71,1452.87,842.85,878.28
2024-02-27 12:00:00,8.231,21.992,843.21,826.86,769.11,1481.06,827.46,914.2
2024-02-27 13:00:00,4.672,18.648,891.99,967.15,921.63,1388.64,891.59,928.76
2024-02-27 14:00:00,6.449,21.295,846.55,921.99,896.43,1410.36,912.71,953.58
2024-02-27 15:00:00,6.35,19.599,893.26,959.29,916.25,1382.81,921.89,942.1
2024-02-27 16:00:00,4.916,21.583,987.01,983.35,874.62,1463.63,955.93,964.57
2024-02-27 17:00:00,6.3,20.682,,866.91,897.98,1403.14,827.38,886.84
2024-02-27 18:00:00,7.21,19.278,931.66,790.19,876.16,1339.59,904.74,897.72
2024-02-27 19:00:00,5.41,21.906,921.35,881.85,972.71,1463.95,938.68,954.74
2024-02-27 20:00:00,6.696,21.468,890.22,880.05,913.16,1438.72,867.45,852.79
2024-02-27 21:00:00,5.912,19.704,,855.61,930.84,1409.7,906.4,938.18
2024-02-27 22:00:00,6.383,20.967,883.47,883.99,888.52,1394.93,851.55,891.36
2024-02-27 23:00:00,8.42,22.29,802.9,,821.54,1420.96,860.31,
2024-02-28 00:00:00,7.142,21.787,823.97,864.28,921.74,1447.82,864.79,942.77
2024-02-28 01:00:00,8.285,22.378,807.68,863.17,790.94,1439.05,873.22,809.64
2024-02-28 02:00:00,6.735,23.342,899.43,880.15,950.8,1475.26,908.59,882.64
2024-02-28 03:00:00,9.999,22.47,775.36,766.96,836.86,1469.74,801.39,784.45
2024-02-28 04:00:00,9.21,21.423,801.02,887.86,802.66,1419.28,831.65,806.99
2024-02-28 05:00:00,8.73,24.625,860.71,843.18,779.16,1487.74,869.04,876.07
2024-02-28 06:00:00,9.406,22.055,761.67,819.65,812.6,1393.31,760.24,823.81
2024-02-28 07:00:00,7.806,23.217,,903.64,833.69,1420.83,897.46,836.99
2024-02-28 08:00:00,9.788,22.118,835.14,838.21,740.26,1439.62,727.72,773.74
2024-02-28 09:00:00,8.421,21.982,875.84,831.83,814.79,1413.67,830.29,782.87
2024-02-28 10:00:00,8.297,24.091,874.17,898.6,891.3,1414.26,900.77,900.12
2024-02-28 11:00:00,7.807,22.864,862.48,850.82,857.98,1463.33,865.78,862.13
2024-02-28 12:00:00,7.454,22.337,849.97,919.13,,1473.1,856.46,849.63
2024-02-28 13:00:00,8.193,20.583,840.35,800.23,770.72,1372.81,818.87,836.69
2024-02-28 14:00:00,7.581,20.925,919.75,,845.47,1364.0,814.24,879.16
2024-02-28 15:00:00,7.679,21.782,,878.53,921.6,1473.26,924.65,
2024-02-28 16:00:00,6.989,20.982,874.99,903.73,869.25,1460.55,817.77,924.69
2024-02-28 17:00:00,7.316,21.863,893.26,847.73,,1465.38,823.37,903.46
2024-02-28 18:00:00,6.559,21.997,897.07,840.15,914.97,1418.43,826.91,903.64
2024-02-28 19:00:00,8.748,20.635,835.81,850.37,876.68,1392.48,880.94,808.13
2024-02-28 20:00:00,5.86,18.945,892.55,911.06,941.55,1406.06,,949.68
2024-02-28 21:00:00,8.343,20.608,824.6,829.21,847.57,1430.83,857.71,880.0
2024-02-28 22:00:00,8.707,21.843,869.36,903.08,762.2,1419.49,849.87,787.34
2024-02-28 23:00:00,7.25,21.54,805.66,870.89,906.13,1509.15,890.05,920.77
2024-02-29 00:00:00,10.056,21.752,812.85,772.53,781.62,1429.07,790.72,835.54
2024-02-29 01:00:00,9.409,23.648,806.27,747.84,,,820.11,862.01
2024-02-29 02:00:00,9.709,26.991,762.92,776.97,794.52,1503.57,865.67,882.16
2024-02-29 03:00:00,9.233,23.931,795.05,861.37,852.8,1463.85,820.1,862.23
2024-02-29 04:00:00,9.258,24.858,831.39,799.31,874.73,1485.0,797.24,907.67
2024-02-29 05:00:00,9.414,23.514,825.78,844.44,795.35,1414.29,859.84,838.68
2024-02-29 06:00:00,9.965,26.675,846.92,759.45,854.55,1464.49,826.89,750.22
2024-02-29 07:00:00,10.763,26.191,817.89,741.52,846.01,1461.11,691.51,835.04
2024-02-29 08:00:00,9.697,25.934,771.05,781.7,845.28,1479.64,795.61,885.12
2024-02-29 09:00:00,8.663,26.307,869.04,870.79,856.81,1509.22,837.77,883.34
2024-02-29 10:00:00,9.833,23.773,837.15,798.19,808.36,1435.89,855.68,816.28
2024-02-29 11:00:00,9.651,23.465,823.02,767.13,789.86,1444.42,806.8,872.97
2024-02-29 12:00:00,9.158,25.386,855.4,861.69,871.8,1440.99,799.52,872.66
2024-02-29 13:00:00,8.95,23.6,767.95,854.16,882.85,1489.49,785.38,793.51
2024-02-29 14:00:00,7.878,19.718,813.49,870.67,844.9,,843.85,853.46
2024-02-29 15:00:00,7.134,22.536,929.48,901.14,854.06,1457.79,913.74,860.55
2024-02-29 16:00:00,7.022,20.997,868.08,854.13,887.61,1391.14,940.44,897.9
2024-02-29 17:00:00,6.319,22.595,982.56,965.93,854.69,1468.14,849.56,
2024-02-29 18:00:00,7.806,21.961,815.5,862.04,906.24,1479.61,861.57,933.66
2024-02-29 19:00:00,7.621,19.472,908.95,875.25,892.12,1414.04,833.83,805.44
2024-02-29 20:00:00,7.487,22.103,848.47,892.06,882.76,1411.35,859.87,962.53
2024-02-29 21:00:00,5.695,22.372,951.39,897.07,888.37,1464.16,890.49,1017.28
2024-02-29 22:00:00,7.341,22.99,867.57,959.91,862.21,1444.25,816.48,875.89
2024-02-29 23:00:00,9.556,23.746,823.35,814.38,748.18,,822.81,821.15
2024-03-01 00:00:00,8.468,25.387,877.97,856.51,824.22,1519.0,833.32,905.82
2024-03-01 01:00:00,9.63,24.625,799.72,799.23,855.19,1536.14,839.97,889.43
2024-03-01 02:00:00,8.549,24.657,879.64,896.42,817.97,1514.25,846.65,846.9
2024-03-01 03:00:00,11.091,26.439,768.14,809.54,,1447.53,823.74,
2024-03-01 04:00:00,10.046,28.088,831.16,818.91,812.37,1587.44,859.59,908.3
2024-03-01 05:00:00,10.544,26.712,707.96,729.03,771.09,,863.27,853.05
2024-03-01 06:00:00,12.244,25.946,,697.43,758.99,1448.75,673.0,752.33
2024-03-01 07:00:00,11.586,26.165,799.71,734.75,,1450.87,787.26,778.8
2024-03-01 08:00:00,10.038,25.77,839.07,787.86,878.04,1488.29,806.98,901.38
2024-03-01 09:00:00,9.649,25.182,854.19,777.46,816.17,1414.54,833.84,841.29
2024-03-01 10:00:00,9.645,27.359,834.93,761.28,801.69,1486.08,821.24,835.62
2024-03-01 11:00:00,10.054,23.394,862.21,857.05,782.69,1475.71,798.87,837.26
2024-03-01 12:00:00,9.282,25.175,843.49,,886.24,1556.66,808.73,882.81
2024-03-01 13:00:00,8.769,23.134,815.45,840.16,905.69,1379.78,878.94,828.78
2024-03-01 14:00:00,10.0,21.039,824.6,767.12,,1430.36,754.85,822.27
2024-03-01 15:00:00,8.517,22.188,873.66,858.43,831.33,1395.02,835.07,861.43
2024-03-01 16:00:00,10.288,21.452,808.58,791.1,847.51,1389.45,802.43,823.3
2024-03-01 17:00:00,8.431,22.613,831.59,832.01,872.92,1401.64,825.48,907.32
2024-03-01 18:00:00,9.776,21.973,815.01,818.68,781.52,1447.36,833.33,837.27
2024-03-01 19:00:00,8.704,20.716,878.27,854.1,775.18,1420.45,809.65,877.21
2024-03-01 20:00:00,9.339,23.918,842.86,850.4,799.0,1459.44,809.42,827.4
2024-03-01 21:00:00,8.21,23.789,805.46,823.13,888.38,1485.82,897.23,884.71
2024-03-01 22:00:00,8.385,24.808,,873.36,791.39,1498.24,830.53,
2024-03-01 23:00:00,9.755,23.68,789.79,855.98,823.53,1414.23,842.72,801.0
2024-03-02 00:00:00,10.519,23.879,762.36,792.13,778.82,1454.43,802.41,840.99
2024-03-02 01:00:00,10.1,25.292,736.62,890.43,784.4,1455.31,875.87,835.71
2024-03-02 02:00:00,9.358,24.245,893.24,816.06,807.17,1438.79,796.56,871.5
2024-03-02 03:00:00,9.577,25.516,795.98,751.36,866.1,1497.95,804.53,846.44
2024-03-02 04:00:00,9.744,25.473,793.65,780.65,847.48,1520.54,821.42,
2024-03-02 05:00:00,9.621,24.137,751.26,787.76,864.18,1455.26,798.03,919.95
2024-03-02 06:00:00,11.193,26.117,802.1,778.41,749.13,1526.67,773.62,771.75
2024-03-02 07:00:00,11.994,25.373,731.11,748.09,679.44,1444.11,723.45,753.95
2024-03-02 08:00:00,10.993,25.416,764.57,,794.21,1416.05,717.3,877.96
2024-03-02 09:00:00,9.034,25.83,832.85,850.1,843.54,,804.27,864.11
2024-03-02 10:00:00,10.471,26.511,,866.87,789.62,1445.08,854.63,822.92
2024-03-02 11:00:00,10.233,23.486,780.9,758.08,718.02,1452.81,,813.12
2024-03-02 12:00:00,11.758,23.587,666.88,718.25,785.07,1482.58,737.08,703.61
2024-03-02 13:00:00,8.634,22.557,794.54,823.28,711.75,1472.11,808.73,834.78
2024-03-02 14:00:00,9.227,21.999,,773.78,,1449.61,783.74,867.95
2024-03-02 15:00:00,10.684,21.87,782.9,685.87,805.53,1455.74,802.65,774.73
2024-03-02 16:00:00,9.518,22.031,845.19,863.38,836.93,1441.0,813.68,764.5
2024-03-02 17:00:00,9.517,22.771,867.29,783.19,812.87,1468.17,771.48,793.49
2024-03-02 18:00:00,9.146,22.384,767.42,814.47,726.9,1433.01,824.06,864.09
2024-03-02 19:00:00,9.388,20.8,832.46,829.22,740.45,1372.93,817.87,
2024-03-02 20:00:00,9.894,23.82,788.63,757.25,777.26,1412.47,864.33,907.57
2024-03-02 21:00:00,8.843,23.718,941.44,804.79,914.63,1444.5,,816.58
2024-03-02 22:00:00,10.47,21.916,830.21,775.64,825.0,1357.59,812.2,805.41
2024-03-02 23:00:00,8.987,24.947,900.2,819.74,832.66,1466.73,816.77,848.55
2024-03-03 00:00:00,10.686,24.385,812.6,723.29,765.49,1442.05,845.91,804.01
2024-03-03 01:00:00,10.905,24.32,788.86,788.45,788.99,1474.65,824.4,752.15
2024-03-03 02:00:00,10.586,25.417,778.98,763.33,835.84,1466.99,849.21,792.55
2024-03-03 03:00:00,11.337,25.367,741.44,752.44,786.55,1500.07,731.54,
2024-03-03 04:00:00,11.075,26.365,749.75,764.65,730.3,1469.3,714.61,800.08
2024-03-03 05:00:00,10.863,26.131,806.93,810.29,855.09,1451.01,771.48,853.01
2024-03-03 06:00:00,11.506,25.565,810.8,753.55,789.13,1517.53,706.97,774.32
2024-03-03 07:00:00,10.892,23.465,759.68,727.69,757.91,1467.91,756.85,813.82
2024-03-03 08:00:00,11.941,26.323,715.63,766.84,,1475.99,673.48,756.2
2024-03-03 09:00:00,10.599,24.918,738.42,760.92,848.13,1444.67,762.01,811.16
2024-03-03 10:00:00,11.866,25.879,750.7,690.15,773.59,1533.36,778.9,740.69
2024-03-03 11:00:00,10.089,25.033,852.76,763.29,832.49,1471.06,807.27,840.85
2024-03-03 12:00:00,10.297,23.513,,694.98,863.63,1466.91,743.59,879.19
2024-03-03 13:00:00,9.966,24.632,860.04,780.64,788.88,1509.14,822.66,843.87
2024-03-03 14:00:00,11.263,23.159,770.13,759.77,724.31,1436.74,717.11,
2024-03-03 15:00:00,10.244,22.686,796.83,733.97,777.84,1391.58,827.36,839.18
2024-03-03 16:00:00,9.646,21.997,853.77,875.66,844.86,1413.66,836.19,835.31
2024-03-03 17:00:00,10.12,23.973,765.03,707.72,848.67,1435.48,817.34,794.52
2024-03-03 18:00:00,8.02,21.018,834.58,825.07,849.89,1413.79,910.4,853.76
2024-03-03 19:00:00,9.738,21.544,864.16,743.51,769.2,1420.05,787.24,855.06
2024-03-03 20:00:00,11.516,20.635,695.97,760.88,,1363.1,794.78,713.0
2024-03-03 21:00:00,10.24,23.298,795.39,816.57,752.3,1426.4,803.79,811.21
2024-03-03 22:00:00,10.462,22.129,805.16,766.86,768.31,1418.48,801.75,829.03
2024-03-03 23:00:00,11.16,22.734,760.81,690.61,737.41,1371.52,661.88,789.94
2024-03-04 00:00:00,11.774,23.182,774.24,671.26,791.81,1407.43,712.52,857.17
2024-03-04 01:00:00,9.794,24.381,868.87,819.72,811.59,1469.12,794.57,861.31
2024-03-04 02:00:00,10.36,23.274,808.82,758.27,866.23,1440.9,736.96,818.05
2024-03-04 03:00:00,12.147,22.482,763.23,676.0,763.06,,662.01,723.55
2024-03-04 04:00:00,11.622,26.027,720.82,,729.36,1455.22,782.3,766.4
2024-03-04 05:00:00,13.388,23.126,655.83,619.76,671.55,1350.35,664.84,675.92
2024-03-04 06:00:00,12.15,26.739,817.78,,730.3,1453.23,741.07,779.28
2024-03-04 07:00:00,10.838,27.5,,723.56,862.6,1449.98,856.84,916.38
2024-03-04 08:00:00,11.275,25.216,719.66,697.24,812.12,1452.6,768.39,787.02
2024-03-04 09:00:00,9.922,26.638,821.61,783.31,761.76,1513.8,862.63,853.56
2024-03-04 10:00:00,11.709,24.618,748.03,730.29,779.58,1421.86,738.42,764.01
2024-03-04 11:00:00,11.479,26.066,774.16,744.19,771.25,1404.71,719.95,
2024-03-04 12:00:00,11.002,23.063,810.48,803.34,720.8,1450.13,752.86,740.21
2024-03-04 13:00:00,11.917,20.236,,646.98,690.99,1368.68,725.6,712.96
2024-03-04 14:00:00,11.746,22.477,733.35,730.71,735.32,1378.6,656.81,738.94
2024-03-04 15:00:00,10.424,24.188,833.02,753.84,707.13,1423.5,790.94,873.1
2024-03-04 16:00:00,8.684,22.443,860.52,918.45,844.31,1461.38,848.56,817.76
2024-03-04 17:00:00,10.788,20.962,764.34,755.22,773.79,1402.03,725.79,790.06
2024-03-04 18:00:00,10.719,21.886,712.53,742.89,766.97,1427.48,708.8,817.63
2024-03-04 19:00:00,10.585,22.704,816.56,,788.17,1377.15,789.13,
2024-03-04 20:00:00,11.264,21.614,769.78,747.11,747.67,1411.44,739.09,736.24
2024-03-04 21:00:00,9.758,25.164,833.64,798.02,776.99,1443.32,853.72,843.17
2024-03-04 22:00:00,12.567,21.783,658.44,698.83,682.69,1339.5,681.1,628.57
2024-03-04 23:00:00,10.502,24.066,858.8,841.96,764.24,1447.09,694.63,850.98
2024-03-05 00:00:00,12.2,24.272,725.63,737.91,763.72,1445.96,703.06,764.39
2024-03-05 01:00:00,10.582,23.012,742.46,768.91,743.69,1429.18,799.01,771.06
2024-03-05 02:00:00,11.497,23.8,703.03,805.63,737.56,1434.07,682.56,810.63
2024-03-05 03:00:00,13.723,25.921,681.99,646.05,687.94,,573.26,685.54
2024-03-05 04:00:00,12.512,25.166,735.23,644.13,666.31,1384.4,716.48,752.9
2024-03-05 05:00:00,13.532,25.572,649.44,638.14,673.43,1451.07,684.66,700.07
2024-03-05 06:00:00,13.11,23.246,690.9,,,1408.5,644.72,690.65
2024-03-05 07:00:00,12.814,25.902,723.51,653.0,729.16,1438.17,693.44,710.22
2024-03-05 08:00:00,13.888,25.233,652.3,628.4,690.57,1413.12,587.35,722.64
2024-03-05 09:00:00,12.436,24.467,686.17,614.65,696.9,1434.8,670.32,736.76
2024-03-05 10:00:00,10.971,24.535,807.45,825.89,737.16,1438.54,776.62,781.62
2024-03-05 11:00:00,11.481,23.101,775.45,757.7,737.36,1440.38,737.88,763.04
2024-03-05 12:00:00,12.273,22.336,,618.07,731.57,1418.1,705.52,745.7
2024-03-05 13:00:00,11.855,22.21,696.93,736.25,726.2,1395.98,728.16,757.82
2024-03-05 14:00:00,10.013,21.431,749.44,811.56,750.15,1398.8,874.46,848.05
2024-03-05 15:00:00,10.456,24.162,795.09,842.45,891.46,1458.19,669.89,
2024-03-05 16:00:00,10.397,22.292,818.78,849.76,756.89,1330.75,798.72,815.84
2024-03-05 17:00:00,10.467,19.806,,846.01,718.43,1369.74,740.48,805.7
2024-03-05 18:00:00,9.635,23.313,835.59,800.52,787.39,1394.26,773.03,861.86
2024-03-05 19:00:00,10.29,20.387,765.89,801.27,819.75,1396.71,786.91,754.89
2024-03-05 20:00:00,10.346,21.111,754.69,760.22,809.61,1423.61,781.27,792.93
2024-03-05 21:00:00,11.753,22.438,730.97,757.12,,1327.64,745.71,712.34
2024-03-05 22:00:00,12.047,19.38,704.75,607.74,673.64,1365.58,694.04,700.33
2024-03-05 23:00:00,11.588,21.91,774.99,673.44,734.35,1393.38,688.74,755.25
2024-03-06 00:00:00,11.717,21.991,714.28,701.04,785.31,1411.34,668.28,748.89
2024-03-06 01:00:00,12.469,23.41,,682.56,678.23,1442.41,663.53,719.13
2024-03-06 02:00:00,12.008,24.057,799.7,716.74,792.03,1436.65,736.86,741.23
2024-03-06 03:00:00,12.007,23.901,781.41,,743.97,1431.41,746.92,714.8
2024-03-06 04:00:00,12.377,24.129,680.91,665.78,696.22,1391.82,626.38,710.71
2024-03-06 05:00:00,12.756,25.721,753.38,625.46,651.88,1424.29,671.46,668.4
2024-03-06 06:00:00,12.388,24.838,675.27,677.88,755.2,1499.4,683.11,723.01
2024-03-06 07:00:00,13.421,24.423,650.43,614.14,752.66,,654.54,689.52
2024-03-06 08:00:00,13.769,24.315,637.69,641.63,690.43,1425.71,599.4,673.33
2024-03-06 09:00:00,11.738,25.987,745.46,,780.65,1439.39,673.16,805.01
2024-03-06 10:00:00,12.792,23.541,712.21,726.12,721.62,1421.43,656.07,
2024-03-06 11:00:00,12.319,22.198,709.41,732.51,760.08,,734.37,720.52
2024-03-06 12:00:00,12.471,19.97,710.44,651.77,754.83,1417.44,590.77,
2024-03-06 13:00:00,11.889,19.985,700.58,697.44,604.24,1399.77,654.45,788.59
2024-03-06 14:00:00,10.459,20.626,789.51,,765.94,1361.58,760.21,794.99
2024-03-06 15:00:00,10.375,20.604,782.24,745.85,756.0,1365.1,745.28,787.41
2024-03-06 16:00:00,11.229,19.712,692.87,708.04,755.85,1354.55,684.33,770.01
2024-03-06 17:00:00,11.92,20.562,732.77,719.05,710.73,1406.92,673.09,770.96
2024-03-06 18:00:00,9.296,19.352,810.15,756.0,822.03,1406.98,810.55,844.07
2024-03-06 19:00:00,11.396,18.966,706.16,768.66,751.88,1280.51,726.91,765.03
2024-03-06 20:00:00,12.201,20.959,690.47,675.13,638.53,1384.44,721.21,727.13
2024-03-06 21:00:00,11.328,22.145,734.28,759.35,666.35,1438.84,,759.34
2024-03-06 22:00:00,12.149,19.548,692.71,697.85,744.98,1340.7,632.81,803.92
2024-03-06 23:00:00,11.446,21.611,802.49,780.63,715.68,1409.48,746.5,687.78
2024-03-07 00:00:00,12.233,19.51,770.57,600.11,782.02,1402.29,706.79,707.58
2024-03-07 01:00:00,11.352,20.503,644.5,782.09,783.69,1415.95,706.8,767.34
2024-03-07 02:00:00,11.072,22.008,775.39,799.0,691.05,1419.2,791.31,765.99
2024-03-07 03:00:00,13.959,24.449,673.98,620.93,635.73,1421.87,592.18,639.86
2024-03-07 04:00:00,12.616,22.429,685.93,695.35,721.33,1391.95,,696.89
2024-03-07 05:00:00,13.167,22.542,701.37,,671.62,1404.7,670.73,676.76
2024-03-07 06:00:00,12.472,23.591,763.07,649.32,715.92,1409.92,679.48,757.12
2024-03-07 07:00:00,12.42,23.481,658.99,689.85,678.05,1446.1,650.44,731.45
2024-03-07 08:00:00,13.296,22.252,666.32,674.08,698.19,1350.2,618.85,676.5
2024-03-07 09:00:00,12.668,25.217,772.16,608.65,725.4,,657.76,745.39
2024-03-07 10:00:00,13.313,22.058,616.68,655.87,713.7,1365.24,707.81,629.54
2024-03-07 11:00:00,13.09,21.987,665.93,652.03,688.34,1415.87,690.79,681.36
2024-03-07 12:00:00,12.68,20.807,667.59,691.4,673.45,1387.05,703.05,679.31
2024-03-07 13:00:00,12.31,21.256,738.68,635.71,722.28,1384.99,696.9,714.84
2024-03-07 14:00:00,13.098,21.683,709.91,617.46,703.62,1383.97,629.39,654.08
2024-03-07 15:00:00,10.739,21.739,776.21,708.17,,1343.74,785.61,820.26
2024-03-07 16:00:00,11.364,18.465,731.37,668.72,787.84,1356.88,,718.13
2024-03-07 17:00:00,12.199,20.456,643.01,723.04,670.73,1329.65,744.42,679.63
2024-03-07 18:00:00,12.269,19.682,746.43,660.41,747.6,1327.55,622.3,702.99
2024-03-07 19:00:00,10.165,20.214,773.04,757.79,735.2,1475.41,734.28,790.7
2024-03-07 20:00:00,11.177,19.089,735.86,779.39,,1365.07,752.04,769.53
2024-03-07 21:00:00,12.708,19.247,709.01,646.45,603.88,1338.21,645.91,741.29
2024-03-07 22:00:00,12.28,20.962,708.78,725.76,703.47,1363.52,731.16,725.86
2024-03-07 23:00:00,12.323,21.421,737.17,644.44,756.99,1415.34,731.59,743.74
2024-03-08 00:00:00,12.307,22.626,729.3,677.02,706.77,1367.1,597.11,712.05
2024-03-08 01:00:00,12.487,21.456,702.0,641.93,706.48,1359.53,644.84,675.95
2024-03-08 02:00:00,13.317,21.525,668.26,657.1,689.9,1401.47,603.81,699.76
2024-03-08 03:00:00,13.136,19.069,615.41,629.1,574.33,1325.03,669.36,730.3
2024-03-08 04:00:00,13.497,20.357,638.6,651.41,677.13,1355.2,569.99,653.92
2024-03-08 05:00:00,13.715,21.97,678.79,621.44,624.62,1351.4,526.57,658.71
2024-03-08 06:00:00,13.153,21.143,631.81,,721.99,1379.68,603.99,716.82
2024-03-08 07:00:00,14.081,23.325,604.65,589.1,652.83,1372.97,626.04,681.8
2024-03-08 08:00:00,15.868,20.528,499.48,430.61,578.45,1265.49,574.92,544.01
2024-03-08 09:00:00,11.926,21.132,723.57,719.38,679.02,,638.54,781.18
2024-03-08 10:00:00,13.359,20.717,700.93,652.78,704.79,1324.62,597.82,647.65
2024-03-08 11:00:00,12.202,22.186,729.97,721.18,722.8,1355.02,698.29,
2024-03-08 12:00:00,12.962,19.444,588.17,642.69,616.21,1304.2,686.32,649.12
2024-03-08 13:00:00,12.227,20.151,723.29,622.21,690.18,1357.78,762.4,722.89
2024-03-08 14:00:00,12.509,19.311,,,724.28,1314.96,679.9,721.73
2024-03-08 15:00:00,12.591,19.697,700.14,683.87,700.68,1398.86,693.26,688.07
2024-03-08 16:00:00,11.613,19.266,718.07,708.05,759.24,1381.14,711.87,737.68
2024-03-08 17:00:00,12.243,17.956,659.86,683.49,683.42,1319.92,729.66,713.96
2024-03-08 18:00:00,9.42,15.843,785.04,720.58,829.66,1281.19,759.46,808.77
2024-03-08 19:00:00,12.607,17.619,656.79,663.17,742.09,1334.62,656.07,671.64
2024-03-08 20:00:00,11.752,18.023,722.49,700.44,643.71,1333.31,614.14,785.02
2024-03-08 21:00:00,12.503,18.658,650.57,620.45,,1304.95,,703.63
2024-03-08 22:00:00,10.911,17.793,706.52,765.45,809.85,1337.1,795.21,778.16
2024-03-08 23:00:00,11.509,20.48,758.81,704.27,759.91,1377.6,744.01,712.28
2024-03-09 00:00:00,12.598,19.594,720.35,676.08,692.35,1318.87,635.32,713.93
2024-03-09 01:00:00,12.774,18.94,690.92,675.36,627.99,1285.75,599.27,655.23
2024-03-09 02:00:00,13.3,19.927,628.28,644.43,655.41,,695.46,707.92
2024-03-09 03:00:00,14.186,23.154,598.04,539.83,629.17,1406.52,561.97,662.18
2024-03-09 04:00:00,12.093,21.904,690.48,684.12,,1385.66,684.63,718.35
2024-03-09 05:00:00,14.4,22.514,,665.07,680.16,1386.22,530.67,637.4
2024-03-09 06:00:00,13.664,20.023,605.64,668.08,647.51,1362.33,630.89,684.57
2024-03-09 07:00:00,13.448,20.327,676.88,658.04,624.9,1331.54,693.8,667.56
2024-03-09 08:00:00,12.309,20.084,718.93,694.09,618.46,1344.62,684.52,704.31
2024-03-09 09:00:00,13.692,20.754,679.78,573.39,682.09,1400.81,665.77,678.36
2024-03-09 10:00:00,11.104,19.858,784.5,735.0,772.04,,699.64,768.01
2024-03-09 11:00:00,13.259,18.946,667.47,613.62,576.99,1378.1,625.71,714.94
2024-03-09 12:00:00,11.23,18.527,684.71,728.18,760.98,1440.34,730.6,805.71
2024-03-09 13:00:00,12.149,17.442,713.17,625.41,736.01,1317.08,646.41,662.96
2024-03-09 14:00:00,11.715,17.645,715.66,743.65,601.09,1266.64,661.61,
2024-03-09 15:00:00,12.49,18.73,669.4,562.36,651.13,1325.04,641.25,784.79
2024-03-09 16:00:00,11.214,15.209,769.52,,825.94,1282.71,701.2,754.45
2024-03-09 17:00:00,10.674,17.189,747.31,788.34,754.28,1319.84,,796.65
2024-03-09 18:00:00,10.775,18.309,735.1,845.14,850.39,1380.44,,781.89
2024-03-09 19:00:00,12.232,16.449,,666.13,701.16,1275.74,587.14,710.94
2024-03-09 20:00:00,11.754,16.182,689.17,678.36,754.6,1304.95,694.08,642.53
2024-03-09 21:00:00,11.199,18.191,715.61,736.85,726.74,1346.26,663.8,773.54
2024-03-09 22:00:00,11.558,16.263,672.67,731.4,688.07,1308.24,738.24,780.19
2024-03-09 23:00:00,10.774,17.847,722.92,747.15,685.54,1304.84,711.13,731.79
2024-03-10 00:00:00,12.639,17.092,,609.94,702.82,1324.54,650.07,661.89
2024-03-10 01:00:00,11.222,16.561,749.33,748.39,694.37,1274.45,766.37,740.33
2024-03-10 02:00:00,13.511,19.053,601.62,617.48,616.51,1332.34,553.93,606.05
2024-03-10 03:00:00,13.251,18.081,579.95,588.04,596.33,1321.65,677.54,653.32
2024-03-10 04:00:00,15.238,19.848,568.92,,,1281.3,550.73,546.64
2024-03-10 05:00:00,12.557,21.348,669.05,773.0,739.05,1341.98,655.84,732.16
2024-03-10 06:00:00,13.385,22.251,656.94,667.04,669.68,1369.14,546.2,691.91
2024-03-10 07:00:00,14.854,20.017,622.63,569.76,594.0,1353.1,623.8,594.12
2024-03-10 08:00:00,14.237,20.876,613.75,579.24,,1356.32,574.63,623.68
2024-03-10 09:00:00,12.525,19.762,738.39,698.74,631.97,,692.23,711.47
2024-03-10 10:00:00,13.001,18.357,655.3,600.21,749.62,1348.44,645.49,714.25
2024-03-10 11:00:00,12.522,15.972,703.88,667.91,622.43,1300.43,732.0,667.45
2024-03-10 12:00:00,12.423,19.663,670.52,685.79,698.25,1344.64,631.58,714.12
2024-03-10 13:00:00,11.315,15.883,724.42,678.46,739.13,1193.87,748.9,781.89
2024-03-10 14:00:00,11.501,18.266,690.92,713.62,771.23,1352.57,780.39,715.81
2024-03-10 15:00:00,10.032,16.785,746.02,762.69,704.17,1392.17,720.79,823.95
2024-03-10 16:00:00,11.215,14.599,711.21,689.95,727.19,1247.22,,723.59
2024-03-10 17:00:00,11.333,15.893,673.45,697.19,697.3,1290.19,721.34,795.85
2024-03-10 18:00:00,10.737,17.958,759.18,684.5,797.13,1388.8,770.43,684.34
2024-03-10 19:00:00,9.653,17.257,776.77,,756.8,1349.33,801.15,778.52
2024-03-10 20:00:00,11.842,14.947,702.22,753.61,617.95,1282.27,721.68,716.29
2024-03-10 21:00:00,11.519,14.974,662.01,669.98,726.74,1260.05,696.75,
2024-03-10 22:00:00,10.88,16.311,765.0,785.67,740.09,1312.68,745.16,782.58
2024-03-10 23:00:00,11.511,16.422,774.24,710.47,794.19,1304.7,656.14,726.71
2024-03-11 00:00:00,10.831,18.526,804.44,749.8,795.72,1356.98,702.16,814.15
2024-03-11 01:00:00,11.506,18.44,790.76,666.25,694.03,1300.68,707.15,769.65
2024-03-11 02:00:00,12.17,15.953,685.69,655.45,733.49,1354.54,656.64,668.48
2024-03-11 03:00:00,13.816,18.896,609.99,622.04,648.5,1314.16,626.96,685.23
2024-03-11 04:00:00,12.496,18.397,697.79,629.54,723.62,,593.55,713.7
2024-03-11 05:00:00,13.623,18.805,622.59,581.1,619.83,1293.47,628.34,677.05
2024-03-11 06:00:00,12.705,19.076,613.47,639.53,673.44,1298.33,685.8,743.08
2024-03-11 07:00:00,13.276,20.097,681.55,496.78,699.92,1334.82,548.81,619.61
2024-03-11 08:00:00,12.828,19.581,662.88,668.12,718.03,1329.36,716.47,639.95
2024-03-11 09:00:00,13.431,17.139,581.01,641.46,561.67,1316.67,688.08,670.72
2024-03-11 10:00:00,12.039,17.503,679.13,703.56,730.42,1273.36,724.22,635.34
2024-03-11 11:00:00,10.902,16.502,733.03,778.56,706.28,1265.79,721.33,
2024-03-11 12:00:00,10.726,14.454,738.66,724.98,746.38,1212.06,718.44,756.91
2024-03-11 13:00:00,11.077,15.772,730.85,802.95,662.16,1303.07,697.06,
2024-03-11 14:00:00,10.196,17.585,820.38,741.34,808.09,1354.97,762.92,828.13
2024-03-11 15:00:00,11.256,12.852,664.37,704.3,737.61,1135.26,682.33,726.86
2024-03-11 16:00:00,10.346,14.509,747.81,746.7,714.71,1290.23,758.0,845.54
2024-03-11 17:00:00,12.48,14.221,631.89,664.29,688.22,,649.63,640.04
2024-03-11 18:00:00,9.13,14.516,833.65,791.81,779.17,1319.35,806.95,825.46
2024-03-11 19:00:00,10.704,13.033,713.06,735.34,754.85,1304.84,709.85,766.41
2024-03-11 20:00:00,9.74,12.629,752.09,749.08,697.59,1197.99,719.58,767.03
2024-03-11 21:00:00,10.418,12.953,780.16,734.33,687.57,1231.54,780.85,769.15
2024-03-11 22:00:00,11.155,16.569,776.78,639.89,702.56,1336.54,680.92,745.53
2024-03-11 23:00:00,9.45,14.226,830.95,822.36,769.28,1311.56,766.7,743.67
2024-03-12 00:00:00,11.79,15.274,640.2,653.77,771.66,1270.17,678.87,719.48
2024-03-12 01:00:00,13.413,18.868,657.89,602.5,667.65,1346.27,625.06,720.64
2024-03-12 02:00:00,11.797,15.895,709.67,653.8,746.0,1299.91,682.51,771.3
2024-03-12 03:00:00,12.595,17.553,670.67,,648.43,1335.0,642.63,660.82
2024-03-12 04:00:00,13.377,18.688,644.2,601.78,636.83,1347.3,,668.05
2024-03-12 05:00:00,12.524,18.782,726.18,570.51,666.33,1324.82,628.79,750.72
2024-03-12 06:00:00,12.21,15.985,718.92,687.06,683.0,1307.29,659.98,659.28
2024-03-12 07:00:00,10.792,16.611,776.74,716.34,774.16,1307.25,738.11,766.4
2024-03-12 08:00:00,12.983,17.582,662.25,639.97,656.22,1327.26,,646.38
2024-03-12 09:00:00,12.167,19.169,778.26,,697.74,1317.78,731.77,753.73
2024-03-12 10:00:00,11.177,15.479,,685.44,750.9,1299.14,792.67,
2024-03-12 11:00:00,11.776,15.271,641.74,693.29,,1287.49,709.04,688.1
2024-03-12 12:00:00,10.875,15.802,729.09,709.13,706.33,1323.56,713.56,739.02
2024-03-12 13:00:00,10.586,15.478,750.38,791.57,732.79,1289.17,726.32,797.89
2024-03-12 14:00:00,11.181,15.022,767.97,726.52,800.49,1249.24,672.11,730.23
2024-03-12 15:00:00,9.354,12.73,757.49,787.94,802.51,,829.57,754.63
2024-03-12 16:00:00,11.048,12.743,734.76,673.14,795.7,1194.55,657.46,750.59
2024-03-12 17:00:00,8.949,13.395,738.0,833.82,724.19,1256.9,820.69,808.03
2024-03-12 18:00:00,9.472,14.537,818.04,825.58,789.0,1238.72,756.18,789.77
2024-03-12 19:00:00,11.558,12.759,,667.84,682.19,1234.54,736.62,694.76
2024-03-12 20:00:00,11.017,13.173,710.95,731.66,706.31,1279.03,736.61,741.52
2024-03-12 21:00:00,10.36,12.242,817.01,775.75,671.75,1265.02,769.04,777.04
2024-03-12 22:00:00,9.754,16.078,816.69,874.83,828.94,1260.5,778.28,764.8
2024-03-12 23:00:00,10.348,14.465,716.48,775.07,680.95,1284.4,807.89,741.6
2024-03-13 00:00:00,11.116,16.047,,729.5,769.15,1371.96,656.97,755.82
2024-03-13 01:00:00,11.373,15.263,811.21,708.71,701.76,1262.78,638.13,727.84
2024-03-13 02:00:00,11.535,15.768,780.14,704.8,676.96,1300.78,640.24,726.39
2024-03-13 03:00:00,11.806,14.237,724.66,721.44,656.71,1292.18,662.37,681.8
2024-03-13 04:00:00,11.825,13.731,624.62,653.03,695.47,1201.62,649.78,723.31
2024-03-13 05:00:00,10.937,17.971,792.24,780.93,733.24,1344.5,713.64,
2024-03-13 06:00:00,11.693,16.588,685.58,641.73,714.13,1328.19,757.71,761.95
2024-03-13 07:00:00,12.771,16.631,706.69,675.72,589.95,1276.77,620.59,720.56
2024-03-13 08:00:00,10.799,14.643,710.9,777.77,648.35,,761.65,796.05
2024-03-13 09:00:00,11.526,14.698,723.56,738.13,633.21,1305.4,697.96,788.98
2024-03-13 10:00:00,10.747,16.601,724.68,759.06,781.33,1257.76,778.46,749.25
2024-03-13 11:00:00,11.176,16.891,718.26,745.01,795.13,1243.26,733.5,789.64
2024-03-13 12:00:00,10.439,13.499,766.86,736.59,729.75,1215.63,750.94,735.57
2024-03-13 13:00:00,11.595,14.492,656.42,656.9,737.27,1250.42,680.21,670.03
2024-03-13 14:00:00,10.502,13.391,825.23,759.52,752.73,1208.54,699.18,714.12
2024-03-13 15:00:00,8.772,12.564,754.97,809.74,827.66,1219.79,727.07,771.6
2024-03-13 16:00:00,10.141,14.573,722.96,805.28,806.73,,776.79,719.41
2024-03-13 17:00:00,8.837,11.568,806.49,796.26,719.61,1277.35,852.6,857.32
2024-03-13 18:00:00,8.927,13.493,835.97,811.16,788.05,1285.22,765.42,792.93
2024-03-13 19:00:00,9.654,12.491,754.58,790.05,793.0,,,814.84
2024-03-13 20:00:00,9.102,12.174,742.44,818.17,804.67,1296.05,736.55,830.06
2024-03-13 21:00:00,10.373,14.121,718.11,795.28,778.6,1321.87,737.41,737.23
2024-03-13 22:00:00,9.26,13.199,744.08,755.14,768.99,1235.0,762.09,792.89
2024-03-13 23:00:00,9.646,13.18,780.01,808.94,789.4,1229.69,737.62,732.83
2024-03-14 00:00:00,9.898,15.431,769.83,772.32,707.64,1279.14,726.23,798.62
2024-03-14 01:00:00,10.254,15.755,777.05,,701.55,1308.82,792.29,794.97
2024-03-14 02:00:00,11.847,16.144,711.95,753.6,769.18,1331.99,724.63,771.51
2024-03-14 03:00:00,11.691,10.414,708.97,600.63,725.78,1155.88,723.7,684.47
2024-03-14 04:00:00,12.718,15.89,645.08,698.16,737.8,1271.55,675.33,705.11
2024-03-14 05:00:00,13.256,15.78,608.54,616.45,643.22,1260.94,582.75,632.12
2024-03-14 06:00:00,10.63,15.517,752.29,716.04,704.56,1336.85,713.76,813.59
2024-03-14 07:00:00,11.441,16.187,714.8,696.93,,,717.56,755.38
2024-03-14 08:00:00,10.295,15.533,768.48,723.6,838.02,1264.73,720.88,727.27
2024-03-14 09:00:00,10.395,15.682,731.68,781.37,719.05,1323.35,804.47,734.46
2024-03-14 10:00:00,10.235,14.099,777.84,721.66,,1262.58,747.06,769.89
2024-03-14 11:00:00,9.575,15.702,741.3,838.87,827.7,1314.4,741.08,803.14
2024-03-14 12:00:00,9.24,14.288,770.16,824.86,780.2,1244.41,804.62,
2024-03-14 13:00:00,9.626,13.454,810.52,791.4,746.67,1203.44,795.08,787.51
2024-03-14 14:00:00,8.45,12.88,761.77,736.8,819.78,1255.08,814.97,737.93
2024-03-14 15:00:00,9.819,13.23,801.36,722.57,737.07,1229.41,790.44,744.19
2024-03-14 16:00:00,8.191,12.718,758.55,822.83,813.4,1257.46,819.74,786.91
2024-03-14 17:00:00,11.024,11.125,655.81,718.03,606.56,1188.71,,
2024-03-14 18:00:00,8.345,12.349,749.63,857.61,714.09,1256.97,,780.86
2024-03-14 19:00:00,8.775,11.407,789.73,686.93,762.33,1242.62,757.68,727.71
2024-03-14 20:00:00,7.771,13.668,849.45,811.96,864.7,1306.08,795.26,857.67
2024-03-14 21:00:00,10.333,12.973,791.93,789.05,734.45,1272.1,,787.4
2024-03-14 22:00:00,10.083,11.289,790.55,747.29,737.58,1262.5,741.73,704.27
2024-03-14 23:00:00,9.684,15.29,807.83,767.27,782.16,,744.77,786.0
2024-03-15 00:00:00,8.65,10.46,755.75,740.08,,1181.22,744.74,739.85
2024-03-15 01:00:00,10.177,14.236,728.66,808.21,685.58,1305.03,742.03,759.88
2024-03-15 02:00:00,9.371,13.09,,770.01,796.02,1269.15,,773.2
2024-03-15 03:00:00,11.656,16.57,759.05,748.88,726.37,1323.5,698.5,772.44
2024-03-15 04:00:00,11.294,14.906,681.04,776.26,733.56,1299.2,618.84,769.44
2024-03-15 05:00:00,10.813,13.823,777.23,789.57,683.28,1251.88,764.06,724.81
2024-03-15 06:00:00,8.798,14.497,731.67,810.64,852.68,1281.84,781.36,823.32
2024-03-15 07:00:00,9.89,13.866,779.13,755.76,740.87,1331.88,770.72,760.64
2024-03-15 08:00:00,11.077,14.13,719.02,703.52,782.71,1222.75,621.76,752.63
2024-03-15 09:00:00,11.276,13.759,705.6,793.82,624.93,1239.56,705.4,725.39
2024-03-15 10:00:00,10.914,12.813,724.45,720.76,703.16,1267.25,708.93,719.21
2024-03-15 11:00:00,8.433,13.532,774.88,862.86,855.99,1270.18,798.91,849.37
2024-03-15 12:00:00,9.607,13.135,785.72,801.27,755.69,,771.56,774.79
2024-03-15 13:00:00,9.837,10.929,755.86,751.53,640.88,1242.63,,819.37
2024-03-15 14:00:00,7.378,9.629,849.47,832.66,755.56,1256.06,831.35,800.54
2024-03-15 15:00:00,8.42,11.555,851.91,862.57,793.25,1246.02,691.65,823.42
2024-03-15 16:00:00,8.424,11.479,,816.12,841.26,1191.89,803.51,769.99
2024-03-15 17:00:00,7.814,11.495,784.28,816.29,783.61,1248.09,818.47,839.01
2024-03-15 18:00:00,6.501,11.191,808.49,843.25,871.52,1262.01,908.3,906.51
2024-03-15 19:00:00,7.733,12.463,879.0,852.74,819.54,1231.29,828.44,850.45
2024-03-15 20:00:00,7.821,11.951,869.75,814.92,780.73,1299.12,725.15,877.59
2024-03-15 21:00:00,8.125,14.268,847.78,856.57,836.54,1308.56,795.46,792.9
2024-03-15 22:00:00,8.01,15.167,826.06,940.94,851.51,1279.13,802.87,856.3
2024-03-15 23:00:00,8.366,9.8,818.39,832.42,761.05,1226.79,784.44,787.62
2024-03-16 00:00:00,8.968,9.771,818.52,864.49,728.29,1220.87,757.01,739.31
2024-03-16 01:00:00,9.634,12.898,746.66,751.81,691.8,1236.3,765.22,775.26
2024-03-16 02:00:00,9.295,13.976,783.66,821.83,791.32,1238.67,740.77,834.78
2024-03-16 03:00:00,9.429,13.676,738.81,839.52,744.71,1262.01,832.41,
2024-03-16 04:00:00,9.991,14.912,762.84,830.22,784.17,1269.2,755.37,800.08
2024-03-16 05:00:00,8.47,13.926,859.56,871.92,805.61,,884.27,786.85
2024-03-16 06:00:00,10.398,13.469,784.24,754.93,756.77,,687.49,786.41
2024-03-16 07:00:00,9.945,13.566,767.31,808.05,749.03,1279.84,739.86,774.4
2024-03-16 08:00:00,9.827,13.762,672.51,736.12,706.27,1276.29,788.31,775.31
2024-03-16 09:00:00,10.343,14.681,731.09,824.59,770.3,1304.07,689.37,775.59
2024-03-16 10:00:00,7.733,12.655,824.02,802.43,839.22,1284.14,864.67,901.07
2024-03-16 11:00:00,7.396,12.396,821.14,900.68,908.33,1294.8,833.29,881.73
2024-03-16 12:00:00,8.853,12.895,791.29,,753.5,1234.66,791.01,766.81
2024-03-16 13:00:00,8.288,11.441,807.93,860.61,740.04,1272.12,847.01,816.04
2024-03-16 14:00:00,8.11,12.525,790.61,910.69,745.22,1320.26,789.36,804.4
2024-03-16 15:00:00,7.325,9.654,,886.66,795.2,1252.78,797.39,821.55
2024-03-16 16:00:00,8.005,9.064,791.41,767.96,811.44,1153.66,780.56,783.59
2024-03-16 17:00:00,8.07,10.582,777.05,847.11,821.94,1276.48,788.4,813.79
2024-03-16 18:00:00,7.64,10.622,878.51,761.82,860.96,1253.8,765.74,867.66
2024-03-16 19:00:00,7.055,9.156,807.0,848.08,817.24,1239.67,839.57,780.92
2024-03-16 20:00:00,5.667,11.995,796.41,,799.59,1246.0,864.53,868.01
2024-03-16 21:00:00,8.129,13.001,873.31,854.39,806.48,1224.63,800.79,811.38
2024-03-16 22:00:00,8.71,10.342,753.05,769.4,679.69,1261.65,773.57,761.82
2024-03-16 23:00:00,8.507,13.354,833.38,786.11,774.73,1257.7,828.78,795.04
2024-03-17 00:00:00,7.569,9.219,785.74,855.51,771.23,1179.91,821.63,772.59
2024-03-17 01:00:00,9.092,13.879,807.8,847.68,797.45,1229.16,,828.17
2024-03-17 02:00:00,9.501,12.033,766.43,782.17,776.63,1187.6,756.72,727.94
2024-03-17 03:00:00,10.279,14.64,,855.8,721.19,1280.78,766.84,841.12
2024-03-17 04:00:00,8.492,12.626,791.57,802.42,755.84,1287.15,870.57,799.42
2024-03-17 05:00:00,9.102,13.891,764.73,827.61,780.67,1286.35,827.26,767.78
2024-03-17 06:00:00,9.892,13.063,770.81,786.3,774.45,1251.72,719.76,736.46
2024-03-17 07:00:00,9.27,13.705,768.74,780.78,803.8,1313.5,820.13,811.59
2024-03-17 08:00:00,8.181,15.953,755.21,888.53,791.01,1366.89,835.92,824.73
2024-03-17 09:00:00,9.186,13.305,761.61,760.35,,1237.9,778.54,859.83
2024-03-17 10:00:00,9.04,15.549,897.27,724.34,744.81,1313.35,821.93,796.36
2024-03-17 11:00:00,8.328,12.067,737.36,814.65,743.28,1254.42,823.77,841.47
2024-03-17 12:00:00,8.094,13.8,823.9,822.11,720.45,1274.26,820.2,815.93
2024-03-17 13:00:00,7.372,9.538,808.01,885.23,768.96,1226.75,803.44,791.52
2024-03-17 14:00:00,8.443,10.661,855.84,761.81,829.71,1269.08,761.06,821.3
2024-03-17 15:00:00,6.263,9.945,810.51,900.38,883.91,1168.31,,898.5
2024-03-17 16:00:00,6.294,12.115,861.83,901.05,859.41,1274.74,872.93,825.79
2024-03-17 17:00:00,6.624,10.291,864.86,881.82,859.86,1236.72,832.47,794.03
2024-03-17 18:00:00,7.249,7.494,804.48,882.28,821.27,,811.79,799.76
2024-03-17 19:00:00,5.36,8.496,841.28,903.02,845.37,1233.1,859.2,765.3
2024-03-17 20:00:00,5.601,9.053,863.12,900.0,733.05,1210.14,829.53,866.65
2024-03-17 21:00:00,5.182,11.708,876.76,937.31,955.18,1247.44,938.24,853.71
2024-03-17 22:00:00,7.059,11.969,825.29,855.95,807.72,1282.87,841.3,
2024-03-17 23:00:00,6.399,11.127,883.47,824.48,818.7,1211.09,780.79,853.45
2024-03-18 00:00:00,7.269,11.349,841.65,835.03,869.32,1225.14,856.13,886.29
2024-03-18 01:00:00,8.388,13.387,824.68,811.38,799.02,,813.61,822.29
2024-03-18 02:00:00,7.608,11.657,831.01,819.03,907.3,1299.9,839.64,892.83
2024-03-18 03:00:00,8.527,13.98,837.76,806.42,757.34,1287.85,840.94,847.11
2024-03-18 04:00:00,8.265,14.2,858.11,835.29,843.26,1247.96,803.12,834.96
2024-03-18 05:00:00,9.135,13.628,775.51,787.6,765.41,1279.83,786.18,865.59
2024-03-18 06:00:00,8.991,14.507,822.21,839.97,788.22,1255.4,738.19,820.22
2024-03-18 07:00:00,7.989,14.09,774.33,871.39,,1298.24,796.78,838.9
2024-03-18 08:00:00,8.261,14.371,734.5,733.6,774.32,1252.41,845.38,846.16
2024-03-18 09:00:00,9.013,11.861,844.92,739.83,823.11,,775.69,870.02
2024-03-18 10:00:00,8.218,13.792,800.3,732.22,820.38,1303.92,794.41,833.06
2024-03-18 11:00:00,6.47,13.812,,873.46,858.47,1278.0,871.46,867.22
2024-03-18 12:00:00,7.774,12.455,775.48,825.14,733.35,1299.74,782.42,765.91
2024-03-18 13:00:00,6.045,12.282,821.5,899.43,775.08,1206.5,846.7,883.39
2024-03-18 14:00:00,7.727,10.955,787.98,869.29,756.04,1252.71,842.13,
2024-03-18 15:00:00,7.142,11.751,855.41,855.0,796.59,1239.63,767.8,780.94
2024-03-18 16:00:00,6.338,10.452,831.49,854.42,821.06,1259.45,832.16,843.95
2024-03-18 17:00:00,6.086,8.806,837.46,881.49,835.65,1197.18,856.79,898.82
2024-03-18 18:00:00,5.727,11.11,843.59,880.33,886.61,1272.5,887.77,905.13
2024-03-18 19:00:00,6.452,8.244,877.25,809.18,872.25,1188.45,807.37,860.3
2024-03-18 20:00:00,5.707,10.755,899.0,937.96,850.35,1250.87,890.74,908.35
2024-03-18 21:00:00,6.358,10.285,831.33,894.4,788.46,1273.61,852.04,791.96
2024-03-18 22:00:00,7.09,10.634,853.28,912.98,838.97,,877.24,808.87
2024-03-18 23:00:00,6.208,11.873,851.04,837.5,844.06,1245.29,885.94,872.95
2024-03-19 00:00:00,6.45,11.347,838.65,813.06,847.21,1223.98,842.79,816.79
2024-03-19 01:00:00,6.273,13.344,862.66,851.85,893.49,1304.65,907.02,883.12
2024-03-19 02:00:00,6.642,13.294,876.36,893.29,817.43,1319.85,855.49,845.9
2024-03-19 03:00:00,6.255,12.913,831.74,922.93,902.06,1302.46,880.0,920.13
2024-03-19 04:00:00,8.468,15.593,830.64,837.24,742.68,,786.99,770.76
2024-03-19 05:00:00,9.427,14.448,868.47,797.41,803.8,1293.49,739.82,729.92
2024-03-19 06:00:00,9.138,15.043,798.25,836.91,756.1,1280.83,728.78,837.93
2024-03-19 07:00:00,6.632,15.934,867.26,867.2,857.9,1374.68,844.02,882.17
2024-03-19 08:00:00,8.369,15.731,813.5,871.63,819.47,1275.8,811.93,867.65
2024-03-19 09:00:00,8.713,14.446,817.77,893.92,775.6,,773.69,780.28
2024-03-19 10:00:00,6.938,12.99,787.82,824.43,797.99,1280.65,853.5,918.06
2024-03-19 11:00:00,7.073,11.173,891.78,847.03,776.03,1213.82,,862.74
2024-03-19 12:00:00,5.052,12.637,929.76,,,1303.26,899.13,892.44
2024-03-19 13:00:00,6.538,13.204,833.79,841.78,862.34,1272.41,902.2,862.67
2024-03-19 14:00:00,5.162,11.853,889.9,,937.76,1303.78,948.08,881.41
2024-03-19 15:00:00,5.902,6.899,826.29,814.41,805.55,1191.63,794.73,814.96
2024-03-19 16:00:00,4.281,11.779,,917.18,817.57,1334.62,876.11,905.62
2024-03-19 17:00:00,5.822,11.673,871.66,940.86,864.32,1210.6,878.42,879.89
2024-03-19 18:00:00,6.145,10.147,861.61,892.75,755.28,1247.66,841.57,849.64
2024-03-19 19:00:00,4.718,11.784,864.93,965.1,938.85,1278.33,849.39,848.66
2024-03-19 20:00:00,4.534,11.573,888.28,887.9,906.68,1275.7,925.0,937.24
2024-03-19 21:00:00,3.888,10.337,957.77,959.31,841.19,1242.44,882.85,832.61
2024-03-19 22:00:00,5.627,13.122,,984.77,790.54,1300.97,908.84,825.16
2024-03-19 23:00:00,5.644,10.58,777.07,874.67,806.55,1186.17,909.73,887.51
2024-03-20 00:00:00,5.158,12.574,886.88,903.14,887.67,1224.93,938.68,886.94
2024-03-20 01:00:00,7.052,12.995,925.44,886.6,789.93,1252.56,813.25,872.14
2024-03-20 02:00:00,6.599,12.7,882.1,840.95,862.71,1215.46,853.86,850.9
2024-03-20 03:00:00,6.327,14.494,847.63,919.72,887.28,1321.77,910.27,924.6
2024-03-20 04:00:00,6.914,16.044,856.82,805.01,818.29,1303.44,777.11,838.39
2024-03-20 05:00:00,8.315,16.194,843.84,735.46,846.61,1322.56,772.62,848.22
2024-03-20 06:00:00,7.962,15.659,766.05,854.76,865.77,1326.53,844.06,885.47
2024-03-20 07:00:00,7.316,12.714,802.4,814.84,838.11,1265.06,889.17,852.64
2024-03-20 08:00:00,7.776,12.973,834.58,817.44,827.62,1290.59,725.46,858.04
2024-03-20 09:00:00,6.143,14.484,928.98,931.94,828.61,1296.73,829.71,892.66
2024-03-20 10:00:00,6.831,13.857,835.72,897.96,917.57,1292.16,837.41,
2024-03-20 11:00:00,6.615,12.846,907.43,827.77,790.66,1262.27,857.24,820.9
2024-03-20 12:00:00,5.793,15.24,859.99,931.15,846.21,1355.29,959.17,904.44
2024-03-20 13:00:00,6.188,12.592,744.9,877.74,880.15,1236.24,902.21,861.04
2024-03-20 14:00:00,4.909,12.662,925.57,947.59,856.04,1299.11,920.73,892.9
2024-03-20 15:00:00,5.675,12.812,897.67,906.03,841.66,1330.49,827.24,819.33
2024-03-20 16:00:00,5.501,11.404,903.07,848.05,793.54,1274.68,880.82,906.03
2024-03-20 17:00:00,2.589,14.278,996.17,981.47,916.69,1317.53,1010.76,1001.36
2024-03-20 18:00:00,5.817,10.002,868.85,797.38,936.82,1242.75,823.03,899.42
2024-03-20 19:00:00,2.451,10.503,949.58,1010.49,903.83,1248.97,952.97,942.19
2024-03-20 20:00:00,4.5,10.329,892.76,952.87,922.54,1281.77,900.85,867.31
2024-03-20 21:00:00,5.988,13.685,857.82,871.28,830.6,1311.29,,911.68
2024-03-20 22:00:00,5.146,13.219,881.38,920.35,824.44,,925.62,880.38
2024-03-20 23:00:00,4.501,12.118,,903.37,845.9,1323.62,946.55,894.53
2024-03-21 00:00:00,5.094,12.284,850.15,,895.77,1281.7,864.68,905.93
2024-03-21 01:00:00,7.086,15.533,845.78,818.41,743.71,1278.3,809.42,829.62
2024-03-21 02:00:00,5.002,14.821,828.22,921.97,,1327.79,906.51,891.16
2024-03-21 03:00:00,7.676,16.528,769.18,802.02,846.72,1326.91,849.04,848.8
2024-03-21 04:00:00,6.905,15.115,842.98,883.78,821.71,1315.17,925.22,905.7
2024-03-21 05:00:00,6.101,16.035,876.85,944.41,828.45,1353.89,881.88,867.9
2024-03-21 06:00:00,6.615,15.884,855.29,802.93,826.69,1353.12,851.09,865.98
2024-03-21 07:00:00,6.213,14.742,789.08,921.57,900.29,1282.27,842.86,930.23
2024-03-21 08:00:00,7.586,15.153,890.1,,755.0,1311.8,839.63,849.16
2024-03-21 09:00:00,7.275,13.623,787.32,863.21,818.0,1280.24,826.12,855.86
2024-03-21 10:00:00,5.053,15.259,878.56,907.1,930.08,1339.78,939.09,936.04
2024-03-21 11:00:00,5.803,15.134,841.46,908.19,778.87,1337.67,894.5,875.09
2024-03-21 12:00:00,5.112,14.927,949.5,909.37,853.02,1324.91,902.73,957.17
2024-03-21 13:00:00,6.515,14.058,875.61,962.28,777.41,1263.54,825.28,886.16
2024-03-21 14:00:00,4.098,12.66,905.66,990.24,837.14,,944.25,925.45
2024-03-21 15:00:00,6.201,14.299,851.68,930.48,858.91,1341.92,865.33,868.48
2024-03-21 16:00:00,4.689,13.228,914.52,1025.84,907.49,1266.34,938.36,881.8
2024-03-21 17:00:00,3.655,13.662,,1027.81,890.21,1356.69,890.44,
2024-03-21 18:00:00,3.991,13.708,943.27,958.57,836.64,1263.29,946.65,937.18
2024-03-21 19:00:00,3.921,11.923,904.65,961.3,855.1,1288.37,959.04,913.05
2024-03-21 20:00:00,3.652,12.778,953.43,1065.86,919.3,1281.44,943.35,971.31
2024-03-21 21:00:00,4.928,13.599,920.21,903.53,875.02,1303.82,938.35,910.83
2024-03-21 22:00:00,4.108,11.745,897.04,946.9,836.42,1299.47,939.49,939.79
2024-03-21 23:00:00,3.626,12.294,861.95,930.33,880.1,1319.48,917.0,932.49
2024-03-22 00:00:00,5.368,12.645,877.97,843.44,893.48,1322.13,845.72,917.24
2024-03-22 01:00:00,4.53,14.633,868.27,913.74,900.19,1279.67,960.0,922.87
2024-03-22 02:00:00,5.651,14.886,891.5,879.41,822.34,1295.36,,914.4
2024-03-22 03:00:00,5.765,14.019,872.67,882.56,869.46,1287.98,,833.59
2024-03-22 04:00:00,5.978,16.28,865.3,932.04,842.47,1321.56,865.61,882.99
2024-03-22 05:00:00,8.387,16.228,772.84,829.82,780.83,1336.68,853.55,827.34
2024-03-22 06:00:00,6.864,17.871,909.76,924.39,859.09,1389.53,779.36,905.65
2024-03-22 07:00:00,6.967,18.842,853.84,,810.31,,,879.66
2024-03-22 08:00:00,5.222,16.817,,,868.67,1327.05,890.21,904.39
2024-03-22 09:00:00,5.922,15.159,883.62,894.32,905.22,1319.33,963.07,905.28
2024-03-22 10:00:00,6.362,16.4,887.97,973.5,961.23,1342.86,909.55,877.08
2024-03-22 11:00:00,5.074,15.196,907.68,916.29,809.84,1379.18,877.95,955.97
2024-03-22 12:00:00,6.303,14.423,880.37,928.24,811.18,1271.0,927.95,890.52
2024-03-22 13:00:00,4.298,13.203,957.33,904.8,936.95,,899.63,924.51
2024-03-22 14:00:00,4.735,13.242,945.65,928.46,826.45,1338.32,933.27,886.47
2024-03-22 15:00:00,4.241,13.216,858.88,1034.23,885.53,1287.2,942.76,884.25
2024-03-22 16:00:00,4.645,14.121,943.41,971.11,961.65,1337.47,1000.24,905.85
2024-03-22 17:00:00,3.876,13.614,950.12,910.81,871.27,1298.57,,955.45
2024-03-22 18:00:00,4.126,15.168,933.98,922.19,893.84,1330.71,846.0,957.34
2024-03-22 19:00:00,4.19,13.901,985.16,1021.69,841.8,1332.33,885.37,945.35
2024-03-22 20:00:00,3.907,13.846,994.25,970.04,931.2,1308.3,938.63,930.82
2024-03-22 21:00:00,5.069,13.333,929.71,916.77,796.53,1275.68,861.04,933.76
2024-03-22 22:00:00,5.117,12.916,875.83,893.85,839.2,1311.13,845.01,885.47
2024-03-22 23:00:00,5.141,14.005,857.34,914.81,819.14,1282.41,889.14,870.18
2024-03-23 00:00:00,5.175,14.413,926.37,984.2,861.58,1339.19,937.94,883.0
2024-03-23 01:00:00,6.464,12.744,903.94,853.39,912.9,1265.63,746.87,867.85
2024-03-23 02:00:00,5.925,15.136,811.22,881.74,877.27,1296.1,889.36,892.41
2024-03-23 03:00:00,6.114,18.731,931.12,934.53,886.31,1412.05,897.88,953.34
2024-03-23 04:00:00,6.632,17.615,864.67,849.05,870.14,1349.28,901.72,920.41
2024-03-23 05:00:00,8.023,16.969,768.4,806.77,819.81,1333.83,787.28,809.16
2024-03-23 06:00:00,5.633,18.014,919.78,924.05,937.82,1318.22,968.59,896.86
2024-03-23 07:00:00,7.278,15.172,876.31,863.86,861.26,1278.15,849.32,854.17
2024-03-23 08:00:00,5.027,17.703,906.61,909.88,842.07,1411.6,935.85,889.01
2024-03-23 09:00:00,6.524,18.627,844.16,916.06,906.83,1387.26,858.83,879.89
2024-03-23 10:00:00,7.361,16.583,908.45,872.96,844.43,1372.54,,876.54
2024-03-23 11:00:00,6.202,14.168,846.71,,868.19,1301.05,964.18,892.0
2024-03-23 12:00:00,5.637,15.329,931.74,946.84,784.65,1331.67,880.02,913.81
2024-03-23 13:00:00,4.741,16.892,870.3,,899.15,1414.6,935.31,934.2
2024-03-23 14:00:00,4.925,15.234,925.2,970.33,879.74,1346.15,936.37,964.04
2024-03-23 15:00:00,4.451,12.857,926.79,1029.33,854.78,1343.76,971.82,872.9
2024-03-23 16:00:00,3.834,17.131,980.31,976.02,967.28,1362.61,992.11,990.63
2024-03-23 17:00:00,4.112,12.635,973.97,930.52,822.1,1285.67,946.87,939.83
2024-03-23 18:00:00,4.464,13.83,888.78,1003.81,1016.08,1288.8,943.88,929.11
2024-03-23 19:00:00,3.734,12.995,952.16,935.94,854.92,1319.28,973.81,
2024-03-23 20:00:00,3.824,13.246,884.7,1043.06,920.82,,977.23,938.96
2024-03-23 21:00:00,3.574,14.315,896.11,960.03,921.96,1378.42,990.28,884.84
2024-03-23 22:00:00,5.226,16.085,885.82,905.95,932.11,1297.57,886.65,905.05
2024-03-23 23:00:00,5.642,17.403,914.67,1016.31,950.5,1366.75,1006.77,936.05
2024-03-24 00:00:00,5.705,15.959,950.78,929.85,852.59,1322.95,905.04,854.46
2024-03-24 01:00:00,6.605,15.778,931.12,950.85,855.64,1337.72,886.28,912.22
2024-03-24 02:00:00,6.196,18.098,875.52,904.96,852.88,1352.22,923.98,
2024-03-24 03:00:00,6.692,18.598,887.01,887.75,821.07,1386.72,896.17,946.56
2024-03-24 04:00:00,6.816,18.646,906.05,770.81,860.39,1392.08,906.27,879.28
2024-03-24 05:00:00,6.624,18.939,906.53,935.31,864.04,1403.24,854.38,895.27
2024-03-24 06:00:00,6.318,18.592,880.82,919.0,871.08,1435.96,887.77,891.93
2024-03-24 07:00:00,8.478,18.828,829.99,830.7,804.18,1368.5,822.12,801.14
2024-03-24 08:00:00,6.231,18.344,884.23,929.32,885.64,1370.92,923.4,908.55
2024-03-24 09:00:00,5.874,19.58,,922.29,919.54,1398.7,906.51,939.43
2024-03-24 10:00:00,6.512,20.607,878.46,865.72,826.41,1374.25,896.11,975.11
2024-03-24 11:00:00,6.082,17.718,885.24,923.02,897.38,1398.09,899.11,898.43
2024-03-24 12:00:00,4.453,17.028,917.75,950.97,972.37,1340.57,987.6,911.36
2024-03-24 13:00:00,6.171,16.877,843.43,932.82,811.15,1385.17,781.66,886.47
2024-03-24 14:00:00,4.914,15.35,941.66,927.58,892.98,,930.81,906.22
2024-03-24 15:00:00,3.859,16.695,965.13,,938.28,1318.75,937.36,1013.51
2024-03-24 16:00:00,5.516,16.041,963.42,899.85,908.75,1271.44,831.34,885.26
2024-03-24 17:00:00,4.953,14.859,921.12,900.72,920.51,1353.33,870.61,947.32
2024-03-24 18:00:00,3.408,16.43,943.93,969.34,979.16,1406.24,922.74,976.86
2024-03-24 19:00:00,5.89,15.49,862.86,925.27,869.55,1342.13,869.62,932.48
2024-03-24 20:00:00,5.123,14.555,903.7,899.73,835.21,1289.26,873.09,897.12
2024-03-24 21:00:00,4.787,16.511,939.6,899.32,880.88,,924.7,891.05
2024-03-24 22:00:00,6.325,16.84,870.11,929.69,921.44,1337.96,907.55,955.1
2024-03-24 23:00:00,5.479,18.243,857.23,923.88,,1411.08,914.97,937.65
2024-03-25 00:00:00,5.649,18.658,879.93,955.93,908.84,1381.57,879.04,973.87
2024-03-25 01:00:00,5.463,18.099,909.11,920.66,923.92,,916.14,977.95
2024-03-25 02:00:00,6.756,18.198,898.63,865.53,883.65,1346.01,893.82,868.99
2024-03-25 03:00:00,6.931,19.234,820.49,816.19,898.49,1395.83,914.02,908.09
2024-03-25 04:00:00,6.762,20.038,890.11,848.53,866.58,1442.08,846.1,922.4
2024-03-25 05:00:00,6.249,20.434,904.73,876.44,878.16,1436.11,959.2,915.19
2024-03-25 06:00:00,7.036,20.336,,897.08,939.24,1383.6,876.69,920.96
2024-03-25 07:00:00,6.847,19.85,857.07,886.09,947.69,1400.91,879.45,935.17
2024-03-25 08:00:00,5.727,21.007,888.4,888.73,958.83,1462.1,885.51,908.34
2024-03-25 09:00:00,5.437,18.736,916.99,820.98,915.62,,861.58,983.4
2024-03-25 10:00:00,6.83,22.159,927.9,916.41,,1395.27,830.24,915.69
2024-03-25 11:00:00,4.019,19.669,997.89,1015.48,937.45,1400.67,1026.12,966.66
2024-03-25 12:00:00,5.967,16.935,849.8,948.45,864.51,1259.28,943.23,890.86
2024-03-25 13:00:00,5.122,18.045,911.24,901.64,942.55,1392.4,942.29,890.04
2024-03-25 14:00:00,6.275,18.32,809.98,945.25,886.57,1418.41,,951.62
2024-03-25 15:00:00,4.598,16.612,929.84,975.35,925.54,1406.0,924.59,932.49
2024-03-25 16:00:00,5.343,14.971,918.7,946.4,872.72,1324.27,843.43,868.74
2024-03-25 17:00:00,4.391,15.371,981.2,931.22,794.38,1314.44,906.72,963.82
2024-03-25 18:00:00,4.772,17.252,861.48,943.73,955.47,1365.36,865.8,899.4
2024-03-25 19:00:00,5.326,14.616,858.57,996.68,869.86,1324.38,883.34,890.12
2024-03-25 20:00:00,4.5,15.234,927.59,1018.78,936.44,,912.5,933.45
2024-03-25 21:00:00,5.873,17.988,839.86,914.1,863.78,1387.3,871.18,838.32
2024-03-25 22:00:00,4.544,17.543,937.74,964.89,975.56,1328.65,898.67,966.22
2024-03-25 23:00:00,5.879,17.509,915.99,826.6,852.74,1391.83,887.61,916.21
2024-03-26 00:00:00,6.707,18.32,829.8,938.49,856.8,1318.36,892.19,852.57
2024-03-26 01:00:00,6.823,17.718,873.33,914.64,854.37,,914.82,957.53
2024-03-26 02:00:00,8.133,20.598,802.54,865.34,774.75,1455.72,811.84,841.67
2024-03-26 03:00:00,6.254,19.515,940.86,884.33,894.48,1352.04,912.93,839.3
2024-03-26 04:00:00,5.968,20.209,911.08,922.32,922.67,1411.98,923.58,909.88
2024-03-26 05:00:00,6.412,21.519,874.9,968.01,902.1,1433.71,907.15,895.7
2024-03-26 06:00:00,7.793,20.914,812.58,877.85,945.33,1413.91,883.17,885.47
2024-03-26 07:00:00,7.639,20.36,871.35,971.9,811.22,1429.71,857.89,853.65
2024-03-26 08:00:00,7.219,18.669,909.4,907.45,776.98,1357.68,857.0,875.18
2024-03-26 09:00:00,6.066,21.231,878.7,882.84,,1453.56,925.27,948.01
2024-03-26 10:00:00,7.346,20.521,851.26,860.05,860.09,1402.29,933.48,880.18
2024-03-26 11:00:00,5.481,19.374,887.38,904.32,,1408.44,854.62,900.52
2024-03-26 12:00:00,7.096,18.283,918.04,912.1,857.59,1330.03,866.61,883.72
2024-03-26 13:00:00,8.162,19.076,770.51,892.19,808.32,1410.01,814.7,839.96
2024-03-26 14:00:00,5.898,19.206,946.28,987.53,946.96,1403.16,858.7,935.56
2024-03-26 15:00:00,5.841,18.383,885.97,904.93,876.06,1401.71,918.2,879.27
2024-03-26 16:00:00,4.808,19.963,932.69,974.74,856.7,1454.43,923.09,938.08
2024-03-26 17:00:00,3.654,18.694,949.9,1040.38,977.08,1398.6,946.65,985.88
2024-03-26 18:00:00,4.598,17.701,939.3,1017.97,934.1,1374.21,945.15,955.28
2024-03-26 19:00:00,4.266,18.834,919.76,920.77,931.18,1351.2,977.2,989.01
2024-03-26 20:00:00,4.122,18.255,983.78,,989.58,1400.79,907.75,936.29
2024-03-26 21:00:00,6.868,18.619,909.95,838.36,,1421.22,876.29,843.52
2024-03-26 22:00:00,5.977,20.584,870.86,896.42,901.52,1420.93,956.43,978.35
2024-03-26 23:00:00,6.372,18.482,908.12,849.28,827.75,1356.73,888.9,867.51
2024-03-27 00:00:00,6.152,20.154,885.97,888.77,853.64,1440.1,891.85,897.08
2024-03-27 01:00:00,6.592,22.12,896.78,847.44,863.56,1402.32,883.62,930.68
2024-03-27 02:00:00,7.812,21.595,911.82,817.52,880.39,1407.87,775.47,884.02
2024-03-27 03:00:00,7.284,21.244,848.06,844.47,833.63,1403.93,795.97,898.01
2024-03-27 04:00:00,7.946,20.005,879.96,867.87,835.27,1423.18,,834.93
2024-03-27 05:00:00,7.506,19.576,873.93,869.9,838.17,1399.15,,852.3
2024-03-27 06:00:00,7.451,24.908,876.66,820.52,875.95,,936.84,915.33
2024-03-27 07:00:00,6.58,22.767,911.06,1017.38,855.19,1441.8,966.36,943.57
2024-03-27 08:00:00,6.026,21.544,916.92,902.27,885.18,1444.7,893.57,899.37
2024-03-27 09:00:00,7.23,22.393,837.79,832.65,821.24,1451.25,867.52,891.69
2024-03-27 10:00:00,7.258,20.47,847.65,902.45,856.72,1414.86,818.8,881.73
2024-03-27 11:00:00,5.917,20.774,871.22,922.79,891.06,,865.68,
2024-03-27 12:00:00,6.63,19.572,,864.04,871.56,1431.53,908.5,859.79
2024-03-27 13:00:00,6.413,18.534,930.91,916.0,891.52,1430.21,855.43,911.85
2024-03-27 14:00:00,4.379,17.268,955.43,934.78,985.87,1418.26,917.22,913.24
2024-03-27 15:00:00,5.146,17.509,864.55,926.02,823.12,1410.66,904.03,955.04
2024-03-27 16:00:00,6.037,20.38,,976.59,871.63,1489.89,935.18,893.65
2024-03-27 17:00:00,5.924,17.816,902.47,918.81,837.46,1352.34,894.1,966.7
2024-03-27 18:00:00,4.674,19.62,963.45,983.84,928.81,1396.68,915.9,966.54
2024-03-27 19:00:00,5.789,20.239,886.21,904.59,922.12,1376.28,907.99,879.03
2024-03-27 20:00:00,6.624,19.356,,902.23,816.53,1388.33,912.85,895.07
2024-03-27 21:00:00,6.642,19.341,879.07,864.63,880.32,1357.84,,892.08
2024-03-27 22:00:00,6.217,20.317,917.26,879.39,918.87,1455.71,857.54,907.61
2024-03-27 23:00:00,6.233,20.185,904.52,894.6,899.27,1420.16,858.76,965.69
2024-03-28 00:00:00,6.439,22.691,870.85,,876.08,1447.16,972.54,978.75
2024-03-28 01:00:00,7.652,24.06,935.41,918.82,897.06,1439.3,838.14,886.37
2024-03-28 02:00:00,7.749,24.074,867.91,897.43,855.73,1433.1,864.53,945.42
2024-03-28 03:00:00,8.37,20.21,843.37,751.11,868.31,1381.28,757.98,836.75
2024-03-28 04:00:00,8.188,22.628,829.41,924.85,862.76,1490.59,932.85,838.13
2024-03-28 05:00:00,8.882,23.4,875.32,861.61,827.62,1484.66,804.79,892.49
2024-03-28 06:00:00,8.369,24.062,873.95,900.15,798.64,1489.03,863.65,861.55
2024-03-28 07:00:00,8.906,21.407,837.97,822.38,824.71,1348.96,814.89,868.29
2024-03-28 08:00:00,8.881,21.23,786.56,769.73,778.61,1408.3,790.48,860.88
2024-03-28 09:00:00,7.376,24.615,922.52,834.84,832.7,1476.76,903.2,890.02
2024-03-28 10:00:00,6.351,22.003,927.68,981.07,873.98,1424.43,874.81,937.41
2024-03-28 11:00:00,8.769,20.448,862.01,765.64,818.81,1399.66,855.35,896.64
2024-03-28 12:00:00,7.455,20.432,864.49,814.9,803.28,1381.16,957.35,874.85
2024-03-28 13:00:00,5.594,21.748,918.6,918.91,898.41,1430.64,952.25,951.98
2024-03-28 14:00:00,6.132,19.85,891.25,,872.02,1382.31,863.54,892.93
2024-03-28 15:00:00,7.099,20.753,954.38,906.42,838.57,1397.7,861.55,
2024-03-28 16:00:00,6.094,19.01,875.93,936.46,867.52,1294.54,829.51,872.89
2024-03-28 17:00:00,5.815,17.932,856.35,934.26,906.14,1378.56,810.23,920.81
2024-03-28 18:00:00,7.332,21.705,859.32,855.93,847.13,1450.89,,867.46
2024-03-28 19:00:00,5.441,20.581,901.59,949.17,927.02,1402.88,,924.66
2024-03-28 20:00:00,5.788,19.941,951.76,995.95,887.41,1446.27,918.9,862.42
2024-03-28 21:00:00,6.814,20.072,832.08,834.81,909.64,1380.75,887.94,862.54
2024-03-28 22:00:00,7.233,22.907,860.91,931.93,906.49,1417.88,893.06,852.48
2024-03-28 23:00:00,7.635,22.379,873.59,905.14,850.92,1473.31,866.38,870.19
2024-03-29 00:00:00,8.305,23.601,898.04,850.82,821.88,1442.57,875.76,887.65
2024-03-29 01:00:00,8.074,22.079,878.25,864.53,868.03,1439.88,853.03,844.79
2024-03-29 02:00:00,8.624,23.359,900.31,858.38,819.47,1407.62,805.96,828.58
2024-03-29 03:00:00,8.302,24.231,868.69,817.98,788.21,1465.02,880.29,859.26
2024-03-29 04:00:00,8.778,23.443,832.57,774.13,869.15,1442.1,787.99,872.33
2024-03-29 05:00:00,8.962,24.223,868.0,872.14,812.42,1452.96,792.58,818.44
2024-03-29 06:00:00,9.118,23.741,783.69,779.66,744.8,1443.6,899.62,844.14
2024-03-29 07:00:00,9.551,24.887,764.71,775.29,824.44,1477.15,,897.32
2024-03-29 08:00:00,9.286,22.658,856.11,800.19,861.06,1437.06,844.76,833.11
2024-03-29 09:00:00,8.716,24.646,854.24,856.42,821.61,1489.42,858.83,898.9
2024-03-29 10:00:00,7.813,23.953,902.76,851.86,849.6,1409.11,818.3,855.9
2024-03-29 11:00:00,8.254,22.887,822.04,825.57,868.72,1490.94,946.83,924.22
2024-03-29 12:00:00,7.896,23.186,908.22,905.0,838.91,1447.6,845.69,811.92
2024-03-29 13:00:00,7.791,21.724,883.06,,848.12,1413.09,838.23,799.47
2024-03-29 14:00:00,9.142,20.908,817.02,788.24,853.18,1413.52,796.1,852.27
2024-03-29 15:00:00,6.738,21.983,897.5,916.1,907.64,1436.33,903.4,901.21
2024-03-29 16:00:00,7.334,21.749,884.66,882.91,873.11,1436.31,840.56,893.69
2024-03-29 17:00:00,7.76,20.267,823.93,863.62,775.21,1391.47,794.57,848.54
2024-03-29 18:00:00,6.973,20.127,861.87,905.0,887.89,1423.67,896.77,913.27
2024-03-29 19:00:00,8.835,20.718,837.45,823.94,805.32,1353.99,,796.95
2024-03-29 20:00:00,6.812,20.506,866.67,927.33,889.87,1421.78,822.32,933.74
2024-03-29 21:00:00,7.594,23.346,821.0,819.9,802.45,1444.19,841.3,962.48
2024-03-29 22:00:00,6.974,22.34,895.59,,914.88,1391.79,969.83,841.14
2024-03-29 23:00:00,7.651,22.489,896.24,836.12,824.77,1476.73,844.89,909.49
2024-03-30 00:00:00,8.471,21.899,878.74,779.14,855.23,1415.11,896.78,924.13
2024-03-30 01:00:00,9.29,24.451,848.54,794.55,870.72,1496.21,814.49,867.42
2024-03-30 02:00:00,9.187,23.341,856.43,812.04,844.29,1468.44,820.88,836.2
2024-03-30 03:00:00,10.218,23.733,833.91,763.28,820.36,1422.88,795.46,795.1
2024-03-30 04:00:00,9.355,25.789,836.88,789.38,841.01,1524.33,798.47,873.23
2024-03-30 05:00:00,9.316,25.553,759.99,868.98,785.74,1478.41,823.65,881.64
2024-03-30 06:00:00,11.816,22.179,768.28,,795.84,1378.47,732.21,719.25
2024-03-30 07:00:00,9.957,24.952,782.22,715.91,,1439.72,808.89,868.82
2024-03-30 08:00:00,8.977,25.118,802.11,824.09,826.64,1456.28,806.92,874.49
2024-03-30 09:00:00,8.836,24.267,803.17,921.86,697.43,1477.23,867.95,791.83
2024-03-30 10:00:00,8.419,24.478,941.37,811.45,894.85,1451.15,771.79,896.29
2024-03-30 11:00:00,9.664,21.656,822.29,769.75,730.71,1425.35,821.06,763.22
2024-03-30 12:00:00,8.343,19.937,799.67,826.7,,1376.75,845.2,837.43
2024-03-30 13:00:00,8.456,21.67,816.83,906.19,805.64,,836.11,901.68
2024-03-30 14:00:00,8.044,22.72,856.98,846.37,872.07,1433.07,893.64,888.5
2024-03-30 15:00:00,8.462,18.12,843.59,792.64,774.26,1352.84,833.42,814.86
2024-03-30 16:00:00,7.039,20.683,885.75,901.32,865.05,1411.84,763.74,915.99
2024-03-30 17:00:00,6.767,19.21,844.47,902.64,791.59,1397.15,904.7,876.58
2024-03-30 18:00:00,7.796,21.18,868.11,883.52,850.02,1419.97,851.24,910.26
2024-03-30 19:00:00,8.169,23.91,837.47,817.83,855.26,1436.31,855.39,859.31
2024-03-30 20:00:00,8.105,21.52,,832.63,874.01,1479.65,852.34,854.34
2024-03-30 21:00:00,7.412,21.99,873.38,923.8,842.96,1456.14,869.45,902.03
2024-03-30 22:00:00,8.881,23.561,810.78,852.85,848.33,1480.82,784.87,
2024-03-30 23:00:00,8.064,23.081,882.19,893.55,836.76,1486.26,827.69,884.1
2024-03-31 00:00:00,8.583,23.334,858.1,843.19,861.4,1444.98,868.82,882.36
2024-03-31 01:00:00,8.586,25.241,836.56,893.23,869.19,1510.43,842.3,878.78
2024-03-31 02:00:00,10.702,25.196,813.09,787.78,833.37,1506.64,,861.03
2024-03-31 03:00:00,10.447,25.408,820.4,767.05,756.82,1515.56,810.12,769.45
2024-03-31 04:00:00,10.645,25.23,831.98,808.52,794.68,1495.48,766.88,768.57
2024-03-31 05:00:00,11.31,25.198,787.66,712.78,787.15,1452.52,788.25,761.09
2024-03-31 06:00:00,12.633,26.799,704.87,748.44,,1511.93,699.74,776.44
2024-03-31 07:00:00,9.005,25.243,782.27,877.88,925.98,1443.98,788.56,882.76
2024-03-31 08:00:00,9.693,26.94,836.37,808.95,778.45,1488.17,,895.89
2024-03-31 09:00:00,9.63,23.903,829.88,806.14,794.52,1383.97,791.65,855.44
2024-03-31 10:00:00,9.224,26.481,842.67,839.56,739.31,1495.47,831.74,904.71
2024-03-31 11:00:00,8.784,24.859,740.53,836.58,938.15,1464.72,794.84,887.84
2024-03-31 12:00:00,9.126,22.627,850.05,878.6,838.76,1420.1,884.82,869.68
2024-03-31 13:00:00,8.112,23.896,828.46,840.54,881.12,1458.67,883.69,828.1
2024-03-31 14:00:00,9.095,22.035,848.51,,809.64,1390.96,824.46,891.34
2024-03-31 15:00:00,8.65,22.454,898.38,830.23,835.74,1453.74,834.1,865.09
2024-03-31 16:00:00,8.833,21.524,820.7,862.03,873.83,1410.1,857.81,893.47
2024-03-31 17:00:00,8.764,21.761,847.87,875.41,785.4,1411.81,766.08,895.3
2024-03-31 18:00:00,8.83,22.993,837.38,840.97,787.12,1403.02,838.76,866.07
2024-03-31 19:00:00,8.12,22.565,872.58,832.51,839.12,1410.58,800.25,856.13
2024-03-31 20:00:00,10.265,20.802,788.05,780.15,786.96,1363.69,807.56,842.24
2024-03-31 21:00:00,8.977,21.199,805.95,800.13,844.48,1423.97,782.75,814.66
2024-03-31 22:00:00,7.578,23.229,840.68,784.99,866.72,1540.35,877.3,905.65
2024-03-31 23:00:00,8.585,23.808,902.41,812.61,809.41,1467.07,911.49,803.4
2024-04-01 00:00:00,8.335,23.113,865.97,,831.08,1472.82,884.88,885.2
2024-04-01 01:00:00,10.082,26.357,845.0,795.19,830.11,1519.35,763.85,874.02
2024-04-01 02:00:00,10.29,25.914,820.5,783.88,841.64,1434.76,801.37,858.27
2024-04-01 03:00:00,10.291,24.609,834.78,836.54,848.66,1494.58,790.28,815.07
2024-04-01 04:00:00,12.495,24.817,678.31,649.31,717.52,1445.13,687.94,718.71
2024-04-01 05:00:00,11.475,25.617,760.66,706.46,741.87,1496.78,804.43,812.0
2024-04-01 06:00:00,11.687,25.566,766.17,743.86,725.84,1430.38,728.72,820.2
2024-04-01 07:00:00,10.35,27.409,856.3,769.71,869.22,1518.05,883.64,778.61
2024-04-01 08:00:00,10.205,26.888,907.58,774.02,803.58,1522.8,775.8,836.79
2024-04-01 09:00:00,10.872,25.436,796.11,831.0,759.86,1465.86,769.86,812.47
2024-04-01 10:00:00,10.762,25.797,764.74,732.27,804.73,1441.68,773.62,791.12
2024-04-01 11:00:00,8.878,25.492,804.28,813.08,,1435.49,846.59,910.35
2024-04-01 12:00:00,9.937,24.06,778.36,821.74,775.01,1474.77,828.87,845.11
2024-04-01 13:00:00,9.811,23.959,786.0,805.96,841.14,1470.07,851.35,840.34
2024-04-01 14:00:00,9.367,23.708,722.86,766.43,,1431.0,810.3,836.65
2024-04-01 15:00:00,8.669,23.168,817.87,913.45,844.03,1472.03,825.44,876.21
2024-04-01 16:00:00,8.726,21.332,856.75,802.99,861.97,1397.35,821.19,840.93
2024-04-01 17:00:00,8.925,21.254,828.38,818.34,873.77,1381.48,852.87,817.56
2024-04-01 18:00:00,9.127,21.654,812.84,840.37,797.81,1429.35,766.52,825.69
2024-04-01 19:00:00,9.607,21.22,749.71,892.72,837.65,1352.81,779.68,800.62
2024-04-01 20:00:00,10.137,20.5,824.45,769.9,798.81,1393.75,845.92,805.53
2024-04-01 21:00:00,9.255,23.395,844.04,787.24,843.46,1396.13,735.94,879.02
2024-04-01 22:00:00,9.403,23.413,821.63,839.26,875.0,1411.03,845.98,796.93
2024-04-01 23:00:00,10.435,21.87,705.82,861.41,757.15,1397.53,816.31,811.08
2024-04-02 00:00:00,10.912,23.704,755.25,767.42,813.57,1457.8,794.51,
2024-04-02 01:00:00,10.415,24.287,809.74,774.61,807.54,1391.43,762.05,836.97
2024-04-02 02:00:00,11.711,25.205,,743.98,810.38,1476.15,767.62,782.75
2024-04-02 03:00:00,12.139,24.099,728.94,620.74,755.86,1464.55,727.4,804.57
2024-04-02 04:00:00,12.607,24.087,725.33,655.32,714.37,1430.12,703.65,659.54
2024-04-02 05:00:00,13.143,26.53,693.35,586.35,749.83,1454.54,623.7,777.01
2024-04-02 06:00:00,11.096,24.129,789.6,740.31,753.1,1441.5,741.76,767.41
2024-04-02 07:00:00,11.786,25.617,714.9,705.36,743.35,1417.64,730.18,786.5
2024-04-02 08:00:00,11.691,25.299,704.28,624.09,730.37,1454.62,826.79,733.33
2024-04-02 09:00:00,11.44,25.218,774.12,748.75,744.32,1467.05,694.52,738.77
2024-04-02 10:00:00,10.777,25.248,808.67,797.52,679.28,1576.25,766.97,803.55
2024-04-02 11:00:00,9.846,26.374,841.17,806.33,807.31,1534.38,825.21,855.8
2024-04-02 12:00:00,10.824,22.011,772.96,699.81,771.66,1402.33,756.48,799.98
2024-04-02 13:00:00,9.851,24.456,802.88,858.74,850.02,1431.25,808.56,884.22
2024-04-02 14:00:00,10.271,19.899,787.53,854.84,742.71,1385.56,707.81,734.5
2024-04-02 15:00:00,9.345,24.162,840.35,839.46,807.59,1458.31,827.0,843.85
2024-04-02 16:00:00,8.936,19.711,833.87,809.02,806.55,1394.13,770.24,782.7
2024-04-02 17:00:00,9.909,24.876,905.75,793.9,851.16,1437.18,800.27,
2024-04-02 18:00:00,9.827,21.406,768.95,817.09,809.45,1356.63,788.02,895.2
2024-04-02 19:00:00,10.236,23.48,910.46,794.77,817.92,1451.82,836.51,866.78
2024-04-02 20:00:00,11.667,23.421,695.7,742.59,789.55,1408.01,633.0,731.07
2024-04-02 21:00:00,10.356,21.902,799.54,799.4,810.85,1410.0,694.18,813.66
2024-04-02 22:00:00,10.796,22.396,729.41,733.88,752.53,1382.05,733.73,776.74
2024-04-02 23:00:00,9.86,22.293,814.96,768.45,877.81,1455.08,827.45,881.18
2024-04-03 00:00:00,10.028,24.747,844.87,792.03,735.49,1426.51,809.93,859.65
2024-04-03 01:00:00,12.659,23.798,698.85,695.09,754.86,1442.21,677.54,686.69
2024-04-03 02:00:00,10.968,23.792,804.64,697.31,798.07,,807.99,808.04
2024-04-03 03:00:00,11.144,25.819,757.65,748.36,836.8,1464.98,725.55,810.45
2024-04-03 04:00:00,12.163,24.401,650.79,702.02,729.61,1439.12,682.66,762.33
2024-04-03 05:00:00,12.266,25.267,743.82,681.39,719.42,,723.46,757.64
2024-04-03 06:00:00,11.681,25.843,751.06,787.86,719.02,1456.72,745.7,816.69
2024-04-03 07:00:00,12.141,24.859,708.75,755.19,698.06,1441.61,680.23,779.38
2024-04-03 08:00:00,13.272,24.824,659.94,664.07,691.75,1412.41,631.43,713.17
2024-04-03 09:00:00,11.477,26.921,777.75,815.73,743.31,1497.15,716.77,783.48
2024-04-03 10:00:00,10.781,24.402,752.31,805.21,759.48,1489.49,717.54,806.64
2024-04-03 11:00:00,12.384,23.715,722.79,,682.7,1494.89,669.56,724.84
2024-04-03 12:00:00,11.736,23.4,778.23,702.64,793.26,1451.56,643.47,737.56
2024-04-03 13:00:00,10.558,23.62,858.19,761.97,762.25,1459.57,767.33,773.19
2024-04-03 14:00:00,9.521,21.332,858.56,824.54,825.69,1345.37,792.59,844.46
2024-04-03 15:00:00,9.965,22.651,808.57,784.2,800.12,1423.34,795.68,871.18
2024-04-03 16:00:00,10.348,22.108,796.26,721.66,,1393.99,822.84,824.5
2024-04-03 17:00:00,11.227,19.434,726.32,719.22,,1310.34,722.46,727.53
2024-04-03 18:00:00,9.446,23.645,805.63,859.78,855.9,1480.9,778.47,816.31
2024-04-03 19:00:00,10.27,23.291,826.0,686.24,825.87,1386.81,773.39,845.56
2024-04-03 20:00:00,11.019,20.756,744.08,804.32,811.9,,703.14,756.21
2024-04-03 21:00:00,8.785,20.665,,853.83,795.06,1349.21,837.08,843.5
2024-04-03 22:00:00,11.787,22.678,,707.66,708.42,1403.72,744.97,747.01
2024-04-03 23:00:00,10.324,21.152,831.81,792.01,770.29,1431.61,803.95,759.55
2024-04-04 00:00:00,11.867,24.995,,758.49,758.53,1411.96,770.39,785.17
2024-04-04 01:00:00,12.129,23.289,757.08,703.15,756.68,1398.72,640.83,729.65
2024-04-04 02:00:00,13.109,26.256,663.64,,686.76,1479.53,647.36,673.0
2024-04-04 03:00:00,12.951,23.71,657.58,695.02,713.69,1449.48,764.15,717.95
2024-04-04 04:00:00,10.819,24.858,827.87,776.75,782.92,,805.58,810.14
2024-04-04 05:00:00,12.232,26.687,707.86,662.4,738.18,1437.36,729.42,817.47
2024-04-04 06:00:00,13.031,24.821,630.54,656.24,707.91,1421.09,659.21,714.97
2024-04-04 07:00:00,12.742,25.441,664.93,595.35,785.98,,,663.88
2024-04-04 08:00:00,13.179,26.199,714.78,674.31,743.21,1435.35,650.08,762.97
2024-04-04 09:00:00,13.257,23.876,697.39,628.64,738.23,1371.08,628.13,721.0
2024-04-04 10:00:00,12.882,22.588,655.46,636.59,717.03,1413.93,671.97,
2024-04-04 11:00:00,11.953,21.841,698.11,732.53,807.18,1380.42,699.71,823.77
2024-04-04 12:00:00,10.354,23.746,817.94,736.17,837.29,1389.16,755.56,806.11
2024-04-04 13:00:00,11.174,22.966,804.44,752.0,707.91,1437.78,720.97,832.64
2024-04-04 14:00:00,11.6,23.263,739.41,714.36,784.62,1470.92,764.76,
2024-04-04 15:00:00,10.164,21.216,809.36,780.13,806.18,1408.6,837.8,861.37
2024-04-04 16:00:00,11.367,19.481,765.23,739.23,767.84,1324.73,740.32,732.3
2024-04-04 17:00:00,11.486,18.144,798.99,791.07,667.07,1393.37,688.79,735.88
2024-04-04 18:00:00,10.837,24.311,737.74,783.21,725.49,,758.67,793.34
2024-04-04 19:00:00,8.342,21.539,819.95,902.01,834.27,1444.05,798.61,823.54
2024-04-04 20:00:00,9.906,21.239,780.47,,725.32,1391.29,742.45,785.42
2024-04-04 21:00:00,12.645,21.696,717.85,701.59,735.65,1359.83,,
2024-04-04 22:00:00,10.963,20.026,745.01,674.85,765.25,1391.96,736.92,801.27
2024-04-04 23:00:00,10.118,21.24,802.6,779.67,875.28,1372.11,826.31,843.95
2024-04-05 00:00:00,13.019,24.771,689.97,616.96,724.18,1416.87,695.17,754.24
2024-04-05 01:00:00,12.368,23.954,,806.31,758.31,1420.02,623.39,721.96
2024-04-05 02:00:00,13.545,22.696,655.84,586.45,700.53,1423.69,686.73,633.57
2024-04-05 03:00:00,13.146,22.521,705.82,587.31,694.39,1345.52,632.72,662.11
2024-04-05 04:00:00,13.496,23.658,624.71,521.27,688.39,1435.44,616.43,702.38
2024-04-05 05:00:00,13.554,24.064,652.63,588.78,681.01,1433.33,626.94,672.72
2024-04-05 06:00:00,13.877,26.935,613.09,626.48,585.98,1475.08,626.69,
2024-04-05 07:00:00,15.113,24.147,591.66,588.86,667.14,1411.31,501.64,668.34
2024-04-05 08:00:00,13.962,22.71,625.74,561.48,707.08,1346.4,630.03,636.76
2024-04-05 09:00:00,11.743,23.714,775.14,769.15,787.57,1384.99,701.4,814.23
2024-04-05 10:00:00,13.129,23.651,675.45,648.91,,1353.81,611.51,684.86
2024-04-05 11:00:00,13.409,21.278,636.52,,,1350.17,670.0,661.49
2024-04-05 12:00:00,13.16,22.743,661.52,654.06,644.13,1400.66,605.08,695.39
2024-04-05 13:00:00,11.558,23.157,803.47,786.39,702.44,1389.61,740.94,766.82
2024-04-05 14:00:00,12.554,21.353,636.48,676.49,682.78,1391.48,655.86,735.0
2024-04-05 15:00:00,12.127,19.778,681.33,647.05,723.85,1346.3,735.12,736.14
2024-04-05 16:00:00,13.264,19.744,653.11,649.62,686.85,1335.99,656.83,710.22
2024-04-05 17:00:00,10.497,18.15,741.52,780.34,742.87,1359.68,792.03,739.17
2024-04-05 18:00:00,10.662,19.873,782.35,754.29,713.76,1370.75,677.66,753.55
2024-04-05 19:00:00,10.874,20.436,757.27,794.78,736.36,1342.59,724.76,810.89
2024-04-05 20:00:00,10.858,19.148,763.09,659.27,752.84,1401.96,734.37,740.85
2024-04-05 21:00:00,10.739,22.83,779.56,781.58,716.58,1439.12,774.44,795.68
2024-04-05 22:00:00,9.499,21.827,808.64,842.88,819.75,1383.09,849.48,792.3
2024-04-05 23:00:00,11.661,19.167,675.62,654.75,797.03,1339.53,642.12,770.46
2024-04-06 00:00:00,12.624,19.669,686.85,606.45,662.02,1348.02,673.05,654.47
2024-04-06 01:00:00,12.254,21.092,641.89,728.86,806.76,1337.38,653.14,714.78
2024-04-06 02:00:00,14.495,24.602,592.17,627.9,618.55,,579.92,615.16
2024-04-06 03:00:00,13.215,24.156,691.07,702.86,,1382.4,611.21,715.83
2024-04-06 04:00:00,14.436,25.312,663.34,558.56,674.77,1471.38,697.17,668.6
2024-04-06 05:00:00,13.741,23.534,728.92,626.69,671.02,1425.88,651.08,721.81
2024-04-06 06:00:00,14.242,23.296,606.94,604.19,580.15,1366.36,588.88,662.27
2024-04-06 07:00:00,13.771,21.94,607.83,543.96,673.51,1336.75,590.42,641.44
2024-04-06 08:00:00,14.53,23.614,627.84,582.33,644.54,1392.81,610.21,645.29
2024-04-06 09:00:00,13.297,22.598,728.63,645.05,674.53,1344.95,633.72,709.81
2024-04-06 10:00:00,13.407,22.095,709.44,661.94,681.42,1371.17,,711.76
2024-04-06 11:00:00,13.021,23.792,645.01,634.72,721.58,1411.39,672.31,710.77
2024-04-06 12:00:00,12.193,21.138,701.6,742.17,683.07,1386.13,671.45,762.5
2024-04-06 13:00:00,12.443,22.325,730.52,686.24,739.83,1422.5,705.66,725.27
2024-04-06 14:00:00,13.623,18.296,660.82,677.62,623.3,,583.75,615.47
2024-04-06 15:00:00,11.377,22.968,770.68,767.75,825.05,1446.83,691.84,744.43
2024-04-06 16:00:00,11.743,18.932,700.5,719.06,768.68,1352.09,711.31,730.84
2024-04-06 17:00:00,12.299,19.984,717.03,636.05,668.08,1357.55,718.54,712.64
2024-04-06 18:00:00,12.169,20.062,735.25,637.33,,1336.0,637.49,724.49
2024-04-06 19:00:00,11.312,18.448,699.72,791.46,755.14,1278.15,805.83,803.94
2024-04-06 20:00:00,9.52,20.182,850.82,,824.79,1391.11,754.51,827.73
2024-04-06 21:00:00,12.035,20.516,745.39,686.82,715.23,1329.22,706.01,762.08
2024-04-06 22:00:00,10.098,18.984,756.22,766.58,767.24,1363.99,862.81,815.55
2024-04-06 23:00:00,13.343,19.434,679.17,636.43,654.97,1261.66,576.5,693.46
2024-04-07 00:00:00,12.616,20.801,714.59,615.77,662.25,1327.0,625.08,678.86
2024-04-07 01:00:00,13.594,21.079,672.31,600.43,586.78,1332.85,673.14,681.63
2024-04-07 02:00:00,12.365,23.325,763.9,714.5,699.02,1507.03,750.37,785.27
2024-04-07 03:00:00,12.096,22.864,718.2,732.07,706.48,1384.85,636.27,725.19
2024-04-07 04:00:00,13.739,22.206,652.4,600.03,619.96,1360.88,590.07,650.71
2024-04-07 05:00:00,13.626,23.171,558.1,687.74,700.05,1394.64,610.16,665.32
2024-04-07 06:00:00,13.302,20.008,690.33,673.24,681.36,1363.91,609.5,703.48
2024-04-07 07:00:00,13.724,21.609,674.54,583.06,638.2,1341.67,631.62,640.79
2024-04-07 08:00:00,15.751,22.445,592.18,453.41,570.69,1291.88,519.95,562.19
2024-04-07 09:00:00,14.015,23.072,598.92,626.29,,1339.16,549.96,643.51
2024-04-07 10:00:00,13.939,21.511,661.94,583.92,623.32,1348.69,659.41,625.75
2024-04-07 11:00:00,13.486,22.49,689.59,603.55,570.18,1428.17,581.06,637.59
2024-04-07 12:00:00,13.684,21.216,616.17,623.68,712.78,1326.64,639.91,663.71
2024-04-07 13:00:00,12.037,19.022,740.8,722.4,709.73,1362.02,599.7,754.88
2024-04-07 14:00:00,10.256,18.908,792.47,808.32,787.78,1342.36,727.11,745.39
2024-04-07 15:00:00,11.499,19.103,667.96,722.57,742.08,,672.9,753.6
2024-04-07 16:00:00,12.108,17.707,715.28,594.38,644.05,1279.57,760.62,782.57
2024-04-07 17:00:00,10.562,19.834,742.04,804.41,742.78,1382.35,733.6,
2024-04-07 18:00:00,11.154,16.548,671.69,696.98,732.63,1322.24,734.61,758.98
2024-04-07 19:00:00,10.781,18.276,766.1,764.05,747.32,1289.94,771.69,783.85
2024-04-07 20:00:00,12.654,18.929,673.73,657.14,642.89,1304.3,683.23,667.88
2024-04-07 21:00:00,12.24,17.938,739.16,769.93,715.31,1313.13,655.58,712.6
2024-04-07 22:00:00,12.408,18.032,689.37,754.25,718.97,1331.9,654.39,656.71
2024-04-07 23:00:00,12.671,19.019,702.92,,674.4,1402.02,683.82,696.26
2024-04-08 00:00:00,12.451,20.552,710.23,623.52,749.37,1341.33,682.08,781.15
2024-04-08 01:00:00,12.946,19.445,700.82,597.77,704.4,1254.32,709.69,762.5
2024-04-08 02:00:00,12.126,19.194,669.7,700.57,728.39,1323.27,597.1,674.0
2024-04-08 03:00:00,11.569,22.221,745.39,704.73,728.48,1412.64,765.03,722.65
2024-04-08 04:00:00,13.625,21.586,638.42,574.55,659.77,1378.82,631.22,702.27
2024-04-08 05:00:00,13.88,22.465,658.23,587.03,696.49,1370.65,681.31,663.37
2024-04-08 06:00:00,14.624,22.184,607.55,584.63,568.66,1329.3,663.06,652.32
2024-04-08 07:00:00,14.868,23.769,572.46,554.74,570.01,1397.89,564.32,637.8
2024-04-08 08:00:00,14.742,22.24,581.35,540.96,607.85,1363.93,,601.04
2024-04-08 09:00:00,12.492,19.664,744.31,658.29,699.98,1351.91,655.34,757.03
2024-04-08 10:00:00,12.754,20.631,619.86,655.5,691.94,1336.72,,651.86
2024-04-08 11:00:00,13.125,18.864,679.13,646.26,693.75,1347.55,676.76,667.47
2024-04-08 12:00:00,14.449,18.419,633.53,576.16,626.19,1302.07,554.99,608.62
2024-04-08 13:00:00,13.291,16.7,,556.18,654.24,1277.87,648.38,625.17
2024-04-08 14:00:00,12.706,17.517,736.3,661.78,668.09,1334.56,648.48,673.72
2024-04-08 15:00:00,11.245,18.048,766.2,714.95,772.54,1320.48,689.29,759.19
2024-04-08 16:00:00,10.65,16.945,765.89,713.08,803.2,1344.73,754.18,775.91
2024-04-08 17:00:00,11.861,15.454,,,689.08,1259.63,704.41,737.52
2024-04-08 18:00:00,10.3,14.825,770.35,808.77,768.93,1249.54,772.5,834.15
2024-04-08 19:00:00,11.023,19.203,771.54,775.69,741.6,1353.97,702.0,772.91
2024-04-08 20:00:00,11.233,17.207,730.15,731.33,683.2,1254.44,710.59,741.95
2024-04-08 21:00:00,12.782,16.093,631.48,611.04,599.97,1287.13,580.2,670.7
2024-04-08 22:00:00,11.463,17.998,681.8,664.41,779.48,1358.53,716.92,698.03
2024-04-08 23:00:00,10.076,20.501,796.27,751.01,824.22,1460.73,783.43,831.94
2024-04-09 00:00:00,12.732,19.084,621.37,658.94,705.26,1361.96,602.37,678.45
2024-04-09 01:00:00,12.07,15.461,669.85,682.61,735.63,1328.62,618.37,752.78
2024-04-09 02:00:00,12.943,22.418,593.48,631.43,664.84,,681.14,682.43
2024-04-09 03:00:00,13.078,17.378,678.89,670.43,702.87,1337.99,681.21,676.16
2024-04-09 04:00:00,13.109,19.615,698.78,655.79,691.19,1341.63,608.02,720.6
2024-04-09 05:00:00,14.07,18.65,611.97,480.22,614.72,1348.32,582.71,638.52
2024-04-09 06:00:00,12.241,19.138,759.48,688.08,610.7,1273.73,622.95,731.43
2024-04-09 07:00:00,13.002,20.246,713.3,678.14,624.18,1315.29,681.49,715.46
2024-04-09 08:00:00,13.832,17.168,630.58,602.78,706.53,1271.14,650.43,614.51
2024-04-09 09:00:00,12.591,19.175,676.0,689.27,765.11,1361.22,619.76,
2024-04-09 10:00:00,11.535,20.193,718.56,711.38,680.01,1388.02,662.88,696.01
2024-04-09 11:00:00,13.055,17.27,670.0,633.6,581.92,1266.23,625.06,666.49
2024-04-09 12:00:00,13.096,16.043,637.98,628.62,712.16,1229.32,633.54,657.09
2024-04-09 13:00:00,11.838,16.975,722.48,704.75,707.3,1300.69,640.95,755.5
2024-04-09 14:00:00,10.003,16.201,794.59,755.32,738.76,1297.46,718.25,778.63
2024-04-09 15:00:00,11.875,15.426,686.68,734.61,648.99,1264.15,721.32,665.98
2024-04-09 16:00:00,9.779,14.345,809.1,837.03,712.04,1271.66,700.26,783.6
2024-04-09 17:00:00,11.22,16.142,717.78,703.63,783.41,1290.18,656.66,756.48
2024-04-09 18:00:00,10.209,16.113,766.14,723.46,772.99,1337.01,750.76,757.05
2024-04-09 19:00:00,10.018,14.136,728.85,717.98,682.0,1301.19,826.67,745.88
2024-04-09 20:00:00,10.698,14.45,729.88,760.21,707.98,1259.57,710.88,748.74
2024-04-09 21:00:00,11.081,15.992,806.4,754.52,799.2,1284.47,674.8,704.65
2024-04-09 22:00:00,10.946,15.032,700.53,750.78,744.83,1304.28,742.21,758.73
2024-04-09 23:00:00,12.207,16.835,701.87,698.36,637.46,1305.73,714.58,696.08
2024-04-10 00:00:00,11.674,18.848,702.88,688.35,699.78,1368.29,756.53,722.2
2024-04-10 01:00:00,13.11,17.481,571.24,554.34,660.17,1312.58,645.21,706.41
2024-04-10 02:00:00,12.825,16.527,677.03,626.08,710.57,1283.16,663.51,702.01
2024-04-10 03:00:00,12.275,18.817,672.99,747.21,700.31,1338.46,699.85,675.94
2024-04-10 04:00:00,12.315,18.399,699.97,688.37,758.48,1267.5,680.81,700.21
2024-04-10 05:00:00,11.793,18.581,747.11,721.42,732.24,1315.3,767.71,725.24
2024-04-10 06:00:00,13.368,19.348,653.46,662.16,568.61,1371.94,628.13,701.46
2024-04-10 07:00:00,12.794,19.488,683.68,622.86,710.64,1369.03,651.41,696.14
2024-04-10 08:00:00,11.043,18.45,713.09,749.08,739.91,1333.18,764.74,767.37
2024-04-10 09:00:00,12.304,17.966,712.05,697.49,677.41,1283.34,679.78,706.23
2024-04-10 10:00:00,11.746,20.05,714.46,673.85,747.59,1380.88,779.82,762.19
2024-04-10 11:00:00,13.421,18.481,568.97,635.14,647.55,1253.39,695.04,608.65
2024-04-10 12:00:00,10.469,17.472,790.77,815.02,770.14,1344.07,715.86,818.87
2024-04-10 13:00:00,10.35,16.061,799.63,748.1,735.81,1307.08,782.09,780.6
2024-04-10 14:00:00,12.083,14.164,731.8,607.86,662.45,1242.82,668.63,653.13
2024-04-10 15:00:00,12.014,16.259,768.42,693.42,746.73,,691.47,662.49
2024-04-10 16:00:00,10.123,14.711,789.19,743.21,762.21,,799.1,777.43
2024-04-10 17:00:00,10.074,13.596,776.75,775.27,769.91,1287.18,,761.23
2024-04-10 18:00:00,11.013,13.879,762.33,694.14,699.21,1305.59,683.55,726.85
2024-04-10 19:00:00,8.68,13.029,764.55,813.77,828.04,1248.46,769.78,808.16
2024-04-10 20:00:00,9.153,15.608,735.43,853.02,794.82,1291.66,782.32,832.13
2024-04-10 21:00:00,10.588,15.427,731.34,750.72,732.32,1293.57,662.68,738.0
2024-04-10 22:00:00,12.281,15.19,720.55,603.87,737.45,1321.13,647.97,623.38
2024-04-10 23:00:00,10.962,15.354,709.69,749.65,719.16,1236.68,721.85,748.59
2024-04-11 00:00:00,11.682,15.057,717.7,700.14,713.53,1256.19,723.11,717.47
2024-04-11 01:00:00,12.798,13.786,666.42,647.68,606.16,1216.56,608.05,665.96
2024-04-11 02:00:00,13.845,15.081,612.3,626.61,596.0,1259.44,599.97,602.65
2024-04-11 03:00:00,11.926,16.251,651.51,669.87,736.08,1256.21,685.23,715.96
2024-04-11 04:00:00,12.543,16.34,681.33,648.41,678.43,1286.35,685.84,731.15
2024-04-11 05:00:00,14.113,17.91,589.06,540.52,630.85,1343.24,626.41,610.5
2024-04-11 06:00:00,11.457,18.557,786.32,728.51,729.61,1300.72,697.35,729.6
2024-04-11 07:00:00,13.434,17.313,672.8,623.03,648.97,1264.36,658.34,657.76
2024-04-11 08:00:00,11.656,18.91,,701.78,705.39,1345.55,742.92,774.63
2024-04-11 09:00:00,12.34,15.915,738.31,698.94,,1306.79,648.9,666.73
2024-04-11 10:00:00,11.793,16.23,713.93,655.93,695.95,1297.5,729.02,726.21
2024-04-11 11:00:00,10.909,15.802,678.5,743.52,725.5,1323.45,736.43,714.41
2024-04-11 12:00:00,10.555,16.61,751.89,780.88,773.53,1341.55,771.95,809.46
2024-04-11 13:00:00,11.23,14.862,776.86,698.9,739.26,1240.0,730.62,696.27
2024-04-11 14:00:00,11.493,14.366,677.66,651.54,764.39,1257.69,675.11,689.14
2024-04-11 15:00:00,10.321,11.76,739.31,684.65,764.15,,711.77,726.23
2024-04-11 16:00:00,10.267,12.302,698.54,762.58,702.54,1254.62,789.35,750.02
2024-04-11 17:00:00,10.524,14.451,704.08,819.51,715.14,1338.63,720.15,709.0
2024-04-11 18:00:00,9.225,10.532,739.89,762.0,795.6,1198.07,688.98,815.15
2024-04-11 19:00:00,10.611,14.657,700.71,766.55,769.23,1267.99,707.71,752.71
2024-04-11 20:00:00,10.771,13.799,711.88,641.72,775.04,1239.13,,731.02
2024-04-11 21:00:00,12.365,12.576,721.2,672.68,666.52,1263.58,702.84,676.37
2024-04-11 22:00:00,10.205,12.844,749.53,716.99,733.72,1268.49,787.18,780.87
2024-04-11 23:00:00,10.405,16.555,787.63,747.52,773.13,1304.99,736.0,750.63
2024-04-12 00:00:00,11.672,16.447,746.27,707.12,656.22,1256.03,682.39,765.83
2024-04-12 01:00:00,11.998,15.084,649.03,617.33,686.04,1260.24,689.37,
2024-04-12 02:00:00,11.179,15.828,696.95,851.69,810.62,1260.11,,709.47
2024-04-12 03:00:00,11.508,15.262,736.52,684.19,699.54,1274.74,621.08,672.82
2024-04-12 04:00:00,12.429,16.473,652.84,690.45,685.01,1292.54,625.65,672.86
2024-04-12 05:00:00,11.429,15.66,739.36,773.15,709.95,1260.18,707.2,675.8
2024-04-12 06:00:00,11.778,16.4,762.02,710.37,772.9,1283.36,679.35,673.29
2024-04-12 07:00:00,12.111,18.556,647.56,639.41,659.44,1359.22,653.21,
2024-04-12 08:00:00,12.691,16.027,648.8,,701.49,1257.86,662.26,726.33
2024-04-12 09:00:00,11.194,14.524,712.66,647.78,703.88,1315.88,687.93,776.0
2024-04-12 10:00:00,9.929,13.687,745.16,760.1,729.69,1282.58,685.73,776.61
2024-04-12 11:00:00,9.554,14.955,758.52,856.22,702.57,1303.24,810.97,769.86
2024-04-12 12:00:00,9.742,13.331,749.98,721.79,831.51,1276.32,757.21,803.75
2024-04-12 13:00:00,9.362,13.982,780.24,759.38,802.59,1209.99,787.79,
2024-04-12 14:00:00,9.973,11.22,757.01,838.66,686.62,1250.36,704.12,769.16
2024-04-12 15:00:00,8.87,13.537,825.91,799.79,728.68,1307.89,750.86,809.7
2024-04-12 16:00:00,9.042,11.079,775.81,758.15,736.81,1243.54,706.89,815.46
2024-04-12 17:00:00,8.838,12.167,826.43,819.26,795.78,1206.7,798.18,776.93
2024-04-12 18:00:00,9.037,11.598,758.46,776.87,761.52,1250.22,767.29,790.06
2024-04-12 19:00:00,10.461,14.096,704.91,644.82,705.05,1238.04,783.89,773.58
2024-04-12 20:00:00,10.025,12.401,744.37,711.9,744.15,1264.39,724.8,732.92
2024-04-12 21:00:00,9.671,14.809,792.03,867.23,822.59,1307.58,731.57,835.97
2024-04-12 22:00:00,9.51,13.523,804.68,799.37,791.12,1256.39,730.03,758.4
2024-04-12 23:00:00,9.794,15.006,824.39,840.15,,1299.34,,778.21
2024-04-13 00:00:00,10.686,13.525,745.82,700.6,688.6,1265.46,815.09,751.04
2024-04-13 01:00:00,11.174,14.671,747.45,720.47,716.68,1309.68,696.73,730.01
2024-04-13 02:00:00,10.241,16.164,812.34,762.24,767.41,1323.27,778.67,742.08
2024-04-13 03:00:00,11.217,16.166,698.74,703.2,783.83,1268.65,694.52,754.38
2024-04-13 04:00:00,9.725,15.999,772.34,795.2,774.17,1257.46,756.92,754.04
2024-04-13 05:00:00,11.611,15.132,801.74,658.42,731.59,1315.78,648.18,740.28
2024-04-13 06:00:00,12.064,15.368,716.2,,,1233.62,676.79,761.36
2024-04-13 07:00:00,11.161,16.82,,748.41,,1275.51,695.47,767.21
2024-04-13 08:00:00,12.69,16.836,696.27,646.95,707.0,1277.77,613.34,670.55
2024-04-13 09:00:00,10.312,14.157,706.07,765.36,827.85,1258.61,789.22,813.83
2024-04-13 10:00:00,10.913,13.528,703.95,719.3,668.75,1206.61,750.42,699.1
2024-04-13 11:00:00,10.392,12.819,708.36,683.64,731.39,1248.78,781.76,735.37
2024-04-13 12:00:00,10.001,14.349,779.18,733.38,684.9,,766.8,806.62
2024-04-13 13:00:00,9.65,11.687,749.47,769.05,744.11,1245.06,727.18,777.77
2024-04-13 14:00:00,9.509,13.269,776.8,771.41,808.51,1277.56,781.04,803.31
2024-04-13 15:00:00,9.824,12.496,750.28,799.03,791.73,1279.47,765.54,743.24
2024-04-13 16:00:00,10.028,10.838,690.98,783.94,736.81,1228.6,709.89,711.31
2024-04-13 17:00:00,8.774,13.137,824.41,786.24,770.81,1285.77,860.64,794.29
2024-04-13 18:00:00,9.358,9.406,698.62,740.48,856.37,1150.17,756.81,750.32
2024-04-13 19:00:00,8.156,13.19,785.52,858.78,787.66,1247.5,814.68,824.22
2024-04-13 20:00:00,9.42,11.75,723.07,791.37,735.4,1231.57,771.05,805.93
2024-04-13 21:00:00,8.359,9.167,756.41,785.15,746.13,1223.93,804.43,767.8
2024-04-13 22:00:00,10.06,13.95,767.91,723.97,693.39,1269.1,743.88,762.76
2024-04-13 23:00:00,11.215,13.66,758.03,690.62,733.53,1244.36,752.71,739.42
2024-04-14 00:00:00,9.63,12.468,711.83,794.92,784.66,1264.95,816.11,706.62
2024-04-14 01:00:00,8.254,12.313,784.79,890.27,815.35,1198.1,728.62,835.84
2024-04-14 02:00:00,9.829,12.042,697.75,763.11,782.81,1207.45,744.76,704.77
2024-04-14 03:00:00,11.472,17.21,698.85,682.7,700.37,1318.72,749.72,703.96
2024-04-14 04:00:00,11.089,13.494,721.78,809.39,711.71,1252.08,726.94,784.62
2024-04-14 05:00:00,10.936,13.259,751.32,714.68,771.07,1262.77,674.23,750.62
2024-04-14 06:00:00,11.554,15.138,633.06,674.03,691.24,1283.04,680.44,748.01
2024-04-14 07:00:00,11.064,12.757,,705.79,691.86,1250.0,765.21,698.01
2024-04-14 08:00:00,11.501,13.319,667.27,684.67,744.73,1225.54,,694.85
2024-04-14 09:00:00,11.041,15.348,687.03,781.76,697.08,1325.0,723.9,732.02
2024-04-14 10:00:00,11.244,14.271,718.74,651.19,669.36,1231.51,702.2,742.86
2024-04-14 11:00:00,9.994,12.744,779.47,792.21,706.09,1242.27,736.35,789.75
2024-04-14 12:00:00,10.09,12.688,750.63,764.25,860.69,1248.5,735.57,782.12
2024-04-14 13:00:00,8.779,11.593,748.09,781.58,815.28,1257.57,806.93,796.93
2024-04-14 14:00:00,8.224,11.544,798.15,808.03,812.17,,825.86,809.22
2024-04-14 15:00:00,9.791,10.267,726.66,757.45,701.99,1203.96,759.52,754.01
2024-04-14 16:00:00,8.378,10.145,812.21,815.87,795.63,1246.82,812.91,780.65
2024-04-14 17:00:00,8.698,9.886,818.57,783.25,836.74,1208.22,773.35,735.38
2024-04-14 18:00:00,8.082,9.658,832.56,817.72,794.29,1214.14,848.79,783.58
2024-04-14 19:00:00,7.524,11.829,821.86,813.61,758.0,1241.23,849.0,882.78
2024-04-14 20:00:00,8.092,11.679,845.28,913.38,812.46,1245.56,782.31,801.91
2024-04-14 21:00:00,9.392,9.934,725.99,819.63,,1202.79,777.09,754.92
2024-04-14 22:00:00,8.905,10.013,838.11,814.61,767.09,1221.32,812.74,770.87
2024-04-14 23:00:00,7.351,11.721,790.99,832.18,767.47,1215.18,834.39,815.52
2024-04-15 00:00:00,8.828,14.994,729.24,845.35,758.59,1295.14,758.68,802.19
2024-04-15 01:00:00,10.706,11.673,774.32,747.28,702.06,1226.89,649.69,706.43
2024-04-15 02:00:00,9.368,13.177,752.14,794.52,734.97,1286.25,796.49,790.24
2024-04-15 03:00:00,8.317,13.873,813.65,804.17,,1303.25,764.82,840.45
2024-04-15 04:00:00,11.432,13.937,670.93,719.13,680.18,1296.82,664.51,688.54
2024-04-15 05:00:00,10.552,13.7,824.38,815.59,806.96,1261.58,703.06,778.27
2024-04-15 06:00:00,9.961,15.688,835.46,781.54,787.87,1263.62,726.83,796.74
2024-04-15 07:00:00,9.648,14.763,830.41,774.99,801.48,1286.31,756.76,746.72
2024-04-15 08:00:00,10.661,15.017,746.44,751.33,735.99,1234.78,737.19,786.15
2024-04-15 09:00:00,9.14,14.376,823.09,802.39,695.48,1236.82,755.46,809.08
2024-04-15 10:00:00,10.214,14.312,755.25,742.71,,1256.45,716.75,735.83
2024-04-15 11:00:00,9.409,14.644,821.73,763.2,770.13,1295.34,762.53,784.67
2024-04-15 12:00:00,8.83,13.808,,840.6,,1245.74,781.66,836.48
2024-04-15 13:00:00,8.41,14.47,865.11,872.52,794.76,1333.09,815.84,823.72
2024-04-15 14:00:00,7.833,12.645,801.44,927.9,708.03,1271.58,823.91,807.42
2024-04-15 15:00:00,8.531,9.954,773.77,825.2,751.92,1248.12,737.11,796.35
2024-04-15 16:00:00,6.781,11.444,825.29,,785.48,1303.93,874.89,825.2
2024-04-15 17:00:00,6.026,11.069,867.82,926.44,844.97,1280.62,811.32,854.73
2024-04-15 18:00:00,7.744,12.441,805.56,803.19,821.81,1247.55,826.81,823.93
2024-04-15 19:00:00,7.768,9.033,820.19,,873.74,1168.92,797.9,857.3
2024-04-15 20:00:00,7.737,11.053,796.26,877.12,814.7,1208.64,875.98,792.23
2024-04-15 21:00:00,7.84,9.874,832.59,869.72,762.61,1219.13,786.88,846.43
2024-04-15 22:00:00,7.476,11.711,,912.6,,1237.73,824.3,739.18
2024-04-15 23:00:00,8.622,11.311,792.21,784.11,796.95,1203.52,789.3,789.74
2024-04-16 00:00:00,8.236,12.653,883.98,804.72,827.42,1279.64,826.29,823.69
2024-04-16 01:00:00,8.163,10.895,839.92,812.85,731.68,1246.08,843.54,832.1
2024-04-16 02:00:00,8.563,14.014,878.13,773.4,,1256.07,809.29,829.16
2024-04-16 03:00:00,10.648,13.716,735.86,765.58,728.61,1243.34,817.25,658.72
2024-04-16 04:00:00,7.805,13.963,766.15,869.15,741.63,1244.65,811.95,873.68
2024-04-16 05:00:00,9.683,16.314,757.58,811.56,807.59,1318.67,820.41,763.28
2024-04-16 06:00:00,7.951,13.577,797.33,842.28,813.31,1267.05,824.83,798.0
2024-04-16 07:00:00,9.137,14.373,755.48,840.96,771.51,1314.99,788.72,747.61
2024-04-16 08:00:00,8.728,13.877,721.22,835.36,797.09,1279.36,747.67,825.53
2024-04-16 09:00:00,7.186,13.672,876.17,836.95,850.16,1265.49,861.42,862.61
2024-04-16 10:00:00,8.888,15.683,736.61,694.64,874.17,1311.38,787.62,801.09
2024-04-16 11:00:00,7.954,12.607,846.53,820.06,,1254.02,810.8,784.63
2024-04-16 12:00:00,6.239,11.329,932.78,885.9,784.48,1230.69,857.63,866.71
2024-04-16 13:00:00,8.251,13.734,783.55,829.08,915.97,1276.17,,762.49
2024-04-16 14:00:00,8.409,10.635,805.99,805.66,729.55,1183.73,834.83,891.11
2024-04-16 15:00:00,8.175,8.662,776.12,792.91,787.81,1194.09,782.25,794.4
2024-04-16 16:00:00,7.051,9.38,853.74,818.64,793.68,1218.29,813.54,871.39
2024-04-16 17:00:00,6.652,8.573,790.52,821.54,802.53,1232.24,844.12,855.15
2024-04-16 18:00:00,7.608,7.84,797.64,847.45,796.45,1184.31,763.19,794.74
2024-04-16 19:00:00,7.904,9.633,841.27,869.5,802.39,1179.55,768.74,
2024-04-16 20:00:00,7.557,10.184,812.54,,852.63,1129.89,833.93,848.85
2024-04-16 21:00:00,6.059,12.004,807.37,889.68,812.96,1233.68,844.68,869.09
2024-04-16 22:00:00,7.194,11.758,874.95,886.63,828.81,1262.97,861.44,870.25
2024-04-16 23:00:00,7.645,12.188,775.41,834.35,829.07,1294.1,815.49,823.23
2024-04-17 00:00:00,6.129,10.935,860.36,915.33,931.9,1249.99,846.63,917.58
2024-04-17 01:00:00,8.235,13.589,830.97,870.39,818.09,1253.38,,834.17
2024-04-17 02:00:00,9.939,14.682,771.97,791.77,713.9,1291.34,735.49,754.3
2024-04-17 03:00:00,8.854,13.904,,788.57,841.71,1206.35,790.05,836.97
2024-04-17 04:00:00,9.684,14.26,798.71,835.5,747.41,1279.83,742.47,794.28
2024-04-17 05:00:00,8.744,12.439,,796.82,742.4,1271.43,786.91,780.51
2024-04-17 06:00:00,8.552,15.296,830.45,811.51,854.58,1282.81,,810.08
2024-04-17 07:00:00,8.848,16.105,812.07,835.77,801.79,1348.14,804.78,791.8
2024-04-17 08:00:00,7.743,14.161,828.46,832.64,803.67,1335.06,822.84,810.79
2024-04-17 09:00:00,7.407,12.749,838.49,842.26,883.15,1286.99,823.77,858.41
2024-04-17 10:00:00,8.916,12.86,773.03,788.31,755.21,,794.1,844.8
2024-04-17 11:00:00,8.685,12.075,798.61,801.08,756.14,1143.48,804.76,811.83
2024-04-17 12:00:00,6.457,11.637,833.88,886.16,849.89,1266.8,869.27,850.69
2024-04-17 13:00:00,7.687,12.338,753.91,762.11,708.57,1289.5,825.32,819.41
2024-04-17 14:00:00,6.528,11.422,888.53,,832.92,1249.63,827.66,
2024-04-17 15:00:00,6.595,11.886,829.05,804.03,830.44,1285.63,844.53,866.46
2024-04-17 16:00:00,6.474,10.818,852.35,859.02,788.26,1247.1,832.26,815.93
2024-04-17 17:00:00,6.756,9.147,805.38,874.78,807.45,1211.9,848.37,824.5
2024-04-17 18:00:00,5.96,9.525,830.43,874.76,840.24,1238.23,849.34,868.69
2024-04-17 19:00:00,7.037,9.529,789.48,881.51,801.7,1209.59,818.08,796.36
2024-04-17 20:00:00,6.251,10.192,884.02,894.45,860.31,1210.49,907.98,902.29
2024-04-17 21:00:00,6.668,12.899,892.97,789.07,842.24,1271.21,848.08,945.9
2024-04-17 22:00:00,5.726,13.518,881.41,955.24,849.81,1286.91,813.61,922.09
2024-04-17 23:00:00,8.384,12.671,783.49,829.72,817.94,1272.42,862.27,779.6
2024-04-18 00:00:00,7.319,12.34,771.35,830.06,823.5,1236.75,829.76,855.36
2024-04-18 01:00:00,7.799,11.095,839.39,814.92,919.9,1272.16,,836.86
2024-04-18 02:00:00,6.207,13.489,843.22,808.45,888.2,1302.84,855.7,849.48
2024-04-18 03:00:00,7.06,12.706,800.4,870.92,798.21,1308.17,826.32,825.18
2024-04-18 04:00:00,8.875,15.943,,839.89,722.48,1308.41,844.26,789.13
2024-04-18 05:00:00,8.21,12.275,793.67,796.91,762.0,1215.52,781.26,798.76
2024-04-18 06:00:00,6.466,14.747,812.17,851.12,760.15,1276.77,843.4,834.48
2024-04-18 07:00:00,8.763,13.185,745.63,814.74,810.13,1247.75,783.35,785.21
2024-04-18 08:00:00,7.354,14.039,849.03,904.56,808.49,1262.08,,867.33
2024-04-18 09:00:00,8.705,14.549,778.8,858.74,758.83,1245.21,781.28,784.7
2024-04-18 10:00:00,7.234,14.579,860.93,895.42,851.7,1310.17,878.34,883.42
2024-04-18 11:00:00,7.155,12.816,842.45,940.29,,1283.58,,808.94
2024-04-18 12:00:00,7.601,13.303,863.69,883.64,827.29,1271.89,845.68,857.16
2024-04-18 13:00:00,5.607,11.096,843.81,950.13,835.28,1296.95,853.69,893.23
2024-04-18 14:00:00,5.219,11.722,894.77,921.65,862.45,1268.41,829.83,888.77
2024-04-18 15:00:00,5.585,12.235,,894.12,907.45,1265.67,905.8,872.56
2024-04-18 16:00:00,6.191,11.133,834.83,930.67,871.07,1241.97,822.15,862.05
2024-04-18 17:00:00,4.323,9.92,943.05,902.18,930.99,1266.47,852.18,929.43
2024-04-18 18:00:00,3.991,10.173,855.72,969.77,894.64,1210.29,892.39,881.45
2024-04-18 19:00:00,6.003,11.817,835.92,869.02,764.9,1209.66,842.57,869.28
2024-04-18 20:00:00,4.961,9.509,,933.36,824.5,1237.85,847.41,868.75
2024-04-18 21:00:00,5.299,10.026,850.99,921.23,780.12,1244.41,882.18,880.08
2024-04-18 22:00:00,4.355,12.318,908.09,954.12,921.82,1304.62,999.61,905.39
2024-04-18 23:00:00,5.566,11.574,905.35,905.91,850.73,1263.04,877.61,906.56
2024-04-19 00:00:00,6.393,10.899,844.61,899.42,879.41,1297.82,828.02,806.53
2024-04-19 01:00:00,7.434,14.805,817.64,884.25,866.61,1331.74,838.51,
2024-04-19 02:00:00,6.342,12.371,803.88,828.23,830.56,1202.92,894.45,864.24
2024-04-19 03:00:00,8.513,13.89,761.64,817.44,865.41,1240.75,718.75,783.51
2024-04-19 04:00:00,6.81,13.729,861.94,856.53,872.35,1236.58,834.86,806.81
2024-04-19 05:00:00,6.912,14.34,881.85,879.6,836.4,1305.17,859.61,889.3
2024-04-19 06:00:00,8.71,13.73,783.23,795.83,804.74,1283.18,806.86,794.06
2024-04-19 07:00:00,7.589,15.606,880.12,904.97,883.08,1371.47,816.89,819.5
2024-04-19 08:00:00,6.84,14.709,821.43,872.53,855.55,1287.87,803.59,867.8
2024-04-19 09:00:00,6.948,15.465,841.39,913.53,810.34,1295.86,860.78,844.64
2024-04-19 10:00:00,7.887,13.167,807.69,799.02,753.71,1281.5,787.17,803.38
2024-04-19 11:00:00,7.67,16.003,890.78,841.34,812.82,1295.78,733.12,843.15
2024-04-19 12:00:00,5.515,10.668,878.27,880.94,817.72,1240.28,881.43,862.69
2024-04-19 13:00:00,5.806,10.563,,911.64,847.33,1271.38,877.11,908.95
2024-04-19 14:00:00,5.605,14.115,919.88,,841.47,1332.53,880.16,905.24
2024-04-19 15:00:00,4.478,12.195,974.1,874.94,863.49,1315.63,978.17,884.08
2024-04-19 16:00:00,5.015,11.748,883.72,899.75,915.19,1232.18,913.99,937.92
2024-04-19 17:00:00,4.927,11.686,863.25,949.85,935.59,1287.67,903.93,887.86
2024-04-19 18:00:00,5.777,11.816,901.67,868.2,813.69,1266.76,929.8,928.66
2024-04-19 19:00:00,5.855,11.59,936.96,908.03,828.14,1332.82,940.52,840.08
2024-04-19 20:00:00,4.729,10.302,,903.68,853.5,1269.18,932.68,874.59
2024-04-19 21:00:00,4.996,12.792,840.87,858.39,883.63,1290.52,884.23,851.33
2024-04-19 22:00:00,5.931,13.049,899.06,933.42,863.87,1318.29,,858.65
2024-04-19 23:00:00,5.206,14.485,913.57,952.85,853.41,1336.57,932.3,1023.69
2024-04-20 00:00:00,6.44,15.438,835.74,888.65,871.76,1349.21,777.9,870.7
2024-04-20 01:00:00,6.194,14.268,915.88,896.31,830.42,1322.64,826.45,
2024-04-20 02:00:00,5.763,12.914,892.08,896.02,837.03,1275.1,899.93,860.16
2024-04-20 03:00:00,6.007,16.962,934.15,867.35,830.94,1345.75,883.57,894.15
2024-04-20 04:00:00,8.107,13.965,778.71,884.73,845.74,1307.64,832.36,828.25
2024-04-20 05:00:00,6.929,15.827,871.15,871.71,878.91,1310.87,880.96,895.86
2024-04-20 06:00:00,8.394,15.216,782.12,841.51,816.8,1312.18,775.07,814.46
2024-04-20 07:00:00,6.616,14.974,870.81,863.26,871.42,1331.95,853.7,905.81
2024-04-20 08:00:00,7.126,16.244,905.26,888.4,884.86,1318.49,856.3,840.85
2024-04-20 09:00:00,8.604,15.338,758.19,866.5,829.45,1320.96,835.28,815.47
2024-04-20 10:00:00,5.582,15.282,844.56,923.89,900.65,1331.58,925.76,888.83
2024-04-20 11:00:00,4.607,13.241,944.02,956.71,864.23,1290.36,853.2,927.82
2024-04-20 12:00:00,6.832,13.53,849.1,907.09,767.32,1312.35,768.28,866.77
2024-04-20 13:00:00,4.818,12.335,941.59,961.12,839.0,1246.01,883.22,956.41
2024-04-20 14:00:00,5.162,12.575,863.8,964.32,957.47,1247.41,938.66,927.6
2024-04-20 15:00:00,4.449,12.295,912.54,957.35,,1287.39,894.45,915.63
2024-04-20 16:00:00,4.93,14.37,930.71,948.16,947.94,1285.88,991.66,896.53
2024-04-20 17:00:00,3.824,11.684,932.87,972.26,915.23,1318.72,882.56,916.9
2024-04-20 18:00:00,4.389,9.415,836.88,972.4,865.2,1224.71,867.41,878.3
2024-04-20 19:00:00,4.922,13.747,,,839.58,1266.54,881.57,906.85
2024-04-20 20:00:00,3.865,12.851,937.04,986.09,868.38,1295.95,898.74,975.81
2024-04-20 21:00:00,4.292,12.512,869.21,1042.09,880.27,1344.62,888.51,955.84
2024-04-20 22:00:00,4.813,12.599,912.93,948.15,868.13,1262.1,914.89,953.87
2024-04-20 23:00:00,4.227,12.51,932.95,904.37,910.3,1273.06,924.24,886.95
2024-04-21 00:00:00,5.333,16.53,939.84,,854.43,1371.83,867.78,945.92
2024-04-21 01:00:00,6.068,14.825,909.27,925.14,,1360.74,879.97,857.17
2024-04-21 02:00:00,5.933,13.201,865.79,872.91,886.85,1260.49,849.66,892.62
2024-04-21 03:00:00,6.276,16.135,816.62,858.47,937.87,1317.72,903.74,878.24
2024-04-21 04:00:00,6.659,17.548,888.67,,860.29,1316.35,881.32,901.64
2024-04-21 05:00:00,6.262,16.53,821.57,890.88,879.26,1347.1,898.1,932.09
2024-04-21 06:00:00,7.372,15.371,885.28,924.67,821.45,1325.28,842.53,846.18
2024-04-21 07:00:00,7.919,15.237,801.18,821.04,811.04,1338.44,818.34,815.55
2024-04-21 08:00:00,6.272,15.169,894.88,929.85,844.01,1335.86,879.56,862.42
2024-04-21 09:00:00,6.833,17.821,845.89,873.63,839.32,1369.42,966.72,921.69
2024-04-21 10:00:00,5.998,15.538,864.75,889.19,884.82,1339.66,862.69,902.66
2024-04-21 11:00:00,6.186,13.17,838.03,912.24,869.89,1305.66,891.61,840.64
2024-04-21 12:00:00,6.829,15.172,882.12,815.64,829.3,1283.16,880.06,879.47
2024-04-21 13:00:00,5.667,14.406,864.42,978.66,839.12,1321.78,977.32,919.42
2024-04-21 14:00:00,3.546,13.26,967.29,997.81,887.79,1260.65,991.96,1034.81
2024-04-21 15:00:00,5.073,12.204,872.04,966.33,892.74,1313.52,829.38,859.93
2024-04-21 16:00:00,5.5,11.879,871.35,899.31,819.63,1324.1,869.47,886.49
2024-04-21 17:00:00,4.212,14.305,927.69,978.0,854.9,1306.46,848.72,908.89
2024-04-21 18:00:00,5.14,13.275,901.21,962.67,881.52,1307.48,912.52,942.12
2024-04-21 19:00:00,3.827,13.666,901.99,964.9,,1339.82,949.57,919.22
2024-04-21 20:00:00,3.306,13.63,973.39,950.16,909.77,,943.3,934.35
2024-04-21 21:00:00,4.794,14.094,899.68,901.14,917.45,1311.59,923.51,927.47
2024-04-21 22:00:00,3.521,13.598,961.64,961.21,908.12,1295.67,976.24,931.93
2024-04-21 23:00:00,5.02,14.442,903.86,941.76,851.45,1334.09,886.39,
2024-04-22 00:00:00,6.549,16.651,892.09,883.88,861.59,1387.13,830.8,950.93
2024-04-22 01:00:00,4.299,17.515,924.05,945.4,885.77,1383.42,919.37,911.73
2024-04-22 02:00:00,5.09,14.88,876.81,958.89,916.86,1367.85,925.15,938.17
2024-04-22 03:00:00,5.534,16.558,914.51,904.15,879.21,1384.28,900.05,947.63
2024-04-22 04:00:00,6.497,18.18,862.61,872.73,820.86,1397.53,910.4,875.54
2024-04-22 05:00:00,6.373,19.679,941.17,942.67,881.81,1402.51,837.43,929.26
2024-04-22 06:00:00,7.824,19.675,,880.67,807.04,1384.39,877.39,907.47
2024-04-22 07:00:00,7.426,16.561,,813.05,876.02,1390.4,891.8,835.32
2024-04-22 08:00:00,6.938,18.894,850.28,831.45,853.26,1358.57,940.73,862.76
2024-04-22 09:00:00,6.466,17.165,841.21,850.27,,1372.85,885.9,880.89
2024-04-22 10:00:00,6.415,17.982,918.85,897.44,838.97,1385.85,885.25,894.21
2024-04-22 11:00:00,5.121,17.241,941.27,,883.79,1379.88,944.73,908.7
2024-04-22 12:00:00,6.186,14.309,869.05,952.88,867.65,1275.67,870.22,944.61
2024-04-22 13:00:00,4.3,16.017,941.83,990.47,898.29,1356.3,903.51,947.33
2024-04-22 14:00:00,5.569,16.131,893.59,996.7,837.61,1329.93,842.39,888.45
2024-04-22 15:00:00,5.602,14.535,918.68,922.42,895.66,1344.87,861.92,
2024-04-22 16:00:00,4.632,13.995,931.49,988.13,897.68,1322.57,972.02,900.39
2024-04-22 17:00:00,4.203,12.254,941.95,929.41,841.37,1331.56,934.73,893.83
2024-04-22 18:00:00,4.625,14.942,911.02,884.58,875.94,1375.15,867.57,936.41
2024-04-22 19:00:00,2.058,14.49,965.47,1015.26,915.86,1332.54,998.36,942.15
2024-04-22 20:00:00,4.711,13.383,931.59,934.39,860.13,1346.4,931.43,906.48
2024-04-22 21:00:00,4.572,14.466,971.39,1050.5,870.87,1305.43,956.63,889.07
2024-04-22 22:00:00,4.873,15.507,952.05,940.57,878.37,,886.17,936.52
2024-04-22 23:00:00,5.771,15.184,942.1,870.17,805.41,1292.02,883.49,889.36
2024-04-23 00:00:00,5.459,16.426,906.72,963.16,861.85,1396.72,839.64,905.52
2024-04-23 01:00:00,4.921,14.891,875.27,906.82,924.26,1307.6,931.47,870.35
2024-04-23 02:00:00,6.013,19.143,866.94,920.76,953.39,,810.79,949.49
2024-04-23 03:00:00,6.433,18.008,929.21,933.27,816.76,1367.59,868.18,884.76
2024-04-23 04:00:00,6.665,17.038,804.88,850.56,,1335.58,845.94,872.26
2024-04-23 05:00:00,6.827,15.657,911.96,939.2,936.17,,922.66,813.23
2024-04-23 06:00:00,7.575,19.962,830.18,912.57,839.76,1347.63,903.06,916.55
2024-04-23 07:00:00,5.838,19.38,971.06,935.45,907.93,1417.6,866.23,908.77
2024-04-23 08:00:00,6.733,18.815,873.67,961.06,904.51,1402.95,862.14,880.33
2024-04-23 09:00:00,7.439,19.332,883.99,854.66,829.48,1357.11,779.04,926.77
2024-04-23 10:00:00,4.777,18.966,1015.08,985.81,949.6,,895.49,917.09
2024-04-23 11:00:00,6.025,17.735,879.57,921.57,864.93,1341.2,849.77,905.99
2024-04-23 12:00:00,5.108,16.731,900.12,911.22,929.65,1350.71,926.12,
2024-04-23 13:00:00,4.976,16.07,888.67,914.67,952.67,1376.72,937.93,927.22
2024-04-23 14:00:00,4.266,16.645,900.39,1044.67,962.02,1354.13,897.69,944.02
2024-04-23 15:00:00,4.613,17.454,917.85,997.13,892.12,1385.89,981.01,954.41
2024-04-23 16:00:00,6.038,15.388,860.77,938.54,884.87,1325.63,953.59,903.3
2024-04-23 17:00:00,3.441,17.135,917.01,966.29,911.99,1441.15,940.0,963.28
2024-04-23 18:00:00,3.484,15.795,946.17,1014.23,875.4,1360.37,930.22,980.12
2024-04-23 19:00:00,3.427,15.924,971.46,973.4,916.06,1333.51,996.02,996.08
2024-04-23 20:00:00,5.978,18.606,864.98,982.43,913.2,1394.3,888.52,902.06
2024-04-23 21:00:00,4.426,18.073,931.72,1011.11,901.76,1410.85,938.83,973.42
2024-04-23 22:00:00,5.032,18.57,971.89,981.45,962.5,1377.81,929.06,
2024-04-23 23:00:00,5.029,16.133,,970.18,891.29,,930.96,948.94
2024-04-24 00:00:00,4.916,20.291,1001.28,950.06,868.67,1377.35,1028.31,947.35
2024-04-24 01:00:00,5.803,18.132,875.51,938.18,868.94,1367.16,884.31,881.0
2024-04-24 02:00:00,8.257,18.492,,902.9,796.66,1367.42,,832.34
2024-04-24 03:00:00,7.663,16.64,885.09,873.37,882.95,1367.6,787.04,826.79
2024-04-24 04:00:00,6.068,19.993,955.52,882.18,905.55,1453.71,823.73,903.92
2024-04-24 05:00:00,7.399,18.554,872.77,919.1,841.88,1416.44,893.93,914.8
2024-04-24 06:00:00,6.267,20.464,,883.66,913.42,1423.06,874.18,954.85
2024-04-24 07:00:00,5.482,18.565,882.66,929.1,858.09,1424.31,934.19,985.97
2024-04-24 08:00:00,7.61,21.968,845.66,853.45,810.51,,878.85,
2024-04-24 09:00:00,7.543,20.208,925.85,,,1407.31,883.0,872.24
2024-04-24 10:00:00,7.215,21.92,863.21,891.89,790.62,1421.87,852.22,840.37
2024-04-24 11:00:00,5.725,17.526,909.89,1006.29,834.43,1376.72,921.01,943.49
2024-04-24 12:00:00,5.669,20.147,875.4,941.83,918.46,1455.29,974.46,988.44
2024-04-24 13:00:00,6.104,15.66,839.07,1020.17,890.3,1335.68,885.56,855.82
2024-04-24 14:00:00,5.541,17.643,905.16,919.48,847.59,1361.87,945.04,984.97
2024-04-24 15:00:00,4.678,16.273,910.89,958.0,812.87,1390.21,910.4,941.41
2024-04-24 16:00:00,3.52,16.228,945.66,981.88,,1350.77,950.77,990.31
2024-04-24 17:00:00,4.8,15.998,865.83,946.82,913.78,1366.32,969.83,888.92
2024-04-24 18:00:00,5.545,15.504,891.94,933.88,907.21,1346.42,876.34,925.07
2024-04-24 19:00:00,3.778,15.21,996.88,1035.14,923.2,,931.15,990.7
2024-04-24 20:00:00,5.381,16.443,,893.57,839.01,1377.12,885.04,890.77
2024-04-24 21:00:00,5.341,17.483,940.54,931.89,918.55,1391.93,875.81,936.02
2024-04-24 22:00:00,5.939,19.206,778.88,942.2,899.67,,920.31,925.56
2024-04-24 23:00:00,6.341,18.698,858.52,954.39,901.73,1370.41,880.33,903.38
2024-04-25 00:00:00,5.413,20.313,852.97,851.4,864.39,1432.09,932.23,983.19
2024-04-25 01:00:00,5.001,17.709,962.92,887.15,918.93,1385.92,886.4,932.48
2024-04-25 02:00:00,6.173,19.497,925.65,912.58,915.55,1475.84,871.1,937.75
2024-04-25 03:00:00,7.576,21.336,827.69,916.36,798.79,1434.18,883.04,920.92
2024-04-25 04:00:00,6.637,21.264,899.96,882.17,851.79,,865.62,849.06
2024-04-25 05:00:00,6.652,20.069,926.12,924.1,,,906.61,899.77
2024-04-25 06:00:00,5.808,22.343,965.43,1010.3,869.39,1425.27,911.15,
2024-04-25 07:00:00,8.643,20.568,816.36,835.55,821.35,1355.98,835.06,837.94
2024-04-25 08:00:00,7.798,20.124,774.9,851.7,782.73,1367.79,931.63,
2024-04-25 09:00:00,7.58,21.374,832.5,890.44,902.35,1415.55,889.99,868.19
2024-04-25 10:00:00,7.507,20.434,888.57,878.27,899.54,1436.88,909.09,820.24
2024-04-25 11:00:00,6.923,19.368,946.78,896.79,854.9,1405.99,832.24,869.19
2024-04-25 12:00:00,5.973,18.86,895.72,908.21,852.79,1362.42,912.83,874.24
2024-04-25 13:00:00,5.745,17.777,877.9,909.21,878.05,1355.97,,886.1
2024-04-25 14:00:00,5.263,18.154,998.32,895.88,954.83,1381.48,936.71,950.38
2024-04-25 15:00:00,7.483,19.585,872.82,893.85,874.38,1382.46,848.49,919.09
2024-04-25 16:00:00,5.647,18.291,861.21,882.56,809.49,1358.55,896.92,932.32
2024-04-25 17:00:00,4.731,18.998,928.87,922.93,816.29,1330.36,902.16,962.69
2024-04-25 18:00:00,5.452,18.449,945.35,882.96,,1356.66,897.8,897.01
2024-04-25 19:00:00,4.332,17.213,,949.98,908.9,1345.02,914.81,921.09
2024-04-25 20:00:00,6.483,16.218,899.25,892.23,782.1,1374.37,843.99,880.97
2024-04-25 21:00:00,4.961,17.452,863.45,899.61,888.26,1416.45,943.05,929.61
2024-04-25 22:00:00,6.159,18.223,839.34,896.91,801.99,1322.52,872.6,923.2
2024-04-25 23:00:00,6.921,18.661,844.47,890.99,856.87,1403.2,889.04,899.87
2024-04-26 00:00:00,6.707,21.303,878.2,836.52,885.34,1466.42,887.13,920.74
2024-04-26 01:00:00,6.806,21.857,899.49,867.41,948.46,1415.96,963.45,968.58
2024-04-26 02:00:00,7.049,23.878,912.37,968.26,876.61,1424.66,876.56,913.61
2024-04-26 03:00:00,7.265,20.77,956.37,851.5,844.97,1465.01,888.65,910.29
2024-04-26 04:00:00,7.06,23.97,864.33,924.32,938.4,1469.36,859.16,964.57
2024-04-26 05:00:00,7.303,24.21,873.47,868.63,905.31,1515.65,864.74,917.77
2024-04-26 06:00:00,8.909,22.138,805.3,839.34,,1429.78,818.73,847.76
2024-04-26 07:00:00,7.619,22.965,907.79,,850.67,1496.65,872.15,853.78
2024-04-26 08:00:00,6.979,23.733,931.07,,954.47,1485.27,882.15,873.68
2024-04-26 09:00:00,7.026,21.903,866.16,873.23,841.09,1427.27,847.54,928.16
2024-04-26 10:00:00,8.093,21.443,922.18,873.02,781.65,1406.8,874.68,878.04
2024-04-26 11:00:00,7.487,20.419,837.45,898.82,844.58,1390.28,875.84,906.61
2024-04-26 12:00:00,7.106,17.869,897.48,881.93,834.44,1358.76,897.14,869.79
2024-04-26 13:00:00,6.164,20.315,949.73,882.59,934.42,1414.35,897.26,893.65
2024-04-26 14:00:00,6.562,18.942,833.84,933.64,873.22,1399.52,930.79,861.98
2024-04-26 15:00:00,5.364,18.136,931.65,903.89,929.46,1371.73,906.04,931.0
2024-04-26 16:00:00,5.503,19.661,819.0,906.45,788.52,1462.66,857.81,913.02
2024-04-26 17:00:00,6.39,17.259,907.58,858.07,847.51,1408.05,882.28,873.32
2024-04-26 18:00:00,6.297,19.945,854.89,891.42,940.56,1417.29,806.42,975.91
2024-04-26 19:00:00,4.877,19.672,951.84,941.14,865.84,1470.71,941.21,987.18
2024-04-26 20:00:00,5.122,18.856,947.87,954.41,889.06,1442.36,932.18,918.39
2024-04-26 21:00:00,6.108,19.623,936.49,859.3,916.58,1395.66,816.84,947.15
2024-04-26 22:00:00,7.675,18.729,,842.19,817.62,1390.23,770.75,850.29
2024-04-26 23:00:00,5.075,21.585,936.99,920.33,949.78,1446.48,895.23,978.42
2024-04-27 00:00:00,7.165,21.471,862.67,902.22,840.75,1472.81,868.23,921.4
2024-04-27 01:00:00,6.177,22.122,903.98,930.79,891.85,1423.18,853.72,851.3
2024-04-27 02:00:00,7.085,22.936,845.77,850.91,904.29,1414.0,927.38,901.34
2024-04-27 03:00:00,7.575,22.021,859.6,893.37,813.47,1435.55,817.86,895.68
2024-04-27 04:00:00,7.746,21.33,848.93,864.03,817.22,1396.74,885.42,860.22
2024-04-27 05:00:00,7.8,24.544,844.45,905.75,906.18,1454.98,786.19,882.4
2024-04-27 06:00:00,8.3,24.332,796.17,831.57,821.55,1466.53,900.31,874.85
2024-04-27 07:00:00,7.85,22.838,818.27,890.92,862.51,1435.35,885.78,878.27
2024-04-27 08:00:00,7.015,23.813,780.5,931.57,923.53,1464.13,821.37,880.18
2024-04-27 09:00:00,8.644,24.556,837.7,849.83,851.48,1466.92,842.44,867.95
2024-04-27 10:00:00,8.4,24.04,865.61,937.24,862.09,1474.18,,844.21
2024-04-27 11:00:00,8.209,21.555,753.26,871.64,906.62,,,877.02
2024-04-27 12:00:00,6.017,19.969,909.66,987.86,982.04,1394.88,842.01,873.89
2024-04-27 13:00:00,7.205,19.698,862.61,979.41,861.14,1423.55,926.97,842.13
2024-04-27 14:00:00,7.244,20.463,828.07,812.67,840.88,1446.16,855.24,940.79
2024-04-27 15:00:00,5.656,22.218,906.51,981.71,941.44,1508.73,1005.0,983.07
2024-04-27 16:00:00,6.325,19.311,926.58,926.19,841.78,1398.5,949.71,949.28
2024-04-27 17:00:00,6.132,19.309,861.1,921.45,934.19,1432.73,764.95,926.37
2024-04-27 18:00:00,7.685,19.255,854.24,835.42,818.49,1376.24,871.77,893.2
2024-04-27 19:00:00,7.819,19.465,860.8,822.54,821.62,1402.09,836.18,950.04
2024-04-27 20:00:00,5.095,20.328,900.04,905.82,,1428.52,962.96,882.12
2024-04-27 21:00:00,8.64,19.161,859.6,919.94,,1428.37,839.23,856.96
2024-04-27 22:00:00,6.189,22.451,921.88,938.81,944.53,1436.26,915.93,975.86
2024-04-27 23:00:00,8.023,21.496,843.28,803.4,860.07,1398.42,872.59,835.72
2024-04-28 00:00:00,8.353,25.199,942.23,,855.92,1488.42,812.16,872.08
2024-04-28 01:00:00,7.118,21.371,912.29,805.32,952.81,1370.05,801.82,864.92
2024-04-28 02:00:00,8.627,25.206,792.85,897.19,856.55,1487.01,866.06,841.17
2024-04-28 03:00:00,8.423,25.418,844.92,858.53,856.91,1416.83,860.31,828.76
2024-04-28 04:00:00,9.172,23.609,915.77,,782.99,1425.48,864.82,865.14
2024-04-28 05:00:00,9.061,23.864,799.31,831.74,799.81,1457.0,845.8,
2024-04-28 06:00:00,9.903,23.336,810.06,841.03,771.39,1391.46,778.82,845.56
2024-04-28 07:00:00,8.994,23.317,876.19,816.28,803.6,1455.49,835.59,847.55
2024-04-28 08:00:00,8.708,24.243,868.1,855.89,824.69,1401.3,887.71,870.24
2024-04-28 09:00:00,9.557,23.985,848.21,827.09,810.57,1453.13,816.65,841.86
2024-04-28 10:00:00,8.925,21.657,853.38,782.96,854.3,1440.56,739.65,897.14
2024-04-28 11:00:00,8.785,25.883,851.37,817.59,850.45,1530.68,894.63,863.49
2024-04-28 12:00:00,7.387,22.335,845.95,868.51,940.66,1488.86,827.7,920.11
2024-04-28 13:00:00,6.801,22.241,904.88,911.94,905.58,1419.54,862.32,1026.68
2024-04-28 14:00:00,6.923,20.961,866.4,946.9,839.47,1409.74,836.48,904.94
2024-04-28 15:00:00,6.661,21.01,871.2,904.51,894.69,1404.12,891.59,853.34
2024-04-28 16:00:00,7.625,20.615,911.15,864.34,856.73,1435.75,838.93,957.49
2024-04-28 17:00:00,7.686,20.872,845.37,879.05,908.98,1420.45,877.78,840.85
2024-04-28 18:00:00,6.77,20.821,943.85,889.54,906.53,1420.31,913.95,938.7
2024-04-28 19:00:00,8.109,21.904,860.49,855.31,848.69,1427.51,783.69,900.73
2024-04-28 20:00:00,8.209,21.441,841.07,912.28,914.35,1437.31,755.89,854.95
2024-04-28 21:00:00,7.529,22.361,806.19,867.23,885.69,1416.61,840.36,858.68
2024-04-28 22:00:00,6.955,21.948,958.22,,899.04,1463.21,914.12,954.84
2024-04-28 23:00:00,9.192,22.749,824.78,798.3,887.64,1445.84,828.9,840.76
2024-04-29 00:00:00,8.223,22.728,772.54,905.47,883.63,1474.71,872.48,830.34
2024-04-29 01:00:00,8.714,24.768,882.04,809.01,856.16,1465.35,790.54,904.71
2024-04-29 02:00:00,8.66,24.462,845.83,843.37,843.42,1472.58,791.11,889.26
2024-04-29 03:00:00,8.499,24.327,818.91,890.32,765.02,1502.78,870.14,818.66
2024-04-29 04:00:00,8.257,24.636,892.27,825.06,779.82,1442.84,807.1,914.66
2024-04-29 05:00:00,10.088,24.957,720.23,836.31,809.87,1504.9,808.75,846.12
2024-04-29 06:00:00,9.026,25.22,815.77,754.87,818.77,1474.0,,894.37
2024-04-29 07:00:00,12.089,25.074,718.31,665.49,746.66,1470.81,701.63,840.08
2024-04-29 08:00:00,8.683,24.297,876.03,841.26,887.95,1492.28,808.52,838.58
2024-04-29 09:00:00,8.386,25.593,938.77,954.82,827.05,1488.26,873.25,895.56
2024-04-29 10:00:00,9.582,25.279,816.91,825.05,762.87,1479.38,750.47,851.68
2024-04-29 11:00:00,10.138,25.968,828.35,809.31,764.32,1445.55,833.32,867.29
2024-04-29 12:00:00,8.686,22.61,934.74,885.79,794.56,1383.76,833.81,841.24
2024-04-29 13:00:00,8.812,23.64,839.82,795.49,790.65,1458.24,862.79,877.33
2024-04-29 14:00:00,6.62,20.091,901.43,777.09,873.43,1443.93,852.07,948.44
2024-04-29 15:00:00,7.335,22.985,834.75,953.59,935.02,1449.71,902.5,964.19
2024-04-29 16:00:00,6.858,19.947,946.32,914.58,890.95,1341.84,852.06,911.28
2024-04-29 17:00:00,6.111,20.336,875.44,897.64,914.11,1402.96,952.09,878.04
2024-04-29 18:00:00,7.71,21.869,871.92,871.17,864.44,1417.06,793.99,920.11
2024-04-29 19:00:00,5.894,20.814,917.04,965.92,841.0,,844.96,872.08
2024-04-29 20:00:00,6.781,20.871,887.04,890.45,966.16,1390.77,877.02,837.1
2024-04-29 21:00:00,7.63,21.537,848.07,876.24,,1404.88,862.91,858.75
2024-04-29 22:00:00,7.674,23.429,879.01,956.14,897.28,1415.44,870.45,861.57
2024-04-29 23:00:00,8.976,21.936,888.89,778.83,731.23,1484.76,840.89,857.18
2024-04-30 00:00:00,9.244,23.527,906.86,845.45,,1499.74,763.27,886.03
2024-04-30 01:00:00,10.056,23.674,798.6,750.08,801.44,1416.85,858.39,846.21
2024-04-30 02:00:00,10.263,25.613,790.44,858.98,801.86,1479.92,788.86,775.43
2024-04-30 03:00:00,10.853,26.079,757.2,783.57,737.28,1462.42,798.81,767.24
2024-04-30 04:00:00,10.16,23.194,893.01,765.96,811.29,1431.24,789.63,818.54
2024-04-30 05:00:00,10.555,26.868,805.33,727.63,861.79,1509.83,822.64,830.41
2024-04-30 06:00:00,10.792,24.965,821.94,757.26,,1466.7,906.63,839.43
2024-04-30 07:00:00,10.486,25.93,823.62,795.27,876.91,1511.23,746.47,855.37
2024-04-30 08:00:00,9.966,24.336,887.77,850.44,,1443.0,801.71,854.09
2024-04-30 09:00:00,9.857,25.605,810.55,767.64,896.03,1482.43,799.53,816.6
2024-04-30 10:00:00,9.251,27.822,807.42,804.45,927.69,1452.63,882.93,784.19
2024-04-30 11:00:00,9.983,24.445,875.55,,776.05,1464.95,824.38,796.26
2024-04-30 12:00:00,9.291,23.237,,791.4,835.4,1381.34,853.05,891.04
2024-04-30 13:00:00,8.555,23.006,859.96,824.67,787.6,1407.72,819.16,952.89
2024-04-30 14:00:00,8.297,21.053,896.16,809.86,859.29,1450.72,864.18,802.33
2024-04-30 15:00:00,7.64,24.153,892.73,894.66,859.14,1512.14,833.57,852.12
2024-04-30 16:00:00,9.231,22.484,877.66,802.74,815.63,1400.67,791.94,
2024-04-30 17:00:00,8.421,20.662,845.82,842.94,820.04,1456.02,872.41,858.93
2024-04-30 18:00:00,7.657,20.644,890.06,879.07,744.95,1432.07,888.22,906.81
2024-04-30 19:00:00,9.065,21.961,843.42,770.61,743.04,1437.18,855.26,805.97
2024-04-30 20:00:00,8.12,23.271,845.97,883.71,889.05,1419.09,816.63,878.25
2024-04-30 21:00:00,7.664,21.099,853.16,876.43,823.81,1473.08,882.43,940.74
2024-04-30 22:00:00,9.885,24.24,798.56,814.83,859.05,1479.15,762.79,833.44
2024-04-30 23:00:00,8.958,23.286,843.27,827.88,826.32,1423.68,826.59,856.11
2024-05-01 00:00:00,9.401,22.806,803.46,806.82,753.2,,840.16,868.76
2024-05-01 01:00:00,10.101,23.887,819.42,800.01,749.7,1414.09,805.46,881.81
2024-05-01 02:00:00,11.301,27.036,785.49,757.52,757.43,1497.02,800.2,821.8
2024-05-01 03:00:00,10.682,23.694,788.76,725.26,749.89,1432.92,709.01,822.73
2024-05-01 04:00:00,9.927,24.806,821.47,869.78,814.48,1511.98,784.91,818.56
2024-05-01 05:00:00,11.471,27.033,744.48,717.72,790.11,1458.16,696.88,822.53
2024-05-01 06:00:00,10.718,26.224,781.67,781.09,815.83,1493.69,761.53,841.9
2024-05-01 07:00:00,12.605,24.952,646.86,729.23,735.15,1470.0,684.55,763.61
2024-05-01 08:00:00,11.003,26.865,778.77,753.58,832.38,1453.23,768.05,849.05
2024-05-01 09:00:00,9.055,26.608,811.71,849.56,891.15,1524.85,867.93,910.98
2024-05-01 10:00:00,10.909,25.381,783.59,679.5,751.31,1466.64,800.58,826.86
2024-05-01 11:00:00,11.919,23.77,705.37,634.51,666.77,1409.46,693.95,736.24
2024-05-01 12:00:00,11.342,23.44,681.75,739.92,735.89,1361.22,755.35,808.71
2024-05-01 13:00:00,11.265,23.817,837.3,753.36,772.74,1448.43,806.42,824.17
2024-05-01 14:00:00,8.724,21.421,824.03,879.35,806.38,1395.56,885.22,
2024-05-01 15:00:00,10.05,24.176,857.86,832.77,838.2,1443.3,796.24,822.26
2024-05-01 16:00:00,8.58,24.307,830.69,784.67,791.81,1510.92,861.29,890.17
2024-05-01 17:00:00,9.246,21.784,878.58,870.21,884.28,1417.21,808.64,822.68
2024-05-01 18:00:00,8.036,22.427,815.61,812.51,883.43,1446.7,760.83,
2024-05-01 19:00:00,8.608,23.491,850.84,879.53,826.43,1512.51,787.75,873.12
2024-05-01 20:00:00,8.731,24.614,808.07,826.39,813.77,1478.28,817.37,875.76
2024-05-01 21:00:00,10.21,24.453,893.91,903.81,801.97,1434.2,773.54,804.05
2024-05-01 22:00:00,10.408,20.915,770.91,752.58,830.82,1430.35,753.39,822.78
2024-05-01 23:00:00,10.306,23.099,822.25,784.12,781.12,1434.84,752.85,
2024-05-02 00:00:00,9.343,24.594,844.83,831.13,806.6,1452.52,816.46,823.56
2024-05-02 01:00:00,10.513,23.915,788.26,770.94,795.49,1418.27,766.88,836.71
2024-05-02 02:00:00,10.482,27.126,822.89,751.72,761.64,1494.74,762.61,822.94
2024-05-02 03:00:00,12.051,27.353,788.3,806.09,805.02,1517.29,,814.63
2024-05-02 04:00:00,12.516,24.732,731.71,662.09,753.86,1419.0,662.74,
2024-05-02 05:00:00,12.566,25.712,716.18,661.04,769.28,1457.78,732.91,741.57
2024-05-02 06:00:00,11.185,25.07,785.6,748.96,837.17,1433.09,771.81,800.38
2024-05-02 07:00:00,9.584,25.662,894.16,828.04,797.93,1527.97,798.94,858.82
2024-05-02 08:00:00,10.269,25.42,790.5,768.23,812.49,1433.57,819.93,897.09
2024-05-02 09:00:00,12.656,26.511,645.16,722.81,728.19,1436.57,671.32,774.35
2024-05-02 10:00:00,10.976,23.879,732.26,765.67,846.32,1419.51,747.23,809.46
2024-05-02 11:00:00,10.433,21.315,744.7,777.1,766.59,1358.43,758.17,806.63
2024-05-02 12:00:00,12.064,22.005,685.24,723.55,654.75,1408.17,742.67,775.8
2024-05-02 13:00:00,11.478,22.17,712.46,696.66,733.19,1423.03,737.15,725.42
2024-05-02 14:00:00,10.222,22.126,791.13,764.28,832.39,1435.47,764.81,846.3
2024-05-02 15:00:00,9.745,22.715,818.0,805.41,833.42,1451.54,849.6,820.85
2024-05-02 16:00:00,9.71,20.867,810.31,839.08,797.8,1353.3,785.24,787.1
2024-05-02 17:00:00,9.903,20.499,769.4,784.84,779.11,,744.64,822.5
2024-05-02 18:00:00,10.986,20.759,790.96,737.03,776.57,1424.35,717.36,768.13
2024-05-02 19:00:00,10.111,20.593,807.71,703.26,813.9,1379.42,718.37,840.58
2024-05-02 20:00:00,10.499,21.454,833.96,746.13,791.74,1433.39,,795.29
2024-05-02 21:00:00,11.069,21.709,786.7,682.67,749.92,1394.39,726.48,812.31
2024-05-02 22:00:00,9.472,23.655,809.0,761.81,821.48,1446.28,767.76,866.22
2024-05-02 23:00:00,11.326,22.11,793.93,752.38,734.7,1367.09,705.69,758.69
2024-05-03 00:00:00,10.822,23.373,784.16,897.91,825.75,1417.66,,777.17
2024-05-03 01:00:00,9.38,23.652,,828.58,819.45,1489.21,848.72,875.24
2024-05-03 02:00:00,10.004,25.745,840.95,820.42,782.23,1464.26,741.03,
2024-05-03 03:00:00,11.165,24.989,763.54,,874.14,1513.94,704.25,787.65
2024-05-03 04:00:00,12.619,26.738,716.34,645.31,704.24,1465.63,693.61,774.93
2024-05-03 05:00:00,12.429,24.279,705.58,771.85,691.1,1469.19,629.43,719.4
2024-05-03 06:00:00,12.55,25.655,681.1,,680.98,1452.24,695.72,744.97
2024-05-03 07:00:00,13.946,24.939,568.29,531.83,643.56,1351.24,574.46,651.3
2024-05-03 08:00:00,11.274,23.942,734.37,755.55,800.95,1415.14,,778.06
2024-05-03 09:00:00,12.1,24.998,734.96,691.24,678.66,1424.15,685.78,772.25
2024-05-03 10:00:00,12.14,26.726,772.01,,759.82,1455.74,696.55,724.26
2024-05-03 11:00:00,11.041,23.123,792.45,816.97,748.87,1387.28,776.16,811.15
2024-05-03 12:00:00,11.365,23.458,742.88,754.69,729.6,1397.51,738.43,798.25
2024-05-03 13:00:00,9.774,21.5,779.27,810.81,730.64,1427.1,728.8,860.86
2024-05-03 14:00:00,11.915,20.822,710.98,731.51,727.15,1451.76,703.97,784.18
2024-05-03 15:00:00,10.015,21.194,760.77,901.23,724.19,1407.49,774.41,841.62
2024-05-03 16:00:00,12.017,21.261,640.76,792.49,715.82,1369.11,685.17,766.05
2024-05-03 17:00:00,10.268,21.094,731.57,770.04,802.4,1322.89,756.15,769.22
2024-05-03 18:00:00,11.097,21.22,801.83,783.9,666.02,1449.42,705.8,800.77
2024-05-03 19:00:00,10.295,19.561,842.78,848.41,807.94,1401.13,775.45,842.46
2024-05-03 20:00:00,10.454,20.965,,802.1,698.36,1379.04,741.44,843.32
2024-05-03 21:00:00,10.223,22.614,792.09,786.46,874.1,1434.19,850.07,835.89
2024-05-03 22:00:00,11.055,20.774,704.68,726.64,,1368.33,805.1,815.06
2024-05-03 23:00:00,11.524,22.437,735.7,733.11,716.05,1371.54,723.34,834.67
2024-05-04 00:00:00,10.974,23.709,791.38,713.56,787.53,1424.36,786.85,785.87
2024-05-04 01:00:00,11.832,22.913,759.33,751.33,705.76,1437.37,703.77,796.82
2024-05-04 02:00:00,11.753,24.72,765.91,780.45,654.42,1456.07,707.44,802.46
2024-05-04 03:00:00,14.35,22.874,657.22,,692.44,1371.48,590.35,621.29
2024-05-04 04:00:00,12.649,26.058,776.34,665.67,715.37,1477.48,651.9,
2024-05-04 05:00:00,14.096,25.606,625.09,563.47,673.18,1420.95,580.64,698.45
2024-05-04 06:00:00,12.764,25.276,797.81,694.09,,1479.66,754.7,714.79
2024-05-04 07:00:00,13.106,26.464,618.67,660.71,679.49,1427.82,664.34,693.68
2024-05-04 08:00:00,11.74,24.493,714.12,667.04,708.77,1430.4,743.72,795.09
2024-05-04 09:00:00,12.268,23.802,722.21,812.97,,1446.0,723.97,749.33
2024-05-04 10:00:00,12.564,25.749,729.98,615.99,753.05,1475.02,656.79,729.21
2024-05-04 11:00:00,13.393,25.801,666.78,586.42,697.54,1423.34,596.82,658.71
2024-05-04 12:00:00,12.009,22.214,702.08,,776.06,1370.6,762.74,753.21
2024-05-04 13:00:00,12.646,22.363,768.93,699.03,706.62,1406.83,680.79,707.28
2024-05-04 14:00:00,11.78,23.243,715.01,690.51,794.29,1461.2,717.74,723.22
2024-05-04 15:00:00,12.338,21.451,665.83,654.61,778.53,1406.03,699.35,745.59
2024-05-04 16:00:00,10.815,21.911,827.44,,819.97,1370.27,770.63,807.96
2024-05-04 17:00:00,12.672,21.904,718.32,685.16,723.46,1362.66,707.97,685.52
2024-05-04 18:00:00,10.347,20.194,,748.49,738.21,1347.43,800.48,769.0
2024-05-04 19:00:00,10.18,21.41,797.12,827.03,811.17,1446.13,778.8,781.62
2024-05-04 20:00:00,9.961,21.068,747.74,817.33,776.9,1397.69,785.69,832.63
2024-05-04 21:00:00,13.001,19.901,667.62,,712.65,1333.33,697.25,716.43
2024-05-04 22:00:00,12.056,20.556,656.96,695.32,790.13,1374.64,635.05,664.12
2024-05-04 23:00:00,11.438,21.411,748.86,762.67,746.0,1403.6,729.44,751.98
2024-05-05 00:00:00,13.03,23.793,703.67,647.95,655.61,1400.41,,709.0
2024-05-05 01:00:00,12.907,24.317,726.43,686.73,739.8,,604.86,834.22
2024-05-05 02:00:00,14.234,24.513,624.54,609.25,658.02,1412.1,574.29,661.77
2024-05-05 03:00:00,11.686,24.521,769.99,761.44,822.36,1491.61,683.9,754.58
2024-05-05 04:00:00,12.917,24.772,658.74,686.7,714.72,1432.36,690.91,760.67
2024-05-05 05:00:00,12.894,24.776,725.3,591.6,,,597.47,683.14
2024-05-05 06:00:00,11.74,24.965,767.12,701.16,762.33,1430.79,771.33,724.97
2024-05-05 07:00:00,14.14,24.943,606.2,604.69,,1399.59,594.49,691.83
2024-05-05 08:00:00,12.969,22.452,696.15,674.93,614.45,1402.7,688.09,722.66
2024-05-05 09:00:00,13.599,22.836,688.32,657.13,640.73,1360.1,602.96,651.9
2024-05-05 10:00:00,14.66,22.099,599.26,586.31,674.09,1369.8,542.52,645.82
2024-05-05 11:00:00,12.213,24.144,690.38,671.98,708.71,1421.82,686.22,739.64
2024-05-05 12:00:00,11.86,24.246,,754.82,748.65,1453.68,701.55,732.79
2024-05-05 13:00:00,11.994,19.103,725.43,663.67,706.98,1282.35,677.23,771.97
2024-05-05 14:00:00,12.412,23.064,676.44,737.38,693.75,1450.39,655.84,713.54
2024-05-05 15:00:00,10.932,20.839,723.48,805.69,757.82,1335.6,741.84,789.77
2024-05-05 16:00:00,10.701,21.594,789.62,764.88,733.73,1455.09,767.56,844.94
2024-05-05 17:00:00,11.943,20.748,,677.58,665.36,1373.58,716.61,770.21
2024-05-05 18:00:00,11.37,21.762,820.04,706.72,762.8,1411.96,776.0,746.84
2024-05-05 19:00:00,9.483,20.315,829.18,763.71,871.82,1388.47,800.83,873.39
2024-05-05 20:00:00,10.269,18.587,732.0,738.2,805.62,1354.34,788.0,783.46
2024-05-05 21:00:00,12.652,20.375,754.01,659.26,730.84,1327.0,718.48,678.86
2024-05-05 22:00:00,12.031,21.495,752.17,678.99,772.67,,669.41,741.68
2024-05-05 23:00:00,11.399,21.059,670.26,666.69,757.89,1396.9,749.69,737.37
2024-05-06 00:00:00,12.192,22.585,677.0,677.18,729.29,1413.97,668.52,708.51
2024-05-06 01:00:00,12.659,22.194,673.27,675.27,672.2,1433.14,645.52,691.48
2024-05-06 02:00:00,13.536,22.0,678.72,611.45,705.87,1331.23,630.3,763.4
2024-05-06 03:00:00,12.118,21.784,629.45,662.08,738.34,1390.2,586.39,764.23
2024-05-06 04:00:00,12.731,22.893,686.21,574.3,680.46,1355.25,660.23,664.89
2024-05-06 05:00:00,13.75,23.767,674.64,664.67,660.65,1437.24,594.72,708.37
2024-05-06 06:00:00,13.501,21.196,548.2,622.87,622.42,1381.21,570.16,708.08
2024-05-06 07:00:00,14.005,22.501,655.73,614.15,678.68,1368.89,631.44,627.1
2024-05-06 08:00:00,12.452,20.798,723.85,685.24,773.48,1392.44,648.01,705.99
2024-05-06 09:00:00,13.538,22.093,620.09,645.09,625.76,1389.91,647.07,609.34
2024-05-06 10:00:00,13.884,23.813,600.88,621.44,712.65,1356.68,646.08,661.28
2024-05-06 11:00:00,13.117,20.427,631.5,646.38,731.5,1370.19,674.15,625.85
2024-05-06 12:00:00,12.535,22.133,602.26,708.29,663.91,1363.08,766.33,729.24
2024-05-06 13:00:00,12.042,24.146,715.26,747.86,655.7,1435.95,684.81,807.05
2024-05-06 14:00:00,11.168,21.945,761.75,800.1,765.04,1430.47,694.73,808.69
2024-05-06 15:00:00,11.535,19.903,686.79,687.75,730.66,1362.55,,
2024-05-06 16:00:00,12.415,20.41,727.4,688.67,698.6,1357.29,665.01,730.15
2024-05-06 17:00:00,11.198,17.492,736.38,665.78,784.16,1364.38,712.96,807.47
2024-05-06 18:00:00,10.545,17.134,766.49,739.62,742.56,1328.09,780.39,811.08
2024-05-06 19:00:00,10.909,19.079,737.69,740.39,857.32,1345.96,738.18,711.71
2024-05-06 20:00:00,11.587,19.678,752.24,747.45,670.31,1308.93,703.65,746.18
2024-05-06 21:00:00,11.323,20.785,787.57,729.2,714.06,1380.26,762.41,730.71
2024-05-06 22:00:00,12.262,19.157,680.28,709.63,670.15,1359.61,630.0,756.04
2024-05-06 23:00:00,12.585,20.508,712.85,656.49,694.01,1403.67,623.87,730.28
2024-05-07 00:00:00,13.192,20.938,687.55,,740.22,1311.78,639.83,660.69
2024-05-07 01:00:00,13.933,21.06,641.13,568.79,604.7,1364.48,531.4,703.68
2024-05-07 02:00:00,13.883,21.566,,632.72,618.46,1381.47,543.76,679.08
2024-05-07 03:00:00,12.59,20.995,662.74,656.36,677.7,1354.85,733.11,803.65
2024-05-07 04:00:00,12.808,22.627,670.94,568.1,701.14,1443.89,605.54,690.33
2024-05-07 05:00:00,13.592,22.677,622.62,649.48,681.03,1359.54,607.39,673.32
2024-05-07 06:00:00,13.334,21.936,683.83,598.35,664.04,1429.73,667.22,642.15
2024-05-07 07:00:00,12.745,23.147,681.34,677.7,656.07,1408.44,707.67,703.64
2024-05-07 08:00:00,13.184,23.333,647.34,602.49,689.99,1425.03,665.71,681.16
2024-05-07 09:00:00,12.968,22.547,736.27,657.2,758.44,1378.39,637.98,719.76
2024-05-07 10:00:00,12.562,20.02,748.39,555.21,738.54,1304.33,634.37,687.77
2024-05-07 11:00:00,12.558,20.86,677.52,671.41,685.67,1362.43,659.57,703.76
2024-05-07 12:00:00,13.443,19.08,592.72,586.19,663.41,1341.36,630.96,
2024-05-07 13:00:00,12.349,19.723,758.48,629.32,727.59,1331.49,624.2,709.1
2024-05-07 14:00:00,13.877,17.987,631.81,625.27,674.15,1288.04,616.3,657.79
2024-05-07 15:00:00,11.787,20.145,734.51,704.7,794.51,1364.86,704.81,669.72
2024-05-07 16:00:00,11.227,19.186,742.89,723.94,756.41,1306.32,700.87,780.48
2024-05-07 17:00:00,11.341,19.38,707.31,699.86,692.86,1345.49,744.26,757.61
2024-05-07 18:00:00,11.5,19.141,713.05,756.21,670.75,1354.08,764.25,730.7
2024-05-07 19:00:00,11.683,17.572,736.41,689.46,745.06,1301.44,704.72,729.64
2024-05-07 20:00:00,13.114,17.536,633.16,693.45,604.16,1335.7,634.31,683.55
2024-05-07 21:00:00,10.964,20.405,770.62,798.85,795.33,1383.69,727.32,809.86
2024-05-07 22:00:00,12.574,18.48,678.06,721.81,666.11,1258.51,597.12,690.77
2024-05-07 23:00:00,12.34,17.485,646.6,712.5,643.62,1292.22,633.88,750.42
2024-05-08 00:00:00,11.224,20.787,803.26,714.38,775.58,1359.91,730.93,824.69
2024-05-08 01:00:00,13.405,20.217,668.25,628.73,625.22,1317.21,573.42,676.99
2024-05-08 02:00:00,14.088,22.284,636.26,588.06,671.89,1417.04,575.67,718.48
2024-05-08 03:00:00,12.633,21.131,706.3,703.24,711.14,1388.17,624.92,668.63
2024-05-08 04:00:00,13.498,21.083,584.27,623.85,589.36,1345.82,628.54,640.78
2024-05-08 05:00:00,12.24,23.087,695.93,685.88,788.71,1395.54,719.05,775.43
2024-05-08 06:00:00,12.65,19.426,624.98,730.05,747.77,1329.0,686.1,760.86
2024-05-08 07:00:00,14.45,20.451,603.57,557.88,667.17,1315.49,629.57,593.31
2024-05-08 08:00:00,13.113,19.837,670.62,615.9,718.49,1318.99,592.6,713.29
2024-05-08 09:00:00,12.403,17.899,687.58,655.72,663.91,1329.37,700.53,753.69
2024-05-08 10:00:00,13.219,21.115,701.33,681.97,729.15,1299.6,649.32,664.77
2024-05-08 11:00:00,12.322,18.864,638.15,686.3,734.73,1348.17,688.64,678.32
2024-05-08 12:00:00,12.047,20.05,680.07,714.57,631.97,1311.68,748.87,737.54
2024-05-08 13:00:00,12.698,18.861,688.23,668.99,647.92,1343.09,589.55,671.11
2024-05-08 14:00:00,10.881,18.589,759.91,660.36,722.14,1377.16,732.87,696.0
2024-05-08 15:00:00,10.83,16.848,698.82,702.42,808.2,1283.17,716.04,790.72
2024-05-08 16:00:00,11.48,16.108,756.61,701.16,678.52,1271.51,665.8,731.38
2024-05-08 17:00:00,12.005,16.881,,701.41,679.34,1330.14,673.68,696.55
2024-05-08 18:00:00,12.171,17.756,707.15,643.73,648.6,1305.16,691.9,737.79
2024-05-08 19:00:00,10.682,16.608,696.88,710.61,729.83,1288.35,738.54,763.86
2024-05-08 20:00:00,12.075,15.974,694.06,670.1,,1261.98,609.12,743.04
2024-05-08 21:00:00,10.88,15.643,749.37,792.33,678.02,1364.66,717.77,771.25
2024-05-08 22:00:00,13.208,17.689,635.66,543.32,681.89,1285.11,582.23,632.27
2024-05-08 23:00:00,11.12,17.209,781.86,626.73,701.19,1332.76,689.02,787.52
2024-05-09 00:00:00,13.391,18.254,635.18,690.85,737.01,1327.26,584.38,697.79
2024-05-09 01:00:00,12.105,18.518,772.28,627.53,714.07,1376.06,749.14,715.69
2024-05-09 02:00:00,14.52,18.702,615.36,545.66,611.15,,546.62,670.63
2024-05-09 03:00:00,13.621,19.949,645.85,554.29,633.68,1278.78,596.42,671.86
2024-05-09 04:00:00,12.515,20.528,721.65,661.84,713.7,1403.63,670.88,735.46
2024-05-09 05:00:00,13.02,22.368,728.46,647.91,633.44,1390.9,630.44,703.02
2024-05-09 06:00:00,14.092,20.935,649.88,656.32,648.55,1315.79,632.69,588.95
2024-05-09 07:00:00,14.258,21.818,611.87,614.39,617.93,1389.61,,676.87
2024-05-09 08:00:00,13.228,18.671,625.58,580.02,640.22,1290.34,643.91,675.34
2024-05-09 09:00:00,13.118,17.362,608.58,556.88,750.33,1334.12,,628.2
2024-05-09 10:00:00,13.428,18.799,554.55,641.1,718.4,1305.63,643.71,680.4
2024-05-09 11:00:00,12.626,19.311,685.1,643.84,755.06,1369.08,655.56,717.43
2024-05-09 12:00:00,11.163,18.553,725.45,705.91,779.63,1363.51,,764.68
2024-05-09 13:00:00,11.224,18.595,724.97,779.45,759.11,1305.05,733.31,751.92
2024-05-09 14:00:00,11.76,13.563,727.32,620.75,756.48,1201.93,656.17,707.99
2024-05-09 15:00:00,12.283,17.644,682.9,662.47,711.47,1316.2,668.74,695.05
2024-05-09 16:00:00,12.399,16.173,741.35,692.03,711.13,1268.61,688.93,699.81
2024-05-09 17:00:00,11.597,13.666,678.72,652.11,759.65,1267.94,692.0,696.79
2024-05-09 18:00:00,11.148,16.267,695.33,780.57,766.13,1293.25,685.8,724.98
2024-05-09 19:00:00,11.544,15.618,665.77,667.26,732.67,1257.79,773.61,711.37
2024-05-09 20:00:00,10.518,16.02,778.73,753.92,785.53,1313.41,727.28,800.34
2024-05-09 21:00:00,11.105,17.027,774.84,705.25,,1252.24,724.72,739.47
2024-05-09 22:00:00,10.802,16.707,724.57,636.45,767.67,1272.36,733.05,764.47
2024-05-09 23:00:00,10.737,14.854,702.39,726.64,763.74,1248.49,808.63,703.99
2024-05-10 00:00:00,12.298,16.915,736.43,705.87,641.26,1225.94,663.02,711.47
2024-05-10 01:00:00,12.475,15.611,618.37,619.89,648.26,1283.0,686.4,715.6
2024-05-10 02:00:00,13.15,18.762,688.02,610.57,700.82,1294.44,666.96,693.3
2024-05-10 03:00:00,13.27,20.024,632.85,612.54,678.01,1348.27,588.55,656.1
2024-05-10 04:00:00,13.202,17.123,656.83,649.53,658.47,1312.27,686.03,672.75
2024-05-10 05:00:00,13.556,17.955,667.92,597.4,662.02,1338.19,,635.13
2024-05-10 06:00:00,13.101,17.719,666.89,636.07,583.17,1325.88,632.86,683.33
2024-05-10 07:00:00,13.408,18.114,627.5,621.59,,1256.93,631.37,633.51
2024-05-10 08:00:00,12.36,18.902,737.92,656.05,694.92,1305.73,754.89,748.39
2024-05-10 09:00:00,13.029,17.507,662.71,705.89,675.68,1246.93,635.27,716.28
2024-05-10 10:00:00,13.002,18.356,786.53,,709.76,1287.19,647.85,674.61
2024-05-10 11:00:00,11.624,18.319,658.86,740.06,710.65,1375.45,,718.1
2024-05-10 12:00:00,11.873,17.794,645.27,749.15,770.38,1327.92,701.79,675.88
2024-05-10 13:00:00,11.004,14.562,762.36,724.77,686.66,1301.11,761.54,819.17
2024-05-10 14:00:00,10.774,17.034,746.84,750.74,778.23,1278.33,754.05,779.72
2024-05-10 15:00:00,10.028,16.666,801.85,800.2,749.1,1313.54,809.67,780.98
2024-05-10 16:00:00,11.731,16.401,666.88,686.09,760.55,1313.58,717.16,
2024-05-10 17:00:00,11.433,14.099,709.59,632.74,719.04,1227.62,703.33,686.12
2024-05-10 18:00:00,10.95,13.268,739.95,718.95,671.66,1241.89,755.98,763.79
2024-05-10 19:00:00,12.119,13.008,654.14,737.3,682.71,1258.11,691.39,700.46
2024-05-10 20:00:00,10.491,13.017,749.07,771.67,753.32,1279.3,728.01,734.6
2024-05-10 21:00:00,13.238,14.621,582.32,621.73,653.47,1260.23,586.96,660.62
2024-05-10 22:00:00,10.859,15.989,753.66,771.52,754.23,1297.45,737.76,776.09
2024-05-10 23:00:00,11.515,16.973,767.74,707.45,713.13,1311.88,751.18,745.29
2024-05-11 00:00:00,11.283,15.291,676.03,720.52,698.22,1247.6,669.74,794.3
2024-05-11 01:00:00,12.189,16.296,639.48,660.58,624.79,1344.43,665.06,692.35
2024-05-11 02:00:00,12.828,16.651,699.53,665.28,695.74,1247.67,639.27,629.0
2024-05-11 03:00:00,12.296,16.38,634.49,651.21,711.55,1327.08,705.19,712.46
2024-05-11 04:00:00,13.978,18.294,641.36,577.54,714.79,1242.85,549.13,627.07
2024-05-11 05:00:00,12.847,17.998,665.03,684.42,676.2,1302.09,685.12,684.46
2024-05-11 06:00:00,12.891,17.753,645.35,638.44,686.51,1316.61,,700.34
2024-05-11 07:00:00,11.885,17.897,756.74,720.44,720.38,1298.78,693.04,690.71
2024-05-11 08:00:00,12.805,17.958,697.28,677.21,715.72,1264.98,680.33,637.22
2024-05-11 09:00:00,12.151,17.581,702.17,680.55,680.75,1286.91,735.78,739.05
2024-05-11 10:00:00,11.5,15.387,635.28,695.19,720.71,1272.69,743.54,732.81
2024-05-11 11:00:00,11.054,16.939,761.15,682.31,740.02,1318.45,704.44,805.35
2024-05-11 12:00:00,13.479,15.605,585.76,564.97,671.07,1255.23,570.24,671.5
2024-05-11 13:00:00,10.798,14.213,726.57,763.12,826.08,1271.08,797.46,755.12
2024-05-11 14:00:00,9.531,14.487,778.59,812.11,784.84,1294.49,724.48,749.02
2024-05-11 15:00:00,9.866,14.159,833.87,737.17,700.41,1296.02,826.54,842.94
2024-05-11 16:00:00,10.169,14.68,751.48,783.37,706.61,1268.73,790.07,706.29
2024-05-11 17:00:00,10.504,11.881,685.51,753.55,774.1,1238.84,762.27,741.96
2024-05-11 18:00:00,10.446,14.612,801.26,793.04,676.82,1243.17,770.47,726.99
2024-05-11 19:00:00,10.561,13.073,763.9,832.6,747.77,1201.18,696.95,750.16
2024-05-11 20:00:00,9.6,12.592,794.58,803.58,728.18,1235.88,750.76,782.9
2024-05-11 21:00:00,10.554,12.829,789.74,,846.66,1338.33,801.94,721.12
2024-05-11 22:00:00,9.806,12.641,822.64,803.88,703.28,1248.68,,735.77
2024-05-11 23:00:00,10.276,12.191,714.1,713.98,711.06,1261.92,797.88,740.68
2024-05-12 00:00:00,10.323,15.567,710.06,852.64,,1332.56,819.11,
2024-05-12 01:00:00,10.392,17.605,794.82,717.88,755.18,,722.66,800.37
2024-05-12 02:00:00,12.459,13.725,652.16,673.96,639.21,1282.93,684.15,691.11
2024-05-12 03:00:00,12.382,14.896,664.05,663.94,,1275.28,727.74,670.18
2024-05-12 04:00:00,12.778,17.214,,633.94,648.72,1329.8,720.94,658.17
2024-05-12 05:00:00,12.122,16.414,708.81,662.47,658.93,1296.93,596.59,752.97
2024-05-12 06:00:00,12.728,17.495,680.31,708.39,679.27,1310.35,690.9,637.97
2024-05-12 07:00:00,10.631,16.262,744.69,775.11,830.54,1348.88,753.03,789.82
2024-05-12 08:00:00,12.584,15.445,614.87,649.05,760.68,1253.09,700.78,656.47
2024-05-12 09:00:00,11.819,15.511,739.86,763.24,789.27,1288.52,704.95,722.02
2024-05-12 10:00:00,11.904,12.468,689.09,,678.0,1225.6,673.85,735.65
2024-05-12 11:00:00,11.391,13.43,745.56,737.97,737.65,,778.66,718.04
2024-05-12 12:00:00,9.96,15.382,696.72,723.8,770.89,1318.24,773.38,802.23
2024-05-12 13:00:00,9.214,15.116,792.01,749.01,747.53,1308.55,,807.34
2024-05-12 14:00:00,9.527,14.85,754.97,818.07,697.25,1289.35,803.5,800.41
2024-05-12 15:00:00,10.273,13.238,751.36,,670.68,1306.52,705.38,762.58
2024-05-12 16:00:00,10.156,9.644,771.17,838.81,735.06,1204.21,753.29,757.77
2024-05-12 17:00:00,8.363,11.35,809.87,788.23,724.45,1218.79,858.2,785.28
2024-05-12 18:00:00,8.604,13.594,800.89,842.48,754.86,1276.69,763.08,795.62
2024-05-12 19:00:00,8.824,13.981,796.29,799.75,800.62,1281.77,803.21,782.2
2024-05-12 20:00:00,9.209,13.83,729.78,830.72,677.09,1259.24,683.31,822.56
2024-05-12 21:00:00,8.569,12.191,763.21,843.13,843.05,1237.98,758.98,879.59
2024-05-12 22:00:00,8.742,11.283,825.25,803.02,774.48,1230.21,734.75,827.55
2024-05-12 23:00:00,9.483,13.246,756.38,756.65,749.44,1278.1,724.64,809.3
2024-05-13 00:00:00,10.493,13.793,784.29,737.59,713.88,1229.71,785.57,
2024-05-13 01:00:00,9.762,16.135,808.2,741.52,794.32,1329.82,756.04,732.59
2024-05-13 02:00:00,10.875,14.975,765.43,752.11,693.79,1274.41,707.76,674.36
2024-05-13 03:00:00,12.035,15.1,697.95,569.63,748.53,1236.25,645.07,613.57
2024-05-13 04:00:00,10.309,15.45,743.48,740.79,792.17,1310.92,776.61,
2024-05-13 05:00:00,11.277,16.005,717.52,757.94,695.42,1303.74,776.48,713.94
2024-05-13 06:00:00,12.274,16.31,703.62,708.78,682.45,1304.82,691.09,708.67
2024-05-13 07:00:00,11.05,14.586,651.39,663.73,777.01,1304.79,747.0,759.17
2024-05-13 08:00:00,10.777,13.952,,762.22,749.06,1318.28,767.26,732.32
2024-05-13 09:00:00,11.948,16.513,678.96,644.92,694.6,1297.9,690.97,689.32
2024-05-13 10:00:00,10.495,12.451,735.24,731.91,701.98,1231.36,666.89,790.5
2024-05-13 11:00:00,11.305,15.87,718.31,750.67,719.38,1288.13,754.82,754.87
2024-05-13 12:00:00,10.425,11.061,733.27,706.91,710.51,1204.68,718.62,744.83
2024-05-13 13:00:00,9.468,12.101,723.39,840.42,772.31,1226.2,696.0,783.74
2024-05-13 14:00:00,9.807,13.454,771.26,786.81,745.45,1264.78,780.85,806.53
2024-05-13 15:00:00,9.402,11.842,790.84,803.17,718.85,1192.66,,762.4
2024-05-13 16:00:00,9.742,9.912,680.27,811.07,786.8,1226.17,796.85,790.45
2024-05-13 17:00:00,8.338,11.772,754.0,854.13,807.47,1256.45,740.14,827.96
2024-05-13 18:00:00,8.739,11.241,817.25,836.21,730.2,1278.53,779.64,
2024-05-13 19:00:00,8.668,10.939,811.36,779.13,747.37,1202.34,759.37,844.89
2024-05-13 20:00:00,9.371,10.619,775.86,737.55,783.32,1259.89,713.12,794.68
2024-05-13 21:00:00,8.148,11.614,780.23,812.8,753.09,1272.92,797.31,849.4
2024-05-13 22:00:00,10.001,11.342,776.06,,735.21,1196.27,739.27,759.88
2024-05-13 23:00:00,9.82,15.415,732.3,730.58,756.89,1266.72,723.38,814.22
2024-05-14 00:00:00,8.674,12.694,789.44,833.82,751.26,1269.78,775.13,760.09
2024-05-14 01:00:00,10.975,13.023,676.09,742.01,675.51,1261.99,702.69,777.24
2024-05-14 02:00:00,12.055,13.275,671.53,668.22,679.96,1259.64,,697.28
2024-05-14 03:00:00,11.288,16.444,688.26,725.02,688.79,1283.57,643.87,706.19
2024-05-14 04:00:00,11.789,12.635,712.36,689.43,,1299.76,643.69,727.08
2024-05-14 05:00:00,10.805,15.206,753.66,759.07,,,666.53,792.51
2024-05-14 06:00:00,9.418,14.53,761.7,822.06,743.75,1321.86,787.78,801.63
2024-05-14 07:00:00,9.201,13.014,819.09,909.46,789.96,1209.17,775.6,782.83
2024-05-14 08:00:00,10.73,13.514,700.38,746.49,771.42,1232.7,772.99,682.14
2024-05-14 09:00:00,9.832,14.534,768.88,753.22,759.47,1310.14,,781.14
2024-05-14 10:00:00,9.295,12.677,755.27,714.35,788.06,1306.92,822.02,839.84
2024-05-14 11:00:00,9.657,13.519,796.43,725.23,726.6,1300.36,716.93,763.69
2024-05-14 12:00:00,9.858,14.741,792.82,748.46,795.6,1282.24,760.13,766.1
2024-05-14 13:00:00,7.863,12.329,860.89,862.96,826.2,1225.08,800.57,860.52
2024-05-14 14:00:00,8.346,9.874,793.65,796.76,,1249.82,737.66,746.38
2024-05-14 15:00:00,9.634,10.165,652.41,788.48,793.91,1201.26,761.58,744.35
2024-05-14 16:00:00,7.345,10.499,806.51,817.18,812.58,1274.37,823.74,849.31
2024-05-14 17:00:00,8.75,10.196,835.66,818.8,882.01,1248.6,852.7,812.22
2024-05-14 18:00:00,7.595,10.712,804.16,873.98,833.74,1248.61,819.9,781.75
2024-05-14 19:00:00,8.43,10.951,726.12,797.0,831.37,,778.52,827.56
2024-05-14 20:00:00,8.961,12.832,802.57,819.15,756.15,1237.5,753.48,823.74
2024-05-14 21:00:00,8.836,11.048,,782.77,753.21,1247.02,753.23,767.48
2024-05-14 22:00:00,9.188,10.064,742.56,736.89,757.87,1213.24,680.88,
2024-05-14 23:00:00,7.799,13.294,812.82,862.47,763.85,1334.48,795.26,861.03
2024-05-15 00:00:00,9.891,13.923,736.05,791.77,760.79,1291.0,777.16,769.95
2024-05-15 01:00:00,8.598,13.186,816.88,838.16,784.52,1285.54,763.6,756.44
2024-05-15 02:00:00,9.747,13.075,767.92,815.56,803.95,,797.33,800.84
2024-05-15 03:00:00,9.964,14.514,725.53,764.76,809.73,1263.74,758.14,820.76
2024-05-15 04:00:00,10.305,13.814,751.19,752.28,751.94,1282.65,771.59,773.4
2024-05-15 05:00:00,10.276,11.783,717.8,743.02,,1205.16,725.2,739.34
2024-05-15 06:00:00,9.342,14.978,836.97,809.81,853.38,1323.24,750.2,799.44
2024-05-15 07:00:00,8.866,15.288,831.84,806.62,727.45,1353.23,843.74,782.75
2024-05-15 08:00:00,10.493,15.731,748.8,761.99,686.17,1305.38,742.23,706.46
2024-05-15 09:00:00,9.723,12.792,768.17,748.43,777.2,1203.43,802.61,802.64
2024-05-15 10:00:00,10.214,13.511,788.95,721.05,745.12,1293.07,729.91,797.29
2024-05-15 11:00:00,8.939,13.04,782.3,766.71,764.27,1310.17,644.45,825.89
2024-05-15 12:00:00,7.51,12.314,851.67,863.28,730.66,1240.91,889.58,835.09
2024-05-15 13:00:00,9.066,11.818,831.04,793.62,730.52,1221.79,740.81,834.85
2024-05-15 14:00:00,7.677,11.229,798.39,818.28,859.58,1271.76,762.35,824.39
2024-05-15 15:00:00,7.968,11.012,864.06,854.59,844.24,1208.43,834.51,815.51
2024-05-15 16:00:00,6.956,11.316,,919.68,848.51,1216.28,766.61,733.89
2024-05-15 17:00:00,8.639,11.68,799.37,788.8,742.63,1215.82,824.46,788.37
2024-05-15 18:00:00,6.551,9.229,822.56,824.69,799.54,1201.96,842.78,773.11
2024-05-15 19:00:00,6.993,9.987,837.39,893.98,790.19,,840.06,876.92
2024-05-15 20:00:00,7.439,9.876,807.59,842.2,767.36,1224.72,833.18,820.67
2024-05-15 21:00:00,6.64,10.012,811.39,860.22,792.86,1257.46,798.72,885.23
2024-05-15 22:00:00,7.997,9.156,815.93,862.29,774.2,1219.76,755.02,761.72
2024-05-15 23:00:00,9.281,11.598,736.5,777.3,699.06,1276.77,802.35,780.34
2024-05-16 00:00:00,7.88,12.653,804.45,851.68,850.07,1297.94,790.11,809.5
2024-05-16 01:00:00,8.869,12.401,776.08,809.8,769.65,1220.77,772.78,720.28
2024-05-16 02:00:00,6.613,13.051,,1007.31,811.98,1273.38,859.13,903.88
2024-05-16 03:00:00,9.0,13.971,813.91,798.53,714.63,1319.58,812.28,833.22
2024-05-16 04:00:00,8.942,15.473,791.26,847.75,823.37,1320.91,729.83,820.33
2024-05-16 05:00:00,8.628,13.47,844.49,804.29,743.24,1259.41,813.01,830.97
2024-05-16 06:00:00,10.159,12.63,742.91,779.77,765.11,1236.3,784.8,734.91
2024-05-16 07:00:00,8.963,13.853,777.15,796.91,744.09,1305.45,803.82,761.41
2024-05-16 08:00:00,8.933,16.017,770.31,844.03,798.51,1307.51,848.17,790.35
2024-05-16 09:00:00,8.553,12.042,796.08,808.61,727.1,1284.05,780.17,774.9
2024-05-16 10:00:00,7.043,13.797,846.44,886.15,819.69,1287.38,785.53,843.84
2024-05-16 11:00:00,7.353,13.92,862.73,826.24,816.84,1337.9,855.68,853.08
2024-05-16 12:00:00,8.687,9.171,780.37,767.65,768.73,1232.07,776.75,772.68
2024-05-16 13:00:00,5.891,11.982,942.26,822.15,881.62,1252.79,941.95,928.56
2024-05-16 14:00:00,6.647,11.729,862.62,887.1,846.66,1282.41,857.79,797.55
2024-05-16 15:00:00,6.663,10.268,805.09,841.62,882.2,1191.48,874.49,864.41
2024-05-16 16:00:00,8.159,9.494,756.78,905.23,716.33,1208.39,,770.7
2024-05-16 17:00:00,7.23,9.36,838.4,827.83,885.79,1210.97,822.25,809.17
2024-05-16 18:00:00,6.1,9.606,816.79,933.47,865.92,1173.83,902.3,907.97
2024-05-16 19:00:00,7.602,9.706,831.65,,772.36,1161.49,835.61,795.83
2024-05-16 20:00:00,6.057,9.68,885.3,875.37,869.4,1262.12,964.72,834.78
2024-05-16 21:00:00,7.619,10.174,844.63,807.23,867.28,1221.36,848.37,797.53
2024-05-16 22:00:00,5.945,12.432,839.05,891.66,892.42,1281.1,874.5,866.42
2024-05-16 23:00:00,8.152,10.03,829.12,864.61,738.03,1206.69,806.26,801.15
2024-05-17 00:00:00,7.252,9.908,832.83,939.1,802.18,1258.35,848.57,818.61
2024-05-17 01:00:00,7.036,13.975,824.6,817.37,859.69,1250.37,897.86,793.89
2024-05-17 02:00:00,7.947,12.782,809.42,834.61,798.25,1291.91,807.04,
2024-05-17 03:00:00,8.564,12.965,815.06,790.68,804.25,1324.24,730.4,840.1
2024-05-17 04:00:00,8.109,13.619,790.68,816.9,821.7,1256.21,843.24,852.23
2024-05-17 05:00:00,9.041,14.208,801.37,871.6,739.73,1254.43,827.62,808.9
2024-05-17 06:00:00,8.145,13.401,862.85,798.79,851.1,1287.72,794.36,805.46
2024-05-17 07:00:00,9.039,14.575,826.23,740.17,787.06,1309.59,842.4,804.81
2024-05-17 08:00:00,8.75,12.619,794.66,815.94,777.53,1218.71,821.93,773.73
2024-05-17 09:00:00,8.13,13.1,819.51,844.33,759.16,1260.08,,859.76
2024-05-17 10:00:00,7.55,10.397,796.55,822.75,785.82,1272.34,798.19,853.4
2024-05-17 11:00:00,7.708,13.986,809.26,818.04,851.27,1347.54,791.84,841.77
2024-05-17 12:00:00,7.69,11.859,764.24,845.9,810.73,1247.07,840.83,803.07
2024-05-17 13:00:00,8.562,12.365,804.68,759.1,812.23,1258.05,,816.67
2024-05-17 14:00:00,7.349,11.659,850.58,866.68,806.32,1260.68,815.93,851.44
2024-05-17 15:00:00,7.104,11.341,829.66,842.8,815.59,1163.84,769.91,839.42
2024-05-17 16:00:00,8.577,10.364,755.78,862.11,702.2,1195.37,808.66,761.3
2024-05-17 17:00:00,6.373,10.649,851.79,890.75,842.05,1239.22,877.66,885.55
2024-05-17 18:00:00,6.281,8.972,891.46,869.77,810.4,1281.6,857.16,864.79
2024-05-17 19:00:00,6.472,8.799,869.8,860.1,826.39,1219.36,838.1,803.74
2024-05-17 20:00:00,5.196,10.295,879.79,837.25,761.57,1287.53,846.9,885.2
2024-05-17 21:00:00,5.814,9.93,933.55,888.78,941.48,1226.56,892.74,833.57
2024-05-17 22:00:00,5.988,12.883,964.78,888.92,850.24,1297.49,942.88,865.91
2024-05-17 23:00:00,7.175,12.117,816.82,858.81,833.84,1231.9,800.9,830.54
2024-05-18 00:00:00,6.803,11.338,831.92,858.69,835.34,1205.25,811.98,804.57
2024-05-18 01:00:00,7.339,12.403,854.58,909.48,798.8,1230.54,815.67,807.14
2024-05-18 02:00:00,8.364,13.385,774.1,811.76,,1260.59,851.94,854.51
2024-05-18 03:00:00,8.408,13.572,835.36,787.89,842.71,1273.92,858.63,754.82
2024-05-18 04:00:00,7.755,14.313,830.82,778.19,820.09,1276.13,822.78,856.67
2024-05-18 05:00:00,7.444,14.284,848.85,836.8,855.95,1226.49,834.0,851.26
2024-05-18 06:00:00,8.906,12.617,767.28,760.99,807.96,1275.26,785.52,828.1
2024-05-18 07:00:00,8.552,11.653,765.41,759.38,808.51,1214.05,736.12,755.46
2024-05-18 08:00:00,6.504,13.602,789.59,870.19,916.44,1291.32,799.46,879.97
2024-05-18 09:00:00,7.325,14.422,891.77,904.4,838.34,1276.23,853.59,885.17
2024-05-18 10:00:00,7.436,12.918,862.87,888.2,809.35,1300.35,906.5,926.03
2024-05-18 11:00:00,7.614,14.373,855.04,798.17,814.51,1242.26,927.02,853.59
2024-05-18 12:00:00,7.386,12.333,840.88,852.11,827.73,1286.99,819.12,846.73
2024-05-18 13:00:00,6.552,13.519,776.73,897.82,780.32,1274.05,,853.79
2024-05-18 14:00:00,6.481,12.81,829.88,904.42,893.68,1265.18,818.57,908.82
2024-05-18 15:00:00,5.794,12.294,864.14,965.64,838.33,1272.37,959.49,852.59
2024-05-18 16:00:00,4.99,9.291,844.23,871.39,847.47,1221.33,844.54,874.85
2024-05-18 17:00:00,5.179,10.576,823.32,880.58,799.15,1286.91,887.45,827.0
2024-05-18 18:00:00,5.34,11.976,850.15,888.53,862.3,1288.37,927.79,831.18
2024-05-18 19:00:00,5.317,10.925,882.01,927.29,795.55,1290.13,884.4,861.7
2024-05-18 20:00:00,3.935,11.485,923.24,849.67,818.07,1286.18,985.46,917.48
2024-05-18 21:00:00,5.295,9.494,906.23,899.91,814.48,1220.42,827.0,
2024-05-18 22:00:00,5.885,13.899,949.97,832.07,844.84,1295.48,851.44,807.0
2024-05-18 23:00:00,5.884,11.152,,895.08,804.1,1201.63,849.24,894.94
2024-05-19 00:00:00,6.202,10.249,846.33,965.1,839.54,1287.75,849.94,788.33
2024-05-19 01:00:00,7.08,12.762,902.21,897.78,871.78,1265.03,878.55,808.19
2024-05-19 02:00:00,6.095,10.753,802.35,838.16,842.02,1187.27,778.84,851.48
2024-05-19 03:00:00,5.885,12.827,800.19,883.43,756.22,1248.79,868.03,886.98
2024-05-19 04:00:00,7.08,17.542,829.68,840.49,845.8,1307.77,873.2,863.27
2024-05-19 05:00:00,8.07,14.241,,886.28,829.04,1265.89,848.9,823.5
2024-05-19 06:00:00,8.83,13.078,797.51,718.6,764.46,1277.2,765.5,725.13
2024-05-19 07:00:00,8.046,14.779,781.74,819.31,821.44,1235.5,814.18,855.5
2024-05-19 08:00:00,6.107,13.499,844.31,867.22,858.81,1329.44,877.92,837.05
2024-05-19 09:00:00,6.886,15.322,812.69,828.69,792.82,1297.57,878.5,876.53
2024-05-19 10:00:00,7.01,12.831,798.0,930.51,872.92,1264.11,904.63,883.36
2024-05-19 11:00:00,6.639,13.768,910.35,816.21,824.23,1288.21,854.47,839.1
2024-05-19 12:00:00,6.6,11.578,842.28,825.77,811.47,1218.35,871.67,832.02
2024-05-19 13:00:00,5.106,15.584,969.08,997.17,902.14,1356.86,833.93,944.81
2024-05-19 14:00:00,5.585,12.616,849.24,905.15,787.94,1235.86,874.19,888.14
2024-05-19 15:00:00,5.603,11.452,891.83,,901.68,1303.24,904.86,897.79
2024-05-19 16:00:00,5.72,10.987,877.24,874.92,801.9,1215.89,915.59,885.18
2024-05-19 17:00:00,4.278,10.504,938.28,944.54,951.1,1249.43,849.05,909.78
2024-05-19 18:00:00,4.589,10.218,906.41,916.65,913.39,1222.35,900.76,889.13
2024-05-19 19:00:00,2.726,10.284,984.43,964.24,868.7,1291.8,940.8,950.23
2024-05-19 20:00:00,4.495,13.475,934.16,890.51,,1268.2,965.27,957.37
2024-05-19 21:00:00,4.748,11.147,859.03,933.12,827.21,1300.49,843.39,917.66
2024-05-19 22:00:00,4.584,9.701,920.94,908.52,817.41,1298.13,924.64,855.03
2024-05-19 23:00:00,5.806,11.372,864.99,879.55,738.28,,886.31,822.25
2024-05-20 00:00:00,5.924,14.434,851.89,930.12,883.85,1251.44,909.35,903.76
2024-05-20 01:00:00,4.457,13.569,940.55,927.85,868.49,1296.17,926.15,832.76
2024-05-20 02:00:00,6.711,14.226,888.36,873.52,870.15,1302.56,877.06,814.5
2024-05-20 03:00:00,6.03,16.239,867.31,972.7,874.06,1333.15,914.14,861.27
2024-05-20 04:00:00,7.337,14.254,826.43,873.31,771.17,1285.33,813.4,868.12
2024-05-20 05:00:00,6.029,16.18,835.45,884.02,899.62,1359.55,878.41,928.4
2024-05-20 06:00:00,7.105,14.723,784.13,822.91,852.25,1314.77,879.16,851.68
2024-05-20 07:00:00,6.8,16.182,853.93,875.63,825.65,1284.89,870.02,849.46
2024-05-20 08:00:00,7.136,14.857,874.77,897.73,871.41,1284.5,768.88,
2024-05-20 09:00:00,6.789,14.754,836.23,853.4,826.85,1347.19,797.63,966.36
2024-05-20 10:00:00,6.224,15.65,926.13,896.06,823.69,1332.85,931.32,913.84
2024-05-20 11:00:00,4.897,15.118,903.74,914.04,877.62,1327.94,896.76,892.5
2024-05-20 12:00:00,4.621,13.541,904.51,926.45,868.05,1265.0,832.31,907.54
2024-05-20 13:00:00,5.013,12.693,886.65,876.58,807.18,1307.1,880.33,851.38
2024-05-20 14:00:00,5.172,14.733,935.85,937.12,,1320.06,934.92,908.86
2024-05-20 15:00:00,4.431,13.144,881.51,950.98,955.11,1297.36,898.92,900.95
2024-05-20 16:00:00,5.216,11.688,882.04,974.72,906.66,1294.77,943.63,884.08
2024-05-20 17:00:00,4.361,11.212,889.19,945.82,939.08,1232.11,874.15,862.93
2024-05-20 18:00:00,3.76,13.196,914.43,938.13,,1339.44,,950.62
2024-05-20 19:00:00,4.34,12.212,914.66,1003.23,865.62,1290.96,951.11,925.54
2024-05-20 20:00:00,4.853,12.116,894.68,943.02,862.79,1310.8,914.31,938.48
2024-05-20 21:00:00,5.112,12.808,931.3,929.77,841.88,1277.92,923.59,857.9
2024-05-20 22:00:00,6.593,13.529,855.89,876.39,858.9,1326.08,924.04,839.95
2024-05-20 23:00:00,4.835,13.578,925.14,939.41,898.5,,931.66,
2024-05-21 00:00:00,5.613,15.649,899.31,880.07,856.97,1292.28,824.7,918.87
2024-05-21 01:00:00,6.313,16.274,925.59,890.67,876.38,1311.52,874.21,900.67
2024-05-21 02:00:00,6.234,15.924,866.52,886.66,906.69,1310.85,896.26,904.03
2024-05-21 03:00:00,6.092,17.391,877.19,918.64,869.32,1394.12,933.94,924.48
2024-05-21 04:00:00,5.435,16.111,926.38,966.21,829.28,1284.96,916.44,971.26
2024-05-21 05:00:00,6.378,17.171,867.63,933.22,880.55,1381.68,888.5,948.26
2024-05-21 06:00:00,5.96,17.658,910.02,929.85,822.7,1366.43,919.29,
2024-05-21 07:00:00,5.389,17.65,,858.7,853.76,1337.57,922.17,945.95
2024-05-21 08:00:00,6.007,17.369,855.71,889.65,882.97,1414.02,855.16,844.95
2024-05-21 09:00:00,5.608,16.752,951.98,845.09,903.54,1312.93,943.43,923.12
2024-05-21 10:00:00,6.657,17.972,857.26,931.34,863.09,1394.06,844.51,899.91
2024-05-21 11:00:00,6.374,14.537,913.75,881.97,804.42,1346.99,805.87,886.44
2024-05-21 12:00:00,4.853,14.524,933.48,929.53,1000.38,1263.29,,1002.5
2024-05-21 13:00:00,5.051,13.98,922.48,900.02,853.74,1276.74,877.21,938.81
2024-05-21 14:00:00,3.478,13.357,937.45,1026.5,929.11,1349.97,955.11,
2024-05-21 15:00:00,4.315,11.042,900.11,946.28,852.65,1266.32,860.84,849.39
2024-05-21 16:00:00,4.833,14.806,886.03,932.34,845.96,1344.75,919.25,929.54
2024-05-21 17:00:00,5.049,11.77,891.82,925.92,865.74,1270.62,881.82,953.71
2024-05-21 18:00:00,3.773,13.182,927.25,974.06,883.38,1327.45,934.08,860.59
2024-05-21 19:00:00,5.221,11.385,891.74,908.86,861.32,1223.95,894.15,908.41
2024-05-21 20:00:00,3.282,14.082,902.09,1034.88,891.12,1346.59,949.48,943.37
2024-05-21 21:00:00,3.683,12.758,935.07,1017.66,907.43,1292.28,913.27,965.67
2024-05-21 22:00:00,5.494,12.797,927.95,913.51,827.02,1277.19,839.15,864.28
2024-05-21 23:00:00,6.549,14.922,896.83,851.26,890.11,1272.52,880.56,858.16
2024-05-22 00:00:00,5.914,14.412,880.07,914.23,869.85,1262.63,853.53,914.61
2024-05-22 01:00:00,5.794,15.129,975.52,883.32,858.87,1318.83,828.2,897.41
2024-05-22 02:00:00,4.357,16.553,912.28,1014.48,905.78,1397.06,917.05,965.44
2024-05-22 03:00:00,4.741,17.768,924.16,1011.58,888.1,1385.03,902.73,964.42
2024-05-22 04:00:00,6.651,16.191,815.86,911.73,854.43,1306.14,843.96,879.24
2024-05-22 05:00:00,6.379,16.231,860.29,845.32,919.07,1333.0,909.48,967.31
2024-05-22 06:00:00,5.82,17.564,958.65,895.0,852.93,1358.42,859.96,890.05
2024-05-22 07:00:00,6.715,18.163,860.93,878.79,865.48,1345.64,937.19,905.07
2024-05-22 08:00:00,6.633,19.119,826.83,858.66,833.72,1400.77,876.99,962.55
2024-05-22 09:00:00,7.105,15.809,882.71,855.14,732.18,1295.85,834.01,828.95
2024-05-22 10:00:00,6.21,16.347,893.31,,886.61,1321.23,926.56,888.31
2024-05-22 11:00:00,6.793,17.706,898.53,904.03,899.63,1328.73,861.02,901.59
2024-05-22 12:00:00,5.506,18.194,897.3,977.11,906.21,1357.91,889.26,851.01
2024-05-22 13:00:00,5.097,14.165,865.77,925.75,973.63,1357.48,896.16,890.57
2024-05-22 14:00:00,5.752,14.037,875.69,893.28,844.05,1282.74,1024.61,911.25
2024-05-22 15:00:00,3.87,15.016,,916.92,872.1,1322.22,840.82,981.49
2024-05-22 16:00:00,6.714,13.597,850.65,,883.36,1312.32,853.38,862.36
2024-05-22 17:00:00,4.644,13.229,923.06,920.2,933.63,1329.49,955.89,944.63
2024-05-22 18:00:00,4.609,14.415,897.01,934.66,934.78,1304.77,935.74,924.23
2024-05-22 19:00:00,4.767,16.099,933.83,920.37,848.73,1386.68,,903.44
2024-05-22 20:00:00,5.971,12.918,870.84,873.45,818.39,1252.66,904.33,866.69
2024-05-22 21:00:00,5.296,16.655,881.95,956.48,815.5,1375.24,936.93,908.68
2024-05-22 22:00:00,3.629,14.632,949.12,972.77,996.24,1329.56,940.81,962.0
2024-05-22 23:00:00,6.328,16.269,862.48,956.08,818.95,1352.66,906.14,895.35
2024-05-23 00:00:00,5.246,18.331,937.19,889.68,844.23,1403.59,919.93,914.14
2024-05-23 01:00:00,5.919,17.381,923.05,960.06,869.17,1360.99,903.58,859.78
2024-05-23 02:00:00,5.103,17.167,931.93,915.79,896.88,1381.4,879.68,977.52
2024-05-23 03:00:00,6.799,18.85,817.22,884.06,888.47,1405.95,845.6,913.25
2024-05-23 04:00:00,6.052,18.15,858.44,927.86,869.1,1327.21,870.28,911.53
2024-05-23 05:00:00,6.778,19.234,854.5,929.18,,1363.28,841.92,
2024-05-23 06:00:00,6.516,18.482,852.85,936.88,848.65,1405.54,836.2,926.09
2024-05-23 07:00:00,8.247,19.744,,884.49,805.31,1329.37,865.36,867.92
2024-05-23 08:00:00,8.178,16.889,859.39,,875.14,1302.22,795.0,813.87
2024-05-23 09:00:00,6.444,17.079,900.87,964.85,859.01,1399.82,832.61,871.5
2024-05-23 10:00:00,6.215,16.242,864.22,921.75,886.82,1329.14,,935.56
2024-05-23 11:00:00,5.582,17.434,922.87,,873.13,1372.85,,874.13
2024-05-23 12:00:00,6.461,15.201,879.0,888.54,771.81,1331.91,889.65,866.24
2024-05-23 13:00:00,5.009,15.74,909.42,920.06,955.35,1354.61,924.64,951.81
2024-05-23 14:00:00,4.653,14.811,956.56,931.4,914.17,1311.85,936.27,899.07
2024-05-23 15:00:00,5.531,17.553,880.97,949.52,900.08,1358.93,870.03,915.52
2024-05-23 16:00:00,4.134,14.322,930.54,971.35,810.5,1387.08,913.44,915.15
2024-05-23 17:00:00,4.422,13.82,881.59,921.3,884.03,1271.51,942.03,937.89
2024-05-23 18:00:00,3.154,15.645,926.98,1054.52,,1333.46,907.15,927.07
2024-05-23 19:00:00,5.032,17.492,870.2,888.46,949.87,1337.59,931.75,957.01
2024-05-23 20:00:00,6.149,15.58,843.43,844.27,848.97,1323.15,878.65,897.26
2024-05-23 21:00:00,5.373,16.043,904.67,881.16,930.51,1315.86,951.58,882.06
2024-05-23 22:00:00,6.222,18.105,876.66,921.37,936.19,1411.99,825.0,854.66
2024-05-23 23:00:00,4.675,18.144,921.32,,901.11,1434.63,913.3,976.65
2024-05-24 00:00:00,5.86,18.171,887.21,882.89,934.65,1376.88,901.72,904.83
2024-05-24 01:00:00,5.237,17.531,974.3,909.61,944.21,1340.86,961.68,849.42
2024-05-24 02:00:00,6.108,19.312,856.07,910.7,914.84,1451.22,923.08,892.55
2024-05-24 03:00:00,7.167,17.599,814.97,829.11,884.08,1334.4,831.06,935.64
2024-05-24 04:00:00,6.832,18.853,843.96,918.29,823.06,1389.05,877.47,844.25
2024-05-24 05:00:00,5.751,21.572,913.54,991.75,933.59,1451.03,947.47,935.45
2024-05-24 06:00:00,5.88,21.537,930.28,917.74,892.05,1408.84,941.13,957.6
2024-05-24 07:00:00,5.798,20.484,931.49,938.19,855.54,1407.38,953.96,906.99
2024-05-24 08:00:00,7.187,17.496,890.55,875.24,907.6,1410.68,812.53,824.96
2024-05-24 09:00:00,8.266,18.096,826.19,892.88,816.19,1365.47,,
2024-05-24 10:00:00,7.468,18.368,839.68,942.17,851.64,1383.31,,859.44
2024-05-24 11:00:00,4.584,18.548,,943.06,917.91,1419.29,945.43,926.63
2024-05-24 12:00:00,6.939,16.788,763.79,878.0,780.41,1357.18,837.68,886.12
2024-05-24 13:00:00,6.254,17.527,885.97,935.2,853.9,1393.41,879.96,948.56
2024-05-24 14:00:00,3.992,19.514,971.09,993.02,964.02,1433.29,945.95,940.23
2024-05-24 15:00:00,4.75,17.512,991.39,912.48,902.92,1370.93,992.83,937.86
2024-05-24 16:00:00,5.691,17.028,839.15,845.01,862.24,1453.5,850.08,926.0
2024-05-24 17:00:00,5.149,15.397,890.41,905.95,895.11,1316.06,838.47,918.36
2024-05-24 18:00:00,3.634,14.635,896.58,989.14,958.38,1320.67,910.41,
2024-05-24 19:00:00,5.225,15.248,839.38,911.2,809.82,1372.19,,
2024-05-24 20:00:00,3.16,14.958,951.66,949.97,922.02,1365.63,984.81,953.21
2024-05-24 21:00:00,4.897,17.434,950.48,920.79,899.16,1360.4,915.51,923.24
2024-05-24 22:00:00,6.249,18.27,929.45,976.48,944.82,1362.39,898.8,953.77
2024-05-24 23:00:00,5.658,17.185,880.3,873.78,929.4,1362.23,909.61,844.19
2024-05-25 00:00:00,5.57,19.091,933.28,914.87,833.34,1406.74,877.69,977.49
2024-05-25 01:00:00,7.006,21.245,872.51,867.31,924.97,1424.73,848.84,863.1
2024-05-25 02:00:00,7.38,22.366,893.49,957.61,859.57,1426.33,825.32,859.35
2024-05-25 03:00:00,7.912,21.407,895.19,800.55,780.25,1440.75,875.06,853.21
2024-05-25 04:00:00,7.771,20.642,848.52,830.28,790.62,1409.75,799.4,906.65
2024-05-25 05:00:00,8.072,21.989,890.62,858.66,904.54,1456.15,,903.85
2024-05-25 06:00:00,7.851,22.845,820.52,872.49,876.31,1451.41,826.43,874.72
2024-05-25 07:00:00,7.453,18.797,878.88,911.23,803.22,1331.93,906.13,859.11
2024-05-25 08:00:00,7.209,22.835,917.08,927.01,939.06,1466.75,840.99,896.32
2024-05-25 09:00:00,6.774,20.136,913.49,863.94,897.98,1436.34,868.75,895.13
2024-05-25 10:00:00,5.763,19.785,866.19,935.95,879.75,1420.75,862.43,919.99
2024-05-25 11:00:00,5.697,19.569,901.34,917.95,903.46,1358.07,851.07,960.21
2024-05-25 12:00:00,5.943,19.912,913.78,899.73,850.06,1418.55,866.87,928.86
2024-05-25 13:00:00,6.069,17.728,905.35,948.09,955.81,1355.55,906.35,929.64
2024-05-25 14:00:00,6.757,18.287,877.14,897.28,808.58,1376.05,801.59,859.7
2024-05-25 15:00:00,5.341,18.896,965.5,998.02,841.62,1411.45,974.3,880.61
2024-05-25 16:00:00,6.006,18.26,848.67,930.12,884.47,1372.55,827.39,904.03
2024-05-25 17:00:00,5.965,18.305,886.94,949.59,998.5,1399.98,861.98,939.8
2024-05-25 18:00:00,4.895,17.441,862.36,835.6,839.41,1388.48,878.41,937.87
2024-05-25 19:00:00,5.616,18.78,929.01,928.73,922.75,1403.04,883.58,925.34
2024-05-25 20:00:00,5.085,19.465,944.63,961.52,907.95,1398.25,985.16,940.43
2024-05-25 21:00:00,6.548,19.76,1002.78,919.28,888.31,1432.56,867.88,884.29
2024-05-25 22:00:00,6.267,19.541,928.38,968.5,925.03,1445.13,870.77,946.85
2024-05-25 23:00:00,5.116,20.686,941.45,971.72,882.21,1430.5,951.56,962.58
2024-05-26 00:00:00,6.528,21.172,901.4,854.76,868.94,1414.0,851.65,894.56
2024-05-26 01:00:00,8.049,23.905,851.13,884.37,829.36,1453.42,855.44,922.41
2024-05-26 02:00:00,6.895,22.686,893.58,929.58,938.15,1476.68,937.36,888.12
2024-05-26 03:00:00,7.668,21.58,872.08,843.66,908.1,,881.49,876.73
2024-05-26 04:00:00,7.958,20.959,782.72,840.46,797.06,1406.25,856.39,815.6
2024-05-26 05:00:00,6.833,21.987,894.5,927.51,892.93,1418.75,892.71,925.15
2024-05-26 06:00:00,8.134,22.019,854.88,854.67,889.94,1442.86,821.31,870.48
2024-05-26 07:00:00,6.591,23.01,960.39,950.69,821.59,1479.71,842.99,892.5
2024-05-26 08:00:00,7.107,21.404,872.7,893.04,925.45,1426.06,896.93,985.69
2024-05-26 09:00:00,8.3,23.405,826.13,766.18,846.79,1462.95,840.95,896.17
2024-05-26 10:00:00,7.498,19.94,869.17,871.09,830.66,1413.69,879.88,934.82
2024-05-26 11:00:00,6.702,19.213,881.39,876.16,923.48,1419.7,936.26,911.96
2024-05-26 12:00:00,7.015,20.539,871.43,910.7,912.09,1387.11,924.96,889.72
2024-05-26 13:00:00,6.322,19.219,844.7,921.23,816.49,1373.78,886.67,863.71
2024-05-26 14:00:00,6.114,18.284,885.63,870.47,904.11,1367.96,897.18,899.55
2024-05-26 15:00:00,6.404,18.662,864.4,907.96,897.54,1385.37,842.92,963.19
2024-05-26 16:00:00,5.129,18.241,910.89,961.0,805.65,,892.49,928.05
2024-05-26 17:00:00,5.647,19.012,933.07,943.07,912.61,1388.43,889.34,921.11
2024-05-26 18:00:00,5.348,18.233,888.71,971.64,874.63,1406.81,926.45,930.3
2024-05-26 19:00:00,4.394,18.444,932.24,922.82,963.41,1353.23,929.82,1025.7
2024-05-26 20:00:00,5.07,19.33,943.98,938.5,868.72,1383.45,931.85,904.85
2024-05-26 21:00:00,7.275,20.916,860.98,789.8,865.58,1397.56,852.92,885.45
2024-05-26 22:00:00,6.601,21.923,985.13,950.7,859.65,1479.06,860.32,929.74
2024-05-26 23:00:00,5.549,20.862,927.23,938.89,874.87,1433.22,939.59,966.48
2024-05-27 00:00:00,5.71,21.517,873.47,927.34,809.39,1448.16,924.9,937.7
2024-05-27 01:00:00,7.188,21.588,846.5,879.61,910.96,1405.74,843.76,842.77
2024-05-27 02:00:00,8.841,22.911,802.64,855.02,882.57,1426.66,839.76,893.18
2024-05-27 03:00:00,7.717,23.26,839.73,914.47,865.75,1379.51,842.59,898.22
2024-05-27 04:00:00,9.128,24.743,854.57,820.5,852.59,1473.69,858.21,887.33
2024-05-27 05:00:00,8.509,21.129,798.1,857.48,801.18,1391.67,888.16,840.2
2024-05-27 06:00:00,8.671,23.225,830.14,858.12,884.78,1399.71,813.21,914.06
2024-05-27 07:00:00,7.21,23.887,925.61,803.0,888.69,1480.87,889.21,913.09
2024-05-27 08:00:00,8.935,23.291,816.45,805.65,836.29,1419.25,,837.68
2024-05-27 09:00:00,7.752,21.919,885.09,885.12,,1434.89,849.59,945.11
2024-05-27 10:00:00,8.488,21.114,778.45,891.09,777.77,1420.13,797.47,847.19
2024-05-27 11:00:00,6.883,23.2,878.71,953.71,,1545.19,889.65,923.19
2024-05-27 12:00:00,7.392,20.848,835.84,827.02,875.94,1403.78,885.95,901.66
2024-05-27 13:00:00,7.248,19.173,873.84,915.57,842.74,1392.25,801.8,902.77
2024-05-27 14:00:00,6.58,21.865,857.94,946.36,834.66,1438.87,879.22,872.37
2024-05-27 15:00:00,6.805,21.014,956.46,911.79,879.48,1400.27,918.22,990.13
2024-05-27 16:00:00,6.105,20.046,841.9,834.0,899.0,1417.45,932.63,937.71
2024-05-27 17:00:00,5.706,18.927,945.17,902.72,924.1,1417.52,854.16,969.06
2024-05-27 18:00:00,7.495,19.86,890.24,874.06,803.01,1413.22,795.33,843.14
2024-05-27 19:00:00,7.118,21.561,888.56,877.46,850.56,1451.28,914.16,893.83
2024-05-27 20:00:00,5.818,18.403,901.82,832.3,894.16,1360.26,827.18,915.82
2024-05-27 21:00:00,7.099,18.82,930.83,868.83,899.68,,833.24,889.37
2024-05-27 22:00:00,6.327,20.396,,871.51,918.56,1368.13,923.18,974.91
2024-05-27 23:00:00,6.29,21.638,893.99,937.26,867.34,1386.74,,960.79
2024-05-28 00:00:00,8.403,21.629,847.55,865.17,859.08,1472.44,,835.03
2024-05-28 01:00:00,6.552,23.55,883.2,931.92,870.42,1474.26,907.74,987.61
2024-05-28 02:00:00,8.974,24.605,798.53,821.87,822.62,1489.39,872.63,822.91
2024-05-28 03:00:00,8.307,24.083,871.99,857.24,840.0,1485.44,832.61,881.94
2024-05-28 04:00:00,8.559,24.775,860.58,847.09,823.86,,823.54,841.63
2024-05-28 05:00:00,9.204,24.665,776.92,866.01,865.62,1509.72,886.22,897.37
2024-05-28 06:00:00,9.411,24.453,842.5,800.88,867.73,1460.11,809.21,837.21
2024-05-28 07:00:00,8.272,22.856,861.14,823.57,830.36,1379.95,754.97,852.29
2024-05-28 08:00:00,9.416,23.01,798.84,856.17,,,814.73,871.38
2024-05-28 09:00:00,8.771,22.339,811.61,869.18,816.21,1459.43,846.92,874.72
2024-05-28 10:00:00,7.456,23.402,891.38,900.26,830.41,1418.66,910.58,884.88
2024-05-28 11:00:00,8.064,23.41,915.86,925.35,809.41,1447.79,878.58,893.48
2024-05-28 12:00:00,9.023,20.908,835.37,907.51,891.86,1436.84,828.3,841.51
2024-05-28 13:00:00,8.978,22.249,856.05,878.67,795.65,1454.68,787.8,872.07
2024-05-28 14:00:00,7.951,20.662,821.24,827.67,869.5,1403.77,903.2,854.64
2024-05-28 15:00:00,6.205,20.047,881.97,944.82,897.72,1387.47,888.98,934.46
2024-05-28 16:00:00,7.389,20.294,885.72,878.86,804.26,1405.33,,873.61
2024-05-28 17:00:00,7.586,19.531,807.93,843.34,863.16,1397.51,883.5,892.95
2024-05-28 18:00:00,7.475,21.567,875.01,845.87,871.62,1449.99,885.05,825.46
2024-05-28 19:00:00,7.593,20.736,877.99,880.02,850.82,1407.53,840.74,863.82
2024-05-28 20:00:00,7.405,22.146,870.98,912.16,845.79,1485.35,920.42,
2024-05-28 21:00:00,7.276,20.984,881.86,935.28,860.66,1425.79,869.52,845.75
2024-05-28 22:00:00,7.126,21.473,879.12,913.35,886.94,1418.24,883.05,901.15
2024-05-28 23:00:00,6.414,24.72,889.88,941.88,865.86,1476.31,937.33,950.92
2024-05-29 00:00:00,8.544,21.07,,831.57,891.19,1384.52,824.79,891.49
2024-05-29 01:00:00,8.762,25.106,844.49,853.61,876.66,1511.76,877.77,
2024-05-29 02:00:00,9.378,26.06,880.34,768.28,737.22,1487.33,835.95,
2024-05-29 03:00:00,8.141,25.436,902.37,,855.11,1406.31,,899.51
2024-05-29 04:00:00,9.947,24.465,799.48,822.35,905.26,1448.38,820.52,838.22
2024-05-29 05:00:00,11.225,26.801,760.73,833.19,802.08,1525.15,719.08,776.25
2024-05-29 06:00:00,9.715,24.797,804.17,811.92,792.77,1454.07,814.22,833.34
2024-05-29 07:00:00,9.592,24.294,805.35,863.58,850.27,1419.37,801.16,875.15
2024-05-29 08:00:00,9.799,24.501,825.95,790.95,730.61,1447.6,831.79,855.7
2024-05-29 09:00:00,11.018,23.991,806.45,825.84,790.23,1457.72,783.72,762.37
2024-05-29 10:00:00,8.355,23.15,929.44,910.08,825.75,1441.72,819.25,851.63
2024-05-29 11:00:00,9.077,25.16,810.02,880.3,842.33,1451.37,797.8,871.03
2024-05-29 12:00:00,7.994,22.406,879.78,863.81,795.5,1455.98,902.54,809.49
2024-05-29 13:00:00,7.916,22.805,879.95,856.2,837.36,1480.83,916.4,861.33
2024-05-29 14:00:00,8.055,20.649,835.83,839.34,730.56,,939.85,878.68
2024-05-29 15:00:00,8.955,22.027,792.48,790.62,800.25,1430.04,804.72,826.0
2024-05-29 16:00:00,9.157,20.308,824.62,836.59,817.0,1386.08,784.56,845.74
2024-05-29 17:00:00,7.986,20.101,921.05,844.82,885.67,1410.04,801.93,791.26
2024-05-29 18:00:00,7.316,21.34,880.61,895.23,965.3,1462.38,859.04,911.51
2024-05-29 19:00:00,9.682,22.829,784.07,815.44,778.78,1463.73,743.19,
2024-05-29 20:00:00,7.497,22.309,864.98,834.09,,1438.53,847.64,910.22
2024-05-29 21:00:00,7.603,22.73,,,848.44,1418.96,867.01,
2024-05-29 22:00:00,6.919,22.398,887.71,899.63,864.57,1454.31,818.76,919.62
2024-05-29 23:00:00,9.776,22.653,,839.62,813.7,1428.37,,814.45
2024-05-30 00:00:00,9.775,24.542,792.51,764.22,813.73,1476.42,845.82,886.94
2024-05-30 01:00:00,11.275,23.453,642.44,713.62,845.29,1394.55,754.87,770.54
2024-05-30 02:00:00,8.549,25.631,865.64,837.61,843.25,1472.49,876.44,868.64
2024-05-30 03:00:00,11.107,26.545,759.73,771.16,741.82,1511.38,730.27,791.86
2024-05-30 04:00:00,10.217,24.387,776.03,790.52,815.46,1461.71,729.79,815.91
2024-05-30 05:00:00,10.957,24.78,748.9,817.73,740.29,1419.72,801.79,765.27
2024-05-30 06:00:00,9.065,25.044,852.89,876.44,824.69,1516.8,839.8,834.27
2024-05-30 07:00:00,11.547,23.886,732.6,703.16,803.94,1423.09,724.43,817.49
2024-05-30 08:00:00,10.913,24.899,810.36,883.4,777.16,1469.09,761.51,860.69
2024-05-30 09:00:00,10.092,26.722,850.57,803.32,846.24,1484.83,763.33,828.9
2024-05-30 10:00:00,10.421,23.506,781.33,835.05,787.65,1446.31,789.95,840.6
2024-05-30 11:00:00,9.034,25.883,825.3,827.19,856.51,1532.21,843.31,872.86
2024-05-30 12:00:00,8.902,23.269,839.91,859.92,805.08,1486.37,836.08,837.27
2024-05-30 13:00:00,8.715,25.822,847.09,886.58,886.94,1540.78,824.71,907.41
2024-05-30 14:00:00,7.344,21.997,812.01,820.8,809.37,1422.21,883.26,881.74
2024-05-30 15:00:00,9.298,22.241,886.74,889.07,,1444.67,822.02,877.97
2024-05-30 16:00:00,9.401,21.016,836.34,780.96,813.38,1352.27,812.93,823.01
2024-05-30 17:00:00,7.797,21.095,840.39,849.81,883.53,,848.63,896.57
2024-05-30 18:00:00,8.626,23.469,777.01,820.17,850.94,1508.29,831.94,859.61
2024-05-30 19:00:00,8.206,22.512,845.22,832.25,868.39,1402.62,833.36,894.67
2024-05-30 20:00:00,8.831,23.387,817.39,816.76,785.51,1424.71,832.09,822.28
2024-05-30 21:00:00,8.287,20.902,839.9,799.75,822.79,1405.01,779.14,821.15
2024-05-30 22:00:00,8.361,23.69,776.76,883.96,859.65,1451.63,,903.0
2024-05-30 23:00:00,10.229,22.23,775.66,792.33,797.89,1442.06,772.41,820.89
2024-05-31 00:00:00,9.677,22.317,795.09,801.77,765.08,1446.46,860.37,
2024-05-31 01:00:00,11.686,24.734,738.05,768.82,723.61,1384.68,686.35,784.39
2024-05-31 02:00:00,10.424,25.212,790.09,859.04,800.2,1437.66,734.88,785.62
2024-05-31 03:00:00,9.925,25.423,818.34,746.28,852.99,1473.13,778.28,879.85
2024-05-31 04:00:00,11.868,26.545,798.33,789.59,850.47,1458.94,736.42,750.26
2024-05-31 05:00:00,11.54,26.939,742.9,740.97,730.68,,733.63,790.65
2024-05-31 06:00:00,11.687,27.728,726.29,683.04,777.54,,673.55,785.1
2024-05-31 07:00:00,12.047,24.473,667.49,726.0,701.35,1369.28,659.98,805.79
2024-05-31 08:00:00,10.482,27.509,788.62,788.1,815.47,1500.53,833.86,779.54
2024-05-31 09:00:00,10.741,27.652,748.02,816.09,792.45,1484.07,855.99,777.66
2024-05-31 10:00:00,10.486,24.544,826.6,789.51,817.18,1460.05,800.19,757.03
2024-05-31 11:00:00,9.33,22.503,816.65,833.21,736.34,1450.23,803.69,850.29
2024-05-31 12:00:00,9.871,22.33,836.99,783.72,791.96,1416.47,801.22,815.84
2024-05-31 13:00:00,10.869,22.921,821.94,720.48,782.77,1384.71,727.35,850.87
2024-05-31 14:00:00,9.729,25.412,791.66,844.57,834.86,1519.07,858.95,865.78
2024-05-31 15:00:00,8.243,22.603,838.76,833.04,860.27,,902.77,824.65
2024-05-31 16:00:00,7.913,21.526,901.91,877.45,855.12,1408.34,820.66,867.66
2024-05-31 17:00:00,10.398,21.245,788.11,837.03,837.54,1341.22,788.19,826.41
2024-05-31 18:00:00,8.982,20.413,,817.42,872.56,1411.52,794.83,837.82
2024-05-31 19:00:00,8.606,23.118,879.22,871.97,831.83,1447.74,855.77,855.67
2024-05-31 20:00:00,9.053,22.157,857.61,825.56,802.74,1441.14,,830.97
2024-05-31 21:00:00,8.309,25.104,874.68,844.84,867.09,1461.16,822.52,884.56
2024-05-31 22:00:00,10.906,23.751,821.76,699.91,815.42,1457.3,767.45,764.64
2024-05-31 23:00:00,9.771,24.474,814.17,809.19,821.85,1504.83,752.22,844.16
2024-06-01 00:00:00,11.517,23.703,765.5,726.72,713.77,1361.02,730.13,787.88
2024-06-01 01:00:00,10.803,23.199,768.34,730.63,822.29,1442.37,751.58,789.8
2024-06-01 02:00:00,12.223,23.939,753.52,617.65,751.18,1381.3,722.94,750.07
2024-06-01 03:00:00,11.561,23.755,721.19,664.54,832.08,1443.64,737.36,774.87
2024-06-01 04:00:00,12.256,26.804,670.32,777.37,717.68,1508.49,710.34,750.85
2024-06-01 05:00:00,12.296,25.445,744.26,701.37,750.07,1420.34,735.89,787.69
2024-06-01 06:00:00,12.288,27.113,693.51,647.85,767.76,1457.2,738.95,690.01
2024-06-01 07:00:00,12.054,26.059,695.62,689.84,,1469.59,748.14,718.66
2024-06-01 08:00:00,11.496,25.339,799.86,739.64,729.48,,699.14,802.85
2024-06-01 09:00:00,13.051,23.963,714.44,674.46,714.57,1373.95,684.97,738.74
2024-06-01 10:00:00,10.571,25.307,781.17,772.9,783.37,1452.56,837.39,
2024-06-01 11:00:00,11.038,24.193,662.95,838.48,780.52,1421.09,691.8,826.5
2024-06-01 12:00:00,10.762,25.013,803.01,855.53,795.12,1455.31,722.42,
2024-06-01 13:00:00,10.788,22.546,795.4,779.54,734.52,1470.1,828.32,774.45
2024-06-01 14:00:00,9.859,23.653,828.47,790.82,795.24,1451.59,814.74,847.56
2024-06-01 15:00:00,10.232,24.459,818.58,809.58,790.52,1425.74,765.94,849.65
2024-06-01 16:00:00,9.68,22.49,803.8,754.54,814.18,1435.52,752.38,833.38
2024-06-01 17:00:00,8.456,22.895,831.9,888.08,862.93,1436.74,813.02,922.92
2024-06-01 18:00:00,9.714,22.56,770.82,813.71,824.44,1471.52,720.24,854.58
2024-06-01 19:00:00,8.892,24.209,815.55,789.8,876.33,1451.25,842.52,779.52
2024-06-01 20:00:00,8.53,22.566,853.95,821.35,,1428.85,868.43,867.23
2024-06-01 21:00:00,10.243,23.266,808.15,,884.68,1469.76,836.22,840.46
2024-06-01 22:00:00,10.798,22.784,,697.86,796.3,1396.22,689.5,833.34
2024-06-01 23:00:00,11.143,22.368,707.76,711.45,709.59,1374.4,763.93,825.89
2024-06-02 00:00:00,11.511,22.352,683.45,710.92,736.03,1413.61,729.0,783.91
2024-06-02 01:00:00,9.846,25.827,807.23,851.4,959.87,1491.19,836.31,853.8
2024-06-02 02:00:00,10.618,23.565,747.81,843.52,734.01,1397.85,678.17,821.96
2024-06-02 03:00:00,13.558,26.069,673.17,651.19,714.34,1386.51,641.68,709.44
2024-06-02 04:00:00,11.356,25.977,718.51,621.48,872.73,1482.2,706.19,708.46
2024-06-02 05:00:00,12.827,26.763,744.77,631.93,675.45,1477.76,640.49,756.41
2024-06-02 06:00:00,11.853,25.097,710.42,860.84,821.53,1466.91,790.17,722.41
2024-06-02 07:00:00,12.449,24.681,766.83,696.08,796.69,1465.92,754.85,811.63
2024-06-02 08:00:00,11.782,25.868,764.07,622.57,750.58,1468.42,735.09,767.74
2024-06-02 09:00:00,12.571,24.728,668.91,778.61,647.25,1430.34,609.22,753.16
2024-06-02 10:00:00,12.006,23.17,797.2,654.21,764.94,1435.62,680.85,775.73
2024-06-02 11:00:00,11.271,26.473,779.44,776.38,780.76,1485.58,822.49,830.71
2024-06-02 12:00:00,10.502,22.661,789.74,731.5,782.2,1377.86,763.77,825.5
2024-06-02 13:00:00,11.268,21.882,747.33,827.9,787.57,,691.05,780.15
2024-06-02 14:00:00,9.817,22.282,821.73,746.03,808.37,1442.08,799.88,910.39
2024-06-02 15:00:00,10.903,23.642,790.93,738.82,715.36,1408.57,754.82,840.91
2024-06-02 16:00:00,12.493,19.201,654.18,713.05,694.29,1387.84,626.01,675.3
2024-06-02 17:00:00,11.374,22.985,742.66,715.92,776.9,1409.0,710.0,767.88
2024-06-02 18:00:00,10.85,20.398,764.12,774.4,786.64,1410.31,695.17,869.17
2024-06-02 19:00:00,10.269,21.856,809.45,818.17,846.83,1381.27,870.21,734.67
2024-06-02 20:00:00,8.927,20.905,,834.12,740.13,1429.67,784.17,832.82
2024-06-02 21:00:00,9.632,24.403,825.86,770.53,866.35,1503.43,789.29,810.3
2024-06-02 22:00:00,11.986,22.554,702.71,675.3,720.7,1379.23,691.91,720.35
2024-06-02 23:00:00,10.638,22.014,754.67,754.04,789.78,1418.31,789.76,743.16
2024-06-03 00:00:00,11.042,22.996,722.28,777.34,809.96,1415.53,675.51,810.4
2024-06-03 01:00:00,11.799,23.959,757.14,752.73,719.5,1400.09,716.36,796.89
2024-06-03 02:00:00,11.392,24.523,734.76,,753.28,1449.35,745.38,790.8
2024-06-03 03:00:00,11.529,25.226,746.99,,791.98,1447.27,753.51,783.01
2024-06-03 04:00:00,12.68,24.99,710.44,615.2,698.83,1430.41,687.6,714.1
2024-06-03 05:00:00,12.147,23.514,719.39,713.53,749.86,1383.47,661.36,782.92
2024-06-03 06:00:00,12.327,24.801,716.86,693.75,690.94,1465.08,693.81,784.09
2024-06-03 07:00:00,12.273,25.843,692.46,722.02,794.78,1446.25,724.95,808.59
2024-06-03 08:00:00,13.215,24.084,683.04,678.34,729.37,1406.14,654.17,662.95
2024-06-03 09:00:00,12.44,25.351,703.58,650.24,,1416.52,691.59,727.43
2024-06-03 10:00:00,12.252,24.14,714.38,693.76,781.12,1460.82,753.05,744.45
2024-06-03 11:00:00,12.602,23.33,738.7,731.3,735.21,,709.87,753.09
2024-06-03 12:00:00,11.718,24.479,759.94,737.99,,1393.07,699.96,761.69
2024-06-03 13:00:00,11.316,20.414,721.02,729.1,778.21,,715.68,786.34
2024-06-03 14:00:00,11.643,21.178,,670.87,771.64,1367.83,730.62,697.0
2024-06-03 15:00:00,11.57,23.024,797.99,750.39,687.93,1435.65,683.96,790.38
2024-06-03 16:00:00,10.745,23.394,766.98,713.1,683.63,1479.74,764.18,781.95
2024-06-03 17:00:00,10.824,23.711,777.4,758.92,767.73,1476.54,777.83,763.49
2024-06-03 18:00:00,10.11,20.93,813.8,768.99,761.62,1424.4,739.3,810.93
2024-06-03 19:00:00,10.104,21.456,800.65,806.18,822.34,1377.86,813.73,835.24
2024-06-03 20:00:00,11.544,22.056,725.72,703.1,722.08,1431.1,754.9,723.83
2024-06-03 21:00:00,11.492,22.892,718.74,718.97,731.27,1401.78,651.93,820.04
2024-06-03 22:00:00,11.764,22.12,729.28,680.04,818.48,1363.96,,731.72
2024-06-03 23:00:00,11.93,23.305,750.83,701.9,795.64,1433.77,767.91,835.69
2024-06-04 00:00:00,12.068,23.231,767.66,713.3,673.19,1401.45,703.85,713.5
2024-06-04 01:00:00,12.914,23.79,634.82,649.25,764.58,1408.94,616.21,686.65
2024-06-04 02:00:00,13.409,22.511,719.27,620.73,747.21,1404.36,659.17,654.35
2024-06-04 03:00:00,13.653,23.598,640.99,630.11,671.77,1423.82,607.89,680.33
2024-06-04 04:00:00,13.049,23.65,711.68,695.72,685.5,1400.2,679.39,748.59
2024-06-04 05:00:00,14.373,23.016,588.58,612.63,565.88,1384.33,614.88,625.71
2024-06-04 06:00:00,13.501,22.494,596.84,576.58,621.28,1410.28,586.55,677.42
2024-06-04 07:00:00,13.797,23.864,599.58,647.31,668.73,1381.6,630.78,659.1
2024-06-04 08:00:00,13.411,23.821,651.81,691.84,668.87,1360.1,603.51,713.31
2024-06-04 09:00:00,13.205,23.91,691.65,676.48,682.87,1397.28,603.14,712.11
2024-06-04 10:00:00,12.183,24.001,720.91,604.68,752.33,1417.05,730.12,842.33
2024-06-04 11:00:00,13.057,23.041,667.46,664.04,772.96,1394.36,659.38,716.23
2024-06-04 12:00:00,14.474,21.952,643.93,629.5,610.6,1427.6,483.08,651.08
2024-06-04 13:00:00,11.599,20.608,729.98,702.08,715.7,1351.19,739.81,779.29
2024-06-04 14:00:00,11.679,22.239,743.65,837.05,740.87,1396.41,673.29,700.94
2024-06-04 15:00:00,11.028,20.612,862.7,660.12,749.91,1354.02,741.15,746.33
2024-06-04 16:00:00,10.815,19.858,758.73,760.73,835.3,1375.84,731.09,793.48
2024-06-04 17:00:00,12.333,19.917,670.47,710.34,700.96,1367.09,714.56,767.03
2024-06-04 18:00:00,10.529,19.155,783.93,772.52,808.14,1381.73,775.71,774.76
2024-06-04 19:00:00,10.74,19.426,785.77,763.19,873.04,1369.42,758.19,773.69
2024-06-04 20:00:00,9.98,19.549,,747.69,861.89,,800.38,792.65
2024-06-04 21:00:00,10.845,20.157,764.68,731.44,757.15,1301.08,742.56,790.06
2024-06-04 22:00:00,10.343,21.663,837.34,804.19,770.17,1427.98,806.4,862.15
2024-06-04 23:00:00,12.514,21.807,742.76,593.3,672.53,1424.4,687.89,707.61
2024-06-05 00:00:00,14.568,23.652,603.8,610.27,645.21,1365.53,617.91,684.9
2024-06-05 01:00:00,12.355,23.727,688.46,687.14,663.07,1393.72,746.94,670.5
2024-06-05 02:00:00,11.614,25.062,764.36,754.78,858.46,1420.15,773.73,811.13
2024-06-05 03:00:00,13.924,23.758,616.34,643.31,644.83,1418.26,617.69,679.62
2024-06-05 04:00:00,12.822,24.015,722.28,,714.57,1385.04,731.37,715.22
2024-06-05 05:00:00,14.571,22.936,619.38,627.7,648.25,1372.34,552.21,664.7
2024-06-05 06:00:00,13.355,24.539,762.66,594.15,644.51,1376.75,644.47,700.8
2024-06-05 07:00:00,13.042,22.65,726.68,739.5,738.9,1403.93,674.91,638.11
2024-06-05 08:00:00,13.293,21.43,,527.65,700.16,1353.19,626.95,679.38
2024-06-05 09:00:00,13.858,24.665,628.12,598.0,663.99,1423.32,655.94,679.05
2024-06-05 10:00:00,12.828,20.877,609.9,665.8,711.5,1336.68,659.18,693.67
2024-06-05 11:00:00,12.33,22.377,631.2,675.97,719.47,1374.36,625.16,720.66
2024-06-05 12:00:00,12.264,20.233,703.27,697.1,713.1,1340.78,633.99,708.8
2024-06-05 13:00:00,11.102,22.08,715.66,741.53,738.43,1379.94,778.11,770.5
2024-06-05 14:00:00,12.153,21.717,768.31,747.28,731.13,1359.09,657.21,712.6
2024-06-05 15:00:00,10.163,20.378,,765.55,806.11,1346.83,777.46,796.92
2024-06-05 16:00:00,11.052,20.876,744.5,,727.02,1398.5,723.19,793.04
2024-06-05 17:00:00,11.9,19.144,698.87,771.67,733.48,1351.96,713.75,664.54
2024-06-05 18:00:00,11.499,21.703,791.08,766.89,669.3,1381.26,722.36,753.77
2024-06-05 19:00:00,11.775,19.94,779.39,702.63,782.63,1381.46,670.94,740.0
2024-06-05 20:00:00,11.375,18.119,695.58,742.32,683.64,1375.23,658.85,748.23
2024-06-05 21:00:00,12.557,19.555,646.03,743.77,626.37,1320.79,697.76,668.17
2024-06-05 22:00:00,12.614,19.656,670.56,610.9,676.15,1349.44,655.69,715.21
2024-06-05 23:00:00,12.524,19.975,701.66,628.35,712.06,1356.35,614.75,709.25
2024-06-06 00:00:00,13.223,18.758,631.32,608.88,656.13,1299.81,638.75,652.76
2024-06-06 01:00:00,13.395,21.682,670.34,640.24,712.06,1330.36,645.88,655.82
2024-06-06 02:00:00,12.735,19.99,745.39,699.76,684.57,1421.08,645.33,712.57
2024-06-06 03:00:00,12.263,18.99,644.56,651.6,698.91,1345.92,673.99,664.61
2024-06-06 04:00:00,13.867,21.878,617.72,569.24,654.78,1367.54,650.12,672.29
2024-06-06 05:00:00,14.089,21.536,572.71,541.4,721.46,1367.26,600.17,660.46
2024-06-06 06:00:00,14.568,21.43,568.66,529.75,612.33,1421.79,516.35,569.82
2024-06-06 07:00:00,12.907,18.624,652.87,621.79,786.76,1314.25,647.23,686.84
2024-06-06 08:00:00,12.812,21.079,653.09,573.77,781.89,1367.65,696.76,667.32
2024-06-06 09:00:00,13.715,21.526,657.06,591.55,615.56,1364.11,566.23,724.63
2024-06-06 10:00:00,13.043,20.51,670.76,604.61,725.55,1385.68,673.31,649.9
2024-06-06 11:00:00,11.302,21.205,755.63,729.62,730.21,1395.44,727.72,817.64
2024-06-06 12:00:00,12.8,21.845,671.79,731.14,709.7,1333.58,606.45,700.66
2024-06-06 13:00:00,10.707,20.227,757.46,697.17,704.34,1323.69,787.11,796.01
2024-06-06 14:00:00,11.143,20.308,735.44,781.57,753.36,1404.11,703.99,779.85
2024-06-06 15:00:00,12.732,19.944,668.37,727.77,813.04,1354.22,658.62,648.95
2024-06-06 16:00:00,12.919,17.023,670.11,,639.95,1281.81,649.74,656.86
2024-06-06 17:00:00,10.365,18.523,703.17,784.56,805.9,1325.99,763.84,774.68
2024-06-06 18:00:00,11.032,19.073,756.81,795.1,760.59,1404.55,705.34,713.71
2024-06-06 19:00:00,11.368,17.374,694.72,746.81,711.82,1324.49,757.61,735.41
2024-06-06 20:00:00,12.877,17.098,645.8,689.4,726.96,,607.08,678.62
2024-06-06 21:00:00,11.246,18.951,682.68,736.8,727.98,1371.92,709.95,714.9
2024-06-06 22:00:00,11.505,16.901,704.68,671.07,,1320.27,736.31,779.59
2024-06-06 23:00:00,13.412,17.805,645.98,665.54,668.79,1286.02,611.78,629.3
2024-06-07 00:00:00,12.181,18.778,712.42,790.06,763.22,1326.8,,671.26
2024-06-07 01:00:00,13.366,20.585,609.4,616.18,659.59,1369.44,617.39,710.74
2024-06-07 02:00:00,11.892,20.739,732.2,706.91,828.58,1398.38,630.25,704.79
2024-06-07 03:00:00,13.182,22.079,,648.48,616.15,1411.08,681.25,
2024-06-07 04:00:00,12.177,20.001,684.8,630.76,693.62,1330.97,638.37,754.99
2024-06-07 05:00:00,12.776,20.085,675.72,625.24,,1354.24,655.41,675.99
2024-06-07 06:00:00,14.328,21.901,,594.14,620.42,1336.61,,675.7
2024-06-07 07:00:00,13.571,20.195,608.21,613.95,672.79,1336.68,620.88,664.78
2024-06-07 08:00:00,13.231,20.178,664.8,636.38,638.54,1336.83,584.66,658.76
2024-06-07 09:00:00,12.691,18.305,704.98,659.31,630.14,1317.57,587.6,705.29
2024-06-07 10:00:00,12.859,20.416,652.44,651.22,673.15,1381.34,615.44,675.45
2024-06-07 11:00:00,12.981,21.383,765.63,621.78,727.13,1343.94,587.15,736.19
2024-06-07 12:00:00,13.21,17.729,656.26,646.86,640.94,1359.54,618.69,665.38
2024-06-07 13:00:00,10.006,19.621,743.53,801.78,788.05,1410.59,777.23,829.09
2024-06-07 14:00:00,11.145,17.789,781.36,698.17,723.35,1279.31,716.86,706.07
2024-06-07 15:00:00,11.682,15.276,658.52,716.57,739.81,1285.24,661.25,691.51
2024-06-07 16:00:00,11.278,15.951,734.02,696.63,662.28,1258.09,739.95,691.14
2024-06-07 17:00:00,11.552,15.625,676.98,733.5,713.15,1294.26,684.67,770.84
2024-06-07 18:00:00,11.395,16.273,671.56,715.2,712.49,1254.34,747.18,723.35
2024-06-07 19:00:00,10.97,17.172,774.38,755.49,708.93,1353.08,643.07,724.16
2024-06-07 20:00:00,10.904,19.035,742.67,755.41,810.8,1388.76,745.01,752.51
2024-06-07 21:00:00,11.311,15.365,778.9,715.97,652.3,1267.63,711.62,706.77
2024-06-07 22:00:00,12.666,16.862,,668.28,697.99,1297.0,616.04,742.33
2024-06-07 23:00:00,11.442,16.799,664.87,749.92,747.4,1267.7,745.36,751.76
2024-06-08 00:00:00,12.278,16.818,666.51,679.69,680.85,1279.23,662.62,659.65
2024-06-08 01:00:00,12.776,18.92,771.61,659.84,771.52,1322.42,653.22,675.66
2024-06-08 02:00:00,14.158,19.237,636.86,569.11,654.62,1267.51,595.4,637.59
2024-06-08 03:00:00,12.908,17.42,677.12,571.62,646.29,1347.46,706.06,689.74
2024-06-08 04:00:00,14.095,19.884,634.1,589.94,668.42,1331.11,571.12,638.96
2024-06-08 05:00:00,14.423,18.563,575.01,516.11,602.13,,570.89,581.25
2024-06-08 06:00:00,13.417,20.04,741.64,,653.75,1333.44,666.36,689.61
2024-06-08 07:00:00,13.247,21.429,676.24,603.96,732.45,,630.12,686.67
2024-06-08 08:00:00,13.021,20.209,677.85,618.1,710.09,1350.08,682.01,704.08
2024-06-08 09:00:00,12.877,19.496,702.91,625.95,734.13,1364.68,645.4,619.7
2024-06-08 10:00:00,13.505,18.182,589.07,634.61,552.71,1283.93,622.95,662.4
2024-06-08 11:00:00,12.705,18.362,640.38,670.99,704.55,1325.64,643.48,732.08
2024-06-08 12:00:00,12.386,18.388,677.01,678.58,765.91,1304.79,653.18,703.74
2024-06-08 13:00:00,10.974,17.699,777.59,789.48,703.07,1263.28,727.3,751.63
2024-06-08 14:00:00,10.798,16.488,699.11,867.91,756.84,1296.74,698.85,731.62
2024-06-08 15:00:00,13.025,16.401,645.42,655.46,657.19,1282.33,596.36,596.96
2024-06-08 16:00:00,10.964,14.191,720.2,767.35,761.59,1264.36,707.92,737.51
2024-06-08 17:00:00,10.353,14.637,698.34,770.92,731.47,1270.6,742.32,745.62
2024-06-08 18:00:00,12.063,16.247,672.4,709.91,,1290.77,695.97,747.76
2024-06-08 19:00:00,11.171,16.425,748.08,663.08,724.39,1282.68,698.95,703.83
2024-06-08 20:00:00,11.514,15.675,659.44,601.21,834.27,1299.32,,727.69
2024-06-08 21:00:00,11.117,17.603,786.02,649.58,760.26,1310.46,675.17,765.33
2024-06-08 22:00:00,11.206,16.8,745.7,702.53,833.6,1332.89,680.87,755.33
2024-06-08 23:00:00,11.6,16.341,722.79,761.86,747.97,1253.69,708.27,697.64
2024-06-09 00:00:00,10.925,15.623,735.84,747.37,724.96,1292.96,770.06,735.93
2024-06-09 01:00:00,12.256,19.279,657.14,667.77,714.22,1354.68,647.69,727.86
2024-06-09 02:00:00,12.837,18.908,644.9,675.28,,1363.26,703.0,681.35
2024-06-09 03:00:00,14.313,20.504,618.63,592.72,541.47,1318.83,607.3,641.84
2024-06-09 04:00:00,13.076,21.213,644.28,592.73,731.84,1399.25,662.22,638.53
2024-06-09 05:00:00,11.244,17.216,736.25,745.74,745.58,1328.29,731.78,735.33
2024-06-09 06:00:00,13.06,17.236,618.47,669.14,693.11,,645.27,690.18
2024-06-09 07:00:00,15.269,15.222,551.74,593.92,,1182.35,489.7,549.12
2024-06-09 08:00:00,13.634,19.509,652.01,,605.55,1333.07,590.47,587.8
2024-06-09 09:00:00,12.084,18.826,643.93,758.44,720.13,1332.67,663.06,725.53
2024-06-09 10:00:00,12.94,17.691,659.83,627.3,677.65,1307.24,618.58,669.88
2024-06-09 11:00:00,11.566,15.569,655.38,799.57,665.42,1307.65,717.88,694.19
2024-06-09 12:00:00,10.749,16.365,680.82,,811.95,1347.27,778.78,791.24
2024-06-09 13:00:00,11.224,16.125,704.75,750.34,811.73,1305.48,671.75,767.46
2024-06-09 14:00:00,11.268,16.31,822.42,734.55,716.22,1250.23,675.2,720.76
2024-06-09 15:00:00,9.43,15.234,811.64,853.52,803.52,1286.19,825.67,802.88
2024-06-09 16:00:00,9.799,15.335,823.34,836.61,771.21,1391.09,761.03,784.91
2024-06-09 17:00:00,10.588,14.139,763.53,706.28,728.74,1238.54,754.71,729.23
2024-06-09 18:00:00,10.193,15.588,770.76,755.8,745.71,1302.87,735.92,816.25
2024-06-09 19:00:00,10.857,14.947,766.57,823.29,686.09,1300.5,793.85,729.22
2024-06-09 20:00:00,9.67,12.915,744.96,783.26,778.47,1283.78,761.81,769.37
2024-06-09 21:00:00,11.384,16.274,735.99,749.99,700.87,1278.24,734.21,722.71
2024-06-09 22:00:00,10.094,16.443,812.09,732.97,797.07,1357.14,793.62,793.25
2024-06-09 23:00:00,12.625,15.964,688.46,644.79,660.5,1311.92,583.07,734.31
2024-06-10 00:00:00,10.228,16.211,808.61,741.33,716.83,1321.45,688.87,
2024-06-10 01:00:00,11.017,18.333,750.4,,722.64,1310.26,707.09,827.74
2024-06-10 02:00:00,12.494,14.816,723.93,687.42,692.51,1239.46,648.27,708.0
2024-06-10 03:00:00,13.719,18.631,618.39,654.08,635.68,1288.95,601.85,666.45
2024-06-10 04:00:00,12.809,16.84,733.72,604.33,637.42,1281.27,677.97,594.24
2024-06-10 05:00:00,13.106,18.877,675.3,660.32,743.31,1362.63,596.72,691.19
2024-06-10 06:00:00,12.689,17.727,655.59,657.43,628.59,1314.82,609.57,671.73
2024-06-10 07:00:00,11.791,15.976,659.56,598.93,764.74,1304.46,649.36,682.94
2024-06-10 08:00:00,12.078,16.624,662.96,702.9,750.17,1298.64,716.23,693.59
2024-06-10 09:00:00,11.288,18.08,698.09,779.13,777.04,1375.54,744.82,737.5
2024-06-10 10:00:00,10.964,16.141,733.19,799.72,772.73,1251.8,673.47,711.63
2024-06-10 11:00:00,11.997,15.118,643.46,682.53,665.21,1154.55,699.63,691.52
2024-06-10 12:00:00,10.443,14.545,794.88,788.74,726.27,1274.32,717.19,833.22
2024-06-10 13:00:00,11.264,15.505,724.96,742.68,807.37,1282.96,653.92,687.51
2024-06-10 14:00:00,9.655,16.307,785.5,,825.43,1313.17,770.93,807.77
2024-06-10 15:00:00,10.662,11.176,685.25,699.94,744.86,1191.72,711.55,744.48
2024-06-10 16:00:00,9.82,16.742,753.48,784.09,755.74,1281.82,798.68,
2024-06-10 17:00:00,11.192,13.38,636.79,708.47,680.47,1242.74,697.54,726.34
2024-06-10 18:00:00,10.262,13.719,809.32,764.35,702.23,1251.47,785.37,779.3
2024-06-10 19:00:00,11.008,12.522,668.59,,690.39,1239.71,753.85,682.46
2024-06-10 20:00:00,9.511,13.196,726.1,793.73,756.48,1280.33,743.21,766.22
2024-06-10 21:00:00,10.327,13.704,799.68,715.37,756.07,1296.76,732.62,753.87
2024-06-10 22:00:00,9.721,12.583,777.99,837.6,809.96,1271.66,793.0,838.05
2024-06-10 23:00:00,10.44,13.313,748.43,679.19,833.09,1252.71,734.96,741.06
2024-06-11 00:00:00,10.848,16.175,753.06,739.13,808.65,1314.06,766.3,724.75
2024-06-11 01:00:00,10.762,13.365,765.29,729.68,679.88,1215.63,,768.23
2024-06-11 02:00:00,10.635,16.195,753.16,746.64,720.96,1278.07,675.28,797.96
2024-06-11 03:00:00,10.7,15.592,,713.57,707.23,1342.91,752.92,759.79
2024-06-11 04:00:00,10.125,15.159,789.73,710.3,809.72,1321.35,769.43,718.34
2024-06-11 05:00:00,11.246,18.835,751.62,741.35,,1299.87,738.48,757.85
2024-06-11 06:00:00,12.608,15.349,702.96,645.44,656.39,1243.2,657.83,
2024-06-11 07:00:00,10.761,15.027,695.73,758.26,738.52,1336.46,740.42,758.55
2024-06-11 08:00:00,10.799,15.917,716.39,677.8,756.26,1273.45,798.57,732.1
2024-06-11 09:00:00,13.11,14.86,650.68,694.77,678.54,1193.47,633.94,650.9
2024-06-11 10:00:00,10.893,15.334,702.46,734.54,792.95,1269.65,706.77,728.7
2024-06-11 11:00:00,11.344,14.989,633.09,593.85,,1258.93,687.75,665.1
2024-06-11 12:00:00,11.264,14.526,723.6,725.5,714.69,1300.64,695.05,764.84
2024-06-11 13:00:00,10.943,13.537,756.76,711.18,746.6,1278.32,762.97,702.54
2024-06-11 14:00:00,8.879,12.32,782.32,757.51,771.16,1235.7,741.74,797.2
2024-06-11 15:00:00,9.637,13.481,790.02,831.35,784.98,1263.19,821.28,833.91
2024-06-11 16:00:00,8.309,12.217,816.43,857.94,,1261.89,806.2,782.46
2024-06-11 17:00:00,11.414,11.517,697.22,715.4,751.61,1233.13,604.85,723.06
2024-06-11 18:00:00,8.113,13.78,819.6,834.8,860.06,1271.83,860.81,
2024-06-11 19:00:00,8.564,11.888,840.92,831.8,776.85,1254.16,820.6,816.71
2024-06-11 20:00:00,8.663,13.505,764.47,750.2,878.95,1316.64,779.95,789.67
2024-06-11 21:00:00,8.461,13.947,832.91,828.76,807.45,1278.95,809.01,
2024-06-11 22:00:00,10.961,14.396,687.23,781.29,751.06,1272.94,753.29,762.93
2024-06-11 23:00:00,12.079,14.125,652.16,718.46,751.67,1268.64,711.1,686.7
2024-06-12 00:00:00,10.043,13.775,802.48,727.74,844.78,,747.89,782.4
2024-06-12 01:00:00,9.65,14.179,731.27,791.16,,1251.49,818.3,786.97
2024-06-12 02:00:00,9.178,14.409,779.4,754.62,798.01,1297.76,775.2,772.82
2024-06-12 03:00:00,10.993,12.479,801.3,730.86,705.79,1251.37,755.06,761.0
2024-06-12 04:00:00,11.097,16.224,767.12,700.84,751.88,1297.65,659.66,757.13
2024-06-12 05:00:00,10.921,15.819,710.8,703.13,767.71,1275.76,784.15,729.03
2024-06-12 06:00:00,11.631,16.549,690.47,720.61,738.69,1285.57,630.87,724.93
2024-06-12 07:00:00,11.701,15.315,695.79,670.14,702.22,1284.28,659.14,767.02
2024-06-12 08:00:00,11.495,16.018,759.62,679.55,691.35,1256.36,740.37,720.98
2024-06-12 09:00:00,10.764,13.215,696.12,751.37,741.9,1281.2,726.29,734.02
2024-06-12 10:00:00,9.858,13.017,725.37,714.33,732.0,1302.39,783.24,817.31
2024-06-12 11:00:00,10.954,10.933,738.24,708.86,643.13,,660.03,798.76
2024-06-12 12:00:00,10.092,13.192,697.52,704.66,716.79,1273.28,717.56,
2024-06-12 13:00:00,10.453,11.876,705.38,692.95,716.45,1252.94,719.09,741.73
2024-06-12 14:00:00,10.055,11.204,745.66,808.41,710.64,1247.35,683.69,751.73
2024-06-12 15:00:00,8.008,12.243,809.68,813.81,807.65,1206.74,851.76,848.92
2024-06-12 16:00:00,7.778,10.981,763.87,805.35,743.82,1225.72,807.95,870.68
2024-06-12 17:00:00,8.172,9.541,806.5,851.16,,1189.3,749.75,788.57
2024-06-12 18:00:00,7.861,14.215,843.24,905.74,865.05,1285.67,818.73,772.96
2024-06-12 19:00:00,9.321,11.154,746.01,795.24,799.37,1189.16,764.63,773.57
2024-06-12 20:00:00,9.089,10.068,828.95,830.2,772.55,1260.28,786.19,771.78
2024-06-12 21:00:00,9.848,10.852,764.98,745.36,804.48,1229.64,743.31,791.65
2024-06-12 22:00:00,9.505,11.832,731.95,783.53,729.25,1206.45,732.97,731.57
2024-06-12 23:00:00,9.614,12.283,822.81,779.5,789.93,1227.64,752.47,756.98
2024-06-13 00:00:00,10.687,14.545,721.86,757.71,732.27,1316.63,810.89,789.96
2024-06-13 01:00:00,10.384,13.376,752.87,793.19,806.27,1253.87,751.9,770.8
2024-06-13 02:00:00,10.322,16.152,744.37,706.79,770.66,1345.88,715.64,780.49
2024-06-13 03:00:00,11.671,13.793,718.03,660.48,664.08,1269.72,722.7,723.55
2024-06-13 04:00:00,10.739,15.114,723.85,724.72,798.65,1243.52,819.87,749.79
2024-06-13 05:00:00,10.493,16.002,739.55,718.94,737.76,1273.28,765.1,
2024-06-13 06:00:00,10.077,16.251,765.02,785.07,719.32,1276.6,760.04,783.91
2024-06-13 07:00:00,11.239,16.297,708.13,733.14,794.3,1313.72,657.89,744.94
2024-06-13 08:00:00,11.516,14.17,742.0,707.11,735.44,1315.32,689.52,782.01
2024-06-13 09:00:00,10.265,14.147,710.48,745.86,715.09,1277.22,699.9,756.23
2024-06-13 10:00:00,11.073,10.739,706.25,769.52,701.19,1198.43,710.43,732.4
2024-06-13 11:00:00,8.131,12.972,813.84,837.4,792.07,1284.56,728.61,
2024-06-13 12:00:00,9.321,13.975,777.52,787.63,737.03,1274.72,798.11,827.27
2024-06-13 13:00:00,8.993,13.2,821.49,804.49,742.16,1255.55,715.8,795.33
2024-06-13 14:00:00,8.123,11.515,751.72,,785.6,1248.07,805.66,780.94
2024-06-13 15:00:00,10.333,13.22,767.69,764.87,785.39,1277.41,799.62,869.44
2024-06-13 16:00:00,8.152,10.38,754.88,785.71,817.87,1206.35,761.43,750.54
2024-06-13 17:00:00,7.728,9.76,789.72,902.48,766.48,1183.88,782.01,
2024-06-13 18:00:00,8.004,9.967,753.57,842.25,819.09,1243.81,813.66,795.89
2024-06-13 19:00:00,6.391,9.229,830.95,827.09,881.34,1148.42,824.47,902.15
2024-06-13 20:00:00,7.475,11.502,802.22,772.67,769.18,1207.53,867.04,808.61
2024-06-13 21:00:00,9.03,11.399,835.8,822.8,798.19,1233.21,764.14,749.02
2024-06-13 22:00:00,7.958,12.179,820.43,883.58,797.97,1282.19,846.81,829.75
2024-06-13 23:00:00,8.057,11.412,821.15,844.5,779.31,1247.02,822.12,852.28
2024-06-14 00:00:00,10.048,12.338,715.24,789.78,748.59,1224.46,749.64,718.26
2024-06-14 01:00:00,10.352,10.293,759.83,772.24,761.45,1225.95,733.31,757.22
2024-06-14 02:00:00,9.953,13.822,820.87,773.18,705.52,1245.61,770.23,785.25
2024-06-14 03:00:00,9.393,13.886,809.93,723.83,772.35,1294.74,759.3,759.95
2024-06-14 04:00:00,9.726,12.747,719.13,749.07,742.68,1238.07,803.83,733.05
2024-06-14 05:00:00,9.363,14.125,765.15,824.54,775.21,1243.57,726.81,798.82
2024-06-14 06:00:00,9.221,13.992,788.57,820.35,769.23,1299.43,840.48,765.77
2024-06-14 07:00:00,9.11,16.334,778.23,799.66,761.0,1368.48,743.3,803.43
2024-06-14 08:00:00,9.301,12.728,,768.64,847.33,1242.69,811.08,826.73
2024-06-14 09:00:00,8.746,14.066,781.53,819.28,678.88,1313.04,867.72,815.18
2024-06-14 10:00:00,8.044,11.931,806.94,814.66,817.87,1190.91,872.1,803.01
2024-06-14 11:00:00,9.151,12.073,757.1,790.22,792.43,1203.02,695.93,854.61
2024-06-14 12:00:00,8.822,12.543,,810.62,781.91,1225.54,787.27,810.38
2024-06-14 13:00:00,9.654,11.426,,744.27,764.17,1223.11,757.12,746.88
2024-06-14 14:00:00,7.439,11.177,826.03,877.49,831.0,1255.56,883.03,844.74
2024-06-14 15:00:00,7.932,11.157,800.46,823.07,770.26,1200.15,754.75,846.65
2024-06-14 16:00:00,7.724,9.835,770.4,851.85,774.72,1186.56,806.28,830.88
2024-06-14 17:00:00,7.12,11.277,873.68,858.51,799.24,1269.66,795.68,866.95
2024-06-14 18:00:00,7.848,9.77,799.19,889.87,806.83,1186.79,811.78,845.46
2024-06-14 19:00:00,7.883,10.077,798.08,849.68,809.23,1258.84,783.1,801.82
2024-06-14 20:00:00,7.615,10.817,733.59,855.08,754.08,1210.92,821.32,863.28
2024-06-14 21:00:00,7.309,10.963,820.23,863.85,803.83,1272.67,810.6,879.26
2024-06-14 22:00:00,7.446,11.869,810.88,930.69,782.44,1277.43,769.1,836.63
2024-06-14 23:00:00,6.897,11.949,776.73,863.36,782.52,1261.32,878.25,919.19
2024-06-15 00:00:00,7.628,12.641,857.95,850.4,788.34,1272.04,745.39,815.97
2024-06-15 01:00:00,8.055,12.197,790.6,833.01,748.54,1257.89,812.82,
2024-06-15 02:00:00,7.913,11.779,877.77,753.47,720.9,1281.63,797.74,774.06
2024-06-15 03:00:00,9.383,11.756,819.67,788.72,764.78,1170.08,790.67,779.92
2024-06-15 04:00:00,10.15,11.775,722.77,800.23,781.79,1219.33,824.11,738.47
2024-06-15 05:00:00,8.556,16.089,860.75,845.05,792.0,1325.82,737.68,809.03
2024-06-15 06:00:00,9.521,11.38,821.0,839.92,794.64,1263.87,736.11,790.33
2024-06-15 07:00:00,8.396,15.394,794.61,858.92,837.34,1291.77,801.26,804.42
2024-06-15 08:00:00,8.831,12.772,754.08,825.82,743.57,1195.62,757.48,783.57
2024-06-15 09:00:00,8.302,14.859,738.96,864.46,769.56,1224.52,837.07,868.28
2024-06-15 10:00:00,9.058,10.373,786.37,805.85,701.18,1215.42,768.53,
2024-06-15 11:00:00,7.715,12.248,785.03,828.64,813.85,1218.34,789.51,861.35
2024-06-15 12:00:00,8.728,13.754,811.88,806.83,809.27,1269.74,754.39,877.31
2024-06-15 13:00:00,7.382,12.345,808.97,755.48,812.13,1223.85,749.6,885.48
2024-06-15 14:00:00,6.741,10.6,811.67,929.9,785.59,1225.09,863.72,818.24
2024-06-15 15:00:00,5.981,8.257,830.05,875.46,820.01,1258.42,829.41,793.52
2024-06-15 16:00:00,6.966,8.682,778.52,,831.11,1237.67,896.94,811.82
2024-06-15 17:00:00,7.331,11.736,807.86,835.95,834.83,1251.11,874.23,815.65
2024-06-15 18:00:00,6.764,9.582,807.94,932.57,833.3,1209.08,824.29,772.51
2024-06-15 19:00:00,8.349,9.982,790.65,815.65,789.05,,784.36,763.19
2024-06-15 20:00:00,7.793,10.609,813.17,842.71,840.68,1244.37,775.26,803.56
2024-06-15 21:00:00,6.566,9.024,799.27,950.41,772.21,1198.15,832.49,
2024-06-15 22:00:00,6.778,11.492,880.46,901.0,796.27,1292.03,824.95,854.85
2024-06-15 23:00:00,7.67,10.983,809.09,826.0,758.21,1238.8,810.63,815.53
2024-06-16 00:00:00,6.906,12.359,894.83,,806.28,1270.92,872.94,868.06
2024-06-16 01:00:00,8.792,11.834,795.51,829.71,836.64,1191.47,857.52,797.25
2024-06-16 02:00:00,8.41,11.125,797.0,787.12,748.49,1214.77,766.18,794.22
2024-06-16 03:00:00,8.547,12.918,781.63,841.65,755.8,1319.09,734.16,
2024-06-16 04:00:00,9.054,14.522,,801.89,711.99,1241.69,774.27,777.09
2024-06-16 05:00:00,9.976,14.43,766.79,790.42,787.59,1271.31,760.62,783.29
2024-06-16 06:00:00,8.748,14.067,828.41,848.11,786.73,1275.27,813.42,757.06
2024-06-16 07:00:00,8.453,15.045,867.2,755.48,858.93,1309.69,847.7,858.36
2024-06-16 08:00:00,9.603,13.529,746.56,788.44,823.25,1277.12,710.63,785.2
2024-06-16 09:00:00,8.953,13.53,811.68,803.38,733.21,1254.28,796.08,862.49
2024-06-16 10:00:00,7.646,12.479,842.54,854.27,802.62,1288.11,891.87,834.3
2024-06-16 11:00:00,7.591,13.728,845.25,868.44,867.03,1266.25,840.11,
2024-06-16 12:00:00,7.406,12.42,,856.34,780.05,1280.11,784.54,798.95
2024-06-16 13:00:00,7.202,10.892,812.89,826.28,848.68,1190.37,768.13,879.4
2024-06-16 14:00:00,5.512,9.3,847.08,856.34,734.74,1198.61,864.32,884.97
2024-06-16 15:00:00,5.089,12.008,870.42,859.67,861.74,1228.28,954.14,895.02
2024-06-16 16:00:00,5.396,9.48,842.17,910.55,816.62,1233.86,871.35,891.75
2024-06-16 17:00:00,5.189,10.27,877.28,935.85,896.93,,855.9,880.06
2024-06-16 18:00:00,5.379,12.949,861.14,903.05,846.53,1276.22,,863.52
2024-06-16 19:00:00,6.417,11.167,865.83,911.39,862.13,1255.9,928.94,834.27
2024-06-16 20:00:00,5.868,12.349,873.25,894.68,869.38,1238.0,793.59,884.64
2024-06-16 21:00:00,6.326,10.1,854.24,874.44,,1266.49,,905.6
2024-06-16 22:00:00,5.413,12.457,874.92,856.63,896.24,1306.03,843.63,871.44
2024-06-16 23:00:00,6.288,11.699,859.0,866.16,856.62,1230.31,851.62,883.86
2024-06-17 00:00:00,7.413,12.637,820.66,887.54,748.52,1230.49,823.74,802.97
2024-06-17 01:00:00,7.705,15.154,,904.81,840.73,1294.64,861.75,861.06
2024-06-17 02:00:00,6.914,12.891,828.93,859.81,805.49,1281.87,787.24,866.51
2024-06-17 03:00:00,7.847,13.677,834.97,874.61,826.81,1285.23,818.26,805.53
2024-06-17 04:00:00,9.643,12.903,722.32,836.69,770.52,1221.57,,795.94
2024-06-17 05:00:00,7.966,15.268,850.57,803.39,855.62,1296.63,755.73,792.62
2024-06-17 06:00:00,7.443,13.613,813.29,865.37,856.45,1293.7,818.51,840.22
2024-06-17 07:00:00,7.794,15.461,799.42,,785.45,1302.15,844.75,833.16
2024-06-17 08:00:00,7.863,12.071,774.29,877.59,776.38,1255.77,839.63,862.66
2024-06-17 09:00:00,7.455,14.408,793.48,821.28,810.11,1327.8,853.23,835.6
2024-06-17 10:00:00,7.279,12.581,,867.45,859.67,1247.87,830.11,880.43
2024-06-17 11:00:00,5.837,13.765,930.97,894.19,839.05,1326.44,891.58,925.77
2024-06-17 12:00:00,5.888,12.373,848.3,915.7,860.58,1272.88,,942.53
2024-06-17 13:00:00,6.205,11.248,779.54,934.03,871.27,1247.67,823.39,777.65
2024-06-17 14:00:00,5.881,10.963,877.46,953.8,841.45,1208.39,833.73,876.56
2024-06-17 15:00:00,5.289,10.012,837.96,959.99,921.14,1260.09,872.21,922.39
2024-06-17 16:00:00,5.388,11.74,910.49,873.2,832.74,1326.08,855.22,898.46
2024-06-17 17:00:00,5.437,9.297,854.88,885.01,863.53,1191.85,937.11,869.77
2024-06-17 18:00:00,6.037,10.188,847.23,,847.96,1206.34,834.98,873.37
2024-06-17 19:00:00,5.265,11.012,924.04,938.74,859.7,1302.04,812.01,860.63
2024-06-17 20:00:00,5.762,12.755,897.67,893.36,762.4,1302.4,904.54,934.39
2024-06-17 21:00:00,5.179,11.148,841.52,881.05,845.61,1238.53,916.8,884.13
2024-06-17 22:00:00,6.298,11.305,816.06,726.11,757.98,1303.37,859.48,846.85
2024-06-17 23:00:00,6.41,12.43,794.04,818.42,813.8,1258.66,857.96,785.26
2024-06-18 00:00:00,7.092,10.154,918.24,841.31,802.57,1226.86,818.18,854.86
2024-06-18 01:00:00,7.26,11.745,799.38,841.3,907.14,1263.46,817.78,791.44
2024-06-18 02:00:00,7.43,13.24,872.5,868.42,846.27,1301.7,822.56,886.73
2024-06-18 03:00:00,7.108,13.274,822.07,886.42,779.17,1295.29,840.67,882.82
2024-06-18 04:00:00,7.554,12.551,787.17,936.29,816.16,1327.4,813.95,824.48
2024-06-18 05:00:00,8.309,15.726,818.87,800.49,824.8,1357.79,742.23,764.27
2024-06-18 06:00:00,6.958,15.103,841.7,794.59,840.3,1363.29,809.91,838.06
2024-06-18 07:00:00,6.917,14.917,881.51,836.24,836.81,1293.32,,867.7
2024-06-18 08:00:00,7.426,13.743,862.41,920.66,794.07,1297.68,789.36,844.64
2024-06-18 09:00:00,7.404,14.38,816.74,856.73,836.56,1350.15,800.64,823.13
2024-06-18 10:00:00,6.145,14.515,822.85,937.39,863.32,1300.21,899.47,933.42
2024-06-18 11:00:00,6.437,13.126,816.92,860.87,866.24,1273.09,793.85,834.47
2024-06-18 12:00:00,6.093,13.488,790.2,875.42,883.2,,829.4,810.19
2024-06-18 13:00:00,4.068,11.51,908.29,885.79,919.56,1288.68,945.19,944.3
2024-06-18 14:00:00,5.357,12.128,884.16,901.72,862.63,1274.89,856.72,911.69
2024-06-18 15:00:00,5.141,12.998,854.54,924.91,861.29,1301.02,892.35,890.39
2024-06-18 16:00:00,4.931,12.817,855.38,965.36,903.29,1236.61,800.57,895.91
2024-06-18 17:00:00,6.055,12.762,867.32,916.97,810.35,1271.22,904.3,866.45
2024-06-18 18:00:00,3.892,11.474,900.54,1039.36,785.84,1249.91,963.71,911.25
2024-06-18 19:00:00,4.229,11.268,904.83,942.31,807.49,1317.1,915.86,940.19
2024-06-18 20:00:00,2.903,10.922,935.02,999.58,831.68,1268.03,912.2,952.28
2024-06-18 21:00:00,4.782,9.641,898.18,925.26,,1237.82,952.19,863.47
2024-06-18 22:00:00,5.083,10.642,865.77,891.45,862.1,1283.94,974.88,916.94
2024-06-18 23:00:00,5.266,12.569,,935.59,895.83,1330.68,954.58,935.22
2024-06-19 00:00:00,6.855,13.191,781.56,859.18,849.77,1290.6,878.43,857.29
2024-06-19 01:00:00,6.953,15.566,853.61,940.74,882.33,1299.02,857.98,865.03
2024-06-19 02:00:00,6.601,15.965,870.12,855.08,896.85,1318.1,850.39,911.26
2024-06-19 03:00:00,6.476,14.011,855.5,871.2,881.34,1309.22,911.04,927.37
2024-06-19 04:00:00,7.77,16.169,902.12,800.12,863.05,1338.58,825.34,833.4
2024-06-19 05:00:00,7.039,14.849,855.43,882.84,901.54,1286.69,734.06,860.61
2024-06-19 06:00:00,6.427,16.343,868.12,840.27,943.09,1280.93,871.88,888.8
2024-06-19 07:00:00,5.654,16.458,913.22,918.13,877.97,1302.37,888.12,900.39
2024-06-19 08:00:00,6.54,16.817,946.5,844.4,920.06,1314.8,844.99,889.04
2024-06-19 09:00:00,7.293,14.453,849.68,820.63,799.97,1295.23,869.75,953.42
2024-06-19 10:00:00,8.249,15.883,742.68,803.08,787.2,1310.37,789.65,821.36
2024-06-19 11:00:00,6.175,11.973,876.1,917.5,907.29,1216.21,869.82,902.05
2024-06-19 12:00:00,5.19,15.295,,926.01,883.83,1326.46,811.67,885.18
2024-06-19 13:00:00,4.532,13.229,845.35,939.76,,1351.86,876.8,903.77
2024-06-19 14:00:00,5.62,12.809,939.7,931.09,805.24,1296.29,870.15,783.06
2024-06-19 15:00:00,3.506,9.992,978.64,941.37,858.34,1311.86,856.61,924.53
2024-06-19 16:00:00,5.156,11.691,,841.45,811.21,1269.33,854.94,847.01
2024-06-19 17:00:00,5.239,13.622,863.17,879.27,891.7,1302.52,924.34,908.21
2024-06-19 18:00:00,4.881,11.454,,916.72,829.58,1275.61,882.28,885.35
2024-06-19 19:00:00,4.387,12.929,884.37,946.45,874.09,1352.26,,865.96
2024-06-19 20:00:00,5.124,12.354,887.4,945.45,839.47,1328.56,906.91,891.95
2024-06-19 21:00:00,4.989,13.945,878.1,926.38,819.62,,857.09,898.76
2024-06-19 22:00:00,4.468,13.353,900.97,987.76,830.9,1317.44,969.54,987.63
2024-06-19 23:00:00,6.851,12.528,795.41,882.83,862.77,1244.96,,857.82
2024-06-20 00:00:00,5.39,14.272,922.25,864.01,882.87,1273.53,904.99,857.05
2024-06-20 01:00:00,6.593,16.684,912.6,787.18,719.21,1334.16,906.22,893.68
2024-06-20 02:00:00,4.318,15.883,927.06,919.18,877.06,1397.29,896.9,953.57
2024-06-20 03:00:00,7.514,15.602,838.55,861.88,862.97,1374.3,845.55,836.71
2024-06-20 04:00:00,7.85,18.808,866.86,870.07,858.77,1327.46,,852.87
2024-06-20 05:00:00,6.81,17.733,869.18,881.05,943.34,1405.2,894.26,
2024-06-20 06:00:00,7.266,17.433,,874.59,830.66,1410.47,805.57,834.29
2024-06-20 07:00:00,7.217,16.808,807.47,922.29,855.0,1382.25,855.28,925.69
2024-06-20 08:00:00,6.129,17.146,915.68,905.87,830.12,1346.0,925.77,933.3
2024-06-20 09:00:00,6.883,16.91,859.38,894.47,782.86,1373.95,849.36,890.16
2024-06-20 10:00:00,5.543,13.004,844.08,975.5,873.8,1243.48,934.75,848.33
2024-06-20 11:00:00,5.407,15.659,977.73,851.51,859.86,1296.54,876.59,949.52
2024-06-20 12:00:00,6.478,14.518,947.43,954.64,,1384.53,818.19,833.24
2024-06-20 13:00:00,6.039,13.637,864.99,795.29,825.36,1283.54,882.98,885.73
2024-06-20 14:00:00,4.399,13.564,933.43,916.88,871.34,1274.82,917.22,915.61
2024-06-20 15:00:00,4.123,11.562,900.09,930.38,888.04,1264.51,966.85,940.24
2024-06-20 16:00:00,3.997,10.99,906.67,889.72,924.01,1321.88,891.52,908.63
2024-06-20 17:00:00,4.975,14.497,866.3,927.7,916.28,1356.14,944.87,875.55
2024-06-20 18:00:00,3.543,13.532,896.88,975.17,839.64,1295.38,950.01,924.9
2024-06-20 19:00:00,4.665,10.196,959.81,960.92,919.03,1244.34,937.31,883.24
2024-06-20 20:00:00,5.092,12.645,892.96,953.29,860.47,1301.96,867.17,934.57
2024-06-20 21:00:00,4.611,14.757,919.07,953.67,778.0,1349.27,906.91,925.15
2024-06-20 22:00:00,5.734,13.825,853.29,952.72,858.53,1318.53,885.37,850.97
2024-06-20 23:00:00,4.968,16.183,920.36,965.36,846.99,1323.46,960.17,948.75
2024-06-21 00:00:00,5.348,16.513,851.93,915.4,932.16,1347.93,924.16,933.46
2024-06-21 01:00:00,5.045,14.189,875.51,935.89,891.45,1282.26,850.17,883.25
2024-06-21 02:00:00,6.927,16.175,816.84,851.43,887.9,1364.82,824.67,841.12
2024-06-21 03:00:00,5.746,16.27,937.58,865.92,921.72,1344.5,887.91,893.38
2024-06-21 04:00:00,6.828,15.506,800.79,895.15,822.23,1335.04,829.37,849.83
2024-06-21 05:00:00,6.609,15.675,824.23,,858.1,1309.79,928.65,902.91
2024-06-21 06:00:00,5.863,16.569,818.74,904.61,918.17,1371.03,863.49,903.28
2024-06-21 07:00:00,6.175,16.747,851.31,810.71,873.25,1372.75,836.7,860.4
2024-06-21 08:00:00,7.648,17.704,829.45,861.23,799.23,1315.23,820.97,862.39
2024-06-21 09:00:00,6.511,18.347,914.48,867.61,925.31,1402.48,900.67,896.47
2024-06-21 10:00:00,5.293,17.345,902.07,955.38,889.42,1335.68,,889.24
2024-06-21 11:00:00,6.055,17.195,873.47,898.93,836.19,1341.15,947.0,884.76
2024-06-21 12:00:00,5.383,15.506,909.55,919.15,,1364.15,847.06,918.31
2024-06-21 13:00:00,7.953,16.081,814.18,845.84,737.55,1306.87,815.95,883.96
2024-06-21 14:00:00,5.129,14.746,987.1,905.66,850.02,1328.52,1003.71,933.4
2024-06-21 15:00:00,4.348,14.029,900.7,930.28,868.71,1315.56,947.18,901.67
2024-06-21 16:00:00,5.599,16.567,912.26,897.89,913.6,1310.86,870.34,955.52
2024-06-21 17:00:00,2.871,11.343,979.57,987.14,898.76,1324.24,895.94,935.34
2024-06-21 18:00:00,4.38,11.874,889.09,923.17,851.41,1322.1,880.69,931.84
2024-06-21 19:00:00,5.943,14.699,885.53,,902.04,1331.59,880.33,927.66
2024-06-21 20:00:00,4.376,14.171,903.7,881.68,925.74,1311.73,968.06,942.98
2024-06-21 21:00:00,3.276,13.133,956.97,924.61,901.53,1313.74,912.12,932.54
2024-06-21 22:00:00,4.597,14.056,918.08,1020.62,896.79,1357.08,875.06,930.28
2024-06-21 23:00:00,6.369,14.745,863.11,873.06,800.89,1299.6,862.33,887.14
2024-06-22 00:00:00,5.82,17.493,855.31,875.65,866.91,1356.2,961.88,
2024-06-22 01:00:00,5.162,18.445,983.7,939.13,894.62,1384.81,962.14,920.14
2024-06-22 02:00:00,5.578,19.491,932.05,960.66,838.95,1341.51,841.79,949.98
2024-06-22 03:00:00,5.931,16.082,830.71,934.1,796.66,1363.78,880.87,881.43
2024-06-22 04:00:00,6.862,16.717,848.37,850.63,830.5,1352.66,877.45,850.6
2024-06-22 05:00:00,7.768,16.885,783.55,,870.76,1367.57,831.85,788.02
2024-06-22 06:00:00,7.585,20.274,885.53,854.75,873.84,1391.01,809.82,
2024-06-22 07:00:00,7.072,19.211,867.67,893.79,830.76,1346.7,900.36,955.53
2024-06-22 08:00:00,5.527,18.658,909.35,930.93,998.93,1396.67,934.17,892.33
2024-06-22 09:00:00,5.345,18.571,884.43,898.0,848.84,1357.57,967.25,904.34
2024-06-22 10:00:00,6.591,17.865,864.8,872.3,883.17,1386.94,880.31,926.31
2024-06-22 11:00:00,4.804,16.157,945.73,934.11,871.34,1373.04,903.48,894.88
2024-06-22 12:00:00,5.396,17.652,,989.56,938.56,1439.72,925.5,904.64
2024-06-22 13:00:00,5.516,16.347,928.75,915.44,872.75,1393.27,869.47,939.94
2024-06-22 14:00:00,4.08,14.699,877.59,1095.9,892.9,1341.15,969.38,941.16
2024-06-22 15:00:00,3.929,16.466,937.58,962.91,956.76,1358.32,1012.59,907.84
2024-06-22 16:00:00,4.489,15.0,930.66,884.01,887.81,1361.6,885.21,909.59
2024-06-22 17:00:00,4.855,15.636,888.7,955.59,920.5,1352.75,886.21,954.06
2024-06-22 18:00:00,5.268,15.197,842.81,968.89,872.54,1318.33,963.19,898.26
2024-06-22 19:00:00,4.954,16.537,870.68,960.09,781.75,1297.12,948.83,924.84
2024-06-22 20:00:00,4.655,15.984,974.07,956.85,986.74,1420.46,924.7,929.03
2024-06-22 21:00:00,4.199,15.029,888.37,945.54,923.66,1370.01,877.45,976.64
2024-06-22 22:00:00,4.196,16.942,940.41,955.15,899.5,1391.75,931.98,920.11
2024-06-22 23:00:00,4.943,17.516,914.95,,955.01,1378.58,910.69,879.48
2024-06-23 00:00:00,5.999,18.274,888.87,947.21,835.91,1438.95,872.09,935.92
2024-06-23 01:00:00,6.261,19.473,881.13,892.91,,1428.12,896.07,861.82
2024-06-23 02:00:00,4.611,18.026,959.63,1002.39,849.07,1346.82,862.96,898.07
2024-06-23 03:00:00,5.921,20.033,905.61,899.33,879.67,1406.56,907.02,951.44
2024-06-23 04:00:00,7.714,17.532,821.01,853.61,803.51,1377.55,849.39,842.38
2024-06-23 05:00:00,6.944,19.71,876.06,936.88,849.55,1436.45,852.97,893.78
2024-06-23 06:00:00,5.799,19.645,861.32,976.81,827.16,1399.42,950.82,851.27
2024-06-23 07:00:00,8.787,21.696,848.25,867.54,799.62,1467.06,792.66,873.02
2024-06-23 08:00:00,6.771,19.624,854.89,817.36,884.55,1360.14,893.95,860.97
2024-06-23 09:00:00,6.922,20.275,855.59,838.23,922.73,1402.8,924.26,929.14
2024-06-23 10:00:00,6.698,17.07,887.23,914.92,855.01,1348.15,891.22,879.73
2024-06-23 11:00:00,5.807,18.332,885.65,891.24,860.55,1412.99,847.87,938.54
2024-06-23 12:00:00,5.221,17.273,899.27,937.71,916.17,1409.23,980.56,936.39
2024-06-23 13:00:00,7.202,20.794,912.79,890.22,910.97,1456.03,863.07,885.07
2024-06-23 14:00:00,6.03,16.593,851.75,917.05,913.68,,919.86,875.88
2024-06-23 15:00:00,5.65,17.119,916.28,878.33,900.04,1368.2,906.93,884.62
2024-06-23 16:00:00,5.276,16.917,941.63,972.83,854.76,1317.28,954.95,956.28
2024-06-23 17:00:00,3.906,14.71,977.67,948.16,904.85,1335.64,976.52,884.81
2024-06-23 18:00:00,5.704,15.97,968.35,938.99,881.14,1392.78,881.32,
2024-06-23 19:00:00,4.062,17.208,921.23,963.36,814.08,1438.95,934.48,943.38
2024-06-23 20:00:00,5.097,17.077,883.75,1014.96,892.74,1381.97,936.27,852.52
2024-06-23 21:00:00,3.764,14.583,968.83,1031.24,982.3,1342.07,931.16,933.26
2024-06-23 22:00:00,3.706,17.129,986.22,1068.06,898.39,1374.46,993.72,962.36
2024-06-23 23:00:00,5.898,19.569,875.25,986.09,809.85,1405.38,957.17,947.21
2024-06-24 00:00:00,5.322,19.619,,933.19,872.22,1455.18,934.77,980.13
2024-06-24 01:00:00,4.704,20.944,,940.96,892.84,1414.34,928.9,906.07
2024-06-24 02:00:00,7.032,18.834,871.51,836.05,901.09,1375.59,897.78,887.69
2024-06-24 03:00:00,8.56,22.019,871.72,852.78,946.27,1429.24,878.72,890.11
2024-06-24 04:00:00,8.183,20.798,899.66,851.52,844.55,1388.43,825.5,875.78
2024-06-24 05:00:00,7.001,23.014,975.15,893.28,842.73,1474.11,849.97,925.82
2024-06-24 06:00:00,7.272,21.226,880.51,847.82,811.39,1471.07,826.56,875.6
2024-06-24 07:00:00,7.951,18.748,885.61,866.26,875.61,1393.41,801.79,844.02
2024-06-24 08:00:00,8.035,22.076,826.76,843.82,878.96,1412.58,854.65,850.36
2024-06-24 09:00:00,6.689,20.258,884.73,877.42,920.08,1389.09,916.57,914.43
2024-06-24 10:00:00,6.76,19.975,864.97,900.15,845.42,1367.71,825.42,938.16
2024-06-24 11:00:00,6.702,18.251,808.5,887.19,928.06,1371.89,901.5,905.54
2024-06-24 12:00:00,6.612,21.475,835.41,845.81,886.75,1408.91,921.24,876.96
2024-06-24 13:00:00,5.769,18.436,916.47,889.18,852.99,1393.17,966.3,884.28
2024-06-24 14:00:00,5.509,20.519,933.83,956.58,814.43,1404.41,901.96,894.45
2024-06-24 15:00:00,6.479,17.748,842.01,894.02,840.54,1325.56,937.81,852.58
2024-06-24 16:00:00,6.17,16.884,937.72,825.5,842.7,1296.48,890.07,898.97
2024-06-24 17:00:00,5.484,19.431,875.05,960.77,850.28,1424.76,900.68,890.42
2024-06-24 18:00:00,6.455,17.742,888.09,894.68,881.44,1326.02,847.58,868.66
2024-06-24 19:00:00,4.831,17.871,910.62,906.55,873.26,,921.28,966.05
2024-06-24 20:00:00,6.578,16.659,874.53,862.72,813.79,1327.71,829.77,869.96
2024-06-24 21:00:00,5.924,18.015,926.64,921.08,838.39,1384.73,883.29,899.32
2024-06-24 22:00:00,8.375,19.542,859.94,752.27,766.87,1383.31,802.07,847.01
2024-06-24 23:00:00,5.114,18.001,942.58,957.17,872.28,1387.53,850.08,943.27
2024-06-25 00:00:00,5.848,19.479,924.23,960.79,863.89,1432.48,920.08,906.41
2024-06-25 01:00:00,7.065,20.188,828.48,920.1,851.19,1385.61,882.7,821.86
2024-06-25 02:00:00,7.358,21.304,909.55,,876.62,1469.22,850.54,886.11
2024-06-25 03:00:00,8.87,23.462,800.11,805.35,900.47,1474.26,846.33,840.48
2024-06-25 04:00:00,6.987,21.693,878.28,932.86,914.06,1424.44,894.11,959.0
2024-06-25 05:00:00,8.387,21.472,829.5,,771.15,1412.41,783.97,819.34
2024-06-25 06:00:00,8.655,25.713,865.62,816.76,891.23,1496.99,856.22,
2024-06-25 07:00:00,8.27,21.877,829.93,869.67,887.33,1414.77,850.83,859.05
2024-06-25 08:00:00,6.839,22.016,882.03,914.65,908.77,1389.32,872.02,985.44
2024-06-25 09:00:00,8.565,21.545,893.78,902.16,813.96,1389.81,761.62,876.0
2024-06-25 10:00:00,8.196,21.275,800.9,899.43,901.8,1387.81,959.2,920.59
2024-06-25 11:00:00,7.426,21.265,,848.55,821.03,1417.38,844.86,798.88
2024-06-25 12:00:00,6.822,21.806,848.13,910.76,921.02,1401.33,862.37,901.5
2024-06-25 13:00:00,6.551,20.715,913.39,915.71,920.24,1445.28,896.1,883.62
2024-06-25 14:00:00,6.041,21.087,880.31,930.01,911.98,1435.03,887.94,948.26
2024-06-25 15:00:00,6.391,20.679,895.46,895.33,804.83,1408.56,860.67,923.24
2024-06-25 16:00:00,5.736,19.405,860.35,994.85,,1378.75,948.63,941.64
2024-06-25 17:00:00,4.936,19.452,974.54,925.49,943.49,1411.17,872.8,942.83
2024-06-25 18:00:00,4.759,20.308,940.7,1025.31,919.52,1455.57,904.6,984.64
2024-06-25 19:00:00,5.06,17.758,923.04,884.35,892.76,1322.64,893.61,930.7
2024-06-25 20:00:00,5.984,22.334,941.98,910.27,883.52,1409.02,923.28,912.41
2024-06-25 21:00:00,5.999,19.084,854.1,945.86,858.84,1364.48,948.44,915.17
2024-06-25 22:00:00,6.466,19.737,866.24,860.19,869.37,1364.06,841.35,943.96
2024-06-25 23:00:00,7.008,19.23,876.26,854.03,907.9,1346.5,866.26,
2024-06-26 00:00:00,6.441,19.828,827.21,924.77,844.93,,819.72,917.05
2024-06-26 01:00:00,8.451,22.977,788.86,779.37,860.04,1444.72,804.77,887.86
2024-06-26 02:00:00,7.378,25.058,857.42,933.26,767.78,1480.56,872.17,918.82
2024-06-26 03:00:00,7.519,22.111,829.02,934.86,839.08,1443.75,871.73,874.89
2024-06-26 04:00:00,8.468,23.569,836.92,910.59,876.37,1454.01,752.91,876.37
2024-06-26 05:00:00,6.758,23.659,915.52,917.74,930.17,1448.92,841.17,845.26
2024-06-26 06:00:00,7.661,24.706,,861.84,825.28,1470.34,889.4,820.98
2024-06-26 07:00:00,9.063,26.143,907.2,823.9,858.15,1504.43,859.3,
2024-06-26 08:00:00,6.795,25.148,902.12,919.51,927.95,1461.73,871.64,891.0
2024-06-26 09:00:00,8.914,22.76,838.23,838.22,,1447.16,802.22,816.75
2024-06-26 10:00:00,9.006,23.308,831.84,816.52,761.62,1351.06,795.92,862.76
2024-06-26 11:00:00,7.239,22.986,891.97,,815.81,1454.8,923.37,897.41
2024-06-26 12:00:00,7.483,21.732,882.2,865.88,792.65,1440.78,888.73,895.29
2024-06-26 13:00:00,7.861,19.964,882.0,915.82,870.63,1367.41,903.18,832.57
2024-06-26 14:00:00,6.33,19.878,924.36,911.08,881.34,1439.06,938.14,921.96
2024-06-26 15:00:00,7.176,21.841,,887.42,849.43,1470.03,868.18,880.27
2024-06-26 16:00:00,5.781,21.686,,950.8,862.69,1450.37,904.11,973.6
2024-06-26 17:00:00,5.843,19.776,906.33,942.56,934.35,1457.78,909.02,904.37
2024-06-26 18:00:00,5.572,20.309,893.98,926.85,888.57,1396.94,911.53,945.43
2024-06-26 19:00:00,6.553,21.539,877.75,927.5,894.06,1461.68,913.68,885.97
2024-06-26 20:00:00,7.353,18.296,852.75,897.1,,1412.86,869.9,934.29
2024-06-26 21:00:00,6.497,20.162,850.87,,824.86,1376.67,927.96,900.07
2024-06-26 22:00:00,5.904,23.571,899.29,934.64,,1479.35,887.39,950.27
2024-06-26 23:00:00,6.372,22.029,860.82,880.95,891.17,1401.18,912.13,947.77
2024-06-27 00:00:00,7.892,20.869,864.97,832.96,851.96,1437.56,829.23,862.11
2024-06-27 01:00:00,9.39,22.92,832.6,912.99,833.78,1487.43,847.24,919.63
2024-06-27 02:00:00,8.547,24.524,789.12,774.86,890.67,1456.64,,907.02
2024-06-27 03:00:00,8.2,20.693,820.64,802.09,885.38,,861.87,817.21
2024-06-27 04:00:00,9.341,24.314,891.75,825.07,782.03,1447.58,778.14,866.39
2024-06-27 05:00:00,8.685,23.891,866.38,819.16,831.48,1535.33,832.7,890.41
2024-06-27 06:00:00,8.643,22.471,855.02,873.59,792.3,1408.08,836.56,883.92
2024-06-27 07:00:00,8.167,24.507,,891.45,865.71,1448.42,824.02,851.44
2024-06-27 08:00:00,9.969,24.08,819.28,781.85,796.29,1470.41,778.93,826.67
2024-06-27 09:00:00,6.649,23.931,901.01,969.18,878.41,1474.91,,955.35
2024-06-27 10:00:00,9.099,23.162,801.58,784.19,819.06,1519.48,,834.62
2024-06-27 11:00:00,7.829,21.905,842.08,835.7,840.43,1491.25,864.78,848.59
2024-06-27 12:00:00,7.59,20.901,845.04,932.72,958.25,1433.99,,849.9
2024-06-27 13:00:00,8.991,21.333,772.15,774.08,739.83,1440.02,807.97,821.87
2024-06-27 14:00:00,6.805,22.743,845.47,914.33,874.86,1476.87,923.25,848.54
2024-06-27 15:00:00,6.613,21.61,885.09,965.93,816.76,1467.43,850.08,879.3
2024-06-27 16:00:00,6.892,20.961,851.68,,876.32,1437.88,956.95,910.98
2024-06-27 17:00:00,7.237,19.628,855.17,863.81,794.33,1365.15,812.39,917.89
2024-06-27 18:00:00,6.541,20.39,832.42,939.77,871.99,1390.01,856.86,891.69
2024-06-27 19:00:00,5.705,21.822,946.49,922.09,871.91,1476.29,958.25,939.79
2024-06-27 20:00:00,6.421,21.774,971.0,912.21,930.41,,920.23,914.09
2024-06-27 21:00:00,8.359,20.943,876.14,852.85,771.65,1450.36,849.22,850.4
2024-06-27 22:00:00,7.672,18.826,889.46,873.47,782.01,1399.28,843.64,826.87
2024-06-27 23:00:00,8.293,21.662,,817.38,791.55,1387.97,807.84,821.82
2024-06-28 00:00:00,8.063,22.439,864.5,889.94,865.14,1404.96,795.14,915.47
2024-06-28 01:00:00,8.085,22.476,857.78,,857.76,1400.7,868.42,872.0
2024-06-28 02:00:00,10.274,23.579,764.6,744.03,788.46,1465.25,810.93,842.64
2024-06-28 03:00:00,9.06,25.496,865.2,817.94,869.0,1521.37,848.86,868.26
2024-06-28 04:00:00,9.077,24.817,859.6,777.47,742.8,1462.41,819.39,905.49
2024-06-28 05:00:00,10.458,26.276,785.65,798.65,799.53,1488.15,852.49,787.88
2024-06-28 06:00:00,9.075,23.373,849.5,849.36,829.27,1457.72,840.95,845.66
2024-06-28 07:00:00,9.166,24.775,810.55,839.5,843.04,1498.89,830.01,845.32
2024-06-28 08:00:00,9.56,22.64,792.13,833.98,817.11,1420.57,816.89,810.49
2024-06-28 09:00:00,9.392,24.163,852.89,827.29,837.35,1472.81,890.9,774.52
2024-06-28 10:00:00,9.381,23.031,836.03,,839.67,1437.31,780.95,844.71
2024-06-28 11:00:00,10.588,25.365,784.66,776.56,882.31,1423.68,750.19,836.86
2024-06-28 12:00:00,8.903,23.826,825.76,864.65,866.75,1498.69,834.31,909.49
2024-06-28 13:00:00,6.452,24.058,913.74,864.29,833.6,1490.92,901.0,915.74
2024-06-28 14:00:00,8.356,21.866,780.19,792.32,874.34,1421.02,865.96,825.85
2024-06-28 15:00:00,7.907,20.767,825.53,862.73,837.57,1387.82,849.62,834.43
2024-06-28 16:00:00,7.751,20.433,810.63,890.63,821.75,1384.54,877.87,847.2
2024-06-28 17:00:00,7.824,21.836,859.6,854.07,790.91,1387.07,897.57,883.13
2024-06-28 18:00:00,7.594,23.643,911.87,903.45,854.82,1431.11,861.77,862.51
2024-06-28 19:00:00,7.646,22.055,881.86,883.88,865.51,1407.69,923.72,884.38
2024-06-28 20:00:00,8.329,21.331,824.87,765.51,868.32,1400.67,833.86,824.79
2024-06-28 21:00:00,7.626,21.893,840.25,964.57,810.52,1472.72,884.04,877.85
2024-06-28 22:00:00,7.581,22.516,842.67,824.62,843.82,1462.53,860.45,955.12
2024-06-28 23:00:00,11.078,25.487,843.69,721.83,763.65,1439.48,717.46,810.04
2024-06-29 00:00:00,8.427,25.073,859.24,901.53,831.14,1436.07,835.9,848.32
2024-06-29 01:00:00,9.421,24.441,833.18,822.63,763.8,1437.04,879.01,942.93
2024-06-29 02:00:00,8.465,24.761,780.53,822.7,807.83,1521.35,789.92,913.65
2024-06-29 03:00:00,10.033,25.421,772.01,786.28,805.67,1497.19,847.16,862.51
2024-06-29 04:00:00,9.415,25.99,831.79,791.48,862.8,1487.09,754.38,852.01
2024-06-29 05:00:00,9.958,25.118,796.78,774.69,808.87,,810.82,866.6
2024-06-29 06:00:00,11.219,24.685,768.92,782.12,724.83,1485.32,795.05,814.51
2024-06-29 07:00:00,10.75,26.885,797.42,759.01,792.53,1495.33,719.46,791.32
2024-06-29 08:00:00,10.738,25.489,808.44,732.56,744.12,1538.97,743.63,850.74
2024-06-29 09:00:00,8.706,26.298,789.15,819.9,886.35,1506.18,894.33,909.81
2024-06-29 10:00:00,11.375,26.736,728.32,743.07,843.71,1458.06,728.79,796.17
2024-06-29 11:00:00,8.693,24.917,845.25,816.63,851.84,,831.03,854.5
2024-06-29 12:00:00,10.589,24.219,764.92,765.88,822.61,1463.08,762.75,858.16
2024-06-29 13:00:00,9.903,27.125,,828.41,800.97,1502.74,763.03,840.54
2024-06-29 14:00:00,9.288,23.064,827.53,802.73,833.02,1412.72,823.31,847.32
2024-06-29 15:00:00,7.924,21.105,827.02,825.35,842.71,1437.25,897.87,834.99
2024-06-29 16:00:00,8.569,21.771,844.76,813.23,874.0,1431.42,837.79,
2024-06-29 17:00:00,7.981,23.782,882.58,921.62,832.31,1450.45,903.71,946.16
2024-06-29 18:00:00,8.371,20.31,839.29,930.07,825.33,1407.8,819.89,902.55
2024-06-29 19:00:00,8.219,21.04,869.78,851.97,790.03,1408.84,848.26,901.76
2024-06-29 20:00:00,6.938,23.48,815.35,927.43,907.34,1494.87,922.84,922.76
2024-06-29 21:00:00,9.687,22.155,787.96,768.89,780.36,1424.01,805.28,784.15
2024-06-29 22:00:00,9.003,22.772,861.62,806.62,813.38,1426.4,781.53,865.64
2024-06-29 23:00:00,8.999,24.684,808.84,854.07,799.8,1509.69,800.87,879.17
2024-06-30 00:00:00,9.279,23.062,788.95,727.7,813.61,1408.82,816.96,845.46
2024-06-30 01:00:00,10.355,22.686,785.18,814.69,821.53,1382.54,809.4,835.1
2024-06-30 02:00:00,9.672,23.271,813.29,787.72,828.21,1423.56,796.74,900.2
2024-06-30 03:00:00,8.861,26.058,830.42,801.49,901.67,1444.6,876.06,857.72
2024-06-30 04:00:00,11.212,25.995,835.0,770.36,752.99,1428.53,825.1,809.39
2024-06-30 05:00:00,11.451,25.059,766.28,798.29,767.08,1447.76,783.2,751.05
2024-06-30 06:00:00,10.946,24.574,743.37,750.5,,1453.94,743.62,820.67
2024-06-30 07:00:00,10.176,25.577,758.76,811.61,773.59,1470.76,784.56,829.05
2024-06-30 08:00:00,11.075,27.047,795.03,782.58,841.67,,816.05,816.13
2024-06-30 09:00:00,9.671,24.391,786.54,823.3,883.72,1447.63,818.01,817.94
2024-06-30 10:00:00,9.802,24.188,889.75,769.05,769.18,1400.03,804.3,817.0
2024-06-30 11:00:00,9.762,23.076,825.47,815.77,912.72,1459.68,792.72,749.77
2024-06-30 12:00:00,10.757,23.549,,776.01,771.77,1433.4,732.05,803.45
2024-06-30 13:00:00,9.51,23.881,829.89,708.14,750.0,1474.7,773.95,833.74
2024-06-30 14:00:00,9.181,25.534,877.08,,791.76,1504.92,809.84,869.21
2024-06-30 15:00:00,10.884,22.844,685.88,700.58,768.51,1454.22,738.87,793.09
2024-06-30 16:00:00,9.44,22.202,773.48,819.66,796.1,1397.53,828.6,858.53
2024-06-30 17:00:00,9.338,23.103,858.7,881.21,787.64,1405.51,799.67,901.12
2024-06-30 18:00:00,8.759,22.835,890.04,828.48,781.12,1438.26,829.27,830.26
2024-06-30 19:00:00,8.647,21.375,790.85,795.59,768.83,1411.09,810.0,876.83
2024-06-30 20:00:00,7.523,25.03,818.34,906.73,944.34,1527.79,861.92,872.48
2024-06-30 21:00:00,10.266,22.555,798.17,843.23,808.93,1438.7,791.43,800.67
2024-06-30 22:00:00,10.126,23.281,817.55,750.7,844.39,1442.3,685.04,819.75
2024-06-30 23:00:00,9.942,24.139,815.42,709.9,772.72,1418.54,849.21,860.02
2024-07-01 00:00:00,10.314,24.408,796.79,838.01,786.17,1435.05,780.02,
2024-07-01 01:00:00,11.351,26.338,701.39,783.39,735.33,1430.7,712.1,751.19
2024-07-01 02:00:00,9.835,24.279,800.74,823.5,794.53,1433.81,758.6,
2024-07-01 03:00:00,10.883,26.338,777.54,699.22,,1490.13,772.56,711.22
2024-07-01 04:00:00,10.664,25.909,773.04,803.79,781.46,1492.94,,852.58
2024-07-01 05:00:00,13.138,27.086,623.53,702.65,710.29,1489.32,715.83,745.54
2024-07-01 06:00:00,12.489,25.712,734.39,777.07,704.16,1476.69,662.96,741.81
2024-07-01 07:00:00,10.013,25.476,844.54,794.71,850.35,1495.54,850.81,863.44
2024-07-01 08:00:00,10.471,26.569,774.86,796.77,786.06,1475.4,810.42,767.41
2024-07-01 09:00:00,11.413,25.796,754.66,658.52,826.34,1445.73,740.73,810.28
2024-07-01 10:00:00,10.919,23.961,,801.18,,1480.44,787.98,818.56
2024-07-01 11:00:00,9.975,26.07,800.98,846.79,925.77,1477.77,780.87,784.31
2024-07-01 12:00:00,12.306,24.809,735.31,713.61,786.54,1429.47,687.7,749.4
2024-07-01 13:00:00,10.716,23.315,796.64,817.29,783.41,1428.63,834.01,788.93
2024-07-01 14:00:00,10.582,22.351,817.03,741.6,787.66,1371.54,,735.65
2024-07-01 15:00:00,9.427,22.927,856.11,808.4,877.43,1431.78,840.99,832.15
2024-07-01 16:00:00,10.393,22.955,783.36,775.79,808.0,1382.31,775.8,
2024-07-01 17:00:00,9.417,20.04,905.97,,829.4,1404.25,763.39,750.69
2024-07-01 18:00:00,9.48,22.325,869.28,858.5,904.07,1412.75,798.83,855.45
2024-07-01 19:00:00,10.261,22.714,,800.53,805.85,1408.81,736.13,854.15
2024-07-01 20:00:00,8.615,19.297,830.05,842.83,731.13,1320.89,761.92,798.6
2024-07-01 21:00:00,11.412,22.661,677.61,757.32,764.86,1421.86,733.68,721.41
2024-07-01 22:00:00,10.553,23.661,,764.62,842.22,,,844.48
2024-07-01 23:00:00,11.747,23.995,797.42,777.43,765.92,1415.0,738.75,
2024-07-02 00:00:00,10.197,24.765,902.09,778.56,761.83,1462.41,768.46,
2024-07-02 01:00:00,10.654,23.913,779.41,791.55,787.42,1490.96,701.86,808.5
2024-07-02 02:00:00,10.777,23.527,788.78,743.8,847.03,1506.35,789.56,756.62
2024-07-02 03:00:00,12.179,23.015,736.75,736.34,671.56,1372.85,721.84,700.06
2024-07-02 04:00:00,12.247,26.788,798.85,702.4,677.08,1512.52,729.11,828.55
2024-07-02 05:00:00,11.966,26.505,706.21,802.28,723.19,1391.36,,712.92
2024-07-02 06:00:00,11.591,27.116,852.48,734.88,823.73,,785.77,776.93
2024-07-02 07:00:00,11.372,24.76,747.12,780.97,684.57,1396.82,737.28,756.29
2024-07-02 08:00:00,12.25,26.378,686.61,679.76,752.04,1457.64,711.52,691.41
2024-07-02 09:00:00,11.749,23.275,724.46,708.4,769.5,1359.26,,778.57
2024-07-02 10:00:00,11.348,23.603,,739.49,765.17,1469.26,691.04,748.55
2024-07-02 11:00:00,12.867,24.298,705.18,681.14,649.58,1424.66,669.67,738.18
2024-07-02 12:00:00,11.276,24.406,702.81,717.15,,1463.84,741.48,783.19
2024-07-02 13:00:00,12.07,25.089,734.66,687.36,700.9,1437.44,730.92,
2024-07-02 14:00:00,10.36,22.285,810.83,785.92,797.81,1399.72,789.9,732.55
2024-07-02 15:00:00,10.757,21.1,818.85,777.25,734.64,1389.28,799.82,776.24
2024-07-02 16:00:00,10.348,20.7,804.76,776.69,797.32,1447.56,829.49,830.6
2024-07-02 17:00:00,8.936,20.755,872.94,819.14,817.6,1408.09,803.1,823.36
2024-07-02 18:00:00,11.418,24.157,732.39,686.39,712.55,1443.93,,769.19
2024-07-02 19:00:00,10.229,22.447,806.95,808.37,819.92,1390.22,701.31,775.25
2024-07-02 20:00:00,11.076,23.052,684.82,786.14,765.57,1393.14,790.42,780.52
2024-07-02 21:00:00,10.089,21.726,790.87,830.31,810.36,1389.9,,778.03
2024-07-02 22:00:00,10.828,22.402,783.5,767.96,785.0,1432.88,744.18,782.91
2024-07-02 23:00:00,10.576,23.702,802.44,753.06,834.5,1450.44,,
2024-07-03 00:00:00,12.59,22.751,641.01,663.92,738.19,1339.86,685.47,757.95
2024-07-03 01:00:00,12.181,23.502,704.03,706.02,750.74,1431.3,783.56,774.69
2024-07-03 02:00:00,12.535,23.5,693.15,681.09,640.34,1434.92,717.18,690.64
2024-07-03 03:00:00,13.596,24.162,641.27,594.45,663.83,1429.05,612.0,766.89
2024-07-03 04:00:00,13.645,25.051,683.37,561.02,574.32,1443.81,610.29,699.16
2024-07-03 05:00:00,13.472,24.181,654.58,612.72,,1431.22,675.0,702.91
2024-07-03 06:00:00,11.783,25.552,747.77,714.79,803.8,1470.75,714.08,822.52
2024-07-03 07:00:00,12.342,25.456,702.23,709.95,713.87,1410.96,726.45,764.76
2024-07-03 08:00:00,11.994,24.673,768.42,696.35,790.1,1470.33,781.47,731.42
2024-07-03 09:00:00,13.207,23.55,711.46,637.0,656.08,1457.17,603.64,643.36
2024-07-03 10:00:00,12.532,24.228,694.56,688.66,713.34,1464.46,646.75,610.86
2024-07-03 11:00:00,11.012,22.986,864.93,817.88,774.6,1431.04,695.35,859.45
2024-07-03 12:00:00,11.681,23.102,710.83,716.88,,1414.68,668.81,770.81
2024-07-03 13:00:00,10.344,23.818,830.37,725.72,837.54,1426.44,753.58,831.52
2024-07-03 14:00:00,11.225,20.485,711.86,710.32,726.31,1319.07,720.05,785.82
2024-07-03 15:00:00,9.712,24.153,843.82,,793.99,1486.07,,822.56
2024-07-03 16:00:00,11.285,21.111,769.75,794.04,756.55,1341.35,738.35,784.11
2024-07-03 17:00:00,11.062,21.462,,785.88,858.84,1384.03,732.13,731.86
2024-07-03 18:00:00,12.262,19.966,693.63,713.23,,1341.79,717.1,725.21
2024-07-03 19:00:00,11.471,22.277,808.24,759.78,714.36,1442.29,844.59,
2024-07-03 20:00:00,10.591,20.924,744.18,758.67,739.74,1410.43,754.68,762.72
2024-07-03 21:00:00,11.79,20.889,737.05,746.2,721.99,1357.27,688.83,843.6
2024-07-03 22:00:00,10.282,21.053,796.7,818.23,796.52,1392.76,742.49,759.75
2024-07-03 23:00:00,10.935,21.872,761.78,,727.9,1397.4,687.55,805.81
2024-07-04 00:00:00,12.298,23.181,650.49,669.05,763.25,1429.34,,737.61
2024-07-04 01:00:00,10.63,23.371,811.15,760.81,757.1,1403.78,773.41,854.87
2024-07-04 02:00:00,12.631,23.565,698.3,651.42,767.29,1422.1,674.42,716.91
2024-07-04 03:00:00,12.108,23.14,757.89,742.3,,1406.17,767.34,713.58
2024-07-04 04:00:00,13.211,23.354,678.66,,675.03,1475.44,666.81,729.63
2024-07-04 05:00:00,12.401,23.89,711.91,705.53,605.27,1398.37,736.25,711.39
2024-07-04 06:00:00,13.658,25.028,670.35,650.6,665.61,1462.86,617.7,718.14
2024-07-04 07:00:00,13.307,25.168,639.7,590.18,696.06,1420.61,592.37,662.54
2024-07-04 08:00:00,14.305,25.094,681.53,628.07,657.29,1415.86,631.55,636.95
2024-07-04 09:00:00,13.013,23.782,668.41,636.32,724.67,1452.93,694.22,680.26
2024-07-04 10:00:00,12.157,23.794,707.36,683.93,716.69,1439.93,662.95,699.81
2024-07-04 11:00:00,12.298,22.613,753.74,657.84,746.41,1397.12,616.39,691.54
2024-07-04 12:00:00,11.122,20.17,756.62,744.8,712.86,,670.2,819.88
2024-07-04 13:00:00,12.224,21.447,698.26,688.84,759.9,1422.13,726.99,804.21
2024-07-04 14:00:00,12.094,20.736,723.56,640.3,761.5,1358.53,697.07,669.49
2024-07-04 15:00:00,13.36,19.488,668.14,555.22,676.96,1319.66,621.59,712.76
2024-07-04 16:00:00,10.708,19.698,758.4,751.17,795.59,1346.77,778.23,797.76
2024-07-04 17:00:00,10.883,20.303,790.58,785.68,748.24,1430.31,736.05,780.15
2024-07-04 18:00:00,10.607,18.674,717.45,789.45,753.89,1312.15,686.08,732.86
2024-07-04 19:00:00,11.289,19.21,745.89,770.83,730.66,1360.23,700.51,794.05
2024-07-04 20:00:00,11.555,22.081,,718.69,801.47,1410.13,831.35,701.24
2024-07-04 21:00:00,11.408,18.579,750.65,709.06,741.39,1302.87,,742.25
2024-07-04 22:00:00,12.578,20.657,608.75,666.65,668.51,,682.94,685.5
2024-07-04 23:00:00,11.515,19.919,725.97,754.24,734.03,1350.48,688.98,743.95
2024-07-05 00:00:00,13.118,20.894,621.26,708.31,661.03,1340.77,661.4,735.56
2024-07-05 01:00:00,13.079,22.035,715.65,630.82,696.28,1383.12,691.41,630.85
2024-07-05 02:00:00,12.937,21.529,661.19,644.5,684.66,1382.07,671.18,656.16
2024-07-05 03:00:00,12.952,23.776,725.4,662.33,646.49,1404.3,663.8,699.66
2024-07-05 04:00:00,15.345,24.985,533.57,524.32,567.62,1462.47,533.38,646.63
2024-07-05 05:00:00,12.878,24.531,704.74,644.0,694.81,1407.76,,740.95
2024-07-05 06:00:00,13.819,24.777,648.89,613.15,732.39,1427.26,625.61,741.81
2024-07-05 07:00:00,12.947,21.781,772.28,623.74,615.77,1380.74,648.31,708.05
2024-07-05 08:00:00,14.864,22.903,631.49,584.54,638.17,1389.76,557.15,633.39
2024-07-05 09:00:00,13.961,23.395,674.68,665.33,728.76,1399.04,589.88,
2024-07-05 10:00:00,12.468,23.422,775.57,673.7,762.96,1387.72,693.26,636.78
2024-07-05 11:00:00,13.138,23.955,686.54,,698.24,1433.28,588.44,760.77
2024-07-05 12:00:00,12.63,22.572,690.02,669.89,701.97,1396.08,652.26,731.11
2024-07-05 13:00:00,11.706,21.804,723.26,690.5,769.08,1422.69,686.46,753.06
2024-07-05 14:00:00,12.442,23.362,716.93,713.63,786.4,1435.62,714.37,706.01
2024-07-05 15:00:00,11.904,19.858,616.45,665.79,754.27,1373.87,712.88,788.82
2024-07-05 16:00:00,11.58,19.033,723.72,741.19,739.33,1372.95,801.96,692.77
2024-07-05 17:00:00,11.259,19.348,746.52,742.79,795.68,1337.54,716.28,719.41
2024-07-05 18:00:00,11.602,17.924,,695.71,732.13,1327.52,732.76,
2024-07-05 19:00:00,11.486,19.126,674.48,,739.35,1381.13,638.99,767.52
2024-07-05 20:00:00,11.474,17.127,714.33,680.76,751.58,1319.01,706.02,728.92
2024-07-05 21:00:00,11.109,18.836,688.83,779.48,720.58,1323.97,706.38,784.32
2024-07-05 22:00:00,13.229,19.701,,625.46,,1304.88,586.21,704.86
2024-07-05 23:00:00,11.327,21.415,736.07,748.07,760.45,1414.08,738.74,760.45
2024-07-06 00:00:00,12.823,22.08,610.35,662.3,693.55,1367.55,729.03,752.19
2024-07-06 01:00:00,12.538,20.061,,662.88,736.68,1349.9,682.47,665.83
2024-07-06 02:00:00,14.494,24.145,645.01,592.66,691.72,1441.22,532.89,631.59
2024-07-06 03:00:00,12.615,22.198,698.64,694.32,681.27,1363.71,597.07,718.96
2024-07-06 04:00:00,12.942,22.579,647.37,663.56,627.62,1427.05,666.36,735.1
2024-07-06 05:00:00,12.877,20.502,649.26,647.66,676.65,1324.96,631.19,745.51
2024-07-06 06:00:00,13.954,21.72,618.46,558.28,666.35,1398.58,555.52,632.5
2024-07-06 07:00:00,12.557,23.608,686.02,656.89,688.85,1420.14,706.43,739.57
2024-07-06 08:00:00,13.154,22.304,624.33,633.87,688.51,1332.54,697.16,662.24
2024-07-06 09:00:00,11.625,21.863,,723.16,740.06,1358.76,658.48,749.3
2024-07-06 10:00:00,13.292,21.544,611.98,567.02,611.25,1342.51,675.51,701.92
2024-07-06 11:00:00,12.41,19.009,720.51,699.53,728.11,1338.1,644.27,727.98
2024-07-06 12:00:00,11.31,20.058,777.17,745.21,784.69,1400.37,721.92,769.55
2024-07-06 13:00:00,13.058,21.298,633.21,624.88,696.1,1378.6,688.17,673.97
2024-07-06 14:00:00,10.853,20.38,734.76,718.07,781.07,1351.92,,778.31
2024-07-06 15:00:00,12.288,18.463,675.48,651.87,674.57,1369.19,670.31,696.01
2024-07-06 16:00:00,10.898,20.122,755.79,698.95,756.8,1370.74,707.25,781.38
2024-07-06 17:00:00,12.619,16.485,675.59,642.93,706.71,1258.56,663.03,668.8
2024-07-06 18:00:00,11.895,16.712,715.86,686.61,649.76,1295.77,702.9,694.69
2024-07-06 19:00:00,10.528,20.133,786.94,805.36,731.48,1377.26,704.64,773.02
2024-07-06 20:00:00,10.719,18.74,812.22,774.91,700.47,1324.15,715.05,784.41
2024-07-06 21:00:00,12.125,17.968,697.35,735.94,776.17,1347.51,733.62,
2024-07-06 22:00:00,11.677,18.612,672.03,714.74,714.04,,726.2,697.09
2024-07-06 23:00:00,12.038,18.143,643.54,654.51,770.03,1298.32,692.21,746.89
2024-07-07 00:00:00,13.499,19.91,698.96,690.35,659.63,1354.44,658.45,638.41
2024-07-07 01:00:00,12.189,20.282,720.67,677.04,791.09,1371.69,655.71,707.71
2024-07-07 02:00:00,13.147,20.5,667.86,579.26,731.7,1375.02,627.05,661.37
2024-07-07 03:00:00,14.082,19.448,627.92,596.8,607.95,1342.91,,634.1
2024-07-07 04:00:00,14.152,21.424,,526.51,649.47,1334.78,536.08,655.76
2024-07-07 05:00:00,13.493,20.62,660.33,619.77,624.72,1345.52,,655.28
2024-07-07 06:00:00,13.426,20.089,632.86,606.12,694.44,1272.88,623.13,687.6
2024-07-07 07:00:00,12.22,22.673,749.16,716.34,773.0,1406.53,716.1,726.45
2024-07-07 08:00:00,12.641,23.506,678.82,714.56,795.15,1419.28,723.64,735.22
2024-07-07 09:00:00,13.545,22.864,621.25,614.14,735.03,1382.62,633.97,727.5
2024-07-07 10:00:00,12.925,20.847,613.16,637.87,708.72,1331.78,676.31,683.06
2024-07-07 11:00:00,12.8,19.215,662.36,685.65,701.3,1364.48,687.16,703.17
2024-07-07 12:00:00,13.255,18.88,692.73,599.87,656.41,1284.5,665.56,712.32
2024-07-07 13:00:00,11.157,18.881,724.73,738.68,822.53,1392.3,704.69,735.15
2024-07-07 14:00:00,11.621,17.356,666.09,730.85,684.51,1268.6,675.01,682.25
2024-07-07 15:00:00,11.706,18.977,727.98,678.3,,1334.37,704.43,737.57
2024-07-07 16:00:00,10.793,14.582,713.36,728.04,688.85,1205.66,805.27,763.52
2024-07-07 17:00:00,12.375,16.418,731.42,672.83,732.59,1265.21,697.09,714.76
2024-07-07 18:00:00,11.908,17.614,740.77,749.09,752.09,1322.54,673.16,717.01
2024-07-07 19:00:00,11.446,15.655,669.66,664.24,736.52,1295.13,702.94,
2024-07-07 20:00:00,12.761,16.528,654.31,643.35,686.35,1277.71,654.58,667.32
2024-07-07 21:00:00,10.308,17.794,742.89,825.24,718.96,1322.13,713.26,803.24
2024-07-07 22:00:00,11.741,19.266,677.19,,738.31,1417.91,674.35,743.91
2024-07-07 23:00:00,12.32,16.322,677.24,660.23,740.78,1284.38,681.62,670.58
2024-07-08 00:00:00,11.597,16.698,741.05,705.55,672.63,,727.08,776.81
2024-07-08 01:00:00,12.87,17.67,,665.43,623.95,1350.06,637.77,704.07
2024-07-08 02:00:00,12.024,17.39,679.01,708.6,719.14,1289.75,665.25,683.29
2024-07-08 03:00:00,13.7,17.837,545.75,658.87,675.46,1281.55,616.96,617.04
2024-07-08 04:00:00,14.174,18.695,581.14,625.98,663.07,1353.69,544.5,611.96
2024-07-08 05:00:00,13.655,21.49,660.82,561.81,716.01,1320.74,585.14,
2024-07-08 06:00:00,11.985,19.651,661.97,634.31,726.69,1393.06,804.04,661.41
2024-07-08 07:00:00,12.642,19.943,726.0,643.93,626.97,1344.54,633.83,788.87
2024-07-08 08:00:00,13.736,18.506,603.87,529.72,667.19,1233.22,636.84,638.58
2024-07-08 09:00:00,13.099,20.043,,694.72,729.23,1309.81,626.98,658.18
2024-07-08 10:00:00,10.667,21.067,756.38,705.43,748.8,1385.04,781.49,
2024-07-08 11:00:00,13.515,17.216,587.68,599.82,641.54,1271.96,645.28,640.5
2024-07-08 12:00:00,12.307,19.781,710.79,647.48,617.12,1327.73,619.4,780.23
2024-07-08 13:00:00,11.219,17.579,711.36,665.76,724.8,1278.6,716.87,747.41
2024-07-08 14:00:00,12.368,16.627,649.31,,755.96,1290.7,617.94,709.04
2024-07-08 15:00:00,10.768,16.621,663.15,724.25,728.34,1356.84,700.78,762.98
2024-07-08 16:00:00,10.556,16.239,798.54,,707.71,1351.64,795.47,820.55
2024-07-08 17:00:00,11.26,17.747,731.57,784.02,818.35,1361.81,688.62,726.74
2024-07-08 18:00:00,12.343,16.023,715.57,669.07,712.3,,634.65,682.06
2024-07-08 19:00:00,12.244,16.064,703.12,590.53,710.46,1319.66,691.03,695.57
2024-07-08 20:00:00,11.339,15.056,754.67,702.35,724.95,1228.89,814.84,728.44
2024-07-08 21:00:00,11.597,16.835,693.28,800.24,690.5,1323.55,683.61,787.17
2024-07-08 22:00:00,12.094,15.042,635.39,695.95,679.44,1314.46,640.47,722.55
2024-07-08 23:00:00,10.73,16.752,775.12,742.76,818.81,1336.1,731.47,758.9
2024-07-09 00:00:00,12.546,20.547,692.69,647.95,674.74,1311.38,697.48,706.33
2024-07-09 01:00:00,11.739,14.548,680.33,730.49,758.37,1235.35,723.79,676.09
2024-07-09 02:00:00,12.855,18.263,689.92,664.42,693.74,1295.41,597.64,
2024-07-09 03:00:00,12.651,18.672,685.78,672.77,704.13,1292.53,724.95,721.74
2024-07-09 04:00:00,13.408,18.339,661.2,666.24,587.55,1299.16,641.31,642.37
2024-07-09 05:00:00,13.205,18.515,613.23,675.35,684.57,1311.88,599.68,640.31
2024-07-09 06:00:00,10.677,18.887,794.35,775.75,759.87,1345.95,740.09,809.97
2024-07-09 07:00:00,13.221,18.356,647.42,567.29,597.48,1284.73,646.61,701.41
2024-07-09 08:00:00,13.455,18.674,676.17,580.06,659.46,1347.65,618.62,625.76
2024-07-09 09:00:00,13.09,17.453,683.44,610.28,647.56,1291.81,625.98,645.68
2024-07-09 10:00:00,12.385,20.0,716.91,677.52,717.89,1309.48,754.83,762.41
2024-07-09 11:00:00,13.474,16.738,624.71,672.49,610.43,1265.93,629.94,627.84
2024-07-09 12:00:00,12.081,17.155,718.37,767.96,660.01,1288.07,661.71,
2024-07-09 13:00:00,11.853,15.101,733.09,706.7,703.84,1216.04,668.01,678.24
2024-07-09 14:00:00,12.031,16.491,713.97,708.36,684.26,1282.01,744.26,702.63
2024-07-09 15:00:00,11.218,15.786,731.35,663.45,712.55,1329.27,,829.26
2024-07-09 16:00:00,10.0,15.041,792.59,758.2,711.46,1283.11,719.54,731.15
2024-07-09 17:00:00,8.629,13.056,778.73,790.9,782.29,1260.36,784.51,773.66
2024-07-09 18:00:00,10.138,13.267,808.07,739.05,775.93,1273.95,747.15,724.06
2024-07-09 19:00:00,11.15,16.212,670.12,751.58,743.01,1281.34,678.65,761.33
2024-07-09 20:00:00,10.359,13.423,748.95,737.77,727.5,1225.22,802.52,689.82
2024-07-09 21:00:00,11.454,15.376,698.34,635.58,647.06,1301.6,653.3,782.97
2024-07-09 22:00:00,11.16,13.838,695.46,754.49,682.29,1255.77,770.47,723.67
2024-07-09 23:00:00,12.341,16.615,690.28,719.22,658.55,1240.44,619.79,666.4
2024-07-10 00:00:00,11.365,15.05,675.43,726.23,752.67,1288.04,714.94,766.06
2024-07-10 01:00:00,12.265,15.187,751.86,663.92,718.55,1276.61,709.65,685.86
2024-07-10 02:00:00,12.564,15.921,619.18,621.63,690.52,1224.03,645.58,730.45
2024-07-10 03:00:00,13.589,16.477,588.77,572.14,625.71,1201.36,571.71,648.73
2024-07-10 04:00:00,11.192,17.897,698.26,774.33,794.03,1309.04,728.43,741.33
2024-07-10 05:00:00,12.289,17.646,693.52,646.9,723.89,1387.35,686.24,725.47
2024-07-10 06:00:00,13.354,16.269,667.57,697.99,561.32,1343.75,665.35,677.15
2024-07-10 07:00:00,13.849,17.434,632.57,632.53,701.51,1332.25,548.34,641.31
2024-07-10 08:00:00,12.663,15.847,713.29,665.92,666.43,1251.28,611.07,
2024-07-10 09:00:00,12.024,17.627,669.2,798.71,746.88,1289.16,761.49,782.69
2024-07-10 10:00:00,12.593,17.385,694.88,711.57,704.17,1263.55,663.94,688.42
2024-07-10 11:00:00,12.37,15.835,664.18,650.05,630.23,1240.37,675.75,671.64
2024-07-10 12:00:00,11.054,15.625,738.28,690.2,712.01,1308.4,747.61,778.72
2024-07-10 13:00:00,11.273,16.837,765.52,707.5,649.66,1361.11,719.49,765.24
2024-07-10 14:00:00,11.641,14.017,639.26,694.13,669.22,1246.28,734.3,734.01
2024-07-10 15:00:00,11.937,12.612,749.06,649.07,689.0,1208.47,692.74,674.56
2024-07-10 16:00:00,10.805,14.077,728.34,693.06,734.65,1237.1,726.52,705.63
2024-07-10 17:00:00,10.102,11.777,693.39,770.89,713.74,1224.5,686.6,775.68
2024-07-10 18:00:00,9.959,12.77,,805.14,,1224.31,791.24,757.41
2024-07-10 19:00:00,10.466,12.326,742.38,822.24,738.14,1194.83,802.86,750.77
2024-07-10 20:00:00,10.023,12.358,730.63,769.32,775.55,1247.64,794.78,816.44
2024-07-10 21:00:00,10.434,13.173,672.14,775.95,712.89,1228.54,652.08,800.9
2024-07-10 22:00:00,9.66,14.922,780.06,711.6,763.91,1275.55,817.17,752.88
2024-07-10 23:00:00,11.809,15.607,673.14,729.08,651.61,1280.84,711.13,760.85
2024-07-11 00:00:00,10.145,15.865,789.32,731.69,711.91,1242.07,760.51,818.28
2024-07-11 01:00:00,10.997,15.631,695.25,746.01,781.13,1244.62,672.23,742.12
2024-07-11 02:00:00,11.686,15.357,781.74,698.33,771.67,1281.35,661.17,758.92
2024-07-11 03:00:00,13.424,13.208,633.01,594.92,637.5,1181.57,615.65,612.33
2024-07-11 04:00:00,11.658,16.753,716.93,646.23,702.47,1304.33,680.41,730.02
2024-07-11 05:00:00,11.558,13.733,722.54,671.13,683.41,1227.73,,746.7
2024-07-11 06:00:00,11.666,14.186,634.43,659.34,753.01,1264.96,625.65,691.01
2024-07-11 07:00:00,13.367,16.19,613.7,592.79,484.23,1222.88,609.31,614.82
2024-07-11 08:00:00,9.644,16.459,846.44,838.06,874.57,,714.95,815.3
2024-07-11 09:00:00,10.875,15.241,724.64,724.2,739.15,1333.1,663.51,736.67
2024-07-11 10:00:00,13.588,17.169,623.03,580.84,537.27,1296.66,,664.92
2024-07-11 11:00:00,11.56,15.357,691.64,732.18,815.41,1306.77,628.3,714.18
2024-07-11 12:00:00,9.865,13.945,817.78,789.21,658.98,1272.34,780.83,709.28
2024-07-11 13:00:00,10.379,15.349,747.11,842.02,658.14,1254.31,716.58,757.22
2024-07-11 14:00:00,10.151,15.041,718.81,809.79,720.74,1267.1,713.14,809.76
2024-07-11 15:00:00,10.498,13.324,832.3,669.94,731.3,1235.05,732.77,752.18
2024-07-11 16:00:00,11.076,11.421,662.38,749.74,758.23,1194.34,693.91,711.57
2024-07-11 17:00:00,9.768,11.451,754.62,799.23,734.07,1267.25,743.25,735.12
2024-07-11 18:00:00,8.957,10.268,745.94,860.56,727.67,1206.34,756.62,811.88
2024-07-11 19:00:00,10.032,11.983,728.35,756.85,732.09,1193.62,760.98,712.23
2024-07-11 20:00:00,8.936,10.935,741.89,840.69,752.5,,799.01,780.49
2024-07-11 21:00:00,8.832,12.079,768.17,789.44,834.92,1258.92,744.13,
2024-07-11 22:00:00,8.471,13.163,836.48,830.03,833.4,1223.67,860.95,782.74
2024-07-11 23:00:00,8.889,10.915,713.66,756.11,741.34,1257.99,776.41,807.0
2024-07-12 00:00:00,9.706,12.259,807.51,721.19,740.0,1286.62,801.88,762.9
2024-07-12 01:00:00,9.764,13.648,806.12,,682.64,1242.2,765.47,731.04
2024-07-12 02:00:00,11.218,14.639,736.92,720.6,746.96,1285.9,739.8,764.58
2024-07-12 03:00:00,10.228,14.487,761.78,713.28,750.8,1306.87,692.3,704.1
2024-07-12 04:00:00,8.835,15.037,809.96,844.96,806.94,1269.29,751.21,809.97
2024-07-12 05:00:00,10.607,14.678,793.76,639.34,768.32,,711.91,840.77
2024-07-12 06:00:00,11.077,13.819,660.14,692.27,786.27,1248.75,662.59,731.71
2024-07-12 07:00:00,10.9,14.813,758.35,669.42,716.17,,733.39,695.06
2024-07-12 08:00:00,12.452,14.965,641.12,708.46,678.78,1304.46,651.71,662.04
2024-07-12 09:00:00,10.526,14.496,775.15,734.45,809.25,1267.45,699.35,786.89
2024-07-12 10:00:00,11.444,14.554,687.78,712.54,704.55,1219.91,718.31,721.62
2024-07-12 11:00:00,10.406,14.407,775.17,768.93,743.1,1221.83,772.01,723.71
2024-07-12 12:00:00,10.048,14.171,708.05,803.12,867.5,1251.21,675.42,764.22
2024-07-12 13:00:00,9.074,12.042,720.89,823.59,766.58,1235.17,814.91,786.67
2024-07-12 14:00:00,9.376,10.397,760.29,813.2,825.03,1247.54,784.25,800.98
2024-07-12 15:00:00,8.533,13.367,851.46,806.41,765.25,1219.67,737.16,794.73
2024-07-12 16:00:00,9.062,11.954,798.84,830.02,749.2,1236.63,749.29,793.3
2024-07-12 17:00:00,8.587,10.115,803.59,779.34,685.28,1257.2,757.35,756.12
2024-07-12 18:00:00,7.95,11.494,839.23,814.0,818.1,1254.58,770.62,833.34
2024-07-12 19:00:00,9.511,12.48,755.97,721.63,790.5,1210.75,822.47,743.48
2024-07-12 20:00:00,9.149,13.443,805.7,864.62,778.11,1273.23,759.64,786.11
2024-07-12 21:00:00,8.61,11.956,772.43,770.6,798.38,1243.94,701.79,774.95
2024-07-12 22:00:00,9.304,13.312,768.41,848.65,,1301.59,762.25,812.16
2024-07-12 23:00:00,9.38,11.042,760.41,804.46,693.37,1244.42,739.5,786.22
2024-07-13 00:00:00,9.034,12.939,766.19,807.71,,1267.67,753.36,803.54
2024-07-13 01:00:00,10.065,13.069,754.41,781.5,819.76,1270.05,762.11,826.68
2024-07-13 02:00:00,9.771,14.336,762.02,737.73,752.47,1279.64,,806.11
2024-07-13 03:00:00,9.73,16.245,755.88,851.59,718.03,1290.06,840.55,817.77
2024-07-13 04:00:00,9.349,14.902,780.37,781.08,823.02,1313.54,774.29,823.99
2024-07-13 05:00:00,10.45,13.65,750.79,793.1,747.54,1239.31,738.61,744.6
2024-07-13 06:00:00,11.201,13.301,675.29,695.52,712.52,1255.45,686.93,715.89
2024-07-13 07:00:00,10.121,16.697,785.74,718.26,751.3,1338.76,821.59,780.06
2024-07-13 08:00:00,12.543,15.113,646.56,735.62,712.49,1223.04,622.54,628.41
2024-07-13 09:00:00,11.014,14.691,734.68,706.09,704.81,1265.08,725.66,694.95
2024-07-13 10:00:00,11.07,13.302,695.91,741.91,779.04,1292.81,723.05,736.71
2024-07-13 11:00:00,10.343,13.529,785.61,635.71,747.65,1298.41,732.66,798.74
2024-07-13 12:00:00,10.848,11.481,753.47,725.43,758.57,1228.81,733.51,719.13
2024-07-13 13:00:00,8.395,12.589,764.85,843.28,825.39,,831.57,759.54
2024-07-13 14:00:00,6.656,10.209,857.93,873.32,766.78,1220.56,868.92,807.18
2024-07-13 15:00:00,8.069,10.75,853.06,820.12,805.53,1207.06,796.96,749.06
2024-07-13 16:00:00,8.651,10.07,749.88,794.92,756.48,1208.1,770.86,843.1
2024-07-13 17:00:00,8.176,6.71,750.86,843.33,788.26,1192.29,786.61,774.61
2024-07-13 18:00:00,8.204,10.113,821.54,766.08,776.2,1195.67,778.94,813.04
2024-07-13 19:00:00,9.05,9.497,723.58,779.41,675.96,1158.48,726.51,806.48
2024-07-13 20:00:00,8.389,10.503,765.17,870.46,809.64,1249.41,796.32,778.83
2024-07-13 21:00:00,8.882,11.054,745.53,739.62,673.88,1215.04,833.69,780.8
2024-07-13 22:00:00,7.709,13.568,851.35,839.74,815.54,1251.05,842.26,832.11
2024-07-13 23:00:00,7.844,12.275,791.38,791.7,878.85,1257.23,763.28,853.62
2024-07-14 00:00:00,10.291,12.809,737.55,768.89,800.61,1235.69,743.7,761.91
2024-07-14 01:00:00,9.361,13.501,752.46,792.28,786.5,1267.74,808.04,799.29
2024-07-14 02:00:00,9.04,14.417,831.94,766.2,760.85,1299.88,779.98,781.1
2024-07-14 03:00:00,9.26,14.312,755.05,797.59,773.85,1292.15,786.2,768.75
2024-07-14 04:00:00,9.398,14.405,732.42,795.12,,1295.5,910.76,811.13
2024-07-14 05:00:00,9.439,15.104,733.03,768.88,743.38,1298.09,848.29,807.25
2024-07-14 06:00:00,8.99,11.39,803.8,779.82,784.43,1177.28,776.32,768.02
2024-07-14 07:00:00,8.745,16.724,837.2,794.41,766.37,1331.09,832.66,811.83
2024-07-14 08:00:00,9.639,15.909,825.4,698.06,764.34,1268.03,766.53,803.58
2024-07-14 09:00:00,9.1,13.929,743.76,837.68,758.4,1253.78,772.15,773.92
2024-07-14 10:00:00,10.181,11.544,737.74,805.43,755.65,1202.34,777.18,721.73
2024-07-14 11:00:00,9.21,14.195,870.97,727.87,800.08,1296.44,817.24,738.14
2024-07-14 12:00:00,8.846,11.378,772.92,849.37,860.72,1177.84,806.6,813.02
2024-07-14 13:00:00,7.699,12.321,800.16,856.66,796.58,1251.65,811.34,815.58
2024-07-14 14:00:00,7.877,9.645,802.12,782.8,797.56,,873.64,788.48
2024-07-14 15:00:00,7.983,13.429,835.44,826.45,851.62,1298.52,773.96,831.64
2024-07-14 16:00:00,8.047,8.697,811.79,790.38,773.66,1192.54,798.68,794.98
2024-07-14 17:00:00,7.248,10.299,801.88,885.88,806.77,1241.16,781.54,793.85
2024-07-14 18:00:00,8.116,7.59,766.44,776.36,792.55,1172.53,792.76,774.75
2024-07-14 19:00:00,7.27,10.144,811.72,932.72,772.91,1273.15,812.95,841.56
2024-07-14 20:00:00,7.987,9.873,775.23,870.37,791.04,1198.21,853.4,805.66
2024-07-14 21:00:00,7.122,12.056,791.62,809.27,781.31,1327.4,836.13,871.73
2024-07-14 22:00:00,6.282,10.585,915.01,946.27,814.06,,908.62,874.36
2024-07-14 23:00:00,8.206,12.935,794.19,855.4,884.35,1288.08,800.27,830.28
2024-07-15 00:00:00,8.853,10.849,768.69,793.24,761.14,1267.77,,733.57
2024-07-15 01:00:00,9.013,12.249,771.58,825.35,780.36,1240.37,796.53,843.12
2024-07-15 02:00:00,9.15,12.748,778.34,832.42,,1251.7,698.35,794.11
2024-07-15 03:00:00,8.753,14.064,813.43,781.77,805.79,1240.43,782.52,829.9
2024-07-15 04:00:00,8.547,14.222,788.4,852.56,876.08,1387.02,810.57,866.46
2024-07-15 05:00:00,9.724,14.84,814.38,766.04,732.6,1280.86,855.81,796.18
2024-07-15 06:00:00,9.635,14.356,795.74,817.31,813.24,1322.01,794.56,724.01
2024-07-15 07:00:00,8.775,14.756,794.02,808.01,764.52,1272.33,729.06,746.64
2024-07-15 08:00:00,9.962,12.68,734.8,728.96,,,727.99,713.01
2024-07-15 09:00:00,8.148,13.901,852.38,856.17,782.53,1264.42,770.26,783.87
2024-07-15 10:00:00,8.11,14.946,814.51,820.17,778.87,1308.15,835.77,867.92
2024-07-15 11:00:00,9.567,10.514,715.94,781.57,753.06,1214.94,792.34,785.77
2024-07-15 12:00:00,8.613,12.596,831.25,828.52,769.85,1236.84,737.08,812.56
2024-07-15 13:00:00,7.292,12.301,805.75,912.32,770.7,1248.28,876.28,829.85
2024-07-15 14:00:00,7.49,12.758,858.08,831.15,832.77,,793.96,886.78
2024-07-15 15:00:00,7.107,11.46,744.57,823.03,861.75,1224.69,801.07,831.76
2024-07-15 16:00:00,4.567,10.39,885.97,1000.85,894.81,1235.29,860.38,850.28
2024-07-15 17:00:00,5.89,10.585,903.31,893.4,,1209.84,845.61,851.36
2024-07-15 18:00:00,6.505,9.118,839.07,847.39,810.77,1234.78,843.89,862.49
2024-07-15 19:00:00,6.273,9.603,868.51,892.57,846.86,1182.25,897.31,865.72
2024-07-15 20:00:00,6.847,8.666,795.7,843.14,780.21,1191.16,782.1,
2024-07-15 21:00:00,7.716,12.372,831.8,829.5,838.21,1276.23,772.69,
2024-07-15 22:00:00,6.775,11.543,842.37,970.77,767.06,1271.13,878.75,897.95
2024-07-15 23:00:00,6.448,10.388,854.73,835.32,749.11,1200.62,837.35,822.75
2024-07-16 00:00:00,7.836,12.333,887.45,778.71,825.53,1282.22,790.02,793.14
2024-07-16 01:00:00,7.598,13.919,875.55,897.65,769.13,1303.37,838.08,840.07
2024-07-16 02:00:00,7.996,14.204,847.75,821.57,774.49,1311.3,797.58,876.52
2024-07-16 03:00:00,8.108,12.318,836.56,840.25,749.56,1253.14,772.05,772.98
2024-07-16 04:00:00,10.298,9.992,,773.63,751.1,,718.82,751.44
2024-07-16 05:00:00,6.805,14.432,837.91,805.55,,1323.14,863.94,850.32
2024-07-16 06:00:00,8.3,12.966,752.3,868.91,850.49,1341.26,761.82,759.22
2024-07-16 07:00:00,8.54,14.714,762.66,798.41,828.23,1244.83,,813.47
2024-07-16 08:00:00,7.771,14.914,798.49,922.02,826.62,1318.55,821.63,825.89
2024-07-16 09:00:00,8.898,14.799,796.42,777.8,855.01,1316.95,786.33,811.1
2024-07-16 10:00:00,8.554,15.149,765.79,884.35,758.79,1313.11,782.7,798.64
2024-07-16 11:00:00,7.549,14.063,830.55,920.49,821.64,1323.09,815.06,834.64
2024-07-16 12:00:00,7.033,14.169,841.43,847.86,732.97,1327.53,817.61,830.13
2024-07-16 13:00:00,6.823,13.215,808.71,863.68,806.75,1294.03,891.87,
2024-07-16 14:00:00,6.514,12.846,908.82,867.54,779.01,1276.12,862.52,820.84
2024-07-16 15:00:00,6.26,10.633,806.21,942.36,866.46,1179.57,836.79,854.22
2024-07-16 16:00:00,5.956,8.826,892.07,893.07,878.55,1276.39,824.84,835.05
2024-07-16 17:00:00,6.162,13.162,787.79,913.6,833.1,1218.52,850.38,859.24
2024-07-16 18:00:00,6.496,10.201,839.03,,916.19,1251.66,864.73,839.23
2024-07-16 19:00:00,4.925,11.679,852.74,946.33,830.56,1282.71,885.63,873.2
2024-07-16 20:00:00,5.163,9.756,856.43,935.54,,1196.16,875.81,813.18
2024-07-16 21:00:00,4.77,11.902,963.35,909.19,848.28,1345.63,909.21,948.51
2024-07-16 22:00:00,7.086,8.238,806.53,918.87,811.3,,799.23,800.23
2024-07-16 23:00:00,6.857,11.175,799.62,855.94,856.63,1257.25,835.16,872.4
2024-07-17 00:00:00,7.347,12.08,845.71,892.34,843.42,1221.57,906.09,802.42
2024-07-17 01:00:00,6.085,13.284,856.94,844.66,832.78,1338.6,877.68,902.38
2024-07-17 02:00:00,8.922,14.512,,835.4,832.87,1340.06,798.85,786.01
2024-07-17 03:00:00,7.231,12.341,801.07,898.23,792.53,1271.19,804.53,836.41
2024-07-17 04:00:00,8.019,14.779,791.69,848.36,931.01,1359.25,851.53,787.59
2024-07-17 05:00:00,8.664,15.674,780.38,862.82,843.39,,778.3,772.6
2024-07-17 06:00:00,7.208,17.101,883.08,842.36,756.44,1364.0,864.69,
2024-07-17 07:00:00,7.496,15.082,830.05,874.28,802.59,1311.67,756.75,881.82
2024-07-17 08:00:00,7.933,13.499,781.94,775.82,772.11,1304.04,785.77,861.27
2024-07-17 09:00:00,9.861,12.224,764.55,777.05,839.57,1259.73,731.91,776.57
2024-07-17 10:00:00,7.545,15.548,841.5,823.5,785.28,,824.19,902.35
2024-07-17 11:00:00,8.277,13.773,830.31,823.72,702.56,1248.82,791.1,814.26
2024-07-17 12:00:00,7.623,12.363,805.34,898.34,847.79,1256.77,866.89,804.8
2024-07-17 13:00:00,6.619,9.947,836.71,937.54,695.13,1249.03,838.68,825.14
2024-07-17 14:00:00,5.222,10.31,894.95,862.54,836.73,1239.52,931.04,
2024-07-17 15:00:00,6.59,11.79,813.21,,860.88,1232.37,813.87,840.96
2024-07-17 16:00:00,4.331,11.16,939.97,1000.85,861.58,1264.81,868.48,955.21
2024-07-17 17:00:00,6.668,8.22,830.85,874.26,865.44,1160.11,889.68,811.56
2024-07-17 18:00:00,5.485,11.267,838.58,962.6,867.36,1243.01,846.14,911.67
2024-07-17 19:00:00,3.224,8.716,890.14,956.37,852.75,1177.17,948.91,940.95
2024-07-17 20:00:00,5.171,12.444,887.74,901.31,874.03,1286.89,884.81,916.99
2024-07-17 21:00:00,6.136,11.41,840.28,,909.35,1280.43,818.46,827.42
2024-07-17 22:00:00,5.651,11.04,897.87,930.86,855.98,1255.03,822.62,795.49
2024-07-17 23:00:00,6.681,13.29,842.7,872.19,855.47,1298.24,821.42,862.21
2024-07-18 00:00:00,5.719,13.067,889.27,877.56,874.75,1294.69,864.09,864.0
2024-07-18 01:00:00,5.644,14.774,858.74,886.98,836.07,1335.5,905.44,907.13
2024-07-18 02:00:00,6.901,13.787,848.0,870.57,761.02,1311.31,850.78,871.32
2024-07-18 03:00:00,7.212,14.296,888.43,828.12,842.37,1318.61,827.87,831.51
2024-07-18 04:00:00,7.079,14.13,840.18,892.58,889.47,,883.43,825.66
2024-07-18 05:00:00,8.44,15.013,791.88,872.75,825.69,1254.53,857.12,822.41
2024-07-18 06:00:00,6.8,16.829,835.1,921.85,793.53,1372.09,869.3,810.09
2024-07-18 07:00:00,7.671,14.146,828.22,963.42,832.18,1286.7,808.27,823.21
2024-07-18 08:00:00,7.336,15.353,893.02,877.76,868.7,1303.42,840.73,849.3
2024-07-18 09:00:00,5.826,13.228,828.66,971.05,903.75,1233.49,887.85,896.75
2024-07-18 10:00:00,5.75,11.418,868.65,907.62,871.57,1211.95,817.82,842.18
2024-07-18 11:00:00,6.507,13.692,799.45,871.73,850.73,1279.34,856.99,862.18
2024-07-18 12:00:00,7.753,13.399,808.83,846.85,,1254.22,822.31,855.48
2024-07-18 13:00:00,6.303,12.333,868.2,891.94,829.62,1301.43,822.21,
2024-07-18 14:00:00,4.152,10.216,854.39,942.83,919.29,1272.78,895.14,934.3
2024-07-18 15:00:00,2.779,11.992,940.59,953.76,884.61,1338.72,936.05,
2024-07-18 16:00:00,5.646,11.658,884.55,865.14,812.38,1260.08,923.23,859.63
2024-07-18 17:00:00,4.845,10.102,894.38,970.58,890.16,1262.71,848.41,896.66
2024-07-18 18:00:00,5.778,9.507,872.87,927.0,850.32,1177.66,879.09,828.37
2024-07-18 19:00:00,4.184,10.927,877.9,,941.95,1334.94,979.98,899.47
2024-07-18 20:00:00,5.273,12.244,,902.29,899.8,,887.23,922.38
2024-07-18 21:00:00,5.844,12.31,850.76,880.48,825.03,1249.97,926.67,879.55
2024-07-18 22:00:00,5.042,11.199,914.21,876.29,926.4,1309.29,897.39,910.41
2024-07-18 23:00:00,5.333,12.935,808.02,960.39,876.8,1255.67,910.23,944.96
2024-07-19 00:00:00,5.989,14.386,866.9,865.82,885.88,1290.82,825.38,870.27
2024-07-19 01:00:00,6.698,12.464,851.99,871.81,813.9,1271.06,897.65,902.76
2024-07-19 02:00:00,6.527,14.463,909.55,897.04,865.36,1281.82,850.63,858.9
2024-07-19 03:00:00,7.552,16.443,845.58,795.13,808.31,1353.72,836.47,806.17
2024-07-19 04:00:00,6.579,13.657,863.82,911.51,749.01,1327.32,843.8,870.95
2024-07-19 05:00:00,5.992,16.808,901.01,949.09,946.05,1312.02,858.64,883.52
2024-07-19 06:00:00,8.663,17.467,859.89,836.25,772.91,1348.66,840.87,
2024-07-19 07:00:00,6.543,15.224,851.94,882.82,824.38,1291.98,850.4,851.88
2024-07-19 08:00:00,6.439,14.915,817.72,887.42,822.49,1325.2,836.24,848.83
2024-07-19 09:00:00,6.637,16.284,811.64,942.48,927.92,1348.96,837.96,897.6
2024-07-19 10:00:00,6.482,14.443,886.75,888.05,865.56,1289.0,827.18,926.78
2024-07-19 11:00:00,5.816,11.396,876.24,897.26,871.1,1253.68,928.01,881.17
2024-07-19 12:00:00,5.789,13.621,870.24,878.16,898.01,1301.96,885.68,897.99
2024-07-19 13:00:00,5.448,13.823,869.15,805.17,898.47,1284.71,861.53,
2024-07-19 14:00:00,5.318,13.702,899.08,964.78,878.47,1253.85,864.07,875.7
2024-07-19 15:00:00,3.032,11.38,953.66,987.0,919.19,1303.86,993.86,960.33
2024-07-19 16:00:00,6.22,11.833,875.88,851.43,900.18,1286.29,870.91,877.1
2024-07-19 17:00:00,4.467,13.168,,1030.99,835.79,1322.96,861.95,955.22
2024-07-19 18:00:00,4.997,11.894,831.86,943.36,829.81,1244.33,783.98,883.37
2024-07-19 19:00:00,3.46,10.239,897.22,961.75,921.97,1249.64,942.54,906.28
2024-07-19 20:00:00,4.295,13.797,874.54,994.68,908.11,1265.07,978.37,1002.0
2024-07-19 21:00:00,4.314,12.413,865.95,963.9,871.59,1351.49,890.57,946.12
2024-07-19 22:00:00,6.266,14.433,924.43,906.71,950.25,1269.81,892.94,902.24
2024-07-19 23:00:00,4.902,11.972,817.28,904.72,819.76,1313.83,968.44,858.78
2024-07-20 00:00:00,6.278,14.059,883.93,919.14,850.01,1279.56,818.21,881.73
2024-07-20 01:00:00,5.452,15.374,928.27,959.26,886.79,1342.2,861.16,943.13
2024-07-20 02:00:00,5.891,15.181,917.93,882.91,846.26,1318.43,870.65,
2024-07-20 03:00:00,6.296,14.322,877.86,815.69,820.81,1295.86,882.88,905.77
2024-07-20 04:00:00,7.702,13.237,870.11,881.25,796.19,1288.84,834.87,822.22
2024-07-20 05:00:00,5.275,18.17,976.5,960.86,961.22,1368.31,909.78,892.89
2024-07-20 06:00:00,5.767,16.75,883.33,949.4,858.72,1306.97,991.92,886.51
2024-07-20 07:00:00,5.213,17.827,929.93,938.52,910.4,1374.21,946.14,939.04
2024-07-20 08:00:00,5.773,17.384,941.23,955.92,852.56,1400.16,883.49,892.36
2024-07-20 09:00:00,5.796,16.711,,888.55,903.65,1354.92,885.8,931.43
2024-07-20 10:00:00,4.898,15.238,902.85,931.51,932.43,1306.9,899.86,923.11
2024-07-20 11:00:00,5.306,15.772,880.5,885.64,872.29,1424.41,951.46,907.73
2024-07-20 12:00:00,3.965,16.43,959.06,1018.72,944.93,1364.27,,948.12
2024-07-20 13:00:00,4.445,14.337,853.61,948.89,887.55,1296.98,914.98,870.88
2024-07-20 14:00:00,5.925,16.081,,917.93,868.26,1406.5,814.86,857.23
2024-07-20 15:00:00,5.033,11.63,910.09,941.17,882.25,1217.11,907.2,931.79
2024-07-20 16:00:00,4.664,11.227,920.58,924.89,883.15,1236.82,924.41,893.12
2024-07-20 17:00:00,3.587,14.187,860.7,1010.68,921.98,1357.31,894.89,
2024-07-20 18:00:00,3.114,11.995,910.38,1052.65,849.39,1262.54,893.8,904.82
2024-07-20 19:00:00,3.468,15.543,1005.01,1024.84,870.38,1373.96,959.0,976.09
2024-07-20 20:00:00,4.46,14.941,916.14,883.17,822.51,1359.01,939.32,863.74
2024-07-20 21:00:00,5.376,15.605,839.36,929.18,817.96,1399.95,846.03,922.74
2024-07-20 22:00:00,5.648,15.222,898.11,921.14,887.49,1360.7,881.14,825.93
2024-07-20 23:00:00,5.716,13.583,904.84,957.51,842.69,1285.02,907.99,885.45
2024-07-21 00:00:00,4.929,13.262,920.27,910.09,848.11,1277.19,923.49,935.26
2024-07-21 01:00:00,5.846,17.612,890.29,874.14,952.26,1338.56,879.24,896.8
2024-07-21 02:00:00,5.856,14.547,921.23,939.67,909.96,1281.51,856.15,885.59
2024-07-21 03:00:00,6.198,18.71,866.07,907.01,807.37,1399.01,794.74,942.01
2024-07-21 04:00:00,8.177,17.977,850.83,817.3,786.16,1304.84,797.43,795.52
2024-07-21 05:00:00,5.256,17.329,915.54,923.39,849.33,1374.71,924.06,912.36
2024-07-21 06:00:00,6.517,18.067,874.16,839.21,865.58,1315.19,875.09,868.01
2024-07-21 07:00:00,7.632,18.074,834.38,866.81,782.0,1372.0,871.85,855.49
2024-07-21 08:00:00,5.369,17.121,894.7,917.42,856.71,,978.79,913.01
2024-07-21 09:00:00,5.835,18.805,902.38,941.02,900.93,1410.8,,945.87
2024-07-21 10:00:00,5.677,18.398,893.58,915.32,879.32,1304.71,825.26,868.03
2024-07-21 11:00:00,5.632,16.482,922.13,920.64,820.45,1380.01,877.82,919.93
2024-07-21 12:00:00,4.223,15.106,910.97,941.96,905.99,1338.44,977.54,
2024-07-21 13:00:00,5.666,16.924,952.41,909.28,882.54,1345.26,943.93,
2024-07-21 14:00:00,5.434,12.497,863.77,868.43,867.34,,824.06,895.15
2024-07-21 15:00:00,5.059,15.091,938.45,974.66,822.46,1344.53,875.69,882.07
2024-07-21 16:00:00,3.767,15.178,976.55,973.33,954.28,1301.74,939.66,
2024-07-21 17:00:00,4.413,13.146,921.39,868.64,865.49,1306.03,954.84,855.53
2024-07-21 18:00:00,3.585,15.29,951.1,917.73,869.7,1368.5,,947.94
2024-07-21 19:00:00,4.081,14.208,904.14,1003.52,903.13,1275.3,956.6,933.44
2024-07-21 20:00:00,6.192,13.834,850.78,891.63,875.31,1305.6,,809.38
2024-07-21 21:00:00,4.739,16.013,927.06,945.6,919.38,1386.45,915.91,879.37
2024-07-21 22:00:00,3.963,14.019,930.53,965.12,956.04,1325.76,891.72,912.32
2024-07-21 23:00:00,5.35,16.897,947.65,948.99,857.87,1347.25,896.04,902.63
2024-07-22 00:00:00,4.438,14.043,903.03,1011.35,822.72,1276.2,864.44,927.25
2024-07-22 01:00:00,4.874,17.333,907.74,,884.6,1340.01,923.99,854.08
2024-07-22 02:00:00,5.293,17.576,852.62,945.64,770.89,1361.87,932.5,945.58
2024-07-22 03:00:00,6.023,17.341,911.91,886.43,835.81,1387.25,896.76,887.22
2024-07-22 04:00:00,7.323,18.825,,810.44,833.72,1398.05,898.04,878.68
2024-07-22 05:00:00,7.16,18.513,897.02,895.39,829.25,1363.94,863.84,866.09
2024-07-22 06:00:00,7.161,19.993,905.62,903.02,879.49,1377.78,871.2,856.65
2024-07-22 07:00:00,5.828,19.383,931.65,965.64,885.84,1383.93,880.14,942.25
2024-07-22 08:00:00,6.159,19.105,922.6,978.7,896.05,1429.27,907.29,947.87
2024-07-22 09:00:00,6.625,18.646,899.77,847.55,,1336.81,855.78,936.0
2024-07-22 10:00:00,5.662,17.366,,896.37,817.29,1367.78,887.33,924.93
2024-07-22 11:00:00,5.658,17.14,834.23,947.09,903.74,,,871.12
2024-07-22 12:00:00,5.93,17.334,853.48,912.3,850.36,1383.66,,888.59
2024-07-22 13:00:00,4.993,16.362,869.6,997.03,899.19,1347.14,902.88,894.9
2024-07-22 14:00:00,5.171,17.473,958.31,929.22,911.4,1334.19,929.81,
2024-07-22 15:00:00,6.022,15.889,855.47,984.99,829.45,1383.95,853.95,846.7
2024-07-22 16:00:00,4.427,15.962,906.07,958.45,,1357.1,906.27,981.09
2024-07-22 17:00:00,5.396,13.68,890.71,983.48,867.16,1306.54,799.13,895.5
2024-07-22 18:00:00,4.867,16.479,874.36,847.43,873.61,1314.36,941.29,901.76
2024-07-22 19:00:00,3.294,14.77,967.54,1008.34,994.4,1328.25,942.92,976.79
2024-07-22 20:00:00,3.715,14.468,866.53,975.47,910.85,,1009.78,930.85
2024-07-22 21:00:00,4.129,18.065,904.48,888.33,,1387.93,920.4,955.88
2024-07-22 22:00:00,4.369,17.393,942.89,961.76,998.37,1320.24,938.0,915.52
2024-07-22 23:00:00,5.279,18.263,870.91,886.34,908.5,1388.79,,893.35
2024-07-23 00:00:00,6.163,18.206,934.83,886.61,870.66,1401.8,982.94,934.62
2024-07-23 01:00:00,6.996,18.119,867.28,892.7,915.51,1352.15,829.8,899.09
2024-07-23 02:00:00,6.537,18.429,919.51,891.18,877.41,1386.06,859.53,934.95
2024-07-23 03:00:00,6.193,20.166,909.88,926.58,878.86,1380.78,901.0,901.85
2024-07-23 04:00:00,5.085,20.961,931.54,956.46,,1485.58,919.23,945.21
2024-07-23 05:00:00,6.937,19.772,839.85,981.5,766.03,1368.26,897.32,906.72
2024-07-23 06:00:00,6.953,22.461,918.91,905.26,927.92,1441.5,887.51,885.61
2024-07-23 07:00:00,7.049,19.722,886.82,888.1,871.86,1372.98,915.11,845.54
2024-07-23 08:00:00,8.479,18.138,897.17,849.92,807.82,1329.14,808.57,854.17
2024-07-23 09:00:00,7.607,17.48,874.65,857.95,827.64,1399.95,874.15,842.08
2024-07-23 10:00:00,7.006,17.158,847.13,813.92,859.1,1395.73,857.36,864.79
2024-07-23 11:00:00,5.331,18.257,923.01,961.85,919.13,1369.9,934.7,972.25
2024-07-23 12:00:00,5.392,18.01,924.84,983.11,856.98,1482.71,918.99,902.79
2024-07-23 13:00:00,5.429,18.642,952.59,994.42,,1424.46,909.18,935.09
2024-07-23 14:00:00,4.608,17.359,975.37,982.21,927.0,1405.38,903.24,936.21
2024-07-23 15:00:00,5.393,18.043,904.53,920.8,868.75,1381.21,942.64,924.92
2024-07-23 16:00:00,5.101,16.819,870.33,947.76,796.62,1397.06,874.52,866.18
2024-07-23 17:00:00,3.838,16.634,882.5,1048.54,887.04,1371.86,975.74,971.54
2024-07-23 18:00:00,5.639,15.909,853.81,908.32,817.42,1311.08,917.83,954.42
2024-07-23 19:00:00,4.818,18.429,907.31,903.36,955.5,1391.98,1012.97,983.9
2024-07-23 20:00:00,3.487,15.136,1003.12,1072.19,879.14,1330.69,988.17,949.89
2024-07-23 21:00:00,5.035,17.705,971.89,901.29,854.68,1340.88,848.73,992.63
2024-07-23 22:00:00,5.564,17.592,936.98,861.86,856.0,1402.0,867.11,953.21
2024-07-23 23:00:00,6.421,19.282,930.03,915.13,907.01,1400.49,883.65,896.77
2024-07-24 00:00:00,5.699,18.888,880.67,940.65,924.03,1391.9,889.01,970.91
2024-07-24 01:00:00,6.957,19.493,819.88,904.17,826.42,1447.4,882.8,884.0
2024-07-24 02:00:00,6.75,19.697,844.42,928.23,847.41,1405.31,828.65,910.05
2024-07-24 03:00:00,5.812,22.154,845.73,924.0,894.96,1489.16,846.25,983.39
2024-07-24 04:00:00,5.939,20.855,868.57,916.63,950.59,1396.1,869.17,906.29
2024-07-24 05:00:00,8.105,23.466,840.94,838.1,768.35,1433.79,932.25,
2024-07-24 06:00:00,8.221,21.549,852.61,857.03,781.57,1422.07,880.81,813.2
2024-07-24 07:00:00,7.499,21.232,870.32,895.41,958.9,1425.03,838.61,864.75
2024-07-24 08:00:00,8.334,20.882,816.48,882.22,884.3,,840.23,877.03
2024-07-24 09:00:00,7.809,21.467,877.85,828.59,788.05,,813.89,877.3
2024-07-24 10:00:00,7.28,19.721,841.44,826.36,985.44,1505.28,892.68,901.92
2024-07-24 11:00:00,5.732,20.17,910.62,962.48,920.16,1368.79,868.69,860.89
2024-07-24 12:00:00,7.554,19.538,817.57,845.74,850.92,1372.88,836.66,884.2
2024-07-24 13:00:00,6.305,19.451,929.1,,937.72,1411.68,859.68,878.24
2024-07-24 14:00:00,5.296,19.049,918.16,863.67,860.95,1459.08,908.15,959.57
2024-07-24 15:00:00,4.84,18.748,952.6,1007.65,886.56,1391.92,940.72,908.63
2024-07-24 16:00:00,5.408,18.112,867.51,942.3,893.04,1382.07,909.41,952.07
2024-07-24 17:00:00,3.765,19.731,969.48,1010.53,959.36,1412.67,1003.63,928.85
2024-07-24 18:00:00,5.64,18.337,924.63,942.04,899.68,1400.78,866.26,927.41
2024-07-24 19:00:00,4.377,21.075,880.74,981.65,939.47,1443.38,858.32,967.67
2024-07-24 20:00:00,5.576,18.257,946.91,925.41,,1408.46,912.24,925.22
2024-07-24 21:00:00,5.073,19.715,882.95,944.01,921.51,1450.97,988.31,933.29
2024-07-24 22:00:00,5.547,18.157,913.77,887.89,898.03,1370.95,,944.29
2024-07-24 23:00:00,5.463,21.24,985.2,868.3,905.29,1467.21,943.04,947.98
2024-07-25 00:00:00,6.27,19.281,924.63,997.03,864.43,1374.28,871.68,910.77
2024-07-25 01:00:00,8.242,21.24,792.67,851.51,817.21,1422.91,807.69,866.49
2024-07-25 02:00:00,8.148,20.907,839.7,834.47,777.94,1390.86,809.14,828.13
2024-07-25 03:00:00,7.593,22.229,910.59,841.66,919.82,1389.45,880.1,896.85
2024-07-25 04:00:00,7.501,21.771,839.35,917.25,891.21,1459.37,913.3,858.7
2024-07-25 05:00:00,8.338,21.354,830.03,853.03,879.62,1386.84,880.51,894.85
2024-07-25 06:00:00,8.629,22.091,824.22,805.61,785.74,1406.31,862.19,848.81
2024-07-25 07:00:00,7.042,24.247,911.88,885.25,863.35,1469.21,891.02,911.89
2024-07-25 08:00:00,7.546,22.805,817.54,,861.38,1507.07,840.37,922.81
2024-07-25 09:00:00,5.982,20.427,926.35,904.4,903.8,1468.53,937.7,903.96
2024-07-25 10:00:00,8.111,22.922,834.23,891.8,819.08,1397.24,899.12,862.99
2024-07-25 11:00:00,8.598,20.102,829.32,920.13,897.04,1355.89,806.29,847.89
2024-07-25 12:00:00,6.722,21.593,881.08,882.79,914.39,1491.18,867.85,941.33
2024-07-25 13:00:00,4.67,20.894,964.25,951.84,930.44,1504.29,959.54,986.16
2024-07-25 14:00:00,6.591,20.534,887.12,867.5,887.49,1431.23,845.89,919.51
2024-07-25 15:00:00,5.155,21.65,983.5,943.85,906.07,1452.58,940.52,900.44
2024-07-25 16:00:00,5.18,18.16,951.3,860.29,866.93,1383.56,841.68,960.71
2024-07-25 17:00:00,6.116,19.733,869.72,957.47,780.49,1399.69,934.6,882.08
2024-07-25 18:00:00,5.801,20.489,957.56,872.47,930.27,,,930.08
2024-07-25 19:00:00,5.272,18.319,926.01,904.01,896.7,1412.39,920.1,977.71
2024-07-25 20:00:00,5.286,18.441,920.92,939.52,944.26,1361.37,935.22,904.6
2024-07-25 21:00:00,6.121,19.354,925.38,967.27,903.96,1419.0,875.57,939.73
2024-07-25 22:00:00,5.966,20.547,868.97,886.56,888.63,1423.16,939.74,915.58
2024-07-25 23:00:00,5.72,18.992,857.02,916.46,890.96,1428.94,949.39,868.54
2024-07-26 00:00:00,6.677,21.908,892.51,913.81,849.36,1420.36,915.77,938.76
2024-07-26 01:00:00,7.55,20.118,837.92,841.9,799.27,1363.43,882.89,868.27
2024-07-26 02:00:00,7.45,23.886,951.47,878.44,831.0,1440.0,993.23,883.84
2024-07-26 03:00:00,6.735,23.408,870.0,841.07,846.77,1466.82,952.63,947.66
2024-07-26 04:00:00,8.873,25.448,847.47,821.29,838.85,1482.42,812.07,884.35
2024-07-26 05:00:00,6.036,24.198,926.59,978.65,941.1,1448.8,922.58,919.28
2024-07-26 06:00:00,7.937,23.14,905.0,898.07,885.55,1437.04,790.17,837.57
2024-07-26 07:00:00,7.782,22.522,828.63,850.78,793.32,1445.49,884.08,879.58
2024-07-26 08:00:00,8.303,23.609,797.33,814.61,886.71,1479.74,824.51,866.02
2024-07-26 09:00:00,8.469,23.01,895.22,839.52,849.25,1445.74,905.37,870.09
2024-07-26 10:00:00,8.699,24.097,847.69,785.38,873.18,1485.2,861.65,881.4
2024-07-26 11:00:00,6.964,21.118,908.37,882.63,890.62,1425.68,857.47,930.22
2024-07-26 12:00:00,7.719,24.181,902.66,859.13,797.41,1474.95,868.49,928.95
2024-07-26 13:00:00,7.123,22.809,919.26,872.64,882.83,1468.59,919.04,1007.76
2024-07-26 14:00:00,5.334,20.593,910.09,935.45,967.05,1392.24,952.8,952.17
2024-07-26 15:00:00,8.002,22.62,835.03,883.27,802.52,1499.76,,847.79
2024-07-26 16:00:00,5.167,19.245,852.07,900.86,863.03,1407.41,975.48,941.28
2024-07-26 17:00:00,6.56,20.271,852.71,939.19,790.5,1409.76,799.87,
2024-07-26 18:00:00,6.523,18.464,882.62,941.67,846.08,1387.64,825.48,859.67
2024-07-26 19:00:00,6.5,22.319,873.89,996.95,824.95,1483.92,892.08,905.09
2024-07-26 20:00:00,6.031,18.364,853.85,923.96,840.12,1394.79,877.09,980.05
2024-07-26 21:00:00,7.306,18.969,862.54,932.02,859.32,1402.1,867.43,867.27
2024-07-26 22:00:00,5.673,20.388,959.92,968.7,930.25,1424.27,868.02,974.02
2024-07-26 23:00:00,7.185,23.256,881.5,897.46,,1428.7,849.63,940.12
2024-07-27 00:00:00,7.125,23.37,846.01,843.42,858.21,1385.79,838.61,918.29
2024-07-27 01:00:00,7.373,22.926,921.25,918.65,859.35,1478.56,826.54,932.87
2024-07-27 02:00:00,8.575,24.521,823.14,858.74,843.6,1503.04,837.22,891.05
2024-07-27 03:00:00,9.371,23.61,875.63,892.45,858.53,1414.07,773.09,807.37
2024-07-27 04:00:00,8.454,24.61,844.84,882.92,886.15,1435.84,826.62,897.25
2024-07-27 05:00:00,9.501,26.32,836.03,867.16,873.94,1462.64,803.41,864.26
2024-07-27 06:00:00,8.986,24.146,891.69,811.77,847.35,1443.5,826.34,807.72
2024-07-27 07:00:00,8.219,23.489,808.26,867.24,841.38,1428.41,782.62,883.92
2024-07-27 08:00:00,8.636,24.808,813.08,771.13,827.79,1479.74,855.54,874.57
2024-07-27 09:00:00,8.441,24.848,844.05,876.63,879.44,1483.03,821.59,889.03
2024-07-27 10:00:00,7.903,23.712,860.52,916.95,825.37,1463.26,869.11,976.37
2024-07-27 11:00:00,8.543,24.335,942.78,905.31,,1452.01,834.85,930.65
2024-07-27 12:00:00,8.106,22.405,822.77,843.62,,1409.09,858.35,882.76
2024-07-27 13:00:00,6.364,22.315,856.57,840.73,921.39,1404.21,905.97,955.75
2024-07-27 14:00:00,6.055,22.162,877.42,901.21,896.62,1430.97,973.3,915.96
2024-07-27 15:00:00,7.497,21.675,875.74,872.0,885.94,1446.78,805.37,865.98
2024-07-27 16:00:00,6.344,22.98,923.01,932.29,,1411.83,966.95,952.42
2024-07-27 17:00:00,7.147,21.319,851.07,804.07,859.47,1422.04,917.26,884.14
2024-07-27 18:00:00,7.519,20.474,862.34,866.64,867.56,1374.19,843.08,891.3
2024-07-27 19:00:00,5.948,21.571,978.62,882.89,862.95,1399.22,937.09,907.09
2024-07-27 20:00:00,5.985,22.379,914.36,983.48,,1481.49,993.2,935.18
2024-07-27 21:00:00,8.674,22.445,849.37,746.37,825.12,,776.12,883.19
2024-07-27 22:00:00,7.894,22.822,927.79,906.37,848.62,1460.26,862.97,
2024-07-27 23:00:00,7.596,20.674,835.9,862.55,855.09,1373.33,,860.98
2024-07-28 00:00:00,7.525,20.027,832.7,787.4,884.45,1423.04,868.43,934.63
2024-07-28 01:00:00,8.204,25.094,846.76,929.84,768.47,1506.04,891.53,901.32
2024-07-28 02:00:00,7.98,24.601,848.8,922.46,810.56,1536.67,821.43,894.32
2024-07-28 03:00:00,9.917,24.491,748.78,856.11,859.8,1443.24,,849.93
2024-07-28 04:00:00,8.81,25.695,853.78,848.89,870.4,1501.09,837.14,881.25
2024-07-28 05:00:00,10.456,27.401,814.59,766.7,798.22,1479.65,827.73,848.98
2024-07-28 06:00:00,9.332,26.88,833.16,834.62,846.73,1450.0,868.9,882.34
2024-07-28 07:00:00,8.807,26.296,860.39,868.9,878.33,1445.73,861.03,
2024-07-28 08:00:00,9.211,23.903,838.69,805.26,895.63,1456.18,831.56,903.14
2024-07-28 09:00:00,7.292,23.767,,853.63,858.08,1445.11,878.27,907.21
2024-07-28 10:00:00,9.077,21.422,832.35,843.53,875.3,1426.52,849.8,794.98
2024-07-28 11:00:00,8.778,24.588,864.4,850.68,868.41,1489.69,856.69,927.57
2024-07-28 12:00:00,9.294,24.665,774.86,863.63,793.8,1468.12,849.89,869.58
2024-07-28 13:00:00,6.845,24.269,948.76,964.69,863.68,1433.59,901.31,875.74
2024-07-28 14:00:00,9.024,23.192,788.43,865.05,881.77,1413.74,775.05,824.98
2024-07-28 15:00:00,8.533,21.805,,796.26,894.54,1429.39,788.75,853.74
2024-07-28 16:00:00,8.718,21.018,837.54,833.55,824.3,1416.75,842.48,865.69
2024-07-28 17:00:00,7.585,20.527,878.7,884.34,897.07,1417.4,837.79,775.76
2024-07-28 18:00:00,8.428,21.275,866.97,876.5,849.62,1439.62,851.54,774.65
2024-07-28 19:00:00,6.511,20.387,909.06,937.13,873.05,1405.75,870.53,909.52
2024-07-28 20:00:00,8.409,23.888,,850.25,857.53,1467.11,814.78,921.37
2024-07-28 21:00:00,7.443,20.556,867.9,853.88,795.87,1425.32,886.94,926.87
2024-07-28 22:00:00,7.018,22.317,872.84,932.73,862.93,1472.71,829.51,871.59
2024-07-28 23:00:00,7.76,20.732,862.13,878.99,825.72,1408.81,872.98,894.15
2024-07-29 00:00:00,9.004,23.948,838.04,844.96,877.69,1455.7,812.36,879.32
2024-07-29 01:00:00,8.682,24.126,827.81,816.38,854.8,1472.16,808.04,877.87
2024-07-29 02:00:00,9.962,24.201,797.82,887.81,804.07,1455.45,783.32,876.51
2024-07-29 03:00:00,8.494,23.942,785.09,859.99,894.59,1452.95,846.88,849.17
2024-07-29 04:00:00,8.46,25.4,886.48,852.02,793.18,1468.59,915.29,896.62
2024-07-29 05:00:00,11.41,24.96,767.95,752.23,730.28,1400.21,760.21,851.28
2024-07-29 06:00:00,11.106,25.534,692.02,753.17,837.4,1481.73,799.32,791.66
2024-07-29 07:00:00,9.533,27.995,866.81,777.37,872.13,1539.7,853.78,855.13
2024-07-29 08:00:00,10.281,25.669,803.91,807.81,746.3,1485.29,800.37,859.78
2024-07-29 09:00:00,10.939,25.799,748.0,708.98,800.79,1484.72,750.35,823.15
2024-07-29 10:00:00,10.24,24.203,764.76,797.28,752.82,1446.44,772.84,767.27
2024-07-29 11:00:00,9.765,23.351,787.58,743.86,796.18,1496.46,793.69,871.18
2024-07-29 12:00:00,10.242,23.761,766.0,705.6,822.78,1470.03,826.48,784.54
2024-07-29 13:00:00,8.501,26.289,832.37,881.35,859.14,1561.65,938.89,915.68
2024-07-29 14:00:00,8.851,22.471,892.8,790.02,828.26,1412.02,812.26,851.96
2024-07-29 15:00:00,8.594,22.848,855.17,860.9,804.83,1439.0,842.29,864.18
2024-07-29 16:00:00,8.23,21.114,915.84,856.77,887.07,1410.71,841.21,867.24
2024-07-29 17:00:00,8.046,18.614,846.37,854.23,850.12,1412.41,818.12,826.04
2024-07-29 18:00:00,8.406,20.916,859.03,818.68,799.48,1345.47,756.93,898.89
2024-07-29 19:00:00,8.446,24.799,824.28,848.88,858.83,1495.53,900.11,884.68
2024-07-29 20:00:00,7.73,22.867,860.59,845.0,847.24,1454.55,880.7,877.86
2024-07-29 21:00:00,9.431,24.45,823.1,859.36,805.12,1496.0,837.82,907.32
2024-07-29 22:00:00,8.287,22.487,870.87,832.97,850.86,1421.7,822.41,868.7
2024-07-29 23:00:00,9.213,20.568,812.87,,882.25,1344.42,831.44,806.64
2024-07-30 00:00:00,9.491,22.592,828.2,,780.04,1487.52,762.73,867.2
2024-07-30 01:00:00,10.355,24.924,810.73,765.65,830.01,1464.74,798.62,808.78
2024-07-30 02:00:00,8.692,25.223,839.53,775.87,886.04,1513.15,801.94,932.46
2024-07-30 03:00:00,11.378,25.347,746.4,702.5,794.08,,707.48,780.3
2024-07-30 04:00:00,10.344,25.048,777.21,833.55,845.73,1501.57,785.65,811.1
2024-07-30 05:00:00,12.011,27.018,778.83,722.21,756.61,1506.53,710.1,748.75
2024-07-30 06:00:00,10.723,25.363,776.86,787.28,817.26,1505.6,834.65,817.1
2024-07-30 07:00:00,11.055,26.271,789.67,774.86,795.31,1471.6,697.77,796.32
2024-07-30 08:00:00,12.535,25.941,,760.7,679.79,1497.93,712.99,739.84
2024-07-30 09:00:00,10.621,24.951,826.82,695.96,754.1,1478.57,816.45,772.21
2024-07-30 10:00:00,11.614,23.926,674.62,724.13,801.49,,702.35,783.38
2024-07-30 11:00:00,10.394,23.992,804.61,787.22,780.7,1488.87,770.54,840.28
2024-07-30 12:00:00,10.414,26.239,759.45,,798.08,1505.55,816.81,864.86
2024-07-30 13:00:00,9.856,24.81,829.35,841.02,852.06,1458.93,768.84,823.58
2024-07-30 14:00:00,10.218,24.22,796.41,827.14,801.66,1450.01,789.89,840.34
2024-07-30 15:00:00,8.771,21.639,780.04,825.59,858.35,1389.26,818.7,885.48
2024-07-30 16:00:00,8.371,20.541,849.88,776.18,827.6,1407.36,845.61,869.93
2024-07-30 17:00:00,8.556,23.383,853.51,946.7,800.01,1469.2,843.21,848.09
2024-07-30 18:00:00,9.134,23.086,820.04,826.72,870.46,1446.03,814.75,878.71
2024-07-30 19:00:00,8.947,22.233,825.87,833.89,792.97,1435.67,819.19,896.6
2024-07-30 20:00:00,9.84,21.823,808.33,851.08,856.85,1397.83,775.51,830.0
2024-07-30 21:00:00,10.535,20.828,,754.68,802.06,1361.88,793.0,808.49
2024-07-30 22:00:00,8.987,24.038,825.54,886.2,814.6,1461.91,834.43,826.84
2024-07-30 23:00:00,9.498,24.901,861.57,,853.97,1480.12,819.78,837.55
2024-07-31 00:00:00,9.275,23.178,823.3,895.91,805.39,1430.8,873.07,880.16
2024-07-31 01:00:00,12.386,23.593,754.34,707.93,694.36,1431.21,721.58,738.6
2024-07-31 02:00:00,11.323,26.476,759.77,723.96,790.68,1508.0,731.47,770.55
2024-07-31 03:00:00,11.739,24.627,718.68,812.45,789.14,1472.97,,817.61
2024-07-31 04:00:00,10.501,27.846,768.86,817.03,829.34,1501.56,777.56,874.38
2024-07-31 05:00:00,11.72,25.776,746.82,705.27,732.55,1414.8,829.44,769.73
2024-07-31 06:00:00,12.196,25.506,698.26,648.8,687.61,1466.82,576.64,842.93
2024-07-31 07:00:00,11.573,25.95,804.23,765.23,762.44,1460.94,719.11,770.3
2024-07-31 08:00:00,12.543,25.226,678.85,741.98,683.47,1445.11,685.43,688.28
2024-07-31 09:00:00,13.368,26.718,654.26,663.56,701.24,1445.99,648.53,708.59
2024-07-31 10:00:00,10.539,26.008,817.89,798.96,804.9,1531.69,772.47,776.66
2024-07-31 11:00:00,10.216,25.761,850.03,861.17,845.25,1469.17,814.83,854.3
2024-07-31 12:00:00,10.048,24.152,832.74,824.64,838.65,1510.54,775.33,880.29
2024-07-31 13:00:00,11.751,22.857,770.59,693.03,787.56,1435.06,720.66,734.48
2024-07-31 14:00:00,11.037,22.902,760.96,729.21,771.54,1452.64,761.75,775.85
2024-07-31 15:00:00,9.872,21.979,800.18,822.26,787.09,1412.8,914.41,808.64
2024-07-31 16:00:00,9.845,23.922,882.41,826.82,833.75,1426.94,861.37,825.94
2024-07-31 17:00:00,9.068,23.155,889.45,872.8,847.5,1465.34,844.48,849.98
2024-07-31 18:00:00,10.418,21.764,,793.05,802.88,1417.88,827.68,784.14
2024-07-31 19:00:00,9.469,20.82,847.29,836.65,887.48,1383.95,716.51,849.88
2024-07-31 20:00:00,9.71,23.969,846.03,825.11,846.71,1475.15,748.66,806.43
2024-07-31 21:00:00,10.621,22.59,736.79,810.44,834.53,1437.83,758.44,812.45
2024-07-31 22:00:00,10.257,22.672,791.76,817.71,751.56,1373.94,740.83,845.01
2024-07-31 23:00:00,10.534,25.157,846.31,773.1,760.94,1485.95,801.39,789.96
2024-08-01 00:00:00,11.066,23.19,789.08,745.77,740.33,1454.85,783.64,737.71
2024-08-01 01:00:00,12.029,23.924,724.04,721.71,742.46,1381.75,700.96,713.69
2024-08-01 02:00:00,13.024,24.498,737.09,664.03,700.77,1483.64,633.96,702.08
2024-08-01 03:00:00,12.448,23.594,719.19,739.17,735.21,1458.25,740.23,
2024-08-01 04:00:00,12.837,25.856,725.36,681.83,790.96,1400.34,,781.61
2024-08-01 05:00:00,12.178,24.747,736.53,646.8,736.96,1429.59,693.91,752.84
2024-08-01 06:00:00,11.836,25.029,758.56,,775.41,,683.98,746.66
2024-08-01 07:00:00,12.909,24.785,712.27,656.84,716.07,1396.06,668.08,696.8
2024-08-01 08:00:00,12.426,24.709,757.74,719.92,776.55,1445.93,679.75,770.16
2024-08-01 09:00:00,10.983,24.072,821.24,730.77,807.34,1447.18,749.13,834.58
2024-08-01 10:00:00,11.634,24.944,732.16,757.4,759.97,1423.33,741.69,762.97
2024-08-01 11:00:00,11.563,23.96,758.97,701.15,799.61,1409.95,803.92,781.76
2024-08-01 12:00:00,10.934,23.668,815.89,767.24,805.72,1436.36,798.47,814.71
2024-08-01 13:00:00,12.239,25.899,721.29,720.67,781.02,1472.63,695.17,773.11
2024-08-01 14:00:00,11.171,22.386,710.11,700.21,766.58,1385.39,721.54,803.36
2024-08-01 15:00:00,11.659,22.865,705.7,739.69,777.63,,,799.15
2024-08-01 16:00:00,10.603,22.663,750.65,837.52,776.29,1438.26,709.15,825.65
2024-08-01 17:00:00,10.359,21.505,768.09,772.16,744.72,1430.99,691.84,790.53
2024-08-01 18:00:00,9.526,21.82,785.36,813.7,792.15,1425.41,807.2,823.46
2024-08-01 19:00:00,10.347,21.563,820.87,790.9,813.87,1409.47,769.49,758.24
2024-08-01 20:00:00,10.489,21.96,771.57,779.44,808.17,1403.1,822.96,811.14
2024-08-01 21:00:00,9.597,21.308,851.32,807.8,778.05,1394.55,791.87,832.69
2024-08-01 22:00:00,10.528,21.811,739.53,771.52,841.42,1412.52,797.51,786.82
2024-08-01 23:00:00,11.011,22.884,752.35,692.23,731.34,1423.85,768.97,800.25
2024-08-02 00:00:00,11.932,20.991,720.95,722.91,736.24,1388.21,700.57,727.24
2024-08-02 01:00:00,12.301,25.647,750.4,657.22,723.64,1432.04,660.21,726.36
2024-08-02 02:00:00,11.776,26.903,790.66,745.28,775.79,1503.37,729.95,
2024-08-02 03:00:00,12.885,24.904,673.59,696.03,661.87,,626.97,706.1
2024-08-02 04:00:00,12.575,25.791,745.23,702.96,661.33,1474.54,663.44,739.94
2024-08-02 05:00:00,10.564,26.464,,750.67,782.45,1484.15,,
2024-08-02 06:00:00,12.532,23.619,733.09,694.96,749.55,1381.6,729.65,698.27
2024-08-02 07:00:00,13.761,26.229,610.92,617.09,694.84,1412.62,628.9,699.02
2024-08-02 08:00:00,11.452,24.376,768.76,,708.69,1459.1,698.72,751.39
2024-08-02 09:00:00,12.715,27.292,750.4,766.49,774.81,1483.02,642.21,765.79
2024-08-02 10:00:00,13.663,23.876,,587.9,687.25,1411.51,666.42,754.74
2024-08-02 11:00:00,11.516,24.682,694.43,,796.6,1441.63,764.06,813.38
2024-08-02 12:00:00,11.833,22.832,714.21,776.23,728.9,1397.96,664.26,798.23
2024-08-02 13:00:00,10.496,25.136,820.39,,727.69,1470.96,803.49,841.75
2024-08-02 14:00:00,12.569,21.374,714.93,649.13,769.74,1373.6,648.94,774.05
2024-08-02 15:00:00,10.969,22.943,776.35,735.01,767.67,1399.64,782.12,725.61
2024-08-02 16:00:00,10.9,21.95,687.98,701.42,813.32,1355.11,692.62,800.09
2024-08-02 17:00:00,11.843,21.453,765.17,714.33,719.02,1364.16,707.45,780.15
2024-08-02 18:00:00,11.265,21.144,794.61,742.98,758.45,1391.27,745.19,761.12
2024-08-02 19:00:00,10.092,20.106,793.18,776.83,719.66,1405.85,835.39,829.48
2024-08-02 20:00:00,10.411,17.972,774.28,824.19,731.57,1279.35,728.89,765.67
2024-08-02 21:00:00,11.532,22.651,759.59,727.95,815.45,1395.48,688.56,815.13
2024-08-02 22:00:00,10.901,21.157,812.55,692.87,804.08,1397.5,702.37,784.77
2024-08-02 23:00:00,10.011,23.597,814.61,861.06,859.23,1448.24,759.54,823.57
2024-08-03 00:00:00,11.988,23.101,717.64,662.36,759.23,1414.59,755.99,729.73
2024-08-03 01:00:00,11.173,24.604,779.18,774.41,787.4,1434.21,711.7,797.52
2024-08-03 02:00:00,13.954,24.575,640.95,637.44,710.19,1390.56,626.6,724.75
2024-08-03 03:00:00,13.066,21.036,666.78,645.41,724.5,1375.45,656.24,731.78
2024-08-03 04:00:00,12.405,25.015,652.74,732.02,746.25,1449.05,650.45,718.61
2024-08-03 05:00:00,12.705,24.03,714.98,679.47,720.65,1418.35,696.19,731.12
2024-08-03 06:00:00,11.807,25.874,785.69,712.94,801.05,,760.82,792.64
2024-08-03 07:00:00,12.412,25.082,750.27,611.2,690.17,1479.8,673.64,739.83
2024-08-03 08:00:00,13.998,24.861,673.84,541.21,657.26,1433.26,607.9,681.4
2024-08-03 09:00:00,14.793,23.457,594.33,672.95,570.98,1410.11,554.53,669.25
2024-08-03 10:00:00,13.353,22.239,664.04,666.56,641.38,1399.36,592.42,684.66
2024-08-03 11:00:00,12.422,22.296,743.27,736.0,726.8,1384.86,698.63,744.64
2024-08-03 12:00:00,11.852,20.101,747.13,808.46,759.92,1327.35,699.19,776.17
2024-08-03 13:00:00,11.134,20.998,803.22,730.94,835.04,1414.5,744.94,799.83
2024-08-03 14:00:00,13.27,19.429,626.62,627.71,664.49,1330.07,547.35,680.51
2024-08-03 15:00:00,11.234,19.009,714.34,668.75,726.95,1375.61,,806.71
2024-08-03 16:00:00,12.898,20.518,660.45,644.49,686.69,1379.53,701.67,674.37
2024-08-03 17:00:00,12.212,20.781,671.06,679.42,727.79,1323.49,663.95,675.13
2024-08-03 18:00:00,9.675,19.996,752.83,786.7,873.48,1401.35,755.64,831.02
2024-08-03 19:00:00,10.586,19.465,782.67,808.03,769.14,1416.28,781.97,850.21
2024-08-03 20:00:00,10.714,19.087,773.57,787.74,716.45,1350.68,700.46,852.16
2024-08-03 21:00:00,11.387,20.121,745.34,,760.76,1377.24,628.63,731.02
2024-08-03 22:00:00,11.661,19.89,736.42,668.02,736.84,1390.53,715.25,729.19
2024-08-03 23:00:00,14.406,21.243,553.65,578.87,631.78,1304.0,,578.42
2024-08-04 00:00:00,11.467,19.97,715.86,740.23,729.58,1302.07,742.13,760.14
2024-08-04 01:00:00,12.832,23.114,676.53,742.05,793.64,1397.94,668.89,740.15
2024-08-04 02:00:00,13.44,22.034,655.68,636.81,655.56,1328.17,657.13,651.94
2024-08-04 03:00:00,13.203,23.539,,642.64,629.96,1445.76,655.06,688.86
2024-08-04 04:00:00,13.492,24.428,629.89,680.05,662.68,1443.4,671.11,740.04
2024-08-04 05:00:00,12.696,23.915,681.28,666.43,695.75,1457.8,795.68,792.01
2024-08-04 06:00:00,13.666,24.506,691.63,646.33,628.17,1415.32,614.97,716.07
2024-08-04 07:00:00,13.957,20.957,634.1,618.87,642.16,1382.51,594.82,635.92
2024-08-04 08:00:00,13.697,22.603,680.3,599.33,,1384.76,579.25,733.32
2024-08-04 09:00:00,13.708,24.157,646.76,,624.36,1421.83,617.77,
2024-08-04 10:00:00,14.14,22.987,625.41,594.19,595.6,1447.21,600.9,644.83
2024-08-04 11:00:00,13.477,24.069,678.89,617.02,717.79,1373.65,623.18,673.74
2024-08-04 12:00:00,12.481,23.335,697.42,624.21,713.01,1463.18,687.8,658.13
2024-08-04 13:00:00,11.182,21.087,727.76,770.39,741.15,1330.34,740.14,830.78
2024-08-04 14:00:00,11.356,19.899,684.89,752.49,789.79,1362.73,732.11,845.13
2024-08-04 15:00:00,11.417,18.593,707.64,693.09,711.74,1355.74,699.11,748.28
2024-08-04 16:00:00,11.609,18.809,750.65,680.54,663.47,1325.73,645.98,763.64
2024-08-04 17:00:00,10.91,18.646,793.87,766.44,786.9,1354.49,763.49,767.64
2024-08-04 18:00:00,10.508,18.31,,834.1,762.47,1355.45,740.89,789.82
2024-08-04 19:00:00,10.352,17.943,707.69,810.52,763.28,1358.06,787.28,750.73
2024-08-04 20:00:00,10.106,19.681,817.51,833.08,703.38,1367.3,760.1,820.39
2024-08-04 21:00:00,11.434,21.507,743.42,718.58,708.45,1370.84,672.45,828.69
2024-08-04 22:00:00,10.698,20.959,721.48,780.13,764.9,1395.6,743.72,790.53
2024-08-04 23:00:00,11.366,19.889,627.65,723.83,699.27,1353.23,650.3,747.94
2024-08-05 00:00:00,12.166,21.964,677.72,666.96,766.02,1391.25,657.02,774.5
2024-08-05 01:00:00,11.726,21.634,712.91,724.74,737.79,1380.64,701.22,732.42
2024-08-05 02:00:00,13.39,21.604,614.05,596.84,666.29,1374.08,586.15,672.91
2024-08-05 03:00:00,13.93,21.897,654.65,573.77,697.27,1347.95,598.21,648.38
2024-08-05 04:00:00,13.091,22.051,641.74,630.86,666.17,1365.72,613.09,681.99
2024-08-05 05:00:00,13.303,23.225,666.14,627.5,704.96,1365.12,665.17,667.27
2024-08-05 06:00:00,14.125,22.631,707.57,594.03,652.49,1381.41,523.77,682.18
2024-08-05 07:00:00,13.085,21.474,671.99,564.63,723.01,1342.76,657.29,744.99
2024-08-05 08:00:00,12.911,21.168,670.4,618.14,711.26,1375.79,,728.99
2024-08-05 09:00:00,14.305,22.101,610.31,646.69,668.55,1395.29,561.2,712.18
2024-08-05 10:00:00,13.807,21.786,,609.51,639.31,1412.79,605.52,692.9
2024-08-05 11:00:00,13.292,20.365,672.43,,649.97,1343.77,646.59,682.4
2024-08-05 12:00:00,13.241,18.816,613.62,647.75,663.2,1403.03,537.51,665.62
2024-08-05 13:00:00,10.607,21.109,758.46,763.7,803.2,1412.14,782.89,800.23
2024-08-05 14:00:00,12.983,20.323,644.02,613.85,701.44,1354.19,708.73,725.21
2024-08-05 15:00:00,11.964,16.228,684.58,666.91,734.66,1347.91,628.22,722.29
2024-08-05 16:00:00,12.267,19.853,,762.88,675.15,1324.63,747.89,761.66
2024-08-05 17:00:00,11.647,17.746,736.59,687.76,,1320.45,735.51,709.61
2024-08-05 18:00:00,11.334,18.106,727.07,794.19,715.28,1322.25,688.2,741.68
2024-08-05 19:00:00,11.114,19.263,787.77,722.63,722.26,1315.88,735.23,780.44
2024-08-05 20:00:00,11.746,20.03,727.62,698.34,691.38,1390.5,682.93,714.34
2024-08-05 21:00:00,11.391,19.518,676.49,729.88,732.3,1364.74,725.31,770.99
2024-08-05 22:00:00,12.581,18.968,737.71,658.85,639.97,1351.2,726.16,630.41
2024-08-05 23:00:00,10.904,17.46,739.18,706.08,723.62,1344.14,753.99,786.28
2024-08-06 00:00:00,12.048,17.146,615.99,686.91,663.27,1254.42,,697.68
2024-08-06 01:00:00,14.424,21.099,547.36,515.44,,1380.88,593.83,624.57
2024-08-06 02:00:00,12.573,22.087,733.33,690.23,659.38,1364.91,621.89,699.16
2024-08-06 03:00:00,13.128,19.862,603.23,649.18,636.04,1369.5,699.7,683.65
2024-08-06 04:00:00,12.799,20.783,725.02,689.22,716.76,1323.53,650.44,675.04
2024-08-06 05:00:00,13.889,20.587,629.29,,638.91,1354.05,595.1,624.6
2024-08-06 06:00:00,13.068,20.572,689.57,674.98,688.11,1334.92,653.24,702.2
2024-08-06 07:00:00,13.463,22.443,645.8,647.46,669.51,1389.04,614.27,595.42
2024-08-06 08:00:00,14.165,21.164,634.31,593.74,669.47,1345.13,560.28,630.34
2024-08-06 09:00:00,12.731,20.258,689.6,741.12,715.93,1361.18,672.8,726.12
2024-08-06 10:00:00,13.667,23.256,647.58,640.63,696.71,1387.38,612.99,656.96
2024-08-06 11:00:00,13.398,17.812,599.65,601.21,,1285.39,573.95,
2024-08-06 12:00:00,13.267,19.621,663.68,693.55,668.82,1371.58,669.09,630.74
2024-08-06 13:00:00,12.219,17.136,623.77,699.25,647.77,1340.38,578.37,668.19
2024-08-06 14:00:00,14.403,17.672,621.51,636.33,584.31,1340.76,520.6,554.02
2024-08-06 15:00:00,12.398,17.573,688.26,596.85,723.77,1310.01,,647.55
2024-08-06 16:00:00,11.617,18.038,733.85,699.44,701.5,1324.22,692.88,703.42
2024-08-06 17:00:00,10.529,16.459,663.39,745.65,743.44,1314.08,791.84,789.79
2024-08-06 18:00:00,11.103,16.212,691.54,655.08,758.21,1280.43,762.97,707.05
2024-08-06 19:00:00,12.355,16.334,660.03,676.19,697.62,1250.79,698.77,683.56
2024-08-06 20:00:00,12.693,15.521,682.5,634.93,670.46,1252.7,700.41,628.43
2024-08-06 21:00:00,12.69,17.841,636.49,576.94,672.75,1288.66,643.05,698.24
2024-08-06 22:00:00,12.375,17.782,772.52,642.2,728.8,1330.56,662.65,673.46
2024-08-06 23:00:00,11.023,18.396,734.83,796.38,719.99,1364.84,733.45,800.86
2024-08-07 00:00:00,12.718,18.256,634.52,693.03,697.51,1259.22,691.15,699.47
2024-08-07 01:00:00,11.637,18.574,712.62,683.63,714.95,1313.44,683.73,684.56
2024-08-07 02:00:00,11.719,20.646,691.66,684.63,757.64,1385.29,744.12,677.23
2024-08-07 03:00:00,13.339,20.823,611.77,666.36,700.1,1360.37,635.77,
2024-08-07 04:00:00,13.747,21.56,672.92,533.79,666.28,1357.66,653.55,
2024-08-07 05:00:00,14.16,20.457,631.01,610.53,682.91,1331.35,624.54,646.46
2024-08-07 06:00:00,13.865,21.649,650.43,533.04,686.41,,604.37,668.48
2024-08-07 07:00:00,13.841,19.406,668.11,666.58,633.84,,664.55,
2024-08-07 08:00:00,12.497,19.412,702.29,697.88,708.04,1302.44,703.74,736.07
2024-08-07 09:00:00,12.998,20.717,631.08,575.77,697.54,1304.95,580.9,678.65
2024-08-07 10:00:00,11.616,19.828,750.49,701.65,774.22,1357.52,632.42,781.79
2024-08-07 11:00:00,10.918,17.933,706.81,757.11,687.61,1356.15,696.37,717.52
2024-08-07 12:00:00,12.79,16.456,642.01,568.11,716.45,1271.27,641.29,701.44
2024-08-07 13:00:00,11.272,16.897,725.43,722.94,665.43,1376.72,758.13,733.52
2024-08-07 14:00:00,12.27,15.785,673.87,691.46,706.34,1303.9,651.66,738.22
2024-08-07 15:00:00,12.197,18.21,630.46,600.42,722.15,1309.63,665.25,768.76
2024-08-07 16:00:00,10.611,16.683,718.93,784.43,744.07,1263.26,753.62,806.94
2024-08-07 17:00:00,11.445,14.6,708.62,704.48,736.37,1289.9,754.31,761.62
2024-08-07 18:00:00,10.39,14.144,728.49,793.35,696.05,1246.75,755.81,761.65
2024-08-07 19:00:00,9.469,14.48,819.46,781.06,738.88,1268.85,764.47,698.18
2024-08-07 20:00:00,11.15,14.892,768.48,682.17,679.72,1253.61,669.79,
2024-08-07 21:00:00,10.851,15.628,699.35,694.4,710.89,1255.16,680.22,757.05
2024-08-07 22:00:00,11.109,17.528,738.7,721.79,783.46,1308.6,668.05,784.11
2024-08-07 23:00:00,13.316,15.461,685.56,609.51,696.97,1243.29,631.31,639.77
2024-08-08 00:00:00,10.81,19.834,754.41,797.61,759.23,1344.0,759.29,800.01
2024-08-08 01:00:00,12.633,16.421,651.44,644.43,685.14,1266.43,,725.05
2024-08-08 02:00:00,11.804,16.293,731.8,634.61,788.24,1347.09,721.96,695.76
2024-08-08 03:00:00,13.559,20.372,631.36,600.56,645.3,1365.8,626.41,685.97
2024-08-08 04:00:00,13.246,20.198,699.19,573.99,645.97,1340.73,598.92,680.04
2024-08-08 05:00:00,13.414,18.542,618.65,,696.76,1261.58,594.66,675.12
2024-08-08 06:00:00,12.379,19.235,673.08,700.19,680.61,1354.84,677.47,721.65
2024-08-08 07:00:00,12.465,19.146,713.12,702.37,658.28,1390.89,653.86,748.8
2024-08-08 08:00:00,13.683,18.571,630.61,594.78,684.39,1361.49,536.96,629.45
2024-08-08 09:00:00,14.15,16.483,599.46,547.44,674.54,1261.66,547.65,
2024-08-08 10:00:00,12.851,14.595,580.75,618.39,638.27,,685.24,667.23
2024-08-08 11:00:00,11.442,16.027,703.6,710.26,718.55,,712.36,741.39
2024-08-08 12:00:00,12.103,18.651,729.54,668.87,747.23,1339.49,688.15,
2024-08-08 13:00:00,13.445,18.13,608.77,682.62,623.2,1325.4,586.03,671.87
2024-08-08 14:00:00,11.277,15.057,743.05,704.27,759.91,1292.13,652.81,773.22
2024-08-08 15:00:00,12.098,13.757,686.88,670.71,744.1,1278.77,667.03,677.87
2024-08-08 16:00:00,10.127,14.872,755.72,739.75,706.33,1306.28,769.01,729.88
2024-08-08 17:00:00,10.546,14.815,794.43,722.71,688.2,1232.04,683.39,782.89
2024-08-08 18:00:00,11.016,14.891,716.68,679.82,661.18,1265.59,,719.46
2024-08-08 19:00:00,10.859,11.156,708.64,685.63,692.04,1241.5,,678.7
2024-08-08 20:00:00,10.029,18.128,773.28,858.24,726.06,1297.1,784.76,798.38
2024-08-08 21:00:00,10.165,15.966,769.09,793.29,808.59,1307.86,759.53,737.37
2024-08-08 22:00:00,11.832,14.735,720.32,677.41,658.15,1251.66,677.48,662.46
2024-08-08 23:00:00,12.264,14.543,622.16,642.52,664.29,1218.42,760.69,716.21
2024-08-09 00:00:00,12.811,17.059,690.89,697.72,689.27,1322.06,664.9,680.75
2024-08-09 01:00:00,13.334,16.937,638.35,587.1,618.27,1261.25,618.64,613.4
2024-08-09 02:00:00,12.267,16.887,703.49,607.51,694.42,1361.25,693.15,684.98
2024-08-09 03:00:00,12.138,17.692,,703.57,730.52,1307.4,663.22,795.28
2024-08-09 04:00:00,13.638,17.276,605.46,568.33,772.76,1319.11,634.51,640.66
2024-08-09 05:00:00,13.226,18.045,603.09,578.22,679.19,1356.5,637.65,662.16
2024-08-09 06:00:00,11.889,18.455,714.54,655.62,650.54,1340.55,687.6,689.94
2024-08-09 07:00:00,11.785,17.879,721.97,719.31,746.61,1324.12,684.87,729.51
2024-08-09 08:00:00,12.864,17.569,690.89,642.9,687.77,1325.37,637.14,639.76
2024-08-09 09:00:00,12.116,18.526,679.31,648.81,,1378.79,683.21,667.25
2024-08-09 10:00:00,11.966,14.476,657.45,702.34,688.06,1267.88,719.44,708.17
2024-08-09 11:00:00,12.533,14.906,,623.06,709.95,1237.67,664.76,633.47
2024-08-09 12:00:00,11.949,15.331,643.21,621.52,686.97,1230.48,598.03,714.34
2024-08-09 13:00:00,12.072,13.859,664.5,624.06,697.65,1256.01,729.05,751.67
2024-08-09 14:00:00,9.151,13.731,781.48,799.24,784.42,1243.72,801.31,814.82
2024-08-09 15:00:00,10.627,15.291,818.18,718.35,748.87,1316.46,831.94,708.42
2024-08-09 16:00:00,10.766,13.203,671.78,741.37,714.52,1287.4,720.24,714.66
2024-08-09 17:00:00,8.846,10.941,793.29,844.25,814.76,1243.67,822.33,748.71
2024-08-09 18:00:00,9.479,12.514,745.5,759.02,819.17,1247.69,794.61,776.2
2024-08-09 19:00:00,9.347,13.115,785.09,896.88,848.98,1279.81,779.32,800.49
2024-08-09 20:00:00,10.133,13.247,735.82,775.72,754.53,1258.03,799.09,716.78
2024-08-09 21:00:00,11.584,14.14,737.68,694.29,714.06,1248.92,683.12,716.17
2024-08-09 22:00:00,12.124,14.412,715.29,622.04,698.07,1241.84,671.11,731.79
2024-08-09 23:00:00,10.12,14.114,755.57,753.85,721.1,1276.41,711.04,772.95
2024-08-10 00:00:00,11.478,13.322,752.63,694.09,741.07,1243.88,683.25,695.29
2024-08-10 01:00:00,11.79,14.698,721.73,723.33,688.89,1301.62,648.87,744.88
2024-08-10 02:00:00,11.918,14.919,739.33,663.45,721.43,1283.91,679.53,747.41
2024-08-10 03:00:00,12.15,15.695,682.4,695.28,643.71,1238.06,693.51,702.84
2024-08-10 04:00:00,12.239,17.141,719.79,679.5,720.52,1317.68,686.64,695.92
2024-08-10 05:00:00,13.441,16.953,604.2,653.91,702.92,,620.75,659.74
2024-08-10 06:00:00,12.988,17.483,623.9,682.49,642.6,1307.78,664.57,724.67
2024-08-10 07:00:00,11.192,15.923,802.28,,710.63,1286.24,807.97,712.22
2024-08-10 08:00:00,12.531,17.952,639.16,696.03,670.96,1314.74,644.08,710.98
2024-08-10 09:00:00,12.391,16.589,662.0,713.41,668.84,1340.32,754.65,743.66
2024-08-10 10:00:00,11.655,15.461,637.96,723.38,766.51,1268.82,639.12,755.47
2024-08-10 11:00:00,11.992,15.527,,696.51,703.29,1257.72,588.13,635.37
2024-08-10 12:00:00,10.9,13.433,691.89,748.08,686.05,1231.27,763.99,
2024-08-10 13:00:00,10.573,11.155,705.93,804.15,690.84,1182.96,725.59,761.47
2024-08-10 14:00:00,10.194,12.435,759.86,764.28,658.46,1260.12,684.04,784.44
2024-08-10 15:00:00,8.207,13.606,830.37,,767.37,1314.61,810.15,869.2
2024-08-10 16:00:00,9.54,12.447,733.67,,708.57,1230.01,748.07,738.55
2024-08-10 17:00:00,8.922,11.947,756.3,860.36,722.52,1259.69,795.5,778.08
2024-08-10 18:00:00,8.44,10.987,831.05,830.87,761.92,1261.43,781.36,813.24
2024-08-10 19:00:00,10.55,9.687,783.38,722.51,672.46,1195.54,766.95,738.78
2024-08-10 20:00:00,9.898,13.905,809.37,772.16,753.82,1271.72,765.24,839.2
2024-08-10 21:00:00,9.634,12.225,707.63,769.64,772.71,1223.31,770.67,735.89
2024-08-10 22:00:00,9.427,12.335,813.17,785.53,775.56,1265.32,759.51,815.59
2024-08-10 23:00:00,10.378,12.489,807.74,760.61,747.64,1233.93,762.16,766.54
2024-08-11 00:00:00,11.217,15.281,662.69,714.58,618.79,1299.78,706.86,726.36
2024-08-11 01:00:00,10.045,15.314,805.38,710.8,743.15,1279.9,798.15,789.37
2024-08-11 02:00:00,10.964,13.541,732.49,800.09,777.05,1263.13,662.53,748.62
2024-08-11 03:00:00,11.882,16.477,687.69,704.36,796.04,1327.86,690.27,654.62
2024-08-11 04:00:00,9.802,15.187,777.62,792.76,802.26,1309.48,744.66,788.75
2024-08-11 05:00:00,11.396,14.793,727.88,710.51,717.37,1251.7,663.75,745.5
2024-08-11 06:00:00,11.111,15.206,766.6,763.55,692.37,1248.76,665.24,774.02
2024-08-11 07:00:00,11.278,14.515,754.77,719.18,770.12,1269.34,672.63,735.59
2024-08-11 08:00:00,10.835,13.636,677.49,722.89,721.83,1298.2,734.99,759.04
2024-08-11 09:00:00,11.127,15.8,705.39,718.37,719.61,1315.86,734.41,758.09
2024-08-11 10:00:00,12.278,14.155,674.59,716.94,726.92,1307.75,688.25,696.24
2024-08-11 11:00:00,10.162,14.645,815.47,775.79,626.4,1364.28,735.82,775.77
2024-08-11 12:00:00,10.315,13.698,655.18,757.12,742.95,1260.43,782.05,
2024-08-11 13:00:00,11.338,13.461,687.44,693.81,647.74,,696.1,748.04
2024-08-11 14:00:00,8.983,9.833,719.24,779.21,781.71,1205.02,795.31,751.24
2024-08-11 15:00:00,10.597,10.801,678.94,780.79,788.72,1191.91,724.2,
2024-08-11 16:00:00,8.93,12.175,819.25,764.12,793.38,1260.98,752.98,783.28
2024-08-11 17:00:00,10.202,9.731,718.3,778.13,810.37,1200.84,678.09,731.54
2024-08-11 18:00:00,9.306,11.609,689.99,815.3,769.27,1233.1,721.9,752.33
2024-08-11 19:00:00,8.963,9.53,766.38,,817.93,1189.29,732.67,779.19
2024-08-11 20:00:00,8.755,11.388,857.36,796.41,705.72,1239.03,764.23,800.4
2024-08-11 21:00:00,8.469,13.588,740.77,760.46,800.3,1265.84,824.82,860.7
2024-08-11 22:00:00,9.248,12.97,798.07,819.54,713.77,1255.37,812.22,763.46
2024-08-11 23:00:00,10.165,10.272,795.54,690.66,747.83,1170.23,775.65,737.84
2024-08-12 00:00:00,9.717,14.0,769.19,787.72,750.36,1249.96,645.63,851.16
2024-08-12 01:00:00,9.755,15.658,844.8,786.89,763.69,1287.69,752.35,761.35
2024-08-12 02:00:00,10.067,17.282,752.5,810.08,764.21,1336.48,756.75,809.74
2024-08-12 03:00:00,11.28,14.882,768.21,682.4,763.61,1276.21,690.81,
2024-08-12 04:00:00,11.627,12.965,736.68,657.93,704.55,1217.37,618.06,714.47
2024-08-12 05:00:00,10.203,15.297,760.78,789.37,766.1,1278.36,792.76,771.56
2024-08-12 06:00:00,10.213,16.732,715.98,765.06,,1325.39,828.31,803.91
2024-08-12 07:00:00,10.98,14.498,693.2,,758.2,1256.08,705.37,735.34
2024-08-12 08:00:00,11.748,15.749,619.61,697.9,698.07,1255.09,772.93,740.08
2024-08-12 09:00:00,11.222,13.146,733.01,788.1,665.66,1263.69,614.15,
2024-08-12 10:00:00,9.025,14.161,807.62,825.63,821.63,1241.84,743.94,867.76
2024-08-12 11:00:00,9.496,10.22,762.89,729.38,729.82,1176.81,745.91,737.79
2024-08-12 12:00:00,8.621,11.525,786.17,827.48,788.22,1272.13,812.08,758.58
2024-08-12 13:00:00,8.811,12.117,835.34,843.71,807.23,1212.93,787.25,791.44
2024-08-12 14:00:00,9.989,11.183,761.06,694.91,696.85,1266.23,703.52,776.61
2024-08-12 15:00:00,7.288,9.621,799.82,834.15,763.69,1180.13,847.89,847.09
2024-08-12 16:00:00,6.91,10.241,837.76,911.59,750.39,1200.14,855.8,816.67
2024-08-12 17:00:00,7.392,11.015,894.26,785.54,788.54,1207.6,801.77,885.83
2024-08-12 18:00:00,8.213,10.426,,807.26,,1182.68,781.02,799.2
2024-08-12 19:00:00,8.49,10.649,776.55,801.66,773.77,1265.7,745.05,744.16
2024-08-12 20:00:00,8.433,11.633,794.67,798.43,840.95,1277.99,813.86,808.4
2024-08-12 21:00:00,9.184,10.641,,843.08,771.81,1176.33,721.9,775.03
2024-08-12 22:00:00,7.051,13.078,826.69,912.5,798.79,1326.25,791.27,840.29
2024-08-12 23:00:00,9.671,10.722,739.64,760.61,718.25,1178.94,814.5,770.5
2024-08-13 00:00:00,8.75,14.721,800.84,773.47,857.42,1383.92,,
2024-08-13 01:00:00,9.865,14.242,821.03,827.96,794.38,1273.09,733.63,751.84
2024-08-13 02:00:00,8.48,12.943,828.48,848.46,,1247.2,724.21,776.8
2024-08-13 03:00:00,9.761,13.42,752.75,777.24,,1278.51,765.18,
2024-08-13 04:00:00,10.106,14.315,791.33,795.14,737.06,1250.37,754.09,840.93
2024-08-13 05:00:00,10.931,14.969,732.66,760.81,626.28,,764.59,738.72
2024-08-13 06:00:00,8.749,15.615,817.37,781.91,799.57,1298.07,710.56,855.75
2024-08-13 07:00:00,9.97,12.609,766.45,745.03,697.79,1249.71,722.74,805.58
2024-08-13 08:00:00,8.927,14.527,721.56,808.14,770.47,1225.27,811.18,793.8
2024-08-13 09:00:00,9.978,11.129,644.03,686.75,688.8,1193.67,738.9,774.45
2024-08-13 10:00:00,9.917,13.027,768.88,758.04,745.83,1313.8,,791.54
2024-08-13 11:00:00,10.005,14.487,735.2,741.6,717.72,1280.53,767.97,749.35
2024-08-13 12:00:00,8.206,10.51,740.15,825.79,783.73,1151.67,804.05,776.32
2024-08-13 13:00:00,9.035,9.761,742.17,745.12,786.01,1203.52,791.24,795.98
2024-08-13 14:00:00,9.062,11.449,810.14,811.53,778.62,1244.38,727.39,783.71
2024-08-13 15:00:00,6.38,12.423,869.78,892.01,773.33,1272.09,871.19,789.91
2024-08-13 16:00:00,7.964,10.818,832.71,823.55,718.45,1254.62,819.13,
2024-08-13 17:00:00,8.09,7.93,805.02,833.67,715.59,1169.4,869.0,761.96
2024-08-13 18:00:00,7.045,8.117,787.09,872.59,838.63,1220.27,741.76,806.01
2024-08-13 19:00:00,6.295,10.311,877.33,869.99,917.57,1234.89,837.39,803.01
2024-08-13 20:00:00,8.107,8.968,813.85,818.88,746.51,1200.09,813.27,797.92
2024-08-13 21:00:00,6.554,10.855,841.22,,779.41,1253.39,880.41,857.08
2024-08-13 22:00:00,7.589,11.331,820.54,813.52,,1264.15,809.58,818.67
2024-08-13 23:00:00,7.96,10.981,834.28,891.46,771.79,1244.7,792.32,796.98
2024-08-14 00:00:00,8.845,14.256,770.27,801.64,782.81,1263.55,783.06,784.15
2024-08-14 01:00:00,8.052,13.296,852.46,831.76,806.72,1323.0,865.43,
2024-08-14 02:00:00,8.265,14.516,833.68,825.98,772.74,1271.69,808.38,774.88
2024-08-14 03:00:00,9.111,14.574,790.56,817.04,748.93,1263.41,757.88,862.51
2024-08-14 04:00:00,9.998,13.6,814.86,749.12,751.6,1206.48,731.28,809.1
2024-08-14 05:00:00,11.113,13.74,674.11,704.83,701.95,1247.57,681.22,652.9
2024-08-14 06:00:00,8.088,13.678,798.98,869.69,726.33,1266.57,843.84,874.07
2024-08-14 07:00:00,9.476,14.779,757.3,731.61,736.12,1292.26,816.32,803.57
2024-08-14 08:00:00,8.205,12.977,821.18,833.84,788.63,1243.06,741.22,825.55
2024-08-14 09:00:00,9.67,15.505,820.41,754.25,749.93,1351.24,752.62,779.36
2024-08-14 10:00:00,7.826,12.121,781.02,755.58,819.71,1237.97,835.18,843.6
2024-08-14 11:00:00,7.718,12.788,937.12,838.13,772.38,1250.83,829.35,813.7
2024-08-14 12:00:00,7.447,11.735,801.09,800.72,,1249.51,812.23,804.5
2024-08-14 13:00:00,7.518,10.948,831.39,788.94,801.98,1248.16,850.22,807.75
2024-08-14 14:00:00,7.519,13.611,830.81,954.06,817.54,1321.14,882.1,822.68
2024-08-14 15:00:00,7.37,10.062,820.53,866.02,776.86,1237.91,792.06,819.91
2024-08-14 16:00:00,6.759,9.904,807.58,886.09,801.09,1239.43,776.45,845.0
2024-08-14 17:00:00,5.551,9.272,903.65,,758.39,,867.03,787.4
2024-08-14 18:00:00,7.128,10.049,795.75,804.29,804.22,1199.29,785.12,843.96
2024-08-14 19:00:00,6.516,9.947,780.41,864.72,900.99,1208.42,871.52,838.61
2024-08-14 20:00:00,7.579,8.925,768.68,820.04,824.85,1133.47,769.13,831.93
2024-08-14 21:00:00,6.246,10.078,901.05,803.39,757.0,1222.04,927.74,857.89
2024-08-14 22:00:00,5.751,11.734,915.55,972.84,858.71,1284.41,830.64,808.71
2024-08-14 23:00:00,7.267,12.719,763.52,852.05,,1263.03,828.38,846.59
2024-08-15 00:00:00,8.613,12.036,821.47,777.17,843.26,1260.72,797.43,783.66
2024-08-15 01:00:00,7.988,12.598,743.66,837.11,764.47,1319.85,786.06,757.71
2024-08-15 02:00:00,7.961,12.58,812.74,777.84,894.11,1265.93,804.72,799.35
2024-08-15 03:00:00,7.645,12.828,,806.31,811.79,1286.97,829.55,791.94
2024-08-15 04:00:00,9.911,12.649,790.59,832.25,716.89,1251.89,826.75,788.38
2024-08-15 05:00:00,7.774,12.089,836.15,,731.41,1230.88,828.54,867.52
2024-08-15 06:00:00,8.031,13.187,848.77,831.85,,1266.73,814.51,832.48
2024-08-15 07:00:00,8.999,15.052,785.43,811.33,795.49,1266.27,837.91,829.42
2024-08-15 08:00:00,6.911,13.264,839.48,861.67,779.11,1308.92,871.76,
2024-08-15 09:00:00,9.198,13.047,,773.25,797.21,1289.14,823.46,810.83
2024-08-15 10:00:00,8.403,12.616,765.44,909.73,809.83,1257.09,766.55,792.36
2024-08-15 11:00:00,8.306,14.073,843.95,796.77,798.41,1339.96,752.51,762.09
2024-08-15 12:00:00,7.696,10.956,826.65,800.82,759.47,1228.85,878.43,812.61
2024-08-15 13:00:00,6.784,11.893,847.21,888.21,823.4,1285.98,863.29,857.11
2024-08-15 14:00:00,5.747,11.005,912.78,847.72,919.96,1244.69,851.06,907.95
2024-08-15 15:00:00,6.211,10.763,809.03,924.4,791.29,1257.46,815.37,844.98
2024-08-15 16:00:00,5.326,10.667,904.08,903.53,777.03,1207.58,,844.4
2024-08-15 17:00:00,6.349,10.252,807.08,882.74,808.39,1218.89,922.36,861.7
2024-08-15 18:00:00,6.539,11.077,,885.8,789.96,1249.07,801.44,846.84
2024-08-15 19:00:00,7.091,10.17,846.28,840.03,727.91,1251.84,898.49,809.62
2024-08-15 20:00:00,6.301,12.509,893.62,922.52,854.69,1276.18,,871.72
2024-08-15 21:00:00,6.909,10.799,810.59,887.31,,1280.11,835.64,872.81
2024-08-15 22:00:00,6.155,9.128,,901.09,762.73,1204.2,852.65,843.77
2024-08-15 23:00:00,6.274,12.433,930.22,825.95,872.24,1245.83,867.19,958.5
2024-08-16 00:00:00,7.322,12.668,847.06,839.76,,1325.56,773.64,798.81
2024-08-16 01:00:00,6.92,12.768,884.84,862.43,932.81,1228.96,938.26,854.32
2024-08-16 02:00:00,7.709,12.914,811.69,911.56,740.6,1248.74,,846.03
2024-08-16 03:00:00,6.869,11.117,793.3,806.98,832.8,1244.9,,785.85
2024-08-16 04:00:00,7.179,11.651,859.27,829.69,752.9,,835.37,838.67
2024-08-16 05:00:00,8.489,16.179,782.95,870.16,808.26,1327.1,820.23,780.13
2024-08-16 06:00:00,8.707,13.583,843.19,774.58,779.17,1277.79,811.09,783.37
2024-08-16 07:00:00,7.144,15.393,885.9,841.25,743.23,1385.8,860.87,833.39
2024-08-16 08:00:00,8.326,12.127,809.68,886.91,809.05,1244.51,765.36,781.33
2024-08-16 09:00:00,7.149,12.494,842.32,873.34,817.07,1278.49,810.92,930.99
2024-08-16 10:00:00,7.317,14.167,873.5,892.68,847.71,1298.05,874.68,839.0
2024-08-16 11:00:00,8.125,12.766,819.56,857.2,742.28,1191.87,861.21,838.22
2024-08-16 12:00:00,7.304,13.035,819.99,860.06,905.21,1240.18,,807.73
2024-08-16 13:00:00,6.962,11.874,785.5,866.51,829.31,1191.66,830.05,854.45
2024-08-16 14:00:00,7.54,11.178,852.74,877.72,814.54,1207.3,808.65,778.12
2024-08-16 15:00:00,5.179,10.217,893.78,881.04,909.88,1236.47,919.46,952.5
2024-08-16 16:00:00,4.741,9.302,985.57,995.56,856.8,1254.48,890.2,908.22
2024-08-16 17:00:00,4.81,12.239,897.04,911.43,,1321.17,892.49,918.01
2024-08-16 18:00:00,5.122,12.389,902.92,964.2,911.0,1356.61,866.17,
2024-08-16 19:00:00,3.461,9.351,936.57,987.54,882.03,1242.32,969.79,930.47
2024-08-16 20:00:00,5.277,9.494,897.74,887.72,886.14,1228.68,877.51,
2024-08-16 21:00:00,5.177,10.742,849.54,935.9,849.93,1207.54,875.87,878.12
2024-08-16 22:00:00,6.467,12.005,850.23,884.16,922.0,1233.31,851.31,867.27
2024-08-16 23:00:00,6.391,11.883,883.5,810.52,829.63,1286.03,917.24,817.91
2024-08-17 00:00:00,5.918,13.242,862.23,896.87,823.95,1347.96,886.51,921.46
2024-08-17 01:00:00,7.161,13.125,866.2,810.27,833.95,1319.84,895.5,850.57
2024-08-17 02:00:00,7.537,13.553,833.33,869.77,793.22,,792.56,852.36
2024-08-17 03:00:00,6.572,17.025,886.65,885.1,818.8,1318.19,876.96,852.38
2024-08-17 04:00:00,6.964,13.842,887.6,903.79,884.92,1237.95,842.96,816.85
2024-08-17 05:00:00,5.678,16.665,888.05,890.42,821.17,1351.11,998.33,894.38
2024-08-17 06:00:00,6.607,16.527,818.55,836.31,894.94,1402.2,869.02,900.81
2024-08-17 07:00:00,6.826,15.354,848.64,834.58,907.25,1305.33,824.58,882.36
2024-08-17 08:00:00,7.341,12.265,800.76,932.7,796.26,1241.94,843.0,841.85
2024-08-17 09:00:00,6.315,14.322,793.22,1012.03,857.82,1298.6,889.42,832.2
2024-08-17 10:00:00,6.394,13.281,857.0,965.29,803.84,1278.47,921.12,827.82
2024-08-17 11:00:00,5.517,13.468,893.1,852.26,908.97,1299.57,874.44,893.67
2024-08-17 12:00:00,6.305,11.678,891.73,828.19,777.93,1183.05,909.07,776.33
2024-08-17 13:00:00,6.181,13.372,827.24,849.73,886.26,1260.46,875.5,845.34
2024-08-17 14:00:00,5.855,13.193,878.53,933.19,851.47,1277.77,897.79,894.78
2024-08-17 15:00:00,5.277,13.031,930.37,1004.54,828.5,1299.28,920.89,947.96
2024-08-17 16:00:00,3.826,10.88,901.71,996.39,857.78,1246.96,927.41,923.04
2024-08-17 17:00:00,4.426,9.897,919.37,945.65,887.81,1247.92,853.52,
2024-08-17 18:00:00,4.539,11.553,960.82,902.44,823.59,1251.65,919.54,933.65
2024-08-17 19:00:00,4.566,13.337,846.97,932.46,905.82,1327.62,898.92,893.71
2024-08-17 20:00:00,5.053,11.544,900.02,926.49,868.39,1275.87,,951.01
2024-08-17 21:00:00,6.308,12.353,899.67,920.52,818.93,1276.49,868.49,884.59
2024-08-17 22:00:00,6.05,11.974,852.22,,860.13,1290.42,831.86,875.73
2024-08-17 23:00:00,4.884,12.167,946.54,946.27,835.08,1296.38,909.9,947.31
2024-08-18 00:00:00,6.512,14.111,883.37,894.96,828.62,,864.44,901.92
2024-08-18 01:00:00,6.777,13.744,914.03,878.4,815.62,1268.06,846.24,883.94
2024-08-18 02:00:00,5.894,14.872,902.28,890.19,805.93,1360.14,847.79,840.31
2024-08-18 03:00:00,7.452,15.444,905.69,862.71,810.96,1376.09,786.38,864.22
2024-08-18 04:00:00,6.821,15.604,869.74,874.72,,1360.89,866.27,873.83
2024-08-18 05:00:00,5.927,16.091,838.59,877.35,841.73,1376.03,935.1,896.56
2024-08-18 06:00:00,7.446,14.5,814.69,890.62,747.33,1270.27,865.51,870.64
2024-08-18 07:00:00,7.2,14.394,878.8,925.76,782.31,1296.28,794.42,830.05
2024-08-18 08:00:00,6.711,15.275,895.78,887.87,803.09,1312.17,845.78,901.99
2024-08-18 09:00:00,6.66,15.022,850.26,880.12,859.15,1306.97,851.23,866.67
2024-08-18 10:00:00,5.853,14.039,,935.18,815.34,1281.44,833.88,909.56
2024-08-18 11:00:00,6.614,14.509,847.72,889.3,787.42,1318.34,838.34,819.77
2024-08-18 12:00:00,5.768,14.829,901.4,955.53,845.93,1331.21,850.62,900.32
2024-08-18 13:00:00,5.613,14.684,904.12,918.69,944.68,1291.82,,830.67
2024-08-18 14:00:00,5.464,14.508,845.73,942.13,797.81,1295.07,902.38,943.52
2024-08-18 15:00:00,3.994,10.859,913.16,1024.1,912.14,1269.31,980.45,925.43
2024-08-18 16:00:00,4.0,10.762,999.73,1004.99,896.97,1260.58,934.1,905.92
2024-08-18 17:00:00,2.816,11.648,921.28,988.54,1003.23,1268.9,1017.25,970.05
2024-08-18 18:00:00,4.984,12.063,916.6,969.95,878.1,1271.01,846.61,894.54
2024-08-18 19:00:00,3.593,11.787,892.04,927.68,899.52,1243.9,988.61,895.43
2024-08-18 20:00:00,4.778,11.649,866.0,924.02,870.11,1291.31,900.15,893.75
2024-08-18 21:00:00,5.149,12.304,841.7,955.49,861.69,1268.3,890.85,879.25
2024-08-18 22:00:00,5.573,13.704,918.57,973.98,890.25,1289.06,927.01,863.85
2024-08-18 23:00:00,4.407,12.051,880.33,915.07,857.17,1295.88,914.2,
2024-08-19 00:00:00,5.619,17.016,943.6,920.14,1005.43,1392.68,918.95,900.53
2024-08-19 01:00:00,7.309,14.788,823.3,860.6,861.17,1307.76,806.11,882.98
2024-08-19 02:00:00,7.624,16.547,,851.97,819.17,1318.01,910.83,888.26
2024-08-19 03:00:00,7.283,15.045,858.19,813.45,816.67,1324.53,811.86,
2024-08-19 04:00:00,6.945,16.79,804.51,898.17,844.17,1348.39,818.61,917.62
2024-08-19 05:00:00,5.982,16.462,,856.93,864.28,1357.82,853.32,949.97
2024-08-19 06:00:00,7.394,17.481,863.87,911.34,864.91,1379.75,801.42,947.96
2024-08-19 07:00:00,6.644,16.188,906.71,939.94,861.34,1332.93,796.74,844.39
2024-08-19 08:00:00,7.092,18.131,829.44,851.92,910.31,1400.28,863.44,904.2
2024-08-19 09:00:00,5.939,14.204,849.03,851.8,814.64,1290.81,832.8,910.82
2024-08-19 10:00:00,6.051,16.763,909.08,905.36,,1332.73,859.38,908.88
2024-08-19 11:00:00,6.025,15.327,929.71,882.39,818.3,1354.54,800.25,870.66
2024-08-19 12:00:00,5.774,13.489,858.3,897.33,835.21,1309.84,940.82,912.43
2024-08-19 13:00:00,5.655,16.579,853.04,922.45,853.4,1348.41,916.22,968.01
2024-08-19 14:00:00,4.501,16.017,914.97,916.81,932.53,1351.82,849.92,987.21
2024-08-19 15:00:00,3.635,10.94,891.97,1032.85,865.75,1258.88,928.01,977.38
2024-08-19 16:00:00,5.814,13.368,891.29,878.42,912.44,1288.09,871.85,
2024-08-19 17:00:00,6.38,13.848,825.87,924.79,903.84,1261.25,858.07,794.59
2024-08-19 18:00:00,4.701,13.508,943.21,904.5,911.33,1282.29,926.78,916.83
2024-08-19 19:00:00,3.32,14.91,961.57,990.94,874.23,1337.19,902.53,942.62
2024-08-19 20:00:00,3.876,14.906,973.68,988.69,969.14,1290.24,906.09,1021.1
2024-08-19 21:00:00,5.089,14.019,815.78,934.64,856.79,1246.85,883.84,911.43
2024-08-19 22:00:00,5.999,16.893,826.51,898.55,854.81,1307.67,,
2024-08-19 23:00:00,4.242,15.813,977.64,941.99,926.76,1386.01,922.39,943.75
2024-08-20 00:00:00,5.42,14.832,869.81,904.79,835.35,1381.12,904.57,922.18
2024-08-20 01:00:00,5.983,15.155,829.34,876.99,912.05,1333.22,833.51,888.69
2024-08-20 02:00:00,6.805,17.839,862.64,899.08,888.21,1361.34,839.24,883.75
2024-08-20 03:00:00,6.084,15.856,889.47,,985.9,1371.13,907.8,926.82
2024-08-20 04:00:00,5.297,16.681,901.23,944.92,897.18,1324.94,928.28,862.63
2024-08-20 05:00:00,7.163,17.133,872.93,896.03,836.72,1360.23,864.96,892.52
2024-08-20 06:00:00,7.605,17.963,859.54,903.83,920.48,1371.82,873.45,
2024-08-20 07:00:00,6.596,17.284,882.88,872.73,778.4,1350.65,893.4,924.03
2024-08-20 08:00:00,6.866,15.784,905.98,805.48,851.61,1273.46,837.53,866.82
2024-08-20 09:00:00,5.97,18.489,895.54,914.54,872.68,1418.32,916.06,
2024-08-20 10:00:00,5.424,16.243,899.7,959.36,930.86,1331.77,907.02,919.86
2024-08-20 11:00:00,6.632,18.719,906.64,974.35,994.29,1362.76,865.96,874.46
2024-08-20 12:00:00,5.81,16.191,909.52,873.44,841.26,1299.6,875.79,
2024-08-20 13:00:00,5.582,16.878,868.06,966.01,927.43,,940.26,923.18
2024-08-20 14:00:00,6.102,15.681,876.48,912.21,918.27,1344.44,907.96,856.13
2024-08-20 15:00:00,3.809,16.137,961.31,960.98,972.56,1376.2,932.54,933.56
2024-08-20 16:00:00,4.021,14.975,914.25,924.4,916.11,1323.6,913.59,938.47
2024-08-20 17:00:00,4.471,14.422,900.85,926.85,922.08,1314.69,903.56,921.84
2024-08-20 18:00:00,3.853,15.433,892.86,995.92,872.43,,974.63,956.55
2024-08-20 19:00:00,4.974,17.223,817.33,991.41,969.9,1377.28,,882.77
2024-08-20 20:00:00,4.319,14.165,909.71,845.31,848.92,,923.05,990.86
2024-08-20 21:00:00,3.868,15.811,,994.15,873.36,1344.03,971.73,934.32
2024-08-20 22:00:00,4.966,15.315,871.53,914.09,873.17,1298.7,928.47,891.62
2024-08-20 23:00:00,5.342,16.461,952.73,909.24,858.39,1343.84,923.33,880.27
2024-08-21 00:00:00,6.267,16.473,842.02,915.54,878.45,1301.8,820.96,856.47
2024-08-21 01:00:00,6.148,14.401,904.61,973.32,838.4,1291.0,888.21,906.29
2024-08-21 02:00:00,6.495,17.283,890.57,865.3,822.68,1334.25,845.8,873.45
2024-08-21 03:00:00,6.635,19.188,956.75,891.43,819.23,1385.04,860.61,848.37
2024-08-21 04:00:00,6.423,17.439,897.53,833.77,911.67,1370.38,817.49,875.07
2024-08-21 05:00:00,6.125,19.713,846.6,930.69,903.6,1400.85,932.62,922.94
2024-08-21 06:00:00,6.974,18.948,906.89,856.07,802.19,1367.15,887.72,909.9
2024-08-21 07:00:00,6.441,18.481,942.24,962.38,893.88,1373.0,855.46,853.5
2024-08-21 08:00:00,7.944,19.649,783.95,869.14,823.96,1394.54,855.48,784.13
2024-08-21 09:00:00,7.481,19.113,878.91,856.62,779.31,1396.81,882.1,834.51
2024-08-21 10:00:00,6.671,18.438,906.3,880.8,809.21,1418.75,921.49,954.98
2024-08-21 11:00:00,6.184,18.721,883.65,922.88,917.24,1458.79,910.39,829.22
2024-08-21 12:00:00,5.506,17.28,818.82,953.29,939.62,1410.51,,877.37
2024-08-21 13:00:00,4.263,14.597,915.95,910.6,927.51,1328.37,889.91,939.27
2024-08-21 14:00:00,4.817,15.686,895.38,936.98,859.89,1315.78,1000.43,1002.76
2024-08-21 15:00:00,4.829,13.612,959.58,936.19,900.58,1295.3,896.76,895.96
2024-08-21 16:00:00,4.748,16.3,917.3,955.42,916.35,1361.4,922.16,940.06
2024-08-21 17:00:00,4.828,16.439,904.36,997.05,789.52,,937.05,970.06
2024-08-21 18:00:00,5.156,16.477,889.24,877.41,911.35,1345.43,945.28,886.56
2024-08-21 19:00:00,3.914,16.054,954.04,1011.14,922.45,1377.02,940.75,1005.7
2024-08-21 20:00:00,4.05,16.881,944.56,985.62,1014.14,1365.44,983.45,921.54
2024-08-21 21:00:00,5.956,14.198,849.46,882.08,938.67,1317.44,976.39,908.11
2024-08-21 22:00:00,5.67,16.427,904.41,950.1,870.98,1343.56,886.43,992.3
2024-08-21 23:00:00,5.039,15.393,888.68,,902.43,1276.5,933.55,894.32
2024-08-22 00:00:00,5.586,17.23,810.41,850.46,885.93,1305.16,868.1,909.43
2024-08-22 01:00:00,5.909,20.17,928.69,784.06,869.49,1427.11,890.67,906.97
2024-08-22 02:00:00,6.316,20.077,913.56,859.46,821.59,1408.14,862.93,906.21
2024-08-22 03:00:00,6.927,20.026,883.14,,835.81,1409.25,834.52,
2024-08-22 04:00:00,8.778,19.384,805.95,834.11,796.84,1386.95,776.86,
2024-08-22 05:00:00,7.033,18.662,864.54,904.83,904.04,1386.14,917.49,885.69
2024-08-22 06:00:00,7.463,20.199,890.62,861.47,,1402.32,923.73,890.78
2024-08-22 07:00:00,5.553,21.291,898.2,879.76,880.09,1477.14,969.28,935.12
2024-08-22 08:00:00,6.406,20.303,922.08,890.69,846.99,1420.54,886.39,906.17
2024-08-22 09:00:00,7.598,17.643,795.03,,853.19,1363.94,876.28,863.93
2024-08-22 10:00:00,6.7,19.309,885.18,963.03,852.24,1378.46,825.89,896.36
2024-08-22 11:00:00,2.59,16.458,,1038.78,,1340.79,886.54,977.65
2024-08-22 12:00:00,6.342,19.253,924.16,838.56,834.64,1460.87,,928.62
2024-08-22 13:00:00,7.039,16.991,827.2,863.12,918.56,1374.08,865.81,866.43
2024-08-22 14:00:00,3.631,15.925,921.65,1009.44,915.12,1365.03,945.93,975.74
2024-08-22 15:00:00,6.208,18.012,838.43,906.22,916.33,,895.33,913.27
2024-08-22 16:00:00,2.597,17.437,965.9,954.24,879.42,1411.7,995.92,1047.58
2024-08-22 17:00:00,5.459,16.897,912.12,958.74,931.59,1345.22,887.6,874.71
2024-08-22 18:00:00,4.675,19.232,872.73,972.65,,1429.8,921.42,951.1
2024-08-22 19:00:00,2.856,17.484,963.2,1004.77,985.04,1436.67,999.83,1001.15
2024-08-22 20:00:00,5.227,16.2,927.91,899.07,816.51,1347.38,977.39,942.39
2024-08-22 21:00:00,5.996,17.967,889.35,952.55,876.25,1421.89,878.63,
2024-08-22 22:00:00,5.63,17.466,903.59,849.68,846.58,1361.4,952.01,952.15
2024-08-22 23:00:00,6.111,19.864,845.57,851.87,833.41,1355.23,872.21,848.88
2024-08-23 00:00:00,5.64,19.25,905.22,897.89,811.55,1426.04,881.93,927.88
2024-08-23 01:00:00,4.806,19.939,936.17,968.12,869.1,1417.41,970.41,1003.57
2024-08-23 02:00:00,7.153,18.286,856.26,821.38,800.59,1396.75,,876.32
2024-08-23 03:00:00,8.264,20.556,846.46,825.43,867.72,1370.27,798.03,846.63
2024-08-23 04:00:00,7.975,20.784,839.42,843.51,817.43,1395.74,772.56,903.82
2024-08-23 05:00:00,5.617,19.874,896.2,943.61,887.98,1453.09,897.73,923.06
2024-08-23 06:00:00,6.053,20.957,,908.11,940.45,1437.65,952.13,872.1
2024-08-23 07:00:00,6.564,21.728,928.1,894.22,884.97,1483.51,905.57,934.62
2024-08-23 08:00:00,5.863,21.052,867.63,897.3,865.0,1413.2,845.41,901.25
2024-08-23 09:00:00,6.999,19.095,875.47,926.87,865.61,1458.57,844.34,908.73
2024-08-23 10:00:00,7.048,20.099,,911.16,828.48,,879.85,920.26
2024-08-23 11:00:00,5.317,19.433,957.13,963.11,825.53,1429.9,961.99,976.62
2024-08-23 12:00:00,6.79,19.76,896.63,860.88,881.42,1405.97,865.42,913.22
2024-08-23 13:00:00,6.357,19.164,896.99,883.57,900.04,1407.11,911.86,928.28
2024-08-23 14:00:00,5.166,18.135,912.48,958.14,,1416.44,946.73,925.01
2024-08-23 15:00:00,5.237,17.724,881.58,912.1,886.32,1384.71,919.35,963.06
2024-08-23 16:00:00,3.643,18.078,950.47,950.6,914.22,1385.87,955.45,1005.55
2024-08-23 17:00:00,4.836,19.003,,963.81,973.44,1372.58,958.31,976.34
2024-08-23 18:00:00,5.086,18.164,932.97,889.43,910.44,1321.13,905.2,959.38
2024-08-23 19:00:00,5.275,19.655,948.35,931.78,,1402.75,898.76,
2024-08-23 20:00:00,5.583,19.557,954.38,965.71,934.26,1345.58,855.8,970.16
2024-08-23 21:00:00,5.685,20.36,906.88,934.96,939.99,1416.44,818.93,952.89
2024-08-23 22:00:00,5.547,20.67,924.41,892.62,,1474.54,865.01,844.64
2024-08-23 23:00:00,6.297,21.435,833.67,,927.38,1433.33,895.65,965.59
2024-08-24 00:00:00,7.201,18.742,941.69,,873.63,1351.46,908.05,873.4
2024-08-24 01:00:00,6.654,21.47,875.82,935.32,880.47,1417.86,902.11,917.59
2024-08-24 02:00:00,7.294,22.686,900.65,905.0,911.42,1425.55,920.9,891.07
2024-08-24 03:00:00,7.161,23.365,,,837.41,1514.33,871.24,932.81
2024-08-24 04:00:00,7.004,21.128,863.64,859.26,828.01,1404.57,886.91,909.77
2024-08-24 05:00:00,8.081,23.09,849.34,826.7,873.88,1397.34,831.12,875.6
2024-08-24 06:00:00,7.281,22.507,833.84,988.12,840.55,1523.31,790.65,839.61
2024-08-24 07:00:00,8.015,24.613,779.54,775.71,897.53,1473.2,811.16,
2024-08-24 08:00:00,7.631,20.58,899.54,797.15,860.58,1383.0,830.68,870.9
2024-08-24 09:00:00,7.196,21.051,892.34,926.98,950.03,1421.62,878.83,855.72
2024-08-24 10:00:00,6.95,19.434,840.79,921.35,818.58,1387.12,813.64,976.87
2024-08-24 11:00:00,6.54,21.345,908.76,919.19,919.59,,,950.01
2024-08-24 12:00:00,5.341,23.418,964.66,869.65,899.8,1473.9,948.68,939.35
2024-08-24 13:00:00,6.677,20.177,859.6,918.43,883.04,1345.51,823.96,855.51
2024-08-24 14:00:00,6.289,19.915,907.94,869.31,909.19,1402.78,916.8,907.44
2024-08-24 15:00:00,6.558,20.086,922.0,896.45,889.71,1435.68,876.15,950.12
2024-08-24 16:00:00,5.286,19.015,,954.17,919.01,1383.85,863.07,889.19
2024-08-24 17:00:00,7.131,19.44,886.48,900.39,873.47,1414.7,862.89,877.11
2024-08-24 18:00:00,5.294,19.448,932.05,912.92,889.88,1436.05,873.87,977.49
2024-08-24 19:00:00,4.962,18.077,988.22,996.84,936.36,1421.06,966.71,870.84
2024-08-24 20:00:00,5.011,19.223,945.69,979.83,943.72,1374.83,856.9,905.34
2024-08-24 21:00:00,4.634,20.589,928.53,925.08,908.09,1405.54,979.25,949.52
2024-08-24 22:00:00,7.52,21.272,854.84,853.99,823.7,1423.4,921.12,872.74
2024-08-24 23:00:00,7.704,22.243,935.19,839.84,869.03,1384.31,911.21,899.79
2024-08-25 00:00:00,7.423,21.649,857.15,874.89,869.81,1397.89,909.75,819.11
2024-08-25 01:00:00,6.561,22.235,916.86,931.91,817.54,1456.67,874.89,934.74
2024-08-25 02:00:00,9.041,23.234,823.05,756.35,840.48,1383.34,820.04,847.7
2024-08-25 03:00:00,7.585,22.078,904.82,794.15,825.75,1382.88,866.55,900.85
2024-08-25 04:00:00,7.867,22.39,900.05,832.15,773.88,1455.37,805.55,846.02
2024-08-25 05:00:00,9.377,23.245,821.25,873.78,839.35,1394.76,840.79,793.76
2024-08-25 06:00:00,8.821,21.976,,843.16,778.43,1505.72,847.61,832.57
2024-08-25 07:00:00,10.039,23.968,791.54,863.56,864.94,1420.48,807.38,830.44
2024-08-25 08:00:00,8.383,24.581,,849.24,886.99,1442.88,786.12,867.25
2024-08-25 09:00:00,7.702,22.194,867.73,836.43,867.59,1395.29,886.52,842.93
2024-08-25 10:00:00,7.308,23.196,882.57,818.68,930.65,1457.92,888.96,866.42
2024-08-25 11:00:00,6.057,21.478,878.5,887.46,933.29,1431.54,872.45,905.13
2024-08-25 12:00:00,7.027,20.536,811.43,861.93,826.8,1424.48,872.71,961.94
2024-08-25 13:00:00,7.882,23.746,873.39,772.02,,1456.28,917.87,922.98
2024-08-25 14:00:00,7.182,19.634,878.89,845.43,826.88,1422.99,887.06,886.15
2024-08-25 15:00:00,6.498,18.928,897.05,864.86,906.78,1381.12,930.29,895.32
2024-08-25 16:00:00,5.522,20.443,882.74,935.5,882.29,1411.92,981.07,972.88
2024-08-25 17:00:00,6.406,20.347,,904.35,825.2,1421.18,877.44,910.45
2024-08-25 18:00:00,7.021,20.796,870.74,,883.79,1358.7,860.03,
2024-08-25 19:00:00,6.624,22.504,926.06,840.64,864.57,1417.77,892.34,
2024-08-25 20:00:00,6.56,19.409,849.54,852.91,914.68,1447.29,799.63,937.23
2024-08-25 21:00:00,6.007,20.003,942.07,954.82,940.72,1357.87,936.02,901.08
2024-08-25 22:00:00,7.615,23.08,923.5,865.21,791.63,1480.32,878.91,865.47
2024-08-25 23:00:00,4.732,22.796,954.14,1000.83,931.78,1400.04,919.92,968.77
2024-08-26 00:00:00,7.883,23.185,877.74,,885.65,1405.19,846.78,942.03
2024-08-26 01:00:00,9.971,22.071,827.56,804.62,807.34,1393.18,736.96,830.43
2024-08-26 02:00:00,7.026,24.649,858.3,920.27,893.08,1499.43,928.76,885.73
2024-08-26 03:00:00,8.316,24.713,841.34,835.77,867.68,1472.95,849.66,874.7
2024-08-26 04:00:00,8.722,24.33,,817.21,777.22,1479.02,856.92,896.38
2024-08-26 05:00:00,8.506,23.636,919.13,821.51,912.95,1440.35,841.11,896.04
2024-08-26 06:00:00,9.775,24.57,775.01,807.8,848.31,1458.15,869.09,831.2
2024-08-26 07:00:00,9.311,26.387,895.34,854.16,814.35,1500.45,786.34,807.99
2024-08-26 08:00:00,8.964,22.931,825.43,815.68,799.53,1468.47,786.02,859.91
2024-08-26 09:00:00,9.318,23.0,821.39,867.03,,1490.39,763.41,862.57
2024-08-26 10:00:00,8.474,22.826,888.08,917.3,853.19,1409.82,869.12,877.65
2024-08-26 11:00:00,10.744,22.638,845.12,731.35,796.22,1413.81,685.22,848.22
2024-08-26 12:00:00,8.04,22.628,871.52,908.16,874.78,1429.91,780.38,934.67
2024-08-26 13:00:00,7.793,23.312,907.46,869.84,870.74,1465.64,834.67,940.49
2024-08-26 14:00:00,6.008,22.266,879.75,939.76,819.3,1494.02,944.84,906.02
2024-08-26 15:00:00,6.723,21.403,869.55,893.73,859.17,1433.58,914.13,917.03
2024-08-26 16:00:00,7.914,21.377,807.27,909.65,871.11,1403.75,805.44,853.27
2024-08-26 17:00:00,5.837,21.625,895.82,941.98,925.92,1472.8,838.46,925.5
2024-08-26 18:00:00,5.168,18.821,939.77,927.18,879.57,1389.53,985.32,950.16
2024-08-26 19:00:00,6.99,22.224,891.7,876.28,872.96,1439.03,858.96,872.95
2024-08-26 20:00:00,8.211,20.176,901.34,799.74,882.77,1415.06,866.72,866.37
2024-08-26 21:00:00,7.368,20.984,940.03,854.3,917.61,1378.66,895.53,845.22
2024-08-26 22:00:00,7.344,22.368,870.25,930.92,880.67,1401.86,828.69,899.77
2024-08-26 23:00:00,6.445,22.381,876.46,954.22,925.74,1420.82,879.53,902.47
2024-08-27 00:00:00,8.634,23.602,885.06,818.91,857.53,1446.9,866.75,853.05
2024-08-27 01:00:00,9.142,23.734,875.08,784.74,860.78,1484.86,813.02,854.76
2024-08-27 02:00:00,7.507,23.727,892.03,919.04,869.93,1446.67,814.58,909.23
2024-08-27 03:00:00,10.118,26.351,839.35,821.73,796.28,1477.45,797.37,812.06
2024-08-27 04:00:00,10.044,25.711,833.52,726.49,897.92,1487.52,783.44,853.61
2024-08-27 05:00:00,10.487,25.451,762.43,901.55,880.57,1444.93,819.68,820.46
2024-08-27 06:00:00,10.119,26.014,770.46,803.99,820.86,1472.76,827.82,819.45
2024-08-27 07:00:00,10.165,24.295,801.99,864.61,825.51,1454.46,752.26,841.2
2024-08-27 08:00:00,9.969,27.577,817.94,,839.63,1533.61,816.46,886.13
2024-08-27 09:00:00,10.086,23.37,812.03,755.25,808.35,1468.1,722.2,894.69
2024-08-27 10:00:00,7.718,24.421,869.19,884.04,873.13,1473.01,829.88,855.48
2024-08-27 11:00:00,7.714,23.484,810.09,814.92,913.34,1452.07,923.78,932.67
2024-08-27 12:00:00,8.045,22.945,784.06,856.35,808.25,1442.21,853.76,865.11
2024-08-27 13:00:00,8.25,22.295,875.14,809.36,819.0,1441.44,894.64,881.53
2024-08-27 14:00:00,8.405,21.455,818.0,837.21,875.51,1462.99,845.84,822.08
2024-08-27 15:00:00,8.137,23.416,849.42,869.8,861.36,1521.64,873.63,897.87
2024-08-27 16:00:00,8.61,20.249,810.5,847.04,879.16,1451.07,825.99,824.34
2024-08-27 17:00:00,8.546,22.698,810.89,786.23,844.38,1472.17,758.01,865.73
2024-08-27 18:00:00,6.919,22.249,853.5,869.55,892.94,,897.71,882.41
2024-08-27 19:00:00,7.879,21.103,890.04,,840.02,1423.35,896.27,852.24
2024-08-27 20:00:00,7.16,22.42,872.03,912.96,929.97,1435.31,905.72,875.91
2024-08-27 21:00:00,7.909,21.93,879.44,870.81,889.07,1427.35,774.38,939.22
2024-08-27 22:00:00,8.596,21.232,861.77,791.62,784.8,1465.61,859.57,825.41
2024-08-27 23:00:00,5.932,21.747,922.85,981.66,925.11,1483.85,903.88,959.4
2024-08-28 00:00:00,10.929,24.379,802.86,781.89,829.4,1474.25,743.7,792.56
2024-08-28 01:00:00,9.794,24.853,818.1,806.93,821.95,1547.47,792.57,821.44
2024-08-28 02:00:00,9.185,24.92,882.71,811.92,867.66,1499.87,825.67,870.92
2024-08-28 03:00:00,11.482,24.592,781.64,712.17,822.12,1490.74,705.68,813.13
2024-08-28 04:00:00,9.883,25.168,850.0,777.67,,1490.64,804.14,812.8
2024-08-28 05:00:00,10.418,25.223,765.81,835.66,822.25,1475.72,809.57,901.8
2024-08-28 06:00:00,9.993,23.602,815.61,811.99,791.74,1505.81,808.91,890.88
2024-08-28 07:00:00,11.694,25.72,684.62,688.75,788.53,1440.34,752.42,778.85
2024-08-28 08:00:00,10.199,26.089,859.65,852.39,780.03,1439.3,853.25,855.6
2024-08-28 09:00:00,10.243,25.241,783.42,792.56,841.67,1443.12,792.79,844.62
2024-08-28 10:00:00,10.868,26.883,771.55,736.79,866.64,1480.92,795.23,822.16
2024-08-28 11:00:00,10.114,23.087,752.25,873.96,768.79,1461.99,770.06,848.9
2024-08-28 12:00:00,9.322,22.996,821.18,776.87,881.07,1477.09,826.49,823.78
2024-08-28 13:00:00,9.974,23.444,796.84,768.16,811.11,,808.58,872.87
2024-08-28 14:00:00,10.857,23.108,835.75,762.73,755.69,1408.57,722.91,786.53
2024-08-28 15:00:00,8.862,20.133,852.53,839.69,812.3,1378.26,796.05,860.8
2024-08-28 16:00:00,8.541,22.832,825.57,815.06,845.07,1444.06,796.32,863.11
2024-08-28 17:00:00,8.495,22.218,783.81,756.39,824.97,1432.14,839.8,
2024-08-28 18:00:00,9.396,19.32,723.93,808.59,851.86,1383.58,793.07,784.91
2024-08-28 19:00:00,7.939,21.802,819.89,819.51,841.11,1400.67,889.73,866.94
2024-08-28 20:00:00,8.346,21.183,795.04,832.12,852.8,,862.16,854.76
2024-08-28 21:00:00,7.559,21.937,879.25,841.5,951.5,1408.37,870.9,
2024-08-28 22:00:00,8.121,21.299,843.39,810.69,838.31,1419.73,870.3,849.14
2024-08-28 23:00:00,8.973,23.895,836.89,823.89,818.91,1421.74,847.38,895.08
2024-08-29 00:00:00,9.683,26.036,792.83,792.97,818.11,1464.16,850.72,808.17
2024-08-29 01:00:00,11.483,24.766,758.87,704.53,816.66,1464.63,776.47,763.13
2024-08-29 02:00:00,10.816,22.347,720.47,800.95,,1457.66,832.27,826.9
2024-08-29 03:00:00,9.936,25.702,,769.36,836.99,1494.82,838.86,866.24
2024-08-29 04:00:00,10.304,25.451,833.01,784.16,784.5,1442.47,750.45,
2024-08-29 05:00:00,12.135,24.569,711.71,703.85,731.81,1458.43,758.83,704.47
2024-08-29 06:00:00,12.007,26.389,753.83,649.61,799.52,1454.84,698.28,796.39
2024-08-29 07:00:00,11.117,26.957,709.53,717.49,733.25,1535.16,835.59,792.13
2024-08-29 08:00:00,10.65,24.905,716.28,775.94,724.66,1474.41,764.37,832.68
2024-08-29 09:00:00,11.743,23.421,747.89,718.37,731.3,1396.41,783.88,752.73
2024-08-29 10:00:00,9.829,22.57,,771.67,793.99,1431.24,758.1,820.49
2024-08-29 11:00:00,10.677,23.706,773.49,771.68,780.26,1397.58,829.33,793.05
2024-08-29 12:00:00,11.9,23.804,806.44,725.54,738.29,1432.04,784.22,822.18
2024-08-29 13:00:00,9.964,22.856,753.33,823.19,809.45,1423.73,870.06,810.36
2024-08-29 14:00:00,8.919,22.175,806.26,857.78,812.92,1490.85,880.37,815.73
2024-08-29 15:00:00,9.648,23.264,819.45,859.42,875.85,1447.87,819.77,854.83
2024-08-29 16:00:00,8.782,22.822,853.06,841.75,871.65,1442.34,835.35,795.54
2024-08-29 17:00:00,7.951,22.307,837.31,806.92,849.15,1366.31,865.62,849.48
2024-08-29 18:00:00,9.615,22.98,777.11,799.43,856.15,1455.69,768.69,885.1
2024-08-29 19:00:00,10.018,21.281,816.92,742.45,690.15,1437.96,782.97,809.36
2024-08-29 20:00:00,9.023,20.954,826.31,857.92,835.12,1440.26,856.27,826.93
2024-08-29 21:00:00,9.189,21.958,809.45,876.75,858.55,1418.01,883.57,910.81
2024-08-29 22:00:00,8.998,22.288,845.8,828.67,805.16,1410.72,812.38,851.97
2024-08-29 23:00:00,9.965,21.016,790.78,840.66,821.01,1435.85,779.16,792.95
2024-08-30 00:00:00,9.974,23.338,800.87,844.62,784.67,1437.7,861.21,850.12
2024-08-30 01:00:00,9.953,25.834,,821.15,839.54,1484.3,804.01,833.49
2024-08-30 02:00:00,12.593,25.948,681.61,707.29,678.86,1446.72,664.32,740.86
2024-08-30 03:00:00,11.729,26.028,,767.91,804.71,1401.56,781.21,775.27
2024-08-30 04:00:00,12.031,25.869,716.51,658.62,754.79,1437.73,722.16,708.49
2024-08-30 05:00:00,12.428,27.645,726.51,709.69,759.17,1492.27,724.52,782.36
2024-08-30 06:00:00,12.406,24.698,647.6,714.21,731.02,1454.53,690.82,814.73
2024-08-30 07:00:00,11.445,24.738,788.12,682.53,815.62,1448.29,763.06,714.34
2024-08-30 08:00:00,11.9,27.04,746.53,800.99,776.57,1501.22,687.67,823.85
2024-08-30 09:00:00,11.303,25.399,726.7,792.39,818.4,1411.42,740.86,787.23
2024-08-30 10:00:00,11.648,24.14,800.32,772.29,736.56,1407.34,733.04,749.0
2024-08-30 11:00:00,11.307,25.118,764.0,764.0,800.85,1526.77,729.49,802.48
2024-08-30 12:00:00,10.444,23.404,742.75,744.17,863.45,1457.95,807.84,837.37
2024-08-30 13:00:00,9.402,22.399,872.54,765.58,887.65,1468.6,877.3,846.71
2024-08-30 14:00:00,10.32,21.875,834.68,778.89,685.45,1402.4,804.41,783.46
2024-08-30 15:00:00,9.817,22.876,776.26,832.36,819.24,1464.16,,822.0
2024-08-30 16:00:00,8.303,22.41,837.05,873.23,784.15,1466.71,825.8,873.33
2024-08-30 17:00:00,10.128,23.773,786.72,864.88,792.98,1511.39,721.21,839.95
2024-08-30 18:00:00,10.479,21.526,713.58,762.54,762.83,1415.94,737.94,838.46
2024-08-30 19:00:00,11.795,21.563,737.16,698.87,765.03,1356.4,697.8,700.59
2024-08-30 20:00:00,9.605,23.847,847.95,814.49,816.95,1429.5,837.6,850.11
2024-08-30 21:00:00,9.703,23.609,837.55,764.08,788.01,1456.47,777.54,835.56
2024-08-30 22:00:00,9.52,23.002,818.1,874.44,842.42,1359.65,829.87,841.31
2024-08-30 23:00:00,10.889,21.424,796.09,746.22,727.81,1408.52,799.25,816.54
2024-08-31 00:00:00,11.219,22.828,716.17,755.11,735.05,1434.39,720.08,757.82
2024-08-31 01:00:00,10.743,23.041,839.84,800.29,769.19,1471.34,775.4,775.61
2024-08-31 02:00:00,11.566,24.818,723.24,704.15,757.47,1394.68,782.3,738.27
2024-08-31 03:00:00,10.396,24.564,773.37,798.75,812.55,1424.84,785.39,826.83
2024-08-31 04:00:00,12.935,27.401,681.25,672.56,736.2,1481.86,679.79,706.33
2024-08-31 05:00:00,11.721,23.776,716.25,,728.35,1427.23,707.59,737.56
2024-08-31 06:00:00,12.375,24.321,706.03,692.82,742.89,1430.76,671.79,751.43
2024-08-31 07:00:00,11.244,25.923,760.71,638.81,786.87,1502.2,706.25,783.45
2024-08-31 08:00:00,11.823,26.039,749.27,,763.25,,703.82,760.68
2024-08-31 09:00:00,11.898,21.974,694.55,649.44,673.21,1439.97,701.79,764.26
2024-08-31 10:00:00,11.887,22.564,732.15,788.82,760.19,1440.78,723.79,728.15
2024-08-31 11:00:00,12.014,23.83,688.35,765.82,767.77,1405.68,754.28,768.44
2024-08-31 12:00:00,12.493,25.238,737.26,,764.1,1454.2,643.85,779.41
2024-08-31 13:00:00,11.64,25.34,774.66,691.8,771.22,1474.76,688.61,758.97
2024-08-31 14:00:00,11.557,22.075,738.13,671.1,794.75,1457.03,775.02,796.09
2024-08-31 15:00:00,11.718,21.934,708.07,726.87,763.49,1402.42,701.66,722.14
2024-08-31 16:00:00,10.848,20.797,772.83,717.99,750.57,1402.99,773.24,849.29
2024-08-31 17:00:00,10.265,22.341,760.31,775.94,793.06,1405.66,818.38,830.26
2024-08-31 18:00:00,11.082,23.326,765.02,697.85,749.59,1444.65,769.23,772.48
2024-08-31 19:00:00,11.196,23.046,752.55,763.96,726.51,1389.77,744.01,818.24
2024-08-31 20:00:00,10.997,21.682,851.92,684.8,796.88,1380.03,775.96,753.58
2024-08-31 21:00:00,9.527,21.006,764.84,908.29,796.68,1440.13,805.07,775.44
2024-08-31 22:00:00,10.287,22.414,697.55,846.04,824.27,1446.62,763.25,781.55
2024-08-31 23:00:00,11.05,24.52,748.18,857.29,859.5,1491.02,756.25,754.11
2024-09-01 00:00:00,12.225,22.877,652.9,720.02,773.02,1474.16,686.27,693.8
2024-09-01 01:00:00,11.915,21.673,695.67,769.96,693.72,1416.82,714.29,769.75
2024-09-01 02:00:00,13.151,23.878,630.23,686.72,675.11,1419.82,619.18,728.96
2024-09-01 03:00:00,13.562,24.364,627.14,590.52,709.16,1399.0,677.78,669.44
2024-09-01 04:00:00,13.68,22.807,609.02,604.86,689.46,1369.96,622.25,723.79
2024-09-01 05:00:00,13.824,25.445,685.08,636.87,736.25,1432.19,591.53,645.65
2024-09-01 06:00:00,12.09,25.816,730.38,757.43,735.0,1459.2,689.57,802.72
2024-09-01 07:00:00,13.284,27.346,722.75,654.12,659.55,1499.13,630.42,690.09
2024-09-01 08:00:00,12.311,23.289,712.38,714.81,689.12,1386.22,654.59,746.91
2024-09-01 09:00:00,11.306,25.42,796.46,735.31,826.96,1446.51,808.54,778.48
2024-09-01 10:00:00,12.165,25.262,715.72,689.43,751.22,1460.75,755.0,753.19
2024-09-01 11:00:00,13.184,24.215,731.47,591.43,734.39,1373.69,614.18,712.13
2024-09-01 12:00:00,12.2,21.838,725.83,,710.19,1431.82,657.52,717.72
2024-09-01 13:00:00,13.153,21.222,636.31,623.24,653.44,1390.4,608.69,686.97
2024-09-01 14:00:00,11.409,22.105,766.4,682.35,782.75,1408.58,748.59,744.59
2024-09-01 15:00:00,12.994,21.653,673.78,628.83,636.99,,660.79,657.31
2024-09-01 16:00:00,11.004,20.526,747.3,759.58,781.37,1374.57,756.41,717.33
2024-09-01 17:00:00,10.777,22.518,775.86,791.32,847.77,1438.62,723.24,800.4
2024-09-01 18:00:00,9.712,20.388,826.11,793.01,704.62,,746.3,878.14
2024-09-01 19:00:00,11.681,18.634,643.41,752.83,686.68,1287.32,,711.64
2024-09-01 20:00:00,10.527,20.806,762.32,830.28,777.64,1403.21,791.82,818.15
2024-09-01 21:00:00,10.618,21.938,800.06,758.57,762.17,1418.0,,835.51
2024-09-01 22:00:00,12.425,22.154,709.48,722.38,712.2,1376.04,635.94,714.35
2024-09-01 23:00:00,12.632,22.595,654.09,647.47,804.86,1466.23,721.83,698.34
2024-09-02 00:00:00,12.937,24.472,605.26,611.99,683.02,1401.1,691.69,730.6
2024-09-02 01:00:00,12.067,21.826,774.68,662.75,720.33,1430.98,664.66,766.41
2024-09-02 02:00:00,12.62,23.104,,641.7,673.68,1425.37,695.29,750.73
2024-09-02 03:00:00,12.877,25.847,750.06,653.75,661.26,1462.28,682.89,697.04
2024-09-02 04:00:00,13.756,21.916,666.55,692.3,682.19,1438.73,625.64,732.71
2024-09-02 05:00:00,14.507,24.378,586.37,558.69,578.6,1437.91,616.38,642.67
2024-09-02 06:00:00,13.613,25.951,576.01,617.69,,1423.6,708.5,694.35
2024-09-02 07:00:00,14.871,25.83,586.9,570.02,641.27,1407.22,601.81,645.77
2024-09-02 08:00:00,13.903,24.93,644.06,561.31,698.8,1398.41,626.53,715.23
2024-09-02 09:00:00,12.82,24.607,709.84,676.32,678.92,1439.21,652.39,806.28
2024-09-02 10:00:00,13.435,22.085,615.57,656.89,646.19,1355.26,630.4,686.73
2024-09-02 11:00:00,13.86,24.463,651.5,674.33,604.65,1350.37,632.28,647.05
2024-09-02 12:00:00,13.796,20.821,638.11,660.1,677.23,,599.3,669.68
2024-09-02 13:00:00,12.849,20.338,708.05,670.7,692.22,1380.49,685.88,718.51
2024-09-02 14:00:00,11.642,21.652,722.03,712.12,744.09,1432.59,784.55,740.27
2024-09-02 15:00:00,11.212,20.143,759.63,730.66,695.84,1394.92,674.44,725.11
2024-09-02 16:00:00,11.667,20.627,737.21,733.08,771.22,1369.33,690.73,794.54
2024-09-02 17:00:00,12.437,20.657,724.19,676.49,687.39,1395.68,742.05,759.68
2024-09-02 18:00:00,11.415,22.168,716.07,730.03,792.15,1462.52,,776.64
2024-09-02 19:00:00,11.483,20.584,627.27,688.23,716.05,1390.38,765.7,802.18
2024-09-02 20:00:00,11.291,19.481,729.58,758.36,758.16,1358.28,686.74,754.11
2024-09-02 21:00:00,11.188,21.314,742.29,753.8,726.49,1443.59,,733.12
2024-09-02 22:00:00,11.58,19.878,686.95,688.54,776.6,1341.7,703.44,786.16
2024-09-02 23:00:00,12.117,22.414,662.83,759.37,679.4,1422.83,697.26,741.06
2024-09-03 00:00:00,13.703,21.873,620.88,624.03,678.01,1276.94,,741.5
2024-09-03 01:00:00,12.457,22.753,698.05,626.65,667.88,1390.3,745.72,675.17
2024-09-03 02:00:00,12.989,20.577,671.56,687.38,668.61,,,710.97
2024-09-03 03:00:00,12.512,20.386,608.96,646.77,730.87,1381.22,714.81,675.48
2024-09-03 04:00:00,13.977,21.562,565.33,583.63,,1336.39,606.41,686.74
2024-09-03 05:00:00,14.625,25.616,653.54,569.35,668.07,1444.2,654.83,686.12
2024-09-03 06:00:00,14.88,22.17,579.53,586.92,,1341.48,584.09,591.58
2024-09-03 07:00:00,13.71,24.316,651.56,620.33,594.44,1398.58,578.59,742.7
2024-09-03 08:00:00,13.895,22.424,587.8,631.78,680.64,1356.77,616.63,606.36
2024-09-03 09:00:00,13.129,22.546,670.51,585.22,739.18,1406.07,643.97,716.48
2024-09-03 10:00:00,13.433,22.323,642.49,587.33,647.22,,658.29,
2024-09-03 11:00:00,12.979,23.823,661.65,661.14,,1387.56,669.58,731.43
2024-09-03 12:00:00,12.47,21.991,646.88,651.63,646.16,1385.28,622.65,758.66
2024-09-03 13:00:00,12.229,21.19,674.75,682.3,678.84,1355.91,675.64,741.52
2024-09-03 14:00:00,12.197,21.757,778.14,723.63,766.35,1372.93,674.98,749.29
2024-09-03 15:00:00,11.358,18.983,720.6,694.72,721.79,1333.16,719.69,716.94
2024-09-03 16:00:00,11.214,20.662,774.03,709.33,774.71,1362.7,745.15,743.13
2024-09-03 17:00:00,12.659,20.217,674.72,670.03,671.21,1374.3,691.54,696.45
2024-09-03 18:00:00,13.425,20.09,635.0,540.1,661.95,1361.61,647.39,708.64
2024-09-03 19:00:00,10.339,18.859,750.71,813.29,825.86,1309.79,671.35,809.75
2024-09-03 20:00:00,10.419,18.674,816.23,,826.5,1345.8,779.3,795.93
2024-09-03 21:00:00,10.856,18.427,764.01,752.47,760.37,1421.72,791.61,685.67
2024-09-03 22:00:00,11.791,18.871,686.22,683.82,714.15,,705.9,689.33
2024-09-03 23:00:00,12.884,19.175,652.93,678.44,649.78,1397.41,,
2024-09-04 00:00:00,12.954,21.187,710.23,,724.99,1337.54,620.53,682.07
2024-09-04 01:00:00,12.932,20.944,573.12,702.7,685.78,1352.16,687.38,690.08
2024-09-04 02:00:00,13.51,22.171,662.23,558.47,729.14,1352.34,642.88,709.23
2024-09-04 03:00:00,12.784,22.606,705.49,668.86,635.05,1395.97,645.95,718.55
2024-09-04 04:00:00,13.335,21.019,628.04,634.4,657.2,1367.38,640.35,631.42
2024-09-04 05:00:00,13.637,21.136,646.2,629.5,657.79,1372.95,604.22,651.08
2024-09-04 06:00:00,12.428,22.189,718.41,739.54,738.66,1378.7,666.34,738.2
2024-09-04 07:00:00,12.727,21.418,640.84,611.18,647.11,1354.79,666.73,737.01
2024-09-04 08:00:00,12.64,21.044,715.63,613.31,697.0,1342.16,675.24,688.78
2024-09-04 09:00:00,13.959,23.769,647.91,593.52,706.39,1395.77,,700.52
2024-09-04 10:00:00,13.296,19.431,,554.34,681.4,1349.67,616.09,599.44
2024-09-04 11:00:00,13.299,23.168,669.29,733.32,702.64,1420.94,,691.36
2024-09-04 12:00:00,11.028,20.521,778.14,784.38,725.33,1417.64,705.52,722.68
2024-09-04 13:00:00,11.002,20.791,836.73,769.75,752.74,1395.38,750.83,748.96
2024-09-04 14:00:00,12.43,20.118,712.76,708.39,662.65,1378.63,696.94,739.31
2024-09-04 15:00:00,9.427,19.353,,,842.73,1331.34,772.38,806.69
2024-09-04 16:00:00,12.438,20.24,698.36,652.43,723.8,1387.68,654.23,
2024-09-04 17:00:00,9.879,16.697,845.09,769.53,780.12,1356.74,743.51,766.72
2024-09-04 18:00:00,11.97,17.691,649.48,706.69,717.21,1370.35,648.48,
2024-09-04 19:00:00,10.623,16.873,692.36,734.44,,1381.79,797.82,796.93
2024-09-04 20:00:00,12.291,16.011,684.45,634.7,773.13,1248.41,647.85,695.41
2024-09-04 21:00:00,14.207,17.521,620.7,554.24,624.45,1312.65,575.58,566.0
2024-09-04 22:00:00,10.068,20.926,701.85,805.52,796.68,1386.76,747.15,752.05
2024-09-04 23:00:00,12.73,18.902,672.36,694.5,704.15,1315.17,669.41,673.83
2024-09-05 00:00:00,11.034,21.958,753.29,700.24,828.19,,723.94,772.27
2024-09-05 01:00:00,13.129,22.548,696.7,640.55,724.48,1375.5,678.21,788.23
2024-09-05 02:00:00,12.908,24.071,702.62,,725.7,1415.81,632.43,692.72
2024-09-05 03:00:00,13.422,23.126,596.44,578.79,715.94,,699.15,678.15
2024-09-05 04:00:00,12.776,23.937,655.24,688.71,730.89,1433.84,650.69,714.7
2024-09-05 05:00:00,14.245,21.646,586.11,581.45,583.53,1379.84,602.59,613.77
2024-09-05 06:00:00,12.498,21.547,720.65,640.33,755.89,1415.89,689.86,781.02
2024-09-05 07:00:00,14.604,21.507,609.63,546.35,593.22,1367.77,604.71,615.18
2024-09-05 08:00:00,13.159,20.902,640.18,663.09,678.1,1357.63,586.93,624.77
2024-09-05 09:00:00,12.168,20.712,710.77,731.26,686.43,1390.57,653.93,748.39
2024-09-05 10:00:00,14.312,20.97,571.1,593.66,624.7,1376.56,570.28,652.62
2024-09-05 11:00:00,12.686,18.974,746.49,736.73,699.6,,699.97,727.26
2024-09-05 12:00:00,13.95,17.311,628.97,633.37,687.39,1301.29,580.7,618.8
2024-09-05 13:00:00,13.084,18.831,683.55,661.46,655.56,1406.19,701.64,634.93
2024-09-05 14:00:00,11.172,17.029,779.97,701.72,796.68,1297.82,797.61,751.17
2024-09-05 15:00:00,11.487,16.687,,758.98,654.77,1333.07,703.25,736.64
2024-09-05 16:00:00,11.454,16.853,720.3,685.08,,1313.87,787.73,716.79
2024-09-05 17:00:00,12.45,16.326,666.96,694.52,648.47,1237.38,644.79,666.94
2024-09-05 18:00:00,11.531,17.985,766.11,617.73,759.7,1277.08,716.96,755.81
2024-09-05 19:00:00,11.355,16.469,722.57,,686.51,1246.81,723.29,713.3
2024-09-05 20:00:00,11.165,18.209,711.14,677.77,689.56,1337.88,,800.59
2024-09-05 21:00:00,11.467,17.329,,705.17,801.74,1269.13,749.4,765.75
2024-09-05 22:00:00,12.791,17.338,629.91,588.62,670.92,1298.08,644.02,720.63
2024-09-05 23:00:00,12.03,18.064,639.11,692.24,772.01,1328.31,662.92,687.88
2024-09-06 00:00:00,12.013,16.79,729.62,706.84,746.52,1286.43,695.62,713.0
2024-09-06 01:00:00,12.178,19.211,672.91,661.12,744.14,1334.79,706.9,701.38
2024-09-06 02:00:00,12.466,20.254,705.63,662.82,757.9,1385.17,720.74,692.93
2024-09-06 03:00:00,12.026,20.786,775.87,708.26,,1346.27,,791.41
2024-09-06 04:00:00,12.728,18.24,621.46,654.26,635.39,1319.83,642.56,726.69
2024-09-06 05:00:00,14.636,18.187,578.61,607.85,628.81,1224.22,536.19,612.11
2024-09-06 06:00:00,13.302,19.381,700.36,602.13,652.86,1338.61,647.2,723.1
2024-09-06 07:00:00,13.979,21.567,650.49,621.42,677.79,1400.46,554.88,692.13
2024-09-06 08:00:00,11.301,19.918,733.1,742.75,784.38,1389.8,785.33,744.24
2024-09-06 09:00:00,13.537,18.353,716.56,550.47,618.83,1301.9,582.23,602.01
2024-09-06 10:00:00,12.693,17.073,662.58,657.95,653.99,1284.95,653.92,604.31
2024-09-06 11:00:00,12.135,17.461,706.41,,698.54,1361.93,626.62,673.08
2024-09-06 12:00:00,12.342,16.81,738.16,651.92,744.18,1316.19,638.42,747.8
2024-09-06 13:00:00,11.478,18.264,758.87,789.88,698.05,1336.07,735.64,737.93
2024-09-06 14:00:00,9.873,17.822,830.02,838.93,858.1,1363.24,738.7,824.51
2024-09-06 15:00:00,12.048,14.881,653.24,650.14,622.27,1249.29,656.68,713.77
2024-09-06 16:00:00,11.301,16.674,767.8,748.04,796.65,1303.07,777.23,736.82
2024-09-06 17:00:00,10.722,16.3,752.65,778.22,756.89,1285.45,754.85,742.94
2024-09-06 18:00:00,10.146,13.983,731.94,772.21,775.17,1298.58,736.73,782.96
2024-09-06 19:00:00,9.77,15.314,783.13,739.39,793.93,1270.77,715.93,851.96
2024-09-06 20:00:00,11.23,15.971,731.25,685.79,630.07,1280.35,760.48,749.92
2024-09-06 21:00:00,12.518,16.024,734.43,681.4,667.9,1292.69,718.3,632.26
2024-09-06 22:00:00,11.624,14.138,713.1,719.7,696.85,1180.37,603.76,648.89
2024-09-06 23:00:00,10.629,16.778,725.18,,803.48,1292.62,689.43,
2024-09-07 00:00:00,12.211,17.85,,734.0,698.08,1289.03,708.09,698.11
2024-09-07 01:00:00,12.284,19.448,693.25,742.24,767.45,,652.92,670.25
2024-09-07 02:00:00,13.291,17.181,591.92,682.79,732.48,1295.31,657.0,696.91
2024-09-07 03:00:00,13.318,17.691,,683.07,,1358.34,600.31,643.49
2024-09-07 04:00:00,10.619,18.362,751.51,758.65,769.79,1316.37,800.8,796.13
2024-09-07 05:00:00,13.547,19.11,621.08,562.34,613.52,1275.78,563.54,691.46
2024-09-07 06:00:00,12.333,18.894,715.68,665.46,729.82,1369.35,663.81,663.92
2024-09-07 07:00:00,11.94,19.383,683.87,694.95,707.44,1327.43,,726.68
2024-09-07 08:00:00,12.79,17.057,574.99,624.19,734.23,1298.0,670.96,652.81
2024-09-07 09:00:00,13.062,18.515,596.61,624.36,611.68,1301.42,637.6,699.33
2024-09-07 10:00:00,11.154,16.683,730.31,683.39,706.49,1326.02,709.35,789.43
2024-09-07 11:00:00,12.724,16.868,643.06,680.82,716.45,1301.85,633.16,
2024-09-07 12:00:00,12.442,18.522,640.39,736.79,769.67,1313.66,593.83,715.08
2024-09-07 13:00:00,11.54,14.226,772.24,799.02,737.93,1259.44,675.42,708.14
2024-09-07 14:00:00,10.501,15.035,778.64,764.44,802.0,1270.81,710.31,782.04
2024-09-07 15:00:00,10.145,13.377,753.3,757.73,758.3,1260.96,766.83,733.52
2024-09-07 16:00:00,11.54,14.722,714.13,703.8,782.28,1254.16,669.83,655.4
2024-09-07 17:00:00,9.371,15.546,778.29,851.21,792.48,1348.71,807.93,823.42
2024-09-07 18:00:00,11.372,14.374,667.62,766.11,736.91,1255.17,682.04,740.79
2024-09-07 19:00:00,10.409,14.049,784.76,745.91,755.62,1254.95,733.98,790.28
2024-09-07 20:00:00,10.565,15.933,781.0,802.51,741.21,1246.9,741.35,783.64
2024-09-07 21:00:00,9.446,15.004,713.81,799.19,796.06,1261.9,751.82,
2024-09-07 22:00:00,10.924,15.955,745.01,708.77,750.96,1315.12,730.52,716.08
2024-09-07 23:00:00,11.802,16.263,713.46,690.88,729.64,1287.39,630.58,751.62
2024-09-08 00:00:00,10.532,12.422,725.43,813.44,640.12,1228.15,746.57,710.22
2024-09-08 01:00:00,12.29,16.251,753.64,701.46,655.69,1308.02,,690.3
2024-09-08 02:00:00,12.231,15.482,749.0,653.0,668.34,1312.12,683.93,662.29
2024-09-08 03:00:00,11.872,16.147,684.87,730.71,644.6,1263.86,728.99,758.4
2024-09-08 04:00:00,13.241,19.181,642.59,660.75,632.11,1319.39,705.09,627.26
2024-09-08 05:00:00,10.894,17.113,731.61,730.67,777.43,1255.72,721.47,779.12
2024-09-08 06:00:00,12.952,19.854,645.25,619.47,699.59,1370.95,619.28,660.3
2024-09-08 07:00:00,13.908,15.778,571.71,541.95,,1341.69,568.03,643.16
2024-09-08 08:00:00,13.622,15.919,635.71,536.37,676.27,1252.06,655.66,656.46
2024-09-08 09:00:00,12.57,17.769,743.24,636.71,731.16,1298.4,620.66,705.26
2024-09-08 10:00:00,11.746,15.983,757.08,691.87,712.64,1285.5,787.05,766.31
2024-09-08 11:00:00,11.167,16.232,756.03,778.09,789.83,1306.58,722.04,810.01
2024-09-08 12:00:00,11.1,15.164,642.11,760.6,705.75,,729.26,616.9
2024-09-08 13:00:00,11.444,14.564,644.06,717.3,768.57,1274.45,757.18,717.4
2024-09-08 14:00:00,10.05,13.841,797.92,694.73,794.07,,740.27,753.28
2024-09-08 15:00:00,11.03,13.961,780.46,739.07,752.79,1258.48,729.19,767.57
2024-09-08 16:00:00,11.917,14.152,706.55,619.19,693.5,1272.07,721.61,735.86
2024-09-08 17:00:00,10.018,15.073,756.59,809.52,735.92,1255.37,723.1,728.51
2024-09-08 18:00:00,8.927,12.779,834.88,838.73,777.99,1217.78,721.45,794.57
2024-09-08 19:00:00,8.944,12.573,812.52,803.55,712.57,1238.06,790.21,770.66
2024-09-08 20:00:00,10.737,12.573,769.17,769.28,771.31,1243.73,676.59,757.64
2024-09-08 21:00:00,10.234,15.236,695.54,807.08,738.63,1310.62,768.46,811.48
2024-09-08 22:00:00,11.208,14.671,,725.43,705.27,1294.25,702.34,698.18
2024-09-08 23:00:00,10.344,12.001,804.02,746.39,660.73,1206.64,773.57,750.64
2024-09-09 00:00:00,11.722,12.422,706.29,636.32,647.58,1167.71,711.65,666.18
2024-09-09 01:00:00,11.216,14.231,750.53,705.12,830.02,,646.66,677.17
2024-09-09 02:00:00,11.022,15.942,734.34,693.76,709.14,1333.03,707.19,787.29
2024-09-09 03:00:00,11.51,15.997,716.67,670.26,761.82,1277.68,655.97,
2024-09-09 04:00:00,11.039,16.929,785.89,,686.5,1336.38,740.83,
2024-09-09 05:00:00,13.682,16.258,593.25,521.5,579.69,,552.56,673.88
2024-09-09 06:00:00,12.029,18.171,673.5,730.65,,1318.42,725.54,680.05
2024-09-09 07:00:00,12.555,17.31,656.43,671.0,688.53,1355.64,595.68,719.61
2024-09-09 08:00:00,11.464,16.235,716.78,759.89,695.43,1276.38,699.83,698.75
2024-09-09 09:00:00,10.836,17.156,,777.93,747.79,1277.78,705.74,763.77
2024-09-09 10:00:00,11.216,13.348,738.99,736.67,681.2,1251.37,686.55,721.13
2024-09-09 11:00:00,11.968,14.701,681.67,715.89,744.69,,654.96,621.94
2024-09-09 12:00:00,10.333,14.409,783.03,765.9,834.04,1281.34,745.64,
2024-09-09 13:00:00,9.716,14.408,698.61,834.5,810.3,1272.81,724.31,780.33
2024-09-09 14:00:00,10.221,11.105,772.41,734.27,677.55,1196.54,718.28,710.96
2024-09-09 15:00:00,10.221,12.396,795.02,757.75,760.76,1234.4,807.22,739.86
2024-09-09 16:00:00,10.918,12.832,738.61,717.92,696.9,1195.35,716.67,768.8
2024-09-09 17:00:00,9.74,12.684,765.41,857.05,731.86,1204.4,819.45,770.22
2024-09-09 18:00:00,9.904,13.428,793.39,748.08,786.23,1254.84,753.41,756.01
2024-09-09 19:00:00,9.978,12.947,803.38,821.06,756.53,1264.99,732.49,723.39
2024-09-09 20:00:00,8.573,12.122,812.82,757.51,785.98,1199.26,747.03,775.21
2024-09-09 21:00:00,8.888,13.284,811.84,809.46,781.95,1281.62,805.46,796.2
2024-09-09 22:00:00,9.012,12.609,842.4,792.18,735.49,1240.33,838.75,782.09
2024-09-09 23:00:00,9.075,13.471,813.16,759.18,,1281.61,823.0,763.02
2024-09-10 00:00:00,11.06,14.729,698.02,701.61,714.79,1280.69,740.86,716.4
2024-09-10 01:00:00,10.938,14.202,772.95,752.39,719.81,1294.83,769.44,710.79
2024-09-10 02:00:00,11.031,15.136,724.71,,747.24,1276.86,747.38,791.1
2024-09-10 03:00:00,9.114,16.233,799.03,768.45,,1270.07,828.01,856.09
2024-09-10 04:00:00,12.995,16.216,652.08,672.12,654.99,1337.36,663.18,667.43
2024-09-10 05:00:00,10.726,17.006,783.63,749.53,758.0,1321.44,773.7,780.73
2024-09-10 06:00:00,13.096,18.352,714.53,650.58,708.78,1317.97,595.39,724.95
2024-09-10 07:00:00,10.225,16.299,766.47,813.79,752.51,1307.08,735.91,812.07
2024-09-10 08:00:00,10.586,14.667,805.28,811.47,760.55,1320.01,805.54,730.45
2024-09-10 09:00:00,9.255,15.483,796.3,708.86,792.17,1267.95,761.65,814.83
2024-09-10 10:00:00,11.029,14.983,777.51,726.09,715.58,1237.09,678.06,732.22
2024-09-10 11:00:00,9.54,14.64,785.7,721.56,718.22,1266.25,793.31,819.67
2024-09-10 12:00:00,9.223,15.147,772.68,909.34,742.23,,777.54,724.6
2024-09-10 13:00:00,8.644,10.782,853.76,811.77,815.52,1203.24,842.62,699.61
2024-09-10 14:00:00,10.045,14.104,741.45,809.59,688.48,1250.55,702.3,786.85
2024-09-10 15:00:00,9.715,14.062,748.35,756.23,838.77,1241.96,720.09,789.77
2024-09-10 16:00:00,10.375,12.173,697.58,737.17,707.18,1261.0,809.08,767.58
2024-09-10 17:00:00,8.228,11.971,847.85,866.6,714.08,1260.38,767.02,
2024-09-10 18:00:00,8.881,10.871,832.87,819.03,743.91,1248.5,754.79,736.27
2024-09-10 19:00:00,7.686,11.206,828.29,904.78,702.52,1224.03,803.01,802.49
2024-09-10 20:00:00,8.539,12.205,761.38,779.98,710.51,1249.18,707.08,744.15
2024-09-10 21:00:00,8.553,12.416,796.14,804.82,787.18,1277.62,812.59,765.53
2024-09-10 22:00:00,9.559,12.905,759.83,803.36,695.81,1231.52,713.67,807.07
2024-09-10 23:00:00,10.261,13.245,714.54,786.08,681.51,1285.95,766.17,748.43
2024-09-11 00:00:00,10.521,14.06,727.39,767.5,743.51,1280.66,677.99,737.57
2024-09-11 01:00:00,9.334,14.415,801.21,741.63,778.33,1323.5,804.92,760.36
2024-09-11 02:00:00,11.067,12.696,695.43,684.07,735.99,1265.1,699.42,708.14
2024-09-11 03:00:00,10.451,15.311,763.0,771.18,760.07,1241.88,737.66,772.4
2024-09-11 04:00:00,10.387,16.833,699.87,703.11,758.42,1301.89,776.1,792.85
2024-09-11 05:00:00,10.17,14.743,819.38,732.23,780.09,1213.58,786.71,729.92
2024-09-11 06:00:00,10.3,16.616,750.64,769.42,800.54,1257.52,758.71,783.52
2024-09-11 07:00:00,12.07,13.622,708.55,644.73,686.22,1211.8,664.85,752.9
2024-09-11 08:00:00,10.772,14.461,743.05,749.84,756.26,1312.18,707.99,722.27
2024-09-11 09:00:00,10.445,13.384,758.43,748.42,630.11,1255.73,751.63,767.65
2024-09-11 10:00:00,9.817,15.369,734.67,750.45,750.43,1311.35,820.26,
2024-09-11 11:00:00,11.664,15.176,676.1,670.01,767.59,1259.28,710.47,716.53
2024-09-11 12:00:00,10.41,12.547,716.09,802.13,712.87,1231.78,691.58,778.05
2024-09-11 13:00:00,8.448,13.53,,835.62,812.71,1295.9,801.31,823.92
2024-09-11 14:00:00,8.486,13.599,850.0,829.13,800.84,,775.11,830.92
2024-09-11 15:00:00,8.255,11.142,814.17,821.47,756.64,1227.91,755.03,768.11
2024-09-11 16:00:00,8.322,10.997,764.97,780.4,799.67,1246.8,783.84,783.08
2024-09-11 17:00:00,7.494,11.499,824.98,822.13,784.12,1214.71,836.49,857.08
2024-09-11 18:00:00,8.334,9.518,786.65,715.83,751.61,1210.02,813.08,760.38
2024-09-11 19:00:00,9.155,10.708,759.56,763.7,737.98,1226.32,786.69,787.14
2024-09-11 20:00:00,7.032,13.326,842.53,840.17,787.94,1230.31,815.92,882.08
2024-09-11 21:00:00,7.341,10.452,848.23,868.4,759.09,1196.11,786.87,848.24
2024-09-11 22:00:00,8.075,12.471,784.84,804.9,774.19,1240.08,,798.76
2024-09-11 23:00:00,8.371,12.538,789.94,851.19,790.75,1243.91,794.24,801.55
2024-09-12 00:00:00,10.599,12.211,767.53,731.33,712.44,1248.13,746.84,751.36
2024-09-12 01:00:00,10.081,13.173,773.04,772.42,731.39,1228.6,767.52,739.8
2024-09-12 02:00:00,10.294,15.474,804.16,763.47,864.04,1267.33,715.4,744.03
2024-09-12 03:00:00,9.545,14.431,827.92,815.83,800.6,1302.27,833.43,771.56
2024-09-12 04:00:00,9.688,14.919,728.25,832.99,700.11,,777.69,827.89
2024-09-12 05:00:00,8.845,16.171,815.2,775.99,807.17,1349.81,827.79,774.65
2024-09-12 06:00:00,10.642,13.954,721.52,815.39,748.78,,751.06,760.7
2024-09-12 07:00:00,10.338,12.961,704.5,721.05,888.48,1222.14,685.5,767.58
2024-09-12 08:00:00,10.824,16.124,714.25,,756.58,1250.01,,813.98
2024-09-12 09:00:00,9.405,13.832,768.37,769.37,858.82,1195.52,829.26,857.24
2024-09-12 10:00:00,9.182,14.312,777.01,859.44,761.45,1246.55,744.96,765.94
2024-09-12 11:00:00,9.111,11.828,756.87,751.49,733.74,1220.1,738.15,806.37
2024-09-12 12:00:00,9.348,12.677,774.84,817.61,716.8,1259.3,786.36,765.06
2024-09-12 13:00:00,7.117,10.364,912.99,765.01,843.26,1254.43,831.0,846.61
2024-09-12 14:00:00,8.562,11.261,730.55,842.34,737.97,,807.79,759.61
2024-09-12 15:00:00,7.678,9.98,849.72,826.59,763.4,1260.88,770.47,824.35
2024-09-12 16:00:00,6.627,9.374,835.99,851.09,,1188.33,,896.77
2024-09-12 17:00:00,5.656,9.852,850.64,870.9,824.73,1272.74,810.33,829.07
2024-09-12 18:00:00,7.143,7.384,,840.9,795.54,1150.43,802.79,841.71
2024-09-12 19:00:00,8.421,8.802,810.51,792.72,713.5,1205.38,794.49,806.22
2024-09-12 20:00:00,8.693,11.322,737.12,746.16,673.53,1240.56,757.27,837.86
2024-09-12 21:00:00,7.798,11.108,,802.4,847.91,1272.85,813.2,823.96
2024-09-12 22:00:00,9.302,9.807,824.63,813.7,,1246.3,,774.78
2024-09-12 23:00:00,7.957,12.226,767.32,815.94,785.9,1225.9,779.81,846.57
2024-09-13 00:00:00,9.035,11.024,817.52,762.33,768.21,1156.85,758.77,851.45
2024-09-13 01:00:00,8.192,13.454,812.05,830.08,757.91,1270.23,720.21,819.54
2024-09-13 02:00:00,8.401,12.923,729.63,839.48,778.48,1277.04,805.96,823.16
2024-09-13 03:00:00,8.489,13.079,758.98,843.58,889.96,1267.09,847.03,818.7
2024-09-13 04:00:00,7.544,13.671,836.52,863.12,889.42,1372.94,789.45,798.63
2024-09-13 05:00:00,10.312,17.045,779.83,817.03,776.22,1339.98,738.15,757.87
2024-09-13 06:00:00,8.781,13.125,737.88,810.36,701.55,1282.19,827.96,768.97
2024-09-13 07:00:00,8.583,14.234,804.85,808.61,814.28,1248.51,854.4,833.14
2024-09-13 08:00:00,8.131,14.695,847.3,868.85,794.61,1282.95,812.56,821.3
2024-09-13 09:00:00,8.691,12.28,826.86,780.39,761.6,1265.75,753.53,789.31
2024-09-13 10:00:00,9.987,11.103,735.87,747.54,741.13,1229.32,728.16,773.47
2024-09-13 11:00:00,9.933,11.809,770.36,703.84,827.56,1235.11,,734.83
2024-09-13 12:00:00,6.59,12.921,891.17,950.45,839.14,1317.63,828.6,855.69
2024-09-13 13:00:00,7.295,11.079,855.42,933.2,847.76,1220.71,807.11,857.78
2024-09-13 14:00:00,6.433,10.727,879.35,869.32,842.6,1254.28,822.28,856.03
2024-09-13 15:00:00,7.774,11.681,818.87,866.82,814.35,1228.52,849.04,849.38
2024-09-13 16:00:00,6.993,9.302,822.75,882.11,831.44,,833.19,769.42
2024-09-13 17:00:00,6.106,9.962,863.39,892.07,810.85,1207.66,835.68,862.18
2024-09-13 18:00:00,6.604,8.183,805.19,,749.69,1256.98,838.22,832.7
2024-09-13 19:00:00,6.176,10.453,893.03,833.13,896.45,1231.52,874.04,871.0
2024-09-13 20:00:00,7.941,10.544,751.53,820.12,723.57,1206.95,742.38,765.85
2024-09-13 21:00:00,7.25,11.542,811.3,769.16,821.79,1248.74,845.08,815.1
2024-09-13 22:00:00,7.568,9.629,810.15,796.26,867.7,1178.62,860.08,774.55
2024-09-13 23:00:00,5.16,11.257,902.61,853.61,872.75,1233.89,862.06,873.73
2024-09-14 00:00:00,7.523,10.473,839.5,767.17,,1277.49,788.21,886.16
2024-09-14 01:00:00,9.526,12.232,820.44,762.06,784.12,1257.75,804.99,765.89
2024-09-14 02:00:00,9.182,14.791,792.19,815.15,830.15,1320.63,712.26,768.26
2024-09-14 03:00:00,6.864,13.046,821.38,842.88,884.24,1266.05,932.15,809.13
2024-09-14 04:00:00,8.254,12.114,798.32,800.4,728.53,1272.99,760.67,783.23
2024-09-14 05:00:00,7.636,13.141,,815.68,864.34,1279.79,805.38,
2024-09-14 06:00:00,9.98,12.097,773.2,772.55,744.52,1216.73,712.96,784.77
2024-09-14 07:00:00,8.738,12.413,753.84,783.43,746.84,1348.96,742.33,814.73
2024-09-14 08:00:00,7.782,14.579,821.57,804.46,768.33,1258.49,838.39,861.07
2024-09-14 09:00:00,8.206,11.727,859.8,859.89,798.44,1248.05,819.56,845.2
2024-09-14 10:00:00,5.817,13.43,883.84,869.24,830.84,1312.07,852.97,906.73
2024-09-14 11:00:00,6.719,12.611,811.76,821.95,831.35,1282.61,794.36,883.35
2024-09-14 12:00:00,7.279,11.432,815.74,880.96,808.11,1234.26,809.32,918.02
2024-09-14 13:00:00,7.59,11.833,742.59,775.28,,1233.02,837.43,843.32
2024-09-14 14:00:00,5.044,9.962,881.53,,887.25,1249.5,887.79,885.46
2024-09-14 15:00:00,6.018,11.691,921.78,851.46,889.38,1240.38,875.9,867.9
2024-09-14 16:00:00,6.914,9.535,787.79,860.57,855.12,1251.17,818.01,816.48
2024-09-14 17:00:00,4.799,9.72,838.4,885.8,922.07,1243.77,808.63,859.91
2024-09-14 18:00:00,6.077,9.519,829.81,,815.57,1217.66,794.46,803.21
2024-09-14 19:00:00,5.962,11.032,894.96,871.48,806.89,1254.67,905.73,953.52
2024-09-14 20:00:00,7.375,11.069,882.97,807.9,800.33,1256.27,831.94,802.4
2024-09-14 21:00:00,5.985,7.6,862.31,817.14,797.61,1228.76,810.18,871.09
2024-09-14 22:00:00,6.255,11.477,811.49,862.63,777.88,1268.83,854.48,863.53
2024-09-14 23:00:00,7.341,9.574,816.76,862.81,785.69,1219.94,885.95,817.33
2024-09-15 00:00:00,5.882,11.788,930.99,924.13,872.55,1292.71,848.09,882.75
2024-09-15 01:00:00,7.052,12.599,828.36,833.39,870.89,1227.85,839.1,849.99
2024-09-15 02:00:00,7.129,12.803,842.92,831.63,815.37,1257.34,861.17,779.6
2024-09-15 03:00:00,7.607,14.255,839.58,842.38,861.25,1291.35,804.59,847.41
2024-09-15 04:00:00,8.563,14.851,752.96,820.59,,1272.75,900.05,842.03
2024-09-15 05:00:00,8.424,13.274,,820.13,690.79,1293.54,794.75,834.96
2024-09-15 06:00:00,7.398,13.314,862.64,835.84,758.55,1281.48,875.81,810.2
2024-09-15 07:00:00,8.042,14.191,748.9,820.6,822.15,1257.37,844.97,849.29
2024-09-15 08:00:00,8.982,12.198,736.83,787.69,695.47,1210.63,809.75,761.13
2024-09-15 09:00:00,6.91,13.177,811.87,771.79,770.55,1281.82,871.2,755.84
2024-09-15 10:00:00,7.42,14.971,865.8,841.25,760.22,1330.02,777.45,790.99
2024-09-15 11:00:00,6.837,11.081,812.14,895.75,808.03,1247.6,787.14,786.08
2024-09-15 12:00:00,6.608,11.981,862.95,930.23,837.26,1340.94,909.25,907.29
2024-09-15 13:00:00,5.02,11.18,883.38,969.95,789.19,1255.43,,895.88
2024-09-15 14:00:00,7.142,13.834,844.78,866.57,856.38,1274.47,,793.29
2024-09-15 15:00:00,5.123,10.387,900.66,869.68,854.56,1285.38,835.27,911.56
2024-09-15 16:00:00,6.35,10.159,857.44,855.36,767.9,1241.96,835.67,880.44
2024-09-15 17:00:00,4.891,9.319,884.33,890.98,855.46,1268.88,897.44,905.28
2024-09-15 18:00:00,4.825,10.52,903.69,870.81,830.24,1293.72,883.61,895.08
2024-09-15 19:00:00,6.315,10.922,859.92,843.0,796.09,1235.64,883.89,867.86
2024-09-15 20:00:00,6.238,9.756,841.9,850.49,770.66,1208.09,926.83,820.54
2024-09-15 21:00:00,5.78,12.346,858.63,846.3,848.38,1297.98,848.14,895.32
2024-09-15 22:00:00,6.449,11.921,918.88,916.7,820.17,1238.75,817.34,861.16
2024-09-15 23:00:00,5.878,13.124,858.97,925.63,840.09,1275.15,892.03,815.19
2024-09-16 00:00:00,6.392,12.249,903.98,880.22,828.55,1211.38,875.52,840.08
2024-09-16 01:00:00,6.16,13.476,844.18,908.58,856.1,1288.88,831.64,
2024-09-16 02:00:00,7.682,13.435,853.72,856.72,801.05,1324.76,888.4,779.72
2024-09-16 03:00:00,6.632,15.878,928.18,856.06,764.62,1333.79,834.09,865.56
2024-09-16 04:00:00,8.546,14.611,794.65,892.31,793.15,1245.17,,787.37
2024-09-16 05:00:00,7.206,14.708,821.06,832.79,,1369.18,844.23,795.22
2024-09-16 06:00:00,7.496,14.241,819.16,786.12,865.5,1277.0,872.01,881.45
2024-09-16 07:00:00,8.027,14.13,818.15,841.98,822.92,1291.61,778.01,841.59
2024-09-16 08:00:00,7.3,14.861,853.73,883.54,,1319.19,863.98,834.4
2024-09-16 09:00:00,6.833,15.269,855.97,865.06,816.92,1346.23,780.08,898.96
2024-09-16 10:00:00,6.781,13.077,,922.03,866.54,1295.38,844.27,906.2
2024-09-16 11:00:00,7.212,13.595,907.65,867.22,774.56,1282.87,813.95,810.77
2024-09-16 12:00:00,5.638,13.175,874.4,876.28,856.21,1291.71,900.01,929.84
2024-09-16 13:00:00,5.739,12.895,855.63,881.29,814.86,1265.29,950.28,912.26
2024-09-16 14:00:00,5.541,9.962,898.75,908.51,866.75,1203.84,843.09,895.92
2024-09-16 15:00:00,5.959,10.517,890.11,894.09,907.06,1232.51,,911.35
2024-09-16 16:00:00,4.979,9.699,933.66,968.3,868.48,1281.28,870.95,960.8
2024-09-16 17:00:00,6.369,11.208,919.58,913.21,765.93,1218.93,907.36,881.71
2024-09-16 18:00:00,4.739,10.05,904.64,865.78,833.06,1203.33,913.02,
2024-09-16 19:00:00,4.699,10.634,886.2,924.79,994.15,1259.21,,887.69
2024-09-16 20:00:00,4.856,10.028,822.58,874.98,893.0,1272.36,924.8,872.01
2024-09-16 21:00:00,4.114,11.326,882.95,1010.68,,1250.77,881.53,947.09
2024-09-16 22:00:00,4.571,10.907,908.41,897.53,908.9,1230.55,916.63,880.94
2024-09-16 23:00:00,5.249,13.68,853.25,931.15,874.42,1315.26,889.63,946.22
2024-09-17 00:00:00,6.878,13.896,794.48,843.69,941.63,1300.17,875.86,839.99
2024-09-17 01:00:00,6.238,14.052,870.88,813.4,850.52,1348.59,795.58,943.31
2024-09-17 02:00:00,6.151,14.025,898.07,845.03,838.77,1339.4,842.34,900.97
2024-09-17 03:00:00,7.754,12.39,810.02,829.07,799.01,1223.06,806.27,823.83
2024-09-17 04:00:00,8.19,14.637,847.94,854.58,787.62,1266.97,753.88,787.64
2024-09-17 05:00:00,8.059,14.507,841.22,856.88,776.32,1212.94,748.58,788.18
2024-09-17 06:00:00,6.399,15.821,912.24,839.46,806.19,1339.4,914.82,902.73
2024-09-17 07:00:00,6.631,16.235,943.47,899.06,830.01,1316.19,859.68,926.61
2024-09-17 08:00:00,8.344,15.716,908.57,868.12,,1375.63,864.71,780.97
2024-09-17 09:00:00,6.882,16.56,887.42,899.95,835.12,1327.98,859.02,904.69
2024-09-17 10:00:00,6.214,13.984,852.85,878.64,823.56,1292.05,914.52,894.15
2024-09-17 11:00:00,6.7,13.488,855.25,877.98,777.69,1268.12,810.42,907.04
2024-09-17 12:00:00,6.608,14.985,917.46,889.58,873.4,1319.54,887.45,900.1
2024-09-17 13:00:00,5.023,13.458,868.67,985.53,941.07,1342.56,848.7,931.65
2024-09-17 14:00:00,5.354,12.517,937.09,984.28,824.75,1219.25,905.52,902.13
2024-09-17 15:00:00,5.659,14.653,881.53,938.66,838.0,1352.02,975.17,910.08
2024-09-17 16:00:00,3.787,12.851,939.73,969.49,861.09,1242.14,924.87,928.88
2024-09-17 17:00:00,4.594,11.767,876.04,937.04,908.83,1266.19,921.35,886.34
2024-09-17 18:00:00,3.641,11.143,881.87,969.82,937.66,1238.91,925.27,924.82
2024-09-17 19:00:00,3.776,13.665,926.01,978.39,910.98,1284.79,955.81,917.61
2024-09-17 20:00:00,4.221,12.561,963.93,931.95,837.85,1250.68,921.27,907.83
2024-09-17 21:00:00,5.234,12.699,,999.34,,1298.45,984.57,926.89
2024-09-17 22:00:00,4.833,13.935,963.82,905.47,890.49,1298.69,924.9,883.9
2024-09-17 23:00:00,4.852,14.702,890.27,990.68,898.44,1341.82,879.96,915.01
2024-09-18 00:00:00,5.713,14.864,849.55,823.88,820.78,1341.58,864.53,849.23
2024-09-18 01:00:00,5.055,15.823,,924.7,839.0,1336.04,964.25,910.95
2024-09-18 02:00:00,6.596,15.827,890.3,872.86,780.56,1351.75,854.24,921.73
2024-09-18 03:00:00,7.398,16.407,853.28,871.64,881.1,1338.3,891.63,861.3
2024-09-18 04:00:00,6.611,15.223,868.67,869.53,894.8,1306.69,899.55,
2024-09-18 05:00:00,6.624,18.515,933.94,949.01,794.87,,862.06,887.96
2024-09-18 06:00:00,7.118,14.972,851.39,857.45,798.0,1356.79,823.56,849.53
2024-09-18 07:00:00,5.148,16.798,894.99,894.49,855.54,1398.88,932.96,906.81
2024-09-18 08:00:00,7.073,14.665,808.31,829.03,869.1,1256.32,806.1,871.37
2024-09-18 09:00:00,8.927,15.877,846.07,793.06,796.72,1316.25,840.83,801.95
2024-09-18 10:00:00,6.092,14.938,861.76,928.86,920.74,1359.25,853.85,891.2
2024-09-18 11:00:00,5.798,15.348,875.23,946.72,853.02,1293.04,882.05,870.82
2024-09-18 12:00:00,6.171,15.121,912.06,849.79,798.78,1319.94,889.07,909.68
2024-09-18 13:00:00,6.576,13.089,926.67,846.83,803.24,1260.47,870.7,917.44
2024-09-18 14:00:00,5.744,13.763,889.89,864.85,819.61,1309.85,845.64,874.37
2024-09-18 15:00:00,2.986,15.101,959.56,988.35,975.57,1435.57,895.94,969.28
2024-09-18 16:00:00,4.965,11.581,892.91,964.35,945.3,1268.47,874.22,904.9
2024-09-18 17:00:00,6.446,11.976,837.45,886.5,851.75,,866.26,860.65
2024-09-18 18:00:00,4.841,14.011,895.04,959.12,851.6,1380.2,947.64,932.63
2024-09-18 19:00:00,3.456,13.184,930.3,1008.85,920.36,1315.61,894.79,975.51
2024-09-18 20:00:00,4.72,13.518,940.54,916.03,812.53,1286.72,909.87,868.34
2024-09-18 21:00:00,3.657,14.927,941.69,926.52,905.91,,886.65,963.22
2024-09-18 22:00:00,5.912,13.208,921.47,876.93,780.45,1322.99,784.67,887.79
2024-09-18 23:00:00,4.447,14.066,914.71,982.74,910.83,1281.94,1006.33,975.57
2024-09-19 00:00:00,5.579,14.482,876.12,939.05,858.77,1310.07,871.53,900.43
2024-09-19 01:00:00,5.14,15.4,950.09,934.87,915.76,1348.95,913.64,886.63
2024-09-19 02:00:00,5.676,17.954,902.62,960.18,913.68,1396.79,930.96,962.38
2024-09-19 03:00:00,7.548,14.767,830.67,858.58,796.74,1256.08,900.52,887.28
2024-09-19 04:00:00,6.631,15.74,866.35,871.77,890.06,1297.84,855.75,912.84
2024-09-19 05:00:00,6.218,15.782,928.24,835.61,807.84,1340.88,848.98,933.56
2024-09-19 06:00:00,5.789,19.218,915.11,973.27,997.46,1352.01,,892.61
2024-09-19 07:00:00,5.165,16.779,954.61,931.21,832.03,1381.09,902.39,892.68
2024-09-19 08:00:00,5.54,16.972,893.03,905.57,911.68,1321.14,901.23,930.37
2024-09-19 09:00:00,6.439,15.157,906.03,885.31,901.05,1312.41,867.48,875.59
2024-09-19 10:00:00,6.885,16.414,869.41,938.88,852.61,1325.02,835.7,834.63
2024-09-19 11:00:00,5.362,17.335,938.75,970.11,843.25,1392.76,866.53,916.03
2024-09-19 12:00:00,6.756,16.129,897.23,867.78,814.04,1320.45,924.6,907.86
2024-09-19 13:00:00,4.616,15.228,886.33,966.78,850.05,1358.34,920.96,852.13
2024-09-19 14:00:00,4.71,13.046,909.34,987.5,878.5,1331.52,877.07,934.1
2024-09-19 15:00:00,3.789,14.165,971.15,985.14,940.24,,869.07,887.28
2024-09-19 16:00:00,5.256,14.467,937.02,930.05,,1325.53,907.95,901.88
2024-09-19 17:00:00,6.022,12.95,913.52,812.53,849.02,1263.87,861.18,870.81
2024-09-19 18:00:00,2.895,14.907,969.68,1051.9,873.84,1311.8,938.81,952.73
2024-09-19 19:00:00,4.07,15.302,988.79,924.52,977.91,1304.11,968.37,944.39
2024-09-19 20:00:00,5.481,13.855,865.87,841.34,857.3,1308.43,844.33,948.95
2024-09-19 21:00:00,3.505,15.728,900.33,912.86,906.43,1337.72,961.3,948.46
2024-09-19 22:00:00,5.367,15.19,,889.63,884.43,1343.03,918.32,912.31
2024-09-19 23:00:00,6.183,17.231,926.28,923.28,796.74,1351.73,842.05,898.62
2024-09-20 00:00:00,5.582,18.863,870.58,974.4,887.35,1379.68,912.14,924.53
2024-09-20 01:00:00,6.273,15.678,823.45,909.96,846.9,1326.05,864.04,873.42
2024-09-20 02:00:00,7.535,18.447,791.82,933.65,833.43,1307.78,869.69,830.98
2024-09-20 03:00:00,7.937,19.555,871.51,838.55,888.31,1415.88,867.89,849.8
2024-09-20 04:00:00,6.524,17.193,,883.54,805.48,1346.35,778.59,948.28
2024-09-20 05:00:00,6.272,17.918,904.24,828.39,,1360.42,900.12,930.65
2024-09-20 06:00:00,6.007,18.024,881.43,888.81,849.08,1424.0,908.56,889.6
2024-09-20 07:00:00,7.489,18.551,826.83,784.33,833.24,1364.3,916.86,923.5
2024-09-20 08:00:00,5.495,18.134,872.79,874.89,922.79,1399.95,934.31,864.64
2024-09-20 09:00:00,6.205,18.058,894.74,930.82,864.99,1316.2,893.23,904.29
2024-09-20 10:00:00,6.246,18.938,863.93,,862.71,1371.72,873.12,849.16
2024-09-20 11:00:00,5.478,15.227,894.95,856.84,773.6,1364.68,852.47,953.88
2024-09-20 12:00:00,5.8,15.867,903.04,841.68,901.01,1365.22,904.31,868.6
2024-09-20 13:00:00,7.324,17.374,874.55,898.81,771.61,1374.22,826.46,896.68
2024-09-20 14:00:00,4.892,16.803,951.33,1009.41,875.23,1338.9,,960.61
2024-09-20 15:00:00,4.4,14.507,927.85,949.74,858.22,1332.73,919.55,962.47
2024-09-20 16:00:00,5.377,16.183,865.51,964.2,784.14,1336.49,917.16,908.46
2024-09-20 17:00:00,4.644,16.956,942.57,905.7,907.64,1378.34,967.6,860.31
2024-09-20 18:00:00,5.571,15.288,915.78,966.8,852.67,1357.08,902.15,906.97
2024-09-20 19:00:00,4.6,14.258,909.01,916.95,909.58,1325.65,929.27,909.93
2024-09-20 20:00:00,4.398,16.769,922.25,986.29,929.56,1398.11,920.84,935.4
2024-09-20 21:00:00,3.369,18.157,1054.02,995.59,964.85,1433.15,954.0,954.85
2024-09-20 22:00:00,3.757,15.492,899.26,899.53,936.33,1313.22,939.09,918.7
2024-09-20 23:00:00,3.883,17.138,965.68,941.76,941.77,1319.26,959.53,916.88
2024-09-21 00:00:00,5.975,18.969,934.68,922.56,921.03,,850.8,921.58
2024-09-21 01:00:00,4.902,18.369,913.47,874.27,,1393.82,889.28,927.83
2024-09-21 02:00:00,7.295,16.668,844.84,878.42,845.6,1383.98,884.6,
2024-09-21 03:00:00,6.573,19.764,870.83,842.29,863.91,1413.54,884.35,870.6
2024-09-21 04:00:00,6.555,18.427,879.39,917.15,874.86,1427.04,771.94,870.06
2024-09-21 05:00:00,6.206,18.329,920.2,851.98,893.71,1403.24,905.72,843.23
2024-09-21 06:00:00,7.43,17.901,845.57,883.66,860.74,1374.55,850.69,860.85
2024-09-21 07:00:00,6.259,21.387,,946.54,879.86,1422.91,905.0,907.75
2024-09-21 08:00:00,6.006,18.809,880.63,907.52,968.43,1374.79,894.18,863.87
2024-09-21 09:00:00,7.566,19.946,906.13,864.53,912.44,1345.07,916.87,882.17
2024-09-21 10:00:00,6.662,19.878,901.96,955.88,835.0,1423.36,,883.66
2024-09-21 11:00:00,5.913,18.948,903.5,886.3,881.94,1368.87,809.89,930.02
2024-09-21 12:00:00,6.316,18.644,938.54,882.46,938.62,1376.83,938.69,943.28
2024-09-21 13:00:00,5.512,18.28,851.93,954.09,851.02,1383.7,946.94,905.14
2024-09-21 14:00:00,5.534,17.559,918.93,942.47,831.82,,,960.67
2024-09-21 15:00:00,4.339,16.119,905.97,949.8,1016.9,1360.79,,932.31
2024-09-21 16:00:00,6.471,15.746,854.4,841.56,830.86,,904.99,904.26
2024-09-21 17:00:00,4.245,16.492,918.45,1002.58,823.98,1363.56,1041.02,964.38
2024-09-21 18:00:00,5.926,16.45,854.36,860.18,833.67,,908.6,861.28
2024-09-21 19:00:00,4.585,17.237,871.34,1046.11,886.74,1320.13,904.06,944.01
2024-09-21 20:00:00,5.516,18.296,921.49,880.55,922.21,1363.91,932.4,929.75
2024-09-21 21:00:00,5.663,17.756,899.03,877.84,883.12,1416.25,874.24,939.94
2024-09-21 22:00:00,6.256,16.837,870.07,913.98,,1350.0,850.03,892.72
2024-09-21 23:00:00,4.971,15.726,938.16,960.08,763.76,1321.52,906.91,920.76
2024-09-22 00:00:00,6.829,17.991,885.55,846.47,875.53,1392.12,897.32,848.43
2024-09-22 01:00:00,7.772,17.869,833.46,922.6,834.24,1324.87,877.02,866.0
2024-09-22 02:00:00,6.393,19.14,993.91,916.03,922.44,1361.49,,863.71
2024-09-22 03:00:00,6.892,20.773,916.13,881.86,842.03,1389.69,851.65,896.47
2024-09-22 04:00:00,6.652,20.953,973.59,915.43,864.07,1466.04,,913.21
2024-09-22 05:00:00,6.93,23.333,876.43,946.66,859.15,1432.82,925.92,962.98
2024-09-22 06:00:00,8.634,21.802,845.1,903.49,806.75,1420.96,842.35,795.36
2024-09-22 07:00:00,6.437,23.496,862.16,,910.63,1506.5,915.34,960.6
2024-09-22 08:00:00,6.384,21.915,888.3,860.5,867.88,1412.23,896.38,961.22
2024-09-22 09:00:00,8.253,22.093,827.9,801.85,772.46,1377.44,850.66,867.62
2024-09-22 10:00:00,7.233,19.996,,821.95,911.27,1466.97,873.82,904.91
2024-09-22 11:00:00,8.157,18.706,811.53,819.38,836.1,,843.09,838.32
2024-09-22 12:00:00,5.808,18.989,894.63,922.62,,1375.41,,874.26
2024-09-22 13:00:00,5.977,19.047,847.48,924.44,936.11,1390.03,930.58,956.52
2024-09-22 14:00:00,5.076,17.875,936.98,986.25,887.47,1404.05,965.68,933.35
2024-09-22 15:00:00,5.489,17.064,871.58,842.6,873.31,1315.22,912.99,930.86
2024-09-22 16:00:00,3.783,18.498,989.45,983.99,,1388.07,951.87,901.71
2024-09-22 17:00:00,5.65,16.641,834.1,937.57,911.72,1378.92,969.38,911.31
2024-09-22 18:00:00,5.339,15.989,898.21,814.81,814.34,1390.29,931.82,870.76
2024-09-22 19:00:00,5.094,16.601,847.47,954.93,897.24,1402.95,852.07,978.83
2024-09-22 20:00:00,4.967,17.916,904.37,1054.0,921.01,1386.06,947.64,947.55
2024-09-22 21:00:00,4.774,17.375,914.46,980.28,845.39,1420.89,969.71,956.88
2024-09-22 22:00:00,6.341,18.754,865.89,915.68,922.56,1334.45,878.46,853.65
2024-09-22 23:00:00,5.131,20.28,910.08,935.7,824.94,1428.43,878.16,972.09
2024-09-23 00:00:00,6.809,20.816,917.02,903.89,815.27,1339.39,926.2,905.58
2024-09-23 01:00:00,8.39,19.9,910.74,902.71,826.65,1434.83,839.56,886.25
2024-09-23 02:00:00,8.229,19.659,849.94,831.79,860.58,1401.51,878.76,880.75
2024-09-23 03:00:00,6.106,20.996,873.42,965.35,831.49,1483.36,909.46,973.84
2024-09-23 04:00:00,7.092,22.84,886.44,910.13,,1435.78,814.31,899.53
2024-09-23 05:00:00,8.0,23.368,848.76,929.17,890.87,1415.26,881.61,913.92
2024-09-23 06:00:00,7.669,22.84,899.18,916.68,844.97,1474.06,887.73,890.94
2024-09-23 07:00:00,6.586,23.838,912.93,918.33,898.53,1471.38,861.37,887.6
2024-09-23 08:00:00,7.916,24.32,812.56,874.64,912.81,1507.79,956.16,904.8
2024-09-23 09:00:00,7.431,21.394,906.63,863.85,923.42,1449.46,827.89,852.32
2024-09-23 10:00:00,8.744,23.391,874.25,879.43,817.11,1441.74,803.78,874.27
2024-09-23 11:00:00,6.743,20.859,937.38,873.18,837.89,1420.55,940.95,879.0
2024-09-23 12:00:00,7.592,21.925,848.0,877.37,851.66,1426.73,809.26,876.95
2024-09-23 13:00:00,5.357,21.08,935.41,934.09,861.97,1437.4,920.14,906.35
2024-09-23 14:00:00,5.281,17.422,869.05,879.61,941.61,1355.91,885.3,979.49
2024-09-23 15:00:00,6.456,18.267,,907.03,886.06,1395.5,878.87,870.37
2024-09-23 16:00:00,6.578,17.689,889.31,831.56,859.24,1313.51,835.57,883.32
2024-09-23 17:00:00,4.849,16.862,897.85,927.5,943.33,1306.46,998.31,921.61
2024-09-23 18:00:00,5.617,20.033,924.86,957.05,927.86,1402.08,877.66,928.68
2024-09-23 19:00:00,4.557,21.574,955.37,975.66,970.22,1432.86,977.89,933.99
2024-09-23 20:00:00,5.661,19.027,891.37,932.05,912.09,1381.3,851.55,918.54
2024-09-23 21:00:00,6.69,20.724,934.84,863.49,932.86,1456.67,875.56,909.37
2024-09-23 22:00:00,5.946,21.939,904.04,967.51,840.41,1451.16,960.15,937.59
2024-09-23 23:00:00,6.408,20.934,899.42,872.29,903.28,1448.76,897.34,958.11
2024-09-24 00:00:00,6.039,21.216,855.04,948.66,957.75,1449.1,954.32,945.49
2024-09-24 01:00:00,6.759,21.513,905.72,950.19,862.77,1478.38,876.15,969.45
2024-09-24 02:00:00,8.999,22.979,814.74,769.75,806.39,1422.33,847.12,855.8
2024-09-24 03:00:00,7.924,23.841,898.9,851.68,845.44,1482.92,865.41,
2024-09-24 04:00:00,7.28,23.707,836.94,868.22,875.75,1461.91,839.87,873.6
2024-09-24 05:00:00,7.976,23.908,879.35,877.42,905.48,1433.16,900.84,871.44
2024-09-24 06:00:00,7.016,23.444,812.69,858.09,880.81,1429.25,852.34,
2024-09-24 07:00:00,7.467,21.569,889.53,829.14,906.98,1421.79,880.26,882.38
2024-09-24 08:00:00,9.273,24.4,824.04,824.33,851.94,1496.6,813.07,903.1
2024-09-24 09:00:00,7.906,21.505,869.39,839.08,887.89,1406.26,861.07,874.4
2024-09-24 10:00:00,9.31,23.417,803.69,816.49,827.4,1431.77,816.06,816.87
2024-09-24 11:00:00,7.458,23.139,842.08,916.47,858.07,1435.94,947.65,
2024-09-24 12:00:00,7.221,20.387,854.34,815.39,803.01,1373.11,892.35,951.18
2024-09-24 13:00:00,7.479,20.55,869.79,867.78,751.42,1395.42,844.14,895.9
2024-09-24 14:00:00,4.565,23.383,977.58,950.43,922.55,1518.23,949.09,948.92
2024-09-24 15:00:00,6.645,20.368,896.22,899.4,766.42,1421.28,882.36,962.54
2024-09-24 16:00:00,6.278,18.721,855.66,881.77,868.33,1369.55,871.23,892.69
2024-09-24 17:00:00,7.414,20.986,,828.51,885.26,1406.99,813.29,831.46
2024-09-24 18:00:00,6.983,19.068,881.94,899.48,858.28,1397.33,945.32,854.22
2024-09-24 19:00:00,5.372,17.798,887.89,,770.25,1359.2,945.59,915.36
2024-09-24 20:00:00,7.42,20.965,881.42,871.43,839.4,1444.6,836.41,875.9
2024-09-24 21:00:00,6.435,19.597,896.97,873.83,895.25,1438.41,893.55,913.18
2024-09-24 22:00:00,6.197,21.535,897.25,887.12,942.17,1403.34,948.37,989.24
2024-09-24 23:00:00,7.396,20.694,855.8,912.81,877.41,1404.18,844.4,872.92
2024-09-25 00:00:00,7.414,23.073,910.7,846.89,867.87,1467.97,801.46,898.5
2024-09-25 01:00:00,9.146,22.999,887.89,878.32,845.79,1479.85,786.22,828.58
2024-09-25 02:00:00,8.505,20.191,761.46,772.94,903.46,1317.12,780.88,854.45
2024-09-25 03:00:00,8.674,24.207,889.14,852.76,845.18,1447.16,834.68,955.46
2024-09-25 04:00:00,9.449,23.755,823.03,845.44,760.5,1375.55,762.14,801.38
2024-09-25 05:00:00,9.751,26.038,832.44,846.59,,1513.39,844.0,783.33
2024-09-25 06:00:00,9.573,24.916,871.4,846.12,795.01,1471.93,819.93,813.66
2024-09-25 07:00:00,10.069,25.316,718.77,814.04,767.51,1505.83,824.81,797.91
2024-09-25 08:00:00,9.329,23.391,852.56,867.78,793.9,1439.24,836.47,855.12
2024-09-25 09:00:00,8.814,23.012,881.64,797.34,949.95,1436.82,786.14,897.79
2024-09-25 10:00:00,9.452,23.549,797.22,792.42,778.78,1458.98,725.99,852.53
2024-09-25 11:00:00,8.127,22.698,805.79,841.9,827.58,,879.0,897.52
2024-09-25 12:00:00,7.945,24.252,,927.86,978.86,1457.16,831.78,894.39
2024-09-25 13:00:00,9.014,21.978,765.03,846.13,847.32,1449.69,844.01,836.56
2024-09-25 14:00:00,8.674,20.242,842.87,860.43,836.25,1428.19,815.83,855.08
2024-09-25 15:00:00,7.151,20.337,907.1,875.02,881.36,1418.5,874.44,843.45
2024-09-25 16:00:00,6.633,22.202,908.06,937.02,889.38,1488.03,925.64,991.14
2024-09-25 17:00:00,8.076,20.675,866.67,791.51,818.79,1451.76,810.71,859.66
2024-09-25 18:00:00,7.534,20.574,852.34,854.26,864.28,1392.13,828.56,864.16
2024-09-25 19:00:00,7.217,22.21,894.06,876.99,,1442.46,923.47,870.53
2024-09-25 20:00:00,6.857,20.07,853.54,871.83,793.2,1417.54,909.87,894.41
2024-09-25 21:00:00,7.6,18.834,831.7,850.46,820.35,1330.13,863.13,881.23
2024-09-25 22:00:00,7.595,20.936,862.79,891.63,779.88,1419.07,804.6,884.7
2024-09-25 23:00:00,7.4,22.762,821.32,891.01,,1446.41,860.99,898.03
2024-09-26 00:00:00,8.376,22.719,867.91,897.89,864.17,1419.47,800.11,850.14
2024-09-26 01:00:00,8.825,21.692,743.68,749.22,807.72,1427.05,797.9,854.91
2024-09-26 02:00:00,8.632,25.294,864.83,,840.19,1457.72,811.22,942.05
2024-09-26 03:00:00,9.934,24.713,829.05,780.27,701.45,1418.53,760.81,826.58
2024-09-26 04:00:00,10.463,25.329,,839.71,746.68,1399.28,782.92,863.75
2024-09-26 05:00:00,10.357,25.592,759.4,775.7,759.43,1425.17,755.11,819.26
2024-09-26 06:00:00,9.431,23.625,807.95,,749.78,1413.1,793.63,
2024-09-26 07:00:00,10.246,25.505,828.67,753.74,819.29,1477.15,760.71,868.86
2024-09-26 08:00:00,9.614,26.056,840.15,771.86,834.37,1501.51,865.51,776.13
2024-09-26 09:00:00,8.403,26.043,823.0,882.48,895.2,1483.01,860.99,912.42
2024-09-26 10:00:00,9.712,25.151,824.95,708.12,878.6,1492.75,828.29,820.18
2024-09-26 11:00:00,9.031,24.444,846.29,785.72,895.34,1476.72,821.73,861.41
2024-09-26 12:00:00,10.709,21.249,777.19,794.57,789.34,1367.51,755.74,800.67
2024-09-26 13:00:00,9.52,22.823,781.62,797.26,825.04,1405.28,814.61,882.02
2024-09-26 14:00:00,8.664,21.234,838.41,801.17,840.68,1449.2,882.61,858.63
2024-09-26 15:00:00,8.076,23.529,891.87,923.06,812.99,1442.65,893.77,893.99
2024-09-26 16:00:00,7.848,23.051,882.79,943.01,869.82,1503.77,860.71,851.18
2024-09-26 17:00:00,6.824,20.377,895.02,892.77,846.66,1373.52,,861.79
2024-09-26 18:00:00,6.226,21.416,959.55,965.98,836.73,1427.41,924.67,927.6
2024-09-26 19:00:00,6.99,21.858,888.51,,796.94,1391.17,859.69,921.47
2024-09-26 20:00:00,7.8,22.862,835.0,868.32,756.74,1388.62,,923.97
2024-09-26 21:00:00,6.375,20.108,862.62,885.82,866.81,1389.59,882.06,922.0
2024-09-26 22:00:00,7.903,19.902,854.42,,811.13,1415.69,848.07,844.39
2024-09-26 23:00:00,8.461,23.101,796.74,790.38,812.42,1427.95,875.53,873.25
2024-09-27 00:00:00,8.828,20.555,814.44,851.9,772.59,1415.88,779.8,827.75
2024-09-27 01:00:00,8.812,24.319,858.95,827.8,818.61,1439.79,853.62,837.25
2024-09-27 02:00:00,9.388,25.34,872.16,827.87,787.93,1520.54,808.22,834.73
2024-09-27 03:00:00,11.319,26.545,714.42,753.04,786.15,1457.4,867.59,753.38
2024-09-27 04:00:00,10.691,24.65,788.98,741.0,824.73,1499.55,766.25,780.03
2024-09-27 05:00:00,9.864,25.807,817.56,810.36,804.68,1486.09,848.14,797.62
2024-09-27 06:00:00,10.328,26.48,808.97,741.92,861.49,1461.2,859.78,863.16
2024-09-27 07:00:00,10.35,24.236,801.71,769.35,770.11,1425.84,745.56,779.08
2024-09-27 08:00:00,9.669,26.561,827.68,775.74,,1511.19,815.54,834.31
2024-09-27 09:00:00,9.508,25.489,877.21,787.15,889.2,1447.48,835.82,836.28
2024-09-27 10:00:00,10.713,24.034,825.4,681.75,703.75,1452.28,734.24,825.76
2024-09-27 11:00:00,9.31,24.462,904.41,808.29,807.56,1442.89,803.23,863.46
2024-09-27 12:00:00,8.49,23.622,848.2,868.6,,1423.44,828.95,879.27
2024-09-27 13:00:00,9.051,24.221,821.19,,888.02,1436.86,855.65,804.84
2024-09-27 14:00:00,8.921,22.383,,875.03,822.18,1383.22,883.75,858.82
2024-09-27 15:00:00,7.03,22.686,867.06,854.99,851.96,1454.5,872.74,890.82
2024-09-27 16:00:00,8.415,21.363,865.52,825.65,923.72,1421.71,796.7,827.65
2024-09-27 17:00:00,9.053,20.795,,,855.71,1377.43,894.16,829.57
2024-09-27 18:00:00,8.709,22.069,859.12,834.07,877.56,1402.11,848.67,834.04
2024-09-27 19:00:00,10.202,20.866,763.75,792.12,808.78,1346.87,806.2,736.24
2024-09-27 20:00:00,9.569,23.113,793.0,897.69,842.82,1418.39,741.7,855.38
2024-09-27 21:00:00,9.948,23.191,874.28,791.06,819.59,1449.39,733.05,778.76
2024-09-27 22:00:00,11.308,21.986,719.3,718.86,752.08,1378.24,720.04,824.62
2024-09-27 23:00:00,9.994,23.652,856.19,761.44,732.37,1451.03,817.01,769.55
2024-09-28 00:00:00,9.858,22.998,821.62,791.97,753.61,1450.51,797.34,857.33
2024-09-28 01:00:00,10.847,22.523,744.09,802.3,805.2,1378.43,732.8,789.66
2024-09-28 02:00:00,9.94,24.221,769.22,827.53,865.1,1520.08,756.4,893.79
2024-09-28 03:00:00,10.752,25.299,761.92,831.42,802.84,1492.72,803.69,762.6
2024-09-28 04:00:00,10.368,26.31,820.04,808.54,767.27,1477.02,811.02,873.23
2024-09-28 05:00:00,11.354,26.07,733.04,658.65,,1419.45,723.73,827.74
2024-09-28 06:00:00,10.584,27.054,854.91,812.05,826.43,1468.01,782.43,827.91
2024-09-28 07:00:00,10.545,24.724,784.28,785.82,719.02,1515.88,746.36,856.82
2024-09-28 08:00:00,11.335,25.255,786.53,746.82,837.66,1471.33,713.32,759.23
2024-09-28 09:00:00,10.732,27.367,817.8,829.92,843.5,1486.45,788.21,842.56
2024-09-28 10:00:00,9.081,22.666,884.49,816.42,,1419.9,895.37,828.37
2024-09-28 11:00:00,9.199,23.962,814.94,850.72,827.44,1497.88,831.37,852.38
2024-09-28 12:00:00,9.164,22.705,829.3,781.8,810.93,1446.34,838.1,
2024-09-28 13:00:00,9.094,23.241,780.91,768.0,,1431.84,810.06,844.03
2024-09-28 14:00:00,9.871,22.474,808.35,777.6,782.79,1374.39,785.0,808.13
2024-09-28 15:00:00,9.495,23.306,858.92,803.53,769.94,1435.95,831.29,831.59
2024-09-28 16:00:00,10.01,22.573,,819.29,798.85,1442.29,798.99,815.76
2024-09-28 17:00:00,9.669,20.501,882.47,758.2,756.73,1404.88,,819.51
2024-09-28 18:00:00,9.912,21.294,816.48,856.98,839.66,1371.72,743.09,837.55
2024-09-28 19:00:00,9.61,22.068,791.3,770.05,806.65,1418.15,795.45,837.25
2024-09-28 20:00:00,9.44,23.155,835.84,813.87,770.72,1456.5,809.07,869.03
2024-09-28 21:00:00,10.37,25.504,750.48,792.05,778.05,1516.65,810.63,831.08
2024-09-28 22:00:00,10.503,23.841,761.22,792.81,775.74,1431.48,,752.28
2024-09-28 23:00:00,10.386,22.263,743.94,799.22,777.1,1469.15,747.64,
2024-09-29 00:00:00,11.44,23.88,751.94,828.03,693.75,1447.52,778.52,804.86
2024-09-29 01:00:00,8.885,24.725,840.35,815.74,793.18,1455.15,883.98,932.83
2024-09-29 02:00:00,10.847,24.364,,779.48,797.53,1417.77,741.79,731.25
2024-09-29 03:00:00,11.111,25.962,771.03,756.16,839.52,,721.28,797.21
2024-09-29 04:00:00,12.496,22.986,666.29,721.64,696.45,1373.13,656.37,753.11
2024-09-29 05:00:00,12.978,26.57,750.27,686.1,723.06,1506.67,648.25,718.07
2024-09-29 06:00:00,10.629,25.398,688.26,788.73,897.21,1455.89,776.61,772.43
2024-09-29 07:00:00,12.904,25.764,696.78,609.82,727.72,1399.15,713.92,718.78
2024-09-29 08:00:00,10.745,27.449,803.59,762.73,724.68,1479.67,776.72,833.57
2024-09-29 09:00:00,10.606,23.852,784.91,737.28,815.05,1443.02,817.38,827.17
2024-09-29 10:00:00,11.109,25.272,788.95,739.61,790.98,1451.17,818.92,729.8
2024-09-29 11:00:00,10.78,25.408,789.3,740.14,775.84,1479.09,809.59,835.99
2024-09-29 12:00:00,9.503,24.134,840.0,797.57,776.21,1447.06,848.73,870.89
2024-09-29 13:00:00,10.986,21.467,738.31,735.43,799.78,1376.59,780.08,783.54
2024-09-29 14:00:00,10.746,24.534,731.75,756.33,676.35,1450.42,771.14,783.54
2024-09-29 15:00:00,10.823,22.236,767.77,749.89,757.21,1376.1,714.6,845.08
2024-09-29 16:00:00,9.469,21.53,775.83,774.47,795.31,1415.61,845.73,821.89
2024-09-29 17:00:00,9.69,21.58,780.3,806.15,,1379.69,828.28,833.01
2024-09-29 18:00:00,9.682,21.416,845.93,768.35,,1401.01,741.79,836.44
2024-09-29 19:00:00,11.123,20.503,803.95,718.59,702.86,1384.87,728.74,795.78
2024-09-29 20:00:00,7.651,22.318,906.21,870.13,881.62,1428.07,859.52,887.48
2024-09-29 21:00:00,9.368,21.709,848.89,712.08,936.45,1413.58,790.72,840.91
2024-09-29 22:00:00,10.412,23.633,793.82,883.84,758.74,1460.42,815.33,815.74
2024-09-29 23:00:00,9.853,23.919,847.28,827.44,831.78,1428.53,831.0,792.72
2024-09-30 00:00:00,10.851,25.753,796.58,783.76,800.48,1523.42,796.17,763.44
2024-09-30 01:00:00,11.292,24.052,826.56,724.33,777.77,1399.29,735.42,811.08
2024-09-30 02:00:00,11.18,23.811,729.81,753.53,752.28,1471.05,718.51,790.13
2024-09-30 03:00:00,12.031,23.411,747.41,658.72,739.04,1429.48,754.2,753.81
2024-09-30 04:00:00,12.697,28.109,671.15,706.98,748.03,1506.76,659.28,784.12
2024-09-30 05:00:00,12.149,26.456,756.14,642.98,784.69,1500.29,658.52,
2024-09-30 06:00:00,12.04,24.883,669.92,660.31,777.2,1443.64,704.92,789.81
2024-09-30 07:00:00,12.253,27.662,690.76,680.31,807.69,1496.46,706.91,737.16
2024-09-30 08:00:00,12.283,27.041,684.21,765.71,718.32,1481.48,717.81,826.1
2024-09-30 09:00:00,10.729,23.457,787.46,725.53,793.51,1459.13,796.45,881.16
2024-09-30 10:00:00,12.265,23.743,727.44,709.65,725.26,1451.12,732.37,777.54
2024-09-30 11:00:00,11.269,23.988,844.82,663.58,805.85,1436.92,769.43,828.15
2024-09-30 12:00:00,12.351,22.327,701.66,688.7,655.02,1383.12,666.9,732.62
2024-09-30 13:00:00,11.527,22.958,770.61,800.01,800.94,1384.09,731.08,807.13
2024-09-30 14:00:00,11.723,23.427,742.93,742.43,,1427.36,719.75,753.51
2024-09-30 15:00:00,9.752,20.491,823.27,716.49,849.03,1375.58,848.55,
2024-09-30 16:00:00,10.095,22.153,801.6,794.63,801.11,1363.73,748.43,770.86
2024-09-30 17:00:00,9.3,22.983,861.51,802.78,815.56,1434.61,793.46,813.54
2024-09-30 18:00:00,9.711,21.972,770.13,854.23,780.0,1418.57,868.5,875.09
2024-09-30 19:00:00,11.339,21.448,659.04,731.12,736.43,1414.4,782.52,750.18
2024-09-30 20:00:00,11.668,20.915,742.94,659.96,653.39,1376.07,714.81,756.0
2024-09-30 21:00:00,9.772,23.009,746.75,,805.13,1404.12,792.07,774.45
2024-09-30 22:00:00,10.593,20.992,818.8,740.47,754.68,1421.34,796.14,807.05
2024-09-30 23:00:00,11.209,23.155,738.62,660.04,771.34,1360.14,783.82,753.01
2024-10-01 00:00:00,12.069,23.388,685.74,698.14,707.72,1370.01,704.38,719.93
2024-10-01 01:00:00,10.524,25.202,889.02,784.18,816.99,1459.15,,802.21
2024-10-01 02:00:00,10.959,23.61,769.46,774.79,773.11,1423.94,750.5,773.87
2024-10-01 03:00:00,12.902,24.102,680.72,705.42,632.44,1410.56,674.71,716.34
2024-10-01 04:00:00,11.161,23.502,787.52,738.52,773.02,1403.63,803.83,781.91
2024-10-01 05:00:00,12.502,25.691,741.8,630.04,767.94,1479.76,688.02,701.2
2024-10-01 06:00:00,13.05,24.7,723.87,625.32,744.32,1420.24,731.6,738.21
2024-10-01 07:00:00,13.231,24.08,626.23,646.67,658.71,1371.39,681.06,680.52
2024-10-01 08:00:00,12.684,23.968,716.1,,653.61,1428.72,654.59,729.99
2024-10-01 09:00:00,12.333,25.188,708.3,697.39,782.92,1420.38,755.73,792.02
2024-10-01 10:00:00,13.071,22.778,,646.62,712.66,1362.39,635.35,677.08
2024-10-01 11:00:00,12.352,22.375,706.71,678.34,,1390.23,643.68,761.66
2024-10-01 12:00:00,11.314,24.122,,744.02,733.92,1485.31,743.16,762.21
2024-10-01 13:00:00,11.569,22.3,771.12,,750.99,1336.07,700.47,787.87
2024-10-01 14:00:00,11.574,23.135,732.21,725.48,790.24,1366.66,716.86,727.59
2024-10-01 15:00:00,12.411,21.114,,670.51,697.64,1341.66,,732.46
2024-10-01 16:00:00,11.491,21.196,732.32,728.56,683.83,1431.67,689.99,709.83
2024-10-01 17:00:00,11.731,21.155,720.86,688.16,657.39,1344.47,649.18,735.36
2024-10-01 18:00:00,10.247,22.534,832.82,725.43,762.12,1450.82,811.95,790.3
2024-10-01 19:00:00,10.373,22.474,749.6,712.76,757.05,1443.21,799.4,823.31
2024-10-01 20:00:00,10.741,22.459,760.32,737.02,732.9,1446.43,783.78,801.1
2024-10-01 21:00:00,11.021,20.607,746.5,794.9,819.36,1348.9,751.53,783.33
2024-10-01 22:00:00,10.594,20.56,733.64,813.68,708.55,,726.18,809.06
2024-10-01 23:00:00,12.718,23.107,697.5,626.62,679.72,1421.32,688.18,714.26
2024-10-02 00:00:00,12.738,24.331,671.2,667.58,806.94,1433.87,653.59,779.28
2024-10-02 01:00:00,12.112,24.559,676.32,711.74,708.31,1519.33,679.47,717.97
2024-10-02 02:00:00,13.175,23.628,691.86,620.02,695.26,1461.2,,695.38
2024-10-02 03:00:00,13.103,24.867,736.47,708.85,764.94,1462.41,698.37,718.38
2024-10-02 04:00:00,13.705,25.172,657.42,,678.33,1446.43,602.92,706.8
2024-10-02 05:00:00,12.188,24.621,718.79,717.28,755.77,1458.61,727.09,762.92
2024-10-02 06:00:00,13.202,24.707,672.68,653.55,672.68,1456.57,604.38,706.0
2024-10-02 07:00:00,13.245,24.491,656.02,585.38,661.4,1472.63,624.32,708.17
2024-10-02 08:00:00,13.684,23.192,688.78,674.96,605.67,1366.89,668.95,682.9
2024-10-02 09:00:00,12.505,22.961,704.15,705.0,709.34,1437.65,715.36,740.57
2024-10-02 10:00:00,10.772,22.492,696.34,781.14,794.94,1422.93,807.19,797.96
2024-10-02 11:00:00,11.63,20.896,771.86,689.87,821.25,1407.71,697.53,752.99
2024-10-02 12:00:00,12.149,22.432,747.68,672.22,706.33,1400.12,657.05,726.87
2024-10-02 13:00:00,11.95,21.657,740.55,725.66,782.44,1372.74,720.11,758.92
2024-10-02 14:00:00,12.969,22.101,579.56,699.31,734.95,1368.23,596.55,730.09
2024-10-02 15:00:00,11.851,22.247,,781.55,708.13,1401.75,687.07,700.84
2024-10-02 16:00:00,11.271,21.968,781.15,710.51,760.06,1416.13,706.79,808.21
2024-10-02 17:00:00,11.071,21.843,770.85,742.64,766.95,1387.99,801.4,785.03
2024-10-02 18:00:00,11.951,19.125,715.26,614.47,660.11,1297.14,668.23,728.44
2024-10-02 19:00:00,10.647,18.345,790.21,659.52,750.0,1362.52,754.42,
2024-10-02 20:00:00,11.137,21.341,757.47,765.36,724.75,1387.39,689.29,812.0
2024-10-02 21:00:00,10.579,22.161,820.81,738.3,774.13,1349.6,806.4,785.58
2024-10-02 22:00:00,12.844,22.744,690.22,584.69,697.25,1346.79,692.18,750.12
2024-10-02 23:00:00,12.323,21.901,707.09,641.37,717.39,1394.97,670.75,736.09
2024-10-03 00:00:00,11.763,19.4,748.7,,701.44,1368.09,741.09,704.69
2024-10-03 01:00:00,12.557,22.712,683.44,693.71,670.49,1431.53,732.4,702.47
2024-10-03 02:00:00,13.355,23.381,625.61,573.28,613.18,1384.25,625.42,720.19
2024-10-03 03:00:00,13.004,24.59,685.73,710.31,747.07,1406.93,707.08,718.51
2024-10-03 04:00:00,12.976,25.079,709.73,635.94,712.65,1451.88,667.37,666.7
2024-10-03 05:00:00,13.008,24.613,717.88,671.68,750.85,1400.84,612.96,763.54
2024-10-03 06:00:00,13.852,22.843,670.95,612.12,658.0,1358.77,629.5,701.85
2024-10-03 07:00:00,13.261,22.202,660.63,639.71,683.83,1385.56,622.47,714.62
2024-10-03 08:00:00,13.072,23.835,673.08,617.53,689.56,1419.84,609.09,
2024-10-03 09:00:00,12.183,21.883,689.59,693.92,709.15,1404.38,701.57,765.7
2024-10-03 10:00:00,13.072,24.147,689.21,666.71,712.68,1420.64,674.16,664.42
2024-10-03 11:00:00,12.583,19.805,625.73,660.35,685.16,1315.43,741.21,662.73
2024-10-03 12:00:00,12.166,21.97,712.24,700.03,,1378.99,689.05,733.46
2024-10-03 13:00:00,12.278,21.111,,731.84,775.01,1375.24,638.5,724.41
2024-10-03 14:00:00,12.434,19.953,637.85,657.52,759.13,1388.03,656.37,716.79
2024-10-03 15:00:00,12.154,18.632,702.45,712.73,772.7,1350.47,721.49,642.94
2024-10-03 16:00:00,11.85,16.906,715.71,688.19,661.67,1307.59,761.12,723.57
2024-10-03 17:00:00,11.1,18.498,759.06,794.58,796.2,1359.71,,690.24
2024-10-03 18:00:00,10.803,18.406,719.13,694.85,759.28,1380.78,758.08,785.82
2024-10-03 19:00:00,10.467,20.379,793.02,824.17,,1342.6,747.37,726.05
2024-10-03 20:00:00,10.952,18.26,727.61,722.53,719.46,1338.8,715.49,802.31
2024-10-03 21:00:00,11.637,20.015,675.65,800.86,718.99,1312.5,,762.07
2024-10-03 22:00:00,11.245,18.289,767.73,747.55,646.91,1335.38,730.17,768.97
2024-10-03 23:00:00,12.244,20.852,726.25,722.74,,1354.44,626.97,
2024-10-04 00:00:00,11.708,18.062,679.95,700.61,712.89,1365.89,652.66,759.23
2024-10-04 01:00:00,11.466,23.732,730.61,763.11,739.76,1465.11,724.63,813.63
2024-10-04 02:00:00,13.742,21.484,617.11,639.64,717.72,1422.24,617.5,615.63
2024-10-04 03:00:00,12.958,18.667,603.51,639.77,677.68,1312.32,619.41,623.15
2024-10-04 04:00:00,12.861,21.43,704.57,689.38,,1379.25,672.04,734.72
2024-10-04 05:00:00,12.778,21.393,709.51,528.6,698.55,1370.6,672.72,688.35
2024-10-04 06:00:00,14.034,21.677,612.9,571.54,722.86,,616.37,644.8
2024-10-04 07:00:00,14.756,21.91,590.05,559.37,617.1,1354.24,598.71,639.63
2024-10-04 08:00:00,13.215,21.305,665.16,660.01,715.6,1336.31,599.26,733.01
2024-10-04 09:00:00,13.175,20.754,669.05,679.26,649.94,1304.6,645.36,707.37
2024-10-04 10:00:00,13.957,19.881,572.93,585.97,664.94,1367.28,605.98,684.64
2024-10-04 11:00:00,11.362,21.727,,719.24,762.9,1405.9,756.94,781.54
2024-10-04 12:00:00,14.073,21.616,581.23,629.83,649.04,1364.94,598.76,625.73
2024-10-04 13:00:00,14.145,19.302,632.44,630.23,612.84,,554.02,661.87
2024-10-04 14:00:00,9.734,19.055,755.91,825.26,779.3,1369.61,781.84,747.6
2024-10-04 15:00:00,11.572,17.261,670.5,705.18,642.86,1268.65,701.94,775.58
2024-10-04 16:00:00,10.883,18.331,748.43,849.13,684.67,1302.99,740.54,752.24
2024-10-04 17:00:00,11.126,18.272,737.51,738.9,678.26,1354.83,781.91,785.19
2024-10-04 18:00:00,10.96,17.615,746.71,750.14,681.79,1348.22,709.81,750.86
2024-10-04 19:00:00,11.984,18.372,672.01,759.67,701.02,1395.11,698.25,675.67
2024-10-04 20:00:00,11.362,18.417,737.19,786.04,714.84,1338.93,646.79,765.33
2024-10-04 21:00:00,10.912,17.05,752.89,770.33,700.06,1374.44,699.83,774.8
2024-10-04 22:00:00,11.749,20.11,762.06,675.13,781.6,1329.69,686.75,718.7
2024-10-04 23:00:00,12.585,18.861,685.28,669.87,681.31,1308.43,,726.81
2024-10-05 00:00:00,11.534,21.588,716.13,,784.5,1360.09,,770.57
2024-10-05 01:00:00,11.471,20.549,687.95,804.16,681.7,1381.67,,742.67
2024-10-05 02:00:00,14.668,22.842,545.89,684.13,648.79,1410.95,498.43,645.64
2024-10-05 03:00:00,12.805,22.25,695.45,640.24,744.12,1383.96,656.36,713.58
2024-10-05 04:00:00,13.395,21.379,680.89,664.72,691.47,1337.48,670.25,667.0
2024-10-05 05:00:00,13.302,20.388,621.81,599.96,,1368.15,642.29,686.59
2024-10-05 06:00:00,14.095,20.431,624.94,585.23,629.38,1335.6,588.08,632.95
2024-10-05 07:00:00,15.029,21.793,571.13,508.29,624.59,1370.54,532.95,588.44
2024-10-05 08:00:00,13.95,21.074,650.92,666.79,653.17,1350.32,491.2,611.07
2024-10-05 09:00:00,12.075,19.826,736.11,703.65,763.19,1352.19,690.52,
2024-10-05 10:00:00,11.928,21.067,638.47,716.93,690.1,1440.0,,721.38
2024-10-05 11:00:00,12.421,19.58,725.51,677.88,743.25,1314.66,664.1,727.54
2024-10-05 12:00:00,12.209,19.971,709.39,702.9,725.47,1368.42,732.67,725.59
2024-10-05 13:00:00,10.729,17.224,732.01,767.34,759.8,1345.89,763.23,771.5
2024-10-05 14:00:00,12.466,19.06,667.43,644.66,690.68,1367.91,633.77,738.52
2024-10-05 15:00:00,10.686,17.996,756.89,687.67,801.76,1305.79,749.34,772.67
2024-10-05 16:00:00,12.551,18.462,660.89,612.79,654.48,1336.15,711.28,681.43
2024-10-05 17:00:00,12.686,17.946,637.35,593.0,635.38,1298.99,642.93,695.6
2024-10-05 18:00:00,10.982,16.551,712.63,745.08,740.11,1306.9,742.99,771.84
2024-10-05 19:00:00,11.565,16.47,676.36,676.63,688.84,1287.57,715.91,751.72
2024-10-05 20:00:00,10.34,18.956,820.52,812.45,786.14,1343.76,768.31,779.58
2024-10-05 21:00:00,12.006,16.733,696.85,697.94,782.62,1346.42,667.63,794.32
2024-10-05 22:00:00,11.349,18.342,809.18,651.94,739.17,1367.32,803.11,714.82
2024-10-05 23:00:00,11.158,17.417,747.09,715.24,745.99,1280.67,780.89,742.21
2024-10-06 00:00:00,12.097,16.105,708.7,,762.45,1278.97,678.56,703.83
2024-10-06 01:00:00,12.257,17.332,649.4,631.73,712.85,1303.42,659.36,730.37
2024-10-06 02:00:00,12.649,19.722,672.16,645.04,739.35,1386.05,680.28,
2024-10-06 03:00:00,13.908,20.438,627.47,562.59,637.6,1306.71,678.32,709.41
2024-10-06 04:00:00,12.7,20.353,658.05,739.32,693.96,1335.02,675.3,736.02
2024-10-06 05:00:00,14.825,21.385,569.02,583.03,588.44,1323.3,600.49,615.54
2024-10-06 06:00:00,12.407,20.495,708.82,666.24,727.45,1302.86,645.98,756.62
2024-10-06 07:00:00,14.708,18.975,595.52,609.42,628.34,1245.23,575.42,604.6
2024-10-06 08:00:00,12.471,20.366,643.89,,735.15,1366.01,733.63,678.85
2024-10-06 09:00:00,13.081,19.486,669.02,628.2,694.69,1312.02,679.88,738.03
2024-10-06 10:00:00,12.43,18.126,701.82,705.27,688.57,1325.18,716.83,703.56
2024-10-06 11:00:00,12.245,18.849,673.24,638.02,728.57,1285.32,671.36,683.79
2024-10-06 12:00:00,12.838,17.807,638.4,,738.87,1272.95,626.99,746.51
2024-10-06 13:00:00,13.074,16.416,661.05,644.36,665.53,1266.13,668.21,684.19
2024-10-06 14:00:00,12.524,16.394,580.36,684.59,625.56,1241.01,628.99,709.87
2024-10-06 15:00:00,10.987,17.837,743.08,812.83,704.57,1321.4,789.23,713.01
2024-10-06 16:00:00,11.254,17.428,787.37,745.35,744.47,1310.45,757.26,795.52
2024-10-06 17:00:00,10.347,15.744,667.77,768.32,719.81,,824.24,726.21
2024-10-06 18:00:00,10.125,15.467,794.24,711.75,740.35,1256.01,740.07,836.06
2024-10-06 19:00:00,10.028,13.695,779.79,778.48,732.24,1301.42,718.23,750.09
2024-10-06 20:00:00,10.701,17.625,703.18,734.19,771.41,,769.77,730.38
2024-10-06 21:00:00,11.427,17.072,739.52,712.84,792.9,1305.98,719.71,789.29
2024-10-06 22:00:00,9.932,17.093,813.88,764.53,713.04,1322.94,735.11,731.04
2024-10-06 23:00:00,11.699,13.891,,714.68,741.87,1251.68,714.94,725.75
2024-10-07 00:00:00,13.244,17.136,616.28,586.26,698.74,1247.88,690.17,639.53
2024-10-07 01:00:00,13.224,17.4,644.06,636.22,671.04,1302.59,693.32,715.5
2024-10-07 02:00:00,12.132,18.803,732.92,646.56,701.03,1312.72,680.66,704.63
2024-10-07 03:00:00,11.715,17.805,693.39,633.99,751.79,1336.85,651.41,739.61
2024-10-07 04:00:00,13.375,18.334,638.88,608.87,661.37,1336.34,597.55,604.2
2024-10-07 05:00:00,11.257,19.504,716.11,751.76,739.02,1358.51,691.29,766.16
2024-10-07 06:00:00,14.023,17.849,608.65,555.29,554.28,1274.67,557.66,679.13
2024-10-07 07:00:00,12.907,17.969,696.87,651.51,694.72,1356.9,651.91,749.49
2024-10-07 08:00:00,14.406,18.639,596.85,553.41,677.62,1313.24,539.28,667.05
2024-10-07 09:00:00,11.351,19.645,723.56,687.71,684.54,1335.06,659.16,817.35
2024-10-07 10:00:00,13.202,18.544,648.17,654.64,629.83,1281.07,594.54,678.84
2024-10-07 11:00:00,12.08,18.331,670.85,663.38,689.38,1337.24,740.17,717.19
2024-10-07 12:00:00,11.567,16.548,678.23,724.42,706.58,1290.16,728.7,714.28
2024-10-07 13:00:00,10.407,17.698,807.32,708.18,734.78,1301.18,715.73,745.21
2024-10-07 14:00:00,11.672,13.281,,699.97,749.72,1242.56,702.94,
2024-10-07 15:00:00,11.469,17.333,658.0,741.47,809.95,1277.86,708.6,756.42
2024-10-07 16:00:00,12.147,17.12,710.84,696.49,709.16,1305.76,665.57,718.65
2024-10-07 17:00:00,11.386,14.836,743.02,748.72,687.51,1279.57,690.41,754.58
2024-10-07 18:00:00,10.045,15.169,724.42,799.69,768.85,1266.94,810.87,742.41
2024-10-07 19:00:00,9.738,14.143,754.45,792.77,716.85,1286.58,730.75,776.54
2024-10-07 20:00:00,9.547,14.087,755.88,820.59,759.33,1254.12,777.57,819.44
2024-10-07 21:00:00,11.991,13.874,749.21,665.52,710.76,1245.61,652.64,651.4
2024-10-07 22:00:00,10.419,14.913,810.05,778.57,776.59,1237.12,696.1,742.55
2024-10-07 23:00:00,12.495,16.072,638.06,662.49,704.22,,694.38,717.2
2024-10-08 00:00:00,12.021,16.378,641.57,760.53,680.73,1323.16,727.4,680.48
2024-10-08 01:00:00,12.155,18.726,724.39,697.77,713.85,,685.34,716.58
2024-10-08 02:00:00,11.914,16.897,718.68,641.96,692.53,1323.83,720.22,671.95
2024-10-08 03:00:00,12.916,15.355,691.6,647.86,697.44,1244.43,,
2024-10-08 04:00:00,12.545,19.384,645.91,630.96,714.61,1365.54,694.55,789.63
2024-10-08 05:00:00,12.36,16.098,701.76,697.71,755.73,1333.99,660.56,665.71
2024-10-08 06:00:00,13.232,16.912,614.98,655.72,670.5,1288.02,594.81,677.28
2024-10-08 07:00:00,12.497,17.793,699.76,642.31,654.28,1327.1,657.14,711.28
2024-10-08 08:00:00,11.832,17.72,705.62,658.43,664.09,1328.96,692.91,706.87
2024-10-08 09:00:00,12.738,15.12,721.61,651.59,672.92,1288.5,657.85,688.43
2024-10-08 10:00:00,11.936,15.497,708.06,,600.95,1269.88,588.69,629.93
2024-10-08 11:00:00,12.066,14.087,669.37,643.83,669.13,1269.61,651.72,756.29
2024-10-08 12:00:00,10.979,16.045,740.09,715.68,711.92,,770.92,
2024-10-08 13:00:00,10.041,16.155,767.87,801.94,733.88,1343.86,759.32,747.52
2024-10-08 14:00:00,12.084,12.74,633.1,613.07,683.93,1193.35,612.79,655.55
2024-10-08 15:00:00,11.662,14.94,769.1,669.79,662.34,1256.03,728.17,670.33
2024-10-08 16:00:00,10.918,14.498,786.74,830.07,663.65,1251.82,743.44,737.26
2024-10-08 17:00:00,9.757,12.345,756.19,852.97,774.09,1255.46,726.96,786.18
2024-10-08 18:00:00,9.762,10.643,779.04,817.93,728.6,1236.31,698.78,739.36
2024-10-08 19:00:00,11.126,11.76,781.77,717.95,721.68,1235.27,728.12,707.13
2024-10-08 20:00:00,9.833,12.485,804.17,802.9,759.75,1230.03,741.03,817.14
2024-10-08 21:00:00,9.776,15.323,764.46,767.74,791.64,1341.33,656.65,774.8
2024-10-08 22:00:00,12.004,13.7,678.26,571.13,695.2,1278.57,622.75,715.17
2024-10-08 23:00:00,10.733,13.072,,715.47,752.87,1255.48,709.08,679.94
2024-10-09 00:00:00,12.472,14.931,693.31,640.41,746.45,1241.52,719.86,697.92
2024-10-09 01:00:00,10.224,13.673,797.34,763.37,762.3,1223.27,773.8,761.6
2024-10-09 02:00:00,12.022,16.283,735.92,705.49,723.29,1310.83,618.88,708.29
2024-10-09 03:00:00,13.488,14.864,644.04,672.19,639.86,1236.01,574.2,583.65
2024-10-09 04:00:00,12.02,15.313,700.23,684.62,615.06,1301.08,729.09,713.56
2024-10-09 05:00:00,11.88,16.919,666.32,655.03,702.97,1333.95,643.58,725.94
2024-10-09 06:00:00,11.172,18.594,750.0,726.67,800.06,1328.55,753.64,778.05
2024-10-09 07:00:00,12.906,19.021,642.92,675.04,701.49,1328.24,614.14,733.04
2024-10-09 08:00:00,11.278,14.894,736.15,713.9,699.24,,692.1,684.2
2024-10-09 09:00:00,11.601,15.066,678.15,671.15,724.4,1316.56,624.33,723.73
2024-10-09 10:00:00,10.415,15.945,775.17,781.97,708.23,1291.71,737.12,748.44
2024-10-09 11:00:00,12.332,16.205,724.45,624.58,716.78,1304.07,651.78,755.8
2024-10-09 12:00:00,11.674,11.647,699.6,654.35,666.96,1212.85,661.24,689.67
2024-10-09 13:00:00,10.388,13.791,759.84,772.34,,1310.65,815.99,799.45
2024-10-09 14:00:00,9.174,12.578,811.7,762.77,726.17,1233.07,806.9,762.75
2024-10-09 15:00:00,11.05,10.4,768.91,,712.03,1164.52,666.3,705.03
2024-10-09 16:00:00,9.311,10.746,763.89,784.92,654.67,1162.47,726.69,716.77
2024-10-09 17:00:00,8.573,11.43,809.63,808.28,758.89,1242.07,819.82,823.34
2024-10-09 18:00:00,7.979,12.075,863.81,792.18,762.69,1260.62,766.9,759.92
2024-10-09 19:00:00,8.886,13.243,814.22,818.54,748.86,1260.74,769.07,799.52
2024-10-09 20:00:00,8.331,12.62,733.43,784.55,644.85,1287.7,839.59,838.26
2024-10-09 21:00:00,9.16,13.611,759.72,863.74,745.93,1317.3,763.34,
2024-10-09 22:00:00,10.475,12.883,767.25,733.15,747.09,1223.71,706.93,681.14
2024-10-09 23:00:00,9.841,12.449,746.48,796.77,714.59,1238.48,727.98,757.83
2024-10-10 00:00:00,10.708,13.555,785.33,770.18,751.43,1205.74,692.8,787.03
2024-10-10 01:00:00,10.128,15.091,828.69,756.23,796.9,1292.17,795.99,794.67
2024-10-10 02:00:00,11.02,15.941,712.47,695.02,746.7,1276.75,729.26,740.28
2024-10-10 03:00:00,12.725,14.902,618.56,675.48,681.55,1243.19,628.36,636.99
2024-10-10 04:00:00,11.072,14.247,710.74,669.29,734.4,1260.15,706.85,750.5
2024-10-10 05:00:00,11.749,15.928,687.76,647.84,730.87,1301.3,716.28,704.35
2024-10-10 06:00:00,10.202,16.132,,794.82,734.25,1300.15,737.78,749.55
2024-10-10 07:00:00,12.601,16.934,633.19,,645.21,1353.18,652.96,680.7
2024-10-10 08:00:00,10.855,14.406,758.9,708.47,696.58,1266.63,687.7,768.1
2024-10-10 09:00:00,11.857,14.067,737.96,667.77,721.87,1208.83,736.43,681.5
2024-10-10 10:00:00,10.641,15.328,774.2,717.37,708.31,1266.04,752.02,758.49
2024-10-10 11:00:00,10.91,13.415,741.48,818.45,711.65,1269.1,667.72,
2024-10-10 12:00:00,10.618,12.814,729.42,783.39,712.67,1262.91,704.88,705.41
2024-10-10 13:00:00,9.38,14.308,846.46,759.79,780.47,1280.86,751.05,782.34
2024-10-10 14:00:00,10.297,10.643,728.98,,755.36,1207.09,,746.08
2024-10-10 15:00:00,8.538,14.309,838.51,,819.46,1293.42,870.55,819.6
2024-10-10 16:00:00,9.548,10.756,755.51,737.71,674.36,1235.7,738.73,802.82
2024-10-10 17:00:00,8.464,12.3,733.9,793.7,798.5,1251.12,787.77,812.51
2024-10-10 18:00:00,8.986,11.03,768.61,783.63,762.52,1187.48,746.18,749.62
2024-10-10 19:00:00,8.348,11.524,792.65,782.19,789.77,1217.75,800.46,824.19
2024-10-10 20:00:00,8.847,11.052,776.99,843.89,753.73,1208.85,751.99,767.37
2024-10-10 21:00:00,8.109,12.684,786.92,800.0,760.98,1226.45,778.16,787.0
2024-10-10 22:00:00,9.385,11.623,791.42,779.88,798.73,1195.74,745.51,831.3
2024-10-10 23:00:00,9.482,11.806,793.42,786.65,748.23,1244.62,765.24,785.45
2024-10-11 00:00:00,9.296,15.158,,861.46,830.95,1295.0,774.12,793.29
2024-10-11 01:00:00,9.964,13.506,750.78,768.21,753.22,1281.83,752.2,754.45
2024-10-11 02:00:00,10.375,13.115,709.0,839.69,739.94,1302.38,769.51,785.54
2024-10-11 03:00:00,9.993,12.523,765.45,753.28,719.37,1266.21,701.87,813.62
2024-10-11 04:00:00,10.544,16.841,804.34,749.21,754.55,1335.48,751.6,806.6
2024-10-11 05:00:00,9.932,14.113,813.65,811.98,797.54,1228.03,801.97,806.81
2024-10-11 06:00:00,12.624,17.291,649.02,735.45,676.81,1315.53,694.88,703.91
2024-10-11 07:00:00,11.524,15.201,778.49,696.9,720.84,1273.3,702.34,673.7
2024-10-11 08:00:00,10.745,14.668,725.79,791.98,805.03,1309.13,752.96,737.55
2024-10-11 09:00:00,11.243,14.357,681.24,752.33,667.31,1225.1,752.28,749.01
2024-10-11 10:00:00,8.443,16.374,769.61,798.51,767.95,1351.24,782.17,815.1
2024-10-11 11:00:00,7.661,10.577,775.43,835.87,806.87,1209.51,797.51,791.36
2024-10-11 12:00:00,9.046,12.923,796.53,797.66,,1228.06,757.31,785.65
2024-10-11 13:00:00,7.922,11.806,802.3,790.65,816.22,1307.96,800.3,777.84
2024-10-11 14:00:00,8.516,11.363,770.57,818.15,744.42,1236.65,757.33,737.88
2024-10-11 15:00:00,8.591,11.361,760.93,812.38,757.26,1230.44,770.29,790.42
2024-10-11 16:00:00,8.941,10.521,,810.43,798.79,1199.81,793.28,798.32
2024-10-11 17:00:00,7.144,10.845,797.63,856.72,755.35,,813.57,836.05
2024-10-11 18:00:00,8.303,10.501,830.31,789.12,694.71,1208.6,797.79,
2024-10-11 19:00:00,8.005,9.0,859.47,918.68,688.33,1188.64,766.31,827.11
2024-10-11 20:00:00,8.361,11.213,861.63,824.77,792.83,1228.58,823.63,816.13
2024-10-11 21:00:00,7.827,11.912,838.49,887.26,832.88,1242.13,,850.66
2024-10-11 22:00:00,9.568,10.796,743.46,793.75,704.57,1183.61,746.86,696.75
2024-10-11 23:00:00,8.637,14.151,778.46,876.34,835.08,1284.03,833.26,753.91
2024-10-12 00:00:00,10.419,14.01,774.6,723.95,741.32,1273.9,727.18,772.42
2024-10-12 01:00:00,8.648,13.919,791.88,811.47,790.38,1302.56,763.5,855.16
2024-10-12 02:00:00,10.133,14.369,774.64,750.11,793.71,1307.88,794.72,715.16
2024-10-12 03:00:00,9.709,13.803,837.82,757.84,687.66,1259.01,735.55,725.7
2024-10-12 04:00:00,9.655,15.437,786.72,798.06,799.88,1308.78,760.67,816.22
2024-10-12 05:00:00,10.512,16.135,,747.47,674.96,1325.38,731.51,769.32
2024-10-12 06:00:00,9.777,15.271,735.51,725.85,700.37,1277.9,749.17,793.37
2024-10-12 07:00:00,7.816,13.533,837.71,828.38,744.52,1285.44,862.06,813.78
2024-10-12 08:00:00,7.345,13.954,848.12,841.39,844.04,1300.33,778.0,815.59
2024-10-12 09:00:00,10.592,14.357,708.64,783.7,766.52,1216.3,708.28,738.73
2024-10-12 10:00:00,10.279,14.245,782.48,703.79,785.01,1271.42,741.94,760.88
2024-10-12 11:00:00,10.485,12.65,793.1,727.54,730.73,1244.84,751.26,701.52
2024-10-12 12:00:00,8.62,11.531,867.62,778.73,758.32,1215.96,743.91,748.7
2024-10-12 13:00:00,7.259,13.581,,888.25,838.98,1312.4,860.07,831.43
2024-10-12 14:00:00,7.638,9.898,744.18,813.47,782.3,1267.3,826.01,870.4
2024-10-12 15:00:00,7.704,9.628,824.32,,794.01,1220.44,756.13,772.5
2024-10-12 16:00:00,6.668,8.835,,861.24,802.64,1169.06,812.53,838.45
2024-10-12 17:00:00,8.642,9.084,770.66,820.28,757.32,1186.46,767.13,773.47
2024-10-12 18:00:00,9.044,11.633,786.64,839.72,849.44,1208.47,817.78,749.6
2024-10-12 19:00:00,7.646,11.731,801.78,792.44,836.11,1309.11,865.78,812.07
2024-10-12 20:00:00,7.344,10.294,,835.98,817.6,1209.1,849.94,823.49
2024-10-12 21:00:00,6.478,11.287,885.03,,807.65,1255.19,829.86,861.93
2024-10-12 22:00:00,8.969,11.083,827.35,804.15,765.4,1259.27,784.53,769.16
2024-10-12 23:00:00,8.053,10.139,755.67,,820.86,1191.62,809.64,833.43
2024-10-13 00:00:00,8.041,14.74,803.28,864.77,812.9,1278.02,773.03,813.78
2024-10-13 01:00:00,8.938,14.237,738.21,808.6,764.1,1320.21,782.06,767.9
2024-10-13 02:00:00,8.344,13.487,871.4,828.58,721.09,1310.52,861.08,879.18
2024-10-13 03:00:00,9.149,12.442,810.29,785.7,,1220.72,732.73,789.21
2024-10-13 04:00:00,8.039,13.51,,,827.29,1247.47,825.02,793.35
2024-10-13 05:00:00,10.152,13.142,751.76,,692.14,1271.2,748.03,808.61
2024-10-13 06:00:00,9.211,14.153,775.87,821.24,835.48,1296.91,746.02,742.16
2024-10-13 07:00:00,10.151,14.334,732.98,750.36,762.03,1258.48,779.35,780.52
2024-10-13 08:00:00,8.914,13.348,826.75,745.43,835.54,1276.23,765.23,742.19
2024-10-13 09:00:00,8.746,11.689,823.2,,768.21,1206.23,830.31,720.69
2024-10-13 10:00:00,7.607,15.575,846.53,893.11,727.79,1333.86,921.77,827.28
2024-10-13 11:00:00,8.866,12.815,766.97,788.42,758.08,1266.12,787.52,750.49
2024-10-13 12:00:00,7.218,12.558,812.25,857.6,784.82,1217.81,902.78,903.72
2024-10-13 13:00:00,7.19,10.982,829.65,839.53,768.61,1228.21,832.93,812.43
2024-10-13 14:00:00,7.261,9.13,801.77,857.64,812.76,1195.73,736.57,804.43
2024-10-13 15:00:00,7.08,10.489,828.75,802.23,766.24,1250.01,818.17,828.78
2024-10-13 16:00:00,5.399,9.881,892.83,898.79,780.79,1202.81,875.35,874.46
2024-10-13 17:00:00,6.431,10.92,795.41,920.83,795.58,1277.38,917.62,854.21
2024-10-13 18:00:00,7.182,11.087,802.26,816.76,839.89,,833.1,859.52
2024-10-13 19:00:00,6.255,10.986,853.11,871.79,815.36,1278.17,,889.0
2024-10-13 20:00:00,6.47,11.454,905.18,919.44,785.8,1212.36,868.15,848.8
2024-10-13 21:00:00,6.942,12.752,872.59,895.98,,1281.31,846.63,857.81
2024-10-13 22:00:00,6.932,11.471,837.41,880.69,858.47,1255.23,831.05,880.85
2024-10-13 23:00:00,6.469,12.806,870.57,896.95,851.37,1283.98,856.95,855.1
2024-10-14 00:00:00,7.547,12.6,,861.2,826.33,1275.95,867.76,818.21
2024-10-14 01:00:00,8.654,10.247,821.49,794.58,784.22,1222.58,787.41,769.39
2024-10-14 02:00:00,7.28,12.827,849.07,899.61,742.15,1205.29,840.23,812.0
2024-10-14 03:00:00,8.042,12.389,855.33,811.08,785.64,1307.74,789.26,
2024-10-14 04:00:00,7.4,14.03,788.51,815.53,857.46,1273.61,786.11,890.04
2024-10-14 05:00:00,9.351,13.008,748.5,734.45,670.8,1241.43,778.71,772.55
2024-10-14 06:00:00,8.537,14.757,816.98,796.42,710.13,1299.02,781.59,838.79
2024-10-14 07:00:00,7.863,15.145,845.27,818.65,764.77,1323.9,830.36,872.78
2024-10-14 08:00:00,8.47,15.218,895.34,796.16,764.44,1266.47,730.09,869.17
2024-10-14 09:00:00,7.216,15.405,784.02,818.29,828.6,1274.64,,884.51
2024-10-14 10:00:00,7.076,11.044,830.4,871.65,751.81,1286.36,829.73,846.58
2024-10-14 11:00:00,6.419,11.141,847.68,,843.68,1238.72,854.39,838.09
2024-10-14 12:00:00,6.397,15.583,879.35,914.0,941.28,1338.21,879.3,856.76
2024-10-14 13:00:00,7.999,12.772,874.17,861.19,769.65,1235.33,829.36,827.05
2024-10-14 14:00:00,6.011,11.356,893.47,994.64,,1304.62,886.33,881.45
2024-10-14 15:00:00,6.696,10.72,784.62,849.71,795.6,,834.84,788.38
2024-10-14 16:00:00,5.437,10.305,927.82,900.54,864.36,1225.17,913.84,899.01
2024-10-14 17:00:00,6.568,7.863,884.19,833.56,807.36,1234.96,831.38,792.61
2024-10-14 18:00:00,5.073,9.199,888.56,868.4,875.2,1244.97,833.26,906.09
2024-10-14 19:00:00,5.94,10.071,802.36,873.31,816.51,1258.09,888.8,
2024-10-14 20:00:00,6.046,9.557,848.42,854.16,836.62,1250.2,849.38,868.72
2024-10-14 21:00:00,8.031,10.043,816.72,775.77,885.66,1205.36,785.15,832.04
2024-10-14 22:00:00,6.897,14.243,885.86,881.5,811.43,1355.3,906.18,875.16
2024-10-14 23:00:00,6.183,11.365,796.06,843.37,829.1,1307.72,,842.86
2024-10-15 00:00:00,7.491,12.532,799.73,870.52,823.5,,836.47,881.91
2024-10-15 01:00:00,8.939,13.02,826.72,837.24,877.43,1193.51,823.53,789.92
2024-10-15 02:00:00,6.19,13.933,921.94,859.13,879.48,,850.0,851.43
2024-10-15 03:00:00,7.044,13.081,856.71,919.78,822.75,1290.02,869.12,863.64
2024-10-15 04:00:00,7.695,15.483,874.41,866.26,796.58,1307.68,837.63,819.28
2024-10-15 05:00:00,7.647,14.734,848.13,846.59,869.54,1304.41,879.22,799.35
2024-10-15 06:00:00,7.731,12.741,854.57,769.68,796.36,1266.64,797.66,806.09
2024-10-15 07:00:00,6.889,14.105,855.65,803.32,,1339.21,825.54,858.75
2024-10-15 08:00:00,8.913,13.844,809.54,869.23,766.67,1314.21,798.99,779.46
2024-10-15 09:00:00,6.437,13.488,817.69,937.25,810.08,1301.82,823.87,856.71
2024-10-15 10:00:00,7.144,13.964,868.09,,759.63,1307.57,889.08,778.29
2024-10-15 11:00:00,7.828,13.65,778.41,914.74,824.21,1284.07,809.05,872.36
2024-10-15 12:00:00,6.634,13.009,878.03,,751.68,1341.51,918.56,861.59
2024-10-15 13:00:00,5.541,12.297,864.82,919.1,902.71,1288.53,845.13,858.36
2024-10-15 14:00:00,4.934,11.53,906.68,949.09,800.06,1320.61,937.8,939.44
2024-10-15 15:00:00,5.558,8.451,829.05,870.12,751.99,1237.01,857.61,813.64
2024-10-15 16:00:00,4.924,11.668,877.01,936.99,859.51,1288.56,876.15,864.83
2024-10-15 17:00:00,5.552,11.142,887.56,935.59,883.58,1210.77,894.9,859.95
2024-10-15 18:00:00,4.204,9.327,930.66,974.05,860.86,1271.42,916.53,879.01
2024-10-15 19:00:00,5.995,10.934,899.63,885.95,863.79,1197.29,885.23,848.09
2024-10-15 20:00:00,5.536,11.597,836.94,826.47,859.79,,853.61,
2024-10-15 21:00:00,5.765,12.565,822.59,842.7,874.91,1239.27,818.46,
2024-10-15 22:00:00,6.993,12.208,804.99,881.89,880.96,1293.37,863.74,877.82
2024-10-15 23:00:00,5.759,12.487,837.65,882.97,816.31,1266.66,851.72,925.24
2024-10-16 00:00:00,5.818,13.778,,931.76,858.1,1321.35,882.54,861.69
2024-10-16 01:00:00,6.251,12.816,909.55,,753.94,1217.96,887.1,882.12
2024-10-16 02:00:00,6.804,14.185,818.42,929.27,887.65,1328.02,858.55,837.34
2024-10-16 03:00:00,7.114,13.384,900.89,824.99,804.06,1309.32,832.55,823.42
2024-10-16 04:00:00,6.694,15.804,908.52,942.28,844.1,1300.39,841.26,824.32
2024-10-16 05:00:00,5.84,12.765,816.89,839.36,831.94,1266.93,917.42,929.84
2024-10-16 06:00:00,7.031,15.771,818.04,896.45,804.97,1368.06,881.35,906.71
2024-10-16 07:00:00,7.708,14.77,772.57,810.4,843.43,1312.75,871.62,916.28
2024-10-16 08:00:00,7.39,15.734,840.85,860.36,848.52,1349.89,798.99,881.94
2024-10-16 09:00:00,8.031,13.348,815.8,,772.92,1223.23,787.77,838.23
2024-10-16 10:00:00,8.369,14.006,809.23,860.28,864.49,1280.47,790.31,802.96
2024-10-16 11:00:00,7.105,13.516,770.96,830.28,855.24,1317.59,854.0,
2024-10-16 12:00:00,7.274,13.475,787.0,833.14,882.71,1262.75,899.47,858.92
2024-10-16 13:00:00,6.453,11.208,858.84,814.2,743.88,1230.93,853.39,
2024-10-16 14:00:00,6.901,12.775,866.04,795.82,793.78,1274.73,827.76,854.42
2024-10-16 15:00:00,6.748,9.411,762.72,828.95,846.19,1192.71,844.69,790.16
2024-10-16 16:00:00,5.82,10.537,819.61,861.18,782.45,,815.7,878.29
2024-10-16 17:00:00,5.487,9.293,903.96,842.03,817.66,1245.4,792.29,898.78
2024-10-16 18:00:00,4.7,12.125,860.1,927.75,826.32,1280.87,862.45,895.45
2024-10-16 19:00:00,4.856,11.71,896.21,,880.34,1335.5,885.33,874.63
2024-10-16 20:00:00,4.722,12.008,855.63,934.38,854.14,1275.27,922.64,969.28
2024-10-16 21:00:00,5.664,13.578,911.6,877.52,812.08,1314.62,926.79,898.31
2024-10-16 22:00:00,4.824,11.877,827.79,908.11,938.26,1248.24,953.18,
2024-10-16 23:00:00,5.521,13.502,875.52,901.17,885.04,1298.26,922.62,904.0
2024-10-17 00:00:00,4.085,13.4,958.84,,918.09,1329.95,881.36,963.46
2024-10-17 01:00:00,7.643,13.768,849.31,819.66,816.64,1307.1,817.53,860.9
2024-10-17 02:00:00,6.362,15.955,857.41,827.12,887.05,1309.73,926.79,877.47
2024-10-17 03:00:00,7.137,17.333,833.71,860.77,863.45,1316.44,801.89,817.27
2024-10-17 04:00:00,8.115,14.669,810.64,816.88,725.68,1302.05,815.56,810.81
2024-10-17 05:00:00,7.295,16.422,804.52,801.23,913.59,1349.6,847.72,865.27
2024-10-17 06:00:00,8.237,15.907,817.45,818.17,881.23,1261.84,846.81,869.42
2024-10-17 07:00:00,6.033,15.888,879.66,869.2,841.34,1403.01,775.6,944.36
2024-10-17 08:00:00,8.811,15.623,788.96,811.79,,1320.6,821.14,808.45
2024-10-17 09:00:00,7.559,14.645,869.26,868.83,771.5,1242.82,785.55,908.05
2024-10-17 10:00:00,6.595,10.364,804.5,848.58,772.47,1246.91,876.57,862.36
2024-10-17 11:00:00,7.266,16.062,789.18,886.12,844.69,1283.11,798.38,869.06
2024-10-17 12:00:00,4.868,12.906,883.39,920.71,855.23,1263.0,909.79,916.3
2024-10-17 13:00:00,5.249,12.969,895.73,910.36,838.07,1305.79,819.81,923.02
2024-10-17 14:00:00,6.334,12.549,855.39,872.61,861.72,1237.86,,868.1
2024-10-17 15:00:00,3.424,11.497,930.56,967.16,894.87,1251.41,961.27,939.81
2024-10-17 16:00:00,5.164,12.446,851.99,867.03,903.31,,869.03,927.91
2024-10-17 17:00:00,5.01,11.943,859.07,852.34,,1271.92,920.16,936.12
2024-10-17 18:00:00,6.108,11.106,841.87,932.59,904.47,1237.83,872.67,864.25
2024-10-17 19:00:00,3.296,12.252,922.99,989.74,1001.38,1289.39,944.02,943.9
2024-10-17 20:00:00,5.96,12.273,906.79,874.41,853.48,1324.62,787.94,847.3
2024-10-17 21:00:00,4.405,13.783,927.93,992.93,875.83,1338.49,928.92,913.57
2024-10-17 22:00:00,4.733,11.515,880.65,1047.66,866.08,1228.2,930.65,941.04
2024-10-17 23:00:00,4.393,12.68,952.39,887.47,927.91,1338.44,938.04,921.06
2024-10-18 00:00:00,4.801,15.075,929.03,940.03,923.43,1320.47,883.78,952.65
2024-10-18 01:00:00,6.295,13.995,819.19,917.22,764.95,1299.23,875.73,852.87
2024-10-18 02:00:00,5.363,14.202,780.28,855.78,891.85,1283.83,888.11,911.5
2024-10-18 03:00:00,7.085,15.033,802.85,807.32,815.43,1300.2,852.67,879.28
2024-10-18 04:00:00,6.144,15.98,900.69,,871.15,1344.53,925.34,946.46
2024-10-18 05:00:00,5.816,16.226,,910.4,868.66,1347.9,900.67,838.06
2024-10-18 06:00:00,6.397,16.201,815.68,866.15,837.9,1392.45,852.63,918.63
2024-10-18 07:00:00,7.04,15.192,874.3,804.67,763.67,1283.22,869.42,866.22
2024-10-18 08:00:00,6.421,17.197,899.32,909.16,,1353.86,879.33,893.25
2024-10-18 09:00:00,6.473,17.586,926.73,839.57,848.73,1302.11,913.69,828.78
2024-10-18 10:00:00,6.747,13.331,884.35,833.34,824.76,1268.91,808.36,810.28
2024-10-18 11:00:00,6.759,13.32,897.99,,827.41,1316.97,805.51,875.62
2024-10-18 12:00:00,5.328,15.914,919.51,913.68,889.78,1389.14,894.24,
2024-10-18 13:00:00,4.424,16.121,944.58,912.74,867.11,1402.61,865.49,945.84
2024-10-18 14:00:00,5.025,11.244,878.09,884.93,801.64,1250.82,877.75,942.81
2024-10-18 15:00:00,5.087,14.407,931.12,968.25,917.75,1309.36,911.86,816.5
2024-10-18 16:00:00,3.345,15.121,907.74,995.03,945.51,1316.41,1001.32,906.57
2024-10-18 17:00:00,3.676,11.966,926.05,968.87,867.24,1280.17,923.1,875.4
2024-10-18 18:00:00,3.768,14.873,960.33,991.5,947.13,1373.0,978.82,983.47
2024-10-18 19:00:00,4.213,12.878,969.27,911.45,846.67,1323.1,932.82,942.21
2024-10-18 20:00:00,3.886,13.714,916.18,981.33,910.85,1300.56,932.67,938.25
2024-10-18 21:00:00,5.247,12.837,924.68,937.68,873.87,1279.39,856.08,927.87
2024-10-18 22:00:00,3.642,15.362,940.25,938.59,889.68,1338.76,929.34,945.89
2024-10-18 23:00:00,3.948,15.69,974.61,994.6,931.63,1334.46,923.16,991.03
2024-10-19 00:00:00,5.252,17.323,882.85,943.33,834.0,1376.8,899.22,976.22
2024-10-19 01:00:00,5.686,17.546,925.15,931.17,878.23,1392.56,878.67,854.87
2024-10-19 02:00:00,4.95,16.336,911.59,,889.39,1423.5,948.41,949.19
2024-10-19 03:00:00,5.874,20.538,866.47,928.54,844.94,1423.05,899.92,948.49
2024-10-19 04:00:00,6.227,18.794,884.85,870.18,900.0,,949.77,867.89
2024-10-19 05:00:00,6.351,18.069,929.74,906.19,913.63,1344.13,846.75,848.77
2024-10-19 06:00:00,6.826,16.34,826.72,881.11,842.93,1342.7,890.19,870.8
2024-10-19 07:00:00,6.133,15.68,826.88,856.43,861.96,,834.78,899.0
2024-10-19 08:00:00,7.724,15.63,848.03,768.77,808.31,1339.54,820.61,868.05
2024-10-19 09:00:00,6.74,15.974,804.43,879.63,841.63,1348.31,851.83,919.44
2024-10-19 10:00:00,5.455,18.381,964.7,968.31,868.11,1407.89,901.14,926.27
2024-10-19 11:00:00,5.886,16.879,944.98,950.38,871.28,1352.58,930.87,909.86
2024-10-19 12:00:00,5.599,15.09,927.47,927.4,857.09,,895.29,980.24
2024-10-19 13:00:00,6.161,15.194,875.46,961.22,923.62,1288.13,938.65,896.22
2024-10-19 14:00:00,4.42,14.614,980.26,959.38,883.94,1333.95,972.78,910.38
2024-10-19 15:00:00,5.267,15.519,949.46,920.14,837.9,1334.24,900.23,935.03
2024-10-19 16:00:00,4.496,13.236,895.02,953.99,811.1,1343.31,954.77,903.22
2024-10-19 17:00:00,5.537,14.56,940.83,887.16,908.22,1312.9,845.88,883.41
2024-10-19 18:00:00,5.338,14.482,863.81,871.95,930.87,1301.78,894.19,868.93
2024-10-19 19:00:00,4.505,13.221,906.46,906.35,834.1,1319.02,910.77,928.61
2024-10-19 20:00:00,4.259,16.395,871.74,943.71,932.31,1319.86,953.1,990.86
2024-10-19 21:00:00,5.068,14.502,908.48,965.99,899.01,1329.18,927.87,926.69
2024-10-19 22:00:00,4.769,14.13,899.75,881.9,882.51,1297.52,,940.43
2024-10-19 23:00:00,6.55,16.878,856.73,852.08,807.35,1314.95,885.06,910.11
2024-10-20 00:00:00,5.582,16.488,892.1,953.05,896.59,1356.08,944.53,958.14
2024-10-20 01:00:00,5.509,17.481,884.14,911.89,937.93,1298.93,929.99,892.68
2024-10-20 02:00:00,5.758,16.102,892.68,906.06,928.07,1361.04,904.85,882.37
2024-10-20 03:00:00,5.408,18.963,958.84,918.84,915.01,1400.69,945.14,941.02
2024-10-20 04:00:00,7.019,20.964,840.66,965.6,902.15,1403.18,787.82,897.95
2024-10-20 05:00:00,6.042,17.093,917.94,930.36,791.53,1387.75,818.61,875.02
2024-10-20 06:00:00,7.622,19.152,860.31,873.64,866.68,1399.04,906.82,877.55
2024-10-20 07:00:00,5.673,17.768,914.21,929.67,906.44,1336.29,922.52,845.15
2024-10-20 08:00:00,6.694,21.79,889.54,917.53,864.4,1456.43,896.01,944.28
2024-10-20 09:00:00,7.327,19.783,838.75,948.8,855.67,1412.76,863.02,855.31
2024-10-20 10:00:00,4.443,18.271,953.4,947.7,890.71,1380.06,937.49,884.88
2024-10-20 11:00:00,7.495,16.029,860.42,864.98,762.1,1321.88,,888.52
2024-10-20 12:00:00,5.236,15.853,876.71,931.16,906.41,1392.69,915.57,918.33
2024-10-20 13:00:00,5.385,17.466,860.96,966.21,965.3,1383.64,893.2,937.35
2024-10-20 14:00:00,5.447,14.505,895.74,987.41,,1280.57,902.33,961.73
2024-10-20 15:00:00,5.329,14.18,,898.48,872.46,1316.45,903.82,934.83
2024-10-20 16:00:00,4.784,15.522,,961.61,834.02,1295.32,896.1,
2024-10-20 17:00:00,5.25,15.524,944.96,935.61,888.21,,943.53,925.05
2024-10-20 18:00:00,4.835,15.803,928.75,887.0,863.41,1328.98,895.56,997.74
2024-10-20 19:00:00,5.877,14.94,873.47,945.57,854.53,1308.01,856.7,908.07
2024-10-20 20:00:00,5.014,16.824,915.23,1002.55,933.2,1335.07,900.1,881.34
2024-10-20 21:00:00,6.367,15.055,825.95,924.2,861.73,1310.24,816.81,827.81
2024-10-20 22:00:00,5.774,17.308,872.33,891.88,871.1,,890.5,937.56
2024-10-20 23:00:00,3.907,17.347,946.81,922.75,882.05,1361.77,936.58,930.35
2024-10-21 00:00:00,7.76,18.381,836.1,882.46,863.57,1346.27,862.12,867.97
2024-10-21 01:00:00,5.532,19.649,916.74,888.75,,1411.88,908.41,950.29
2024-10-21 02:00:00,7.487,18.219,804.22,825.88,895.95,1358.86,788.77,856.94
2024-10-21 03:00:00,6.571,18.438,838.69,903.42,868.11,1372.12,860.03,857.23
2024-10-21 04:00:00,7.599,17.576,873.46,888.99,790.75,1335.11,791.29,824.44
2024-10-21 05:00:00,6.33,17.431,852.03,886.29,800.25,,915.05,884.28
2024-10-21 06:00:00,7.433,19.763,837.14,863.17,836.36,1392.47,893.11,894.86
2024-10-21 07:00:00,6.7,19.83,884.96,890.61,853.1,1425.05,891.51,858.13
2024-10-21 08:00:00,8.057,18.508,805.09,811.05,847.51,1366.55,857.22,923.31
2024-10-21 09:00:00,6.966,18.5,906.93,867.39,811.41,1368.23,867.96,901.96
2024-10-21 10:00:00,7.127,21.012,831.01,820.27,897.54,1378.35,879.61,907.79
2024-10-21 11:00:00,4.37,19.805,946.83,999.0,817.65,1407.26,925.52,959.88
2024-10-21 12:00:00,5.734,16.774,868.73,1028.36,878.08,1339.98,,910.34
2024-10-21 13:00:00,5.833,17.292,899.96,,844.7,1367.17,920.6,920.1
2024-10-21 14:00:00,5.407,17.88,891.66,978.26,892.45,1379.98,876.83,927.19
2024-10-21 15:00:00,5.761,16.279,891.11,904.01,921.85,1416.74,897.17,948.75
2024-10-21 16:00:00,4.522,15.795,967.2,898.81,936.31,1337.31,905.2,976.85
2024-10-21 17:00:00,4.748,16.212,895.96,1036.76,909.24,1377.96,898.56,937.95
2024-10-21 18:00:00,5.626,17.91,878.7,889.86,939.27,1402.37,941.66,
2024-10-21 19:00:00,2.913,18.14,969.0,1049.07,1007.36,1422.03,1003.56,962.15
2024-10-21 20:00:00,5.342,16.091,954.43,935.97,944.79,1347.11,,914.07
2024-10-21 21:00:00,4.809,17.896,922.75,997.3,877.48,1459.59,892.27,931.58
2024-10-21 22:00:00,4.609,17.802,974.25,953.24,938.59,1358.11,932.99,964.03
2024-10-21 23:00:00,5.912,17.134,885.36,865.65,904.53,1375.67,879.99,961.64
2024-10-22 00:00:00,6.951,18.557,910.52,856.65,,1400.18,822.17,896.23
2024-10-22 01:00:00,7.126,17.966,875.57,969.95,891.17,1317.05,876.87,854.63
2024-10-22 02:00:00,6.492,21.412,913.99,919.29,883.47,1391.16,907.02,873.38
2024-10-22 03:00:00,7.565,22.345,818.49,,798.78,1478.75,791.26,
2024-10-22 04:00:00,7.766,20.359,798.74,,898.92,1413.36,841.56,882.81
2024-10-22 05:00:00,7.137,20.324,909.07,911.13,,1374.29,926.23,858.68
2024-10-22 06:00:00,6.71,22.488,930.33,851.38,808.92,1487.56,896.63,915.15
2024-10-22 07:00:00,6.732,22.665,978.24,903.75,,1448.77,947.59,957.25
2024-10-22 08:00:00,7.808,19.719,798.11,948.23,795.63,1420.75,856.93,854.38
2024-10-22 09:00:00,6.93,20.612,895.71,858.71,893.87,1466.48,893.66,892.52
2024-10-22 10:00:00,5.896,20.356,870.68,894.78,845.96,1413.45,897.34,950.56
2024-10-22 11:00:00,5.113,19.07,896.72,976.69,884.38,1344.34,892.31,989.85
2024-10-22 12:00:00,6.834,19.991,861.03,895.87,836.57,1381.9,842.09,920.18
2024-10-22 13:00:00,5.438,18.221,923.1,1006.48,847.85,1324.27,947.5,876.3
2024-10-22 14:00:00,5.869,17.981,873.34,,914.46,1349.47,887.78,958.76
2024-10-22 15:00:00,6.367,18.144,884.56,903.45,962.39,1417.07,863.69,876.69
2024-10-22 16:00:00,4.156,16.211,965.71,978.33,909.67,1336.51,1004.37,930.41
2024-10-22 17:00:00,5.066,15.38,946.85,891.01,808.43,1302.9,982.56,
2024-10-22 18:00:00,4.943,18.932,951.02,896.66,861.58,1447.64,934.56,924.55
2024-10-22 19:00:00,5.444,17.059,920.15,871.38,848.08,1357.53,846.03,926.75
2024-10-22 20:00:00,6.271,20.759,892.87,779.29,887.92,1430.18,891.15,877.98
2024-10-22 21:00:00,4.426,20.931,930.33,967.74,911.4,1408.39,915.48,961.56
2024-10-22 22:00:00,6.214,18.42,907.75,854.37,961.02,1418.54,845.4,851.92
2024-10-22 23:00:00,6.893,22.366,850.85,874.95,873.5,1448.36,930.14,928.1
2024-10-23 00:00:00,6.25,21.251,904.8,,920.78,1455.89,854.3,904.98
2024-10-23 01:00:00,6.62,19.918,846.62,860.07,863.49,1361.76,857.16,909.08
2024-10-23 02:00:00,7.375,18.126,853.62,895.97,840.97,1405.87,844.46,851.58
2024-10-23 03:00:00,7.586,22.512,832.03,811.59,846.68,1453.92,822.52,897.17
2024-10-23 04:00:00,7.987,22.09,841.74,833.27,849.57,1411.46,828.07,851.11
2024-10-23 05:00:00,8.112,22.818,831.9,928.52,829.97,1432.81,809.36,841.33
2024-10-23 06:00:00,6.94,22.142,857.45,877.25,876.79,1426.83,836.04,909.44
2024-10-23 07:00:00,8.498,21.024,833.6,892.64,808.33,1417.8,824.73,899.32
2024-10-23 08:00:00,8.541,21.732,753.8,936.09,929.81,1426.1,829.07,803.37
2024-10-23 09:00:00,7.588,22.822,807.14,858.89,879.91,1497.53,815.33,856.06
2024-10-23 10:00:00,6.018,21.182,934.95,894.35,916.41,1371.86,858.2,
2024-10-23 11:00:00,6.854,20.739,886.57,806.47,862.45,1436.31,831.89,900.75
2024-10-23 12:00:00,6.814,18.878,,900.27,798.34,1336.39,825.21,894.51
2024-10-23 13:00:00,5.455,20.34,952.89,951.64,844.28,1497.81,912.67,1004.9
2024-10-23 14:00:00,5.816,18.46,877.86,950.11,874.64,1430.35,908.47,901.14
2024-10-23 15:00:00,4.751,20.528,919.06,1015.21,910.18,1429.93,922.41,922.62
2024-10-23 16:00:00,6.197,18.273,,865.48,888.19,1391.72,931.93,874.21
2024-10-23 17:00:00,5.747,18.645,969.71,996.86,892.4,1391.42,949.73,952.75
2024-10-23 18:00:00,4.281,21.575,965.45,966.47,916.16,1435.27,893.0,915.88
2024-10-23 19:00:00,5.943,18.723,904.69,930.53,,1367.16,899.93,878.1
2024-10-23 20:00:00,5.761,18.807,919.66,919.38,899.78,1391.0,837.99,901.9
2024-10-23 21:00:00,6.434,20.402,826.81,,859.25,1335.45,891.92,857.31
2024-10-23 22:00:00,5.98,18.015,872.83,864.72,859.77,1415.57,928.52,876.02
2024-10-23 23:00:00,5.966,22.185,928.7,934.05,929.12,1502.61,921.81,969.57
2024-10-24 00:00:00,6.326,22.439,903.7,876.32,882.16,1445.27,869.15,890.24
2024-10-24 01:00:00,6.848,22.437,966.42,889.37,919.09,1492.1,924.93,847.95
2024-10-24 02:00:00,7.608,18.281,,844.92,834.34,1352.6,816.47,862.94
2024-10-24 03:00:00,7.984,22.48,890.61,847.45,835.82,1423.57,857.82,806.9
2024-10-24 04:00:00,7.929,21.625,883.5,789.16,,1431.65,813.98,916.89
2024-10-24 05:00:00,7.889,24.744,875.46,745.11,910.4,1497.68,873.1,877.24
2024-10-24 06:00:00,8.013,24.769,878.46,901.46,818.3,1456.12,847.64,872.58
2024-10-24 07:00:00,10.285,23.946,787.71,835.56,834.74,1458.03,720.24,818.14
2024-10-24 08:00:00,7.568,21.879,797.49,770.99,833.61,1441.55,,911.09
2024-10-24 09:00:00,7.573,24.84,891.94,898.9,910.99,1418.59,897.41,886.05
2024-10-24 10:00:00,10.432,22.359,800.21,788.16,843.67,1409.49,817.42,730.11
2024-10-24 11:00:00,7.871,24.399,889.91,818.36,833.65,1469.21,,863.94
2024-10-24 12:00:00,6.146,22.074,909.45,955.47,858.61,1429.57,942.66,946.97
2024-10-24 13:00:00,7.64,21.887,898.53,916.71,950.19,1414.34,,844.05
2024-10-24 14:00:00,5.975,20.285,873.67,962.02,907.43,1431.55,979.95,903.43
2024-10-24 15:00:00,7.209,22.151,929.23,955.57,899.17,1392.91,845.36,897.85
2024-10-24 16:00:00,6.149,20.915,867.37,955.99,830.65,1459.6,901.34,891.31
2024-10-24 17:00:00,5.873,21.756,909.69,894.08,855.95,1440.59,865.05,943.26
2024-10-24 18:00:00,7.498,20.209,884.82,871.37,860.08,1440.82,847.63,854.32
2024-10-24 19:00:00,6.732,20.046,863.68,910.12,852.74,1387.9,900.77,951.45
2024-10-24 20:00:00,7.205,21.055,899.23,943.37,820.69,1450.33,,924.44
2024-10-24 21:00:00,6.993,22.428,873.14,883.48,887.25,1464.12,854.35,902.66
2024-10-24 22:00:00,6.565,22.37,900.97,881.73,813.72,1396.45,810.05,966.52
2024-10-24 23:00:00,7.727,21.835,855.56,802.08,867.39,1425.59,899.78,890.49
2024-10-25 00:00:00,8.544,19.996,810.57,871.51,787.1,1467.54,825.51,859.04
2024-10-25 01:00:00,8.023,23.752,941.03,872.89,,1488.72,905.17,
2024-10-25 02:00:00,9.674,21.572,776.82,770.49,810.72,1377.76,753.36,
2024-10-25 03:00:00,9.19,23.791,749.74,858.13,852.47,1440.57,895.87,877.18
2024-10-25 04:00:00,8.898,23.964,810.57,823.56,894.53,1485.0,806.3,
2024-10-25 05:00:00,9.078,22.637,832.29,774.44,798.6,1444.99,810.79,861.76
2024-10-25 06:00:00,9.056,24.889,825.26,888.12,798.45,1430.08,831.83,923.19
2024-10-25 07:00:00,7.932,26.994,915.01,794.62,928.55,,827.04,958.15
2024-10-25 08:00:00,8.77,23.868,876.22,846.71,911.89,1480.79,819.12,827.88
2024-10-25 09:00:00,8.857,24.879,832.81,836.78,898.08,1468.5,769.0,868.45
2024-10-25 10:00:00,8.128,26.407,812.38,803.58,772.28,1542.36,885.37,894.03
2024-10-25 11:00:00,8.47,24.166,806.67,864.47,874.91,1477.5,825.28,815.54
2024-10-25 12:00:00,7.935,21.873,855.11,833.94,810.62,1405.67,748.32,932.67
2024-10-25 13:00:00,8.256,22.446,795.09,920.49,882.94,1436.79,827.57,839.98
2024-10-25 14:00:00,7.907,22.289,846.03,904.0,842.2,1425.14,862.87,909.54
2024-10-25 15:00:00,7.291,23.051,929.32,894.68,857.68,1465.25,885.46,851.01
2024-10-25 16:00:00,5.902,22.501,,828.96,885.61,1430.84,978.1,926.98
2024-10-25 17:00:00,8.338,17.552,827.12,813.61,791.23,1303.67,827.01,828.94
2024-10-25 18:00:00,6.781,19.812,842.87,867.14,812.51,1397.56,866.35,
2024-10-25 19:00:00,6.9,20.854,887.01,940.18,,1394.43,871.27,
2024-10-25 20:00:00,6.84,19.95,869.2,898.09,871.08,1432.72,936.66,922.17
2024-10-25 21:00:00,6.944,17.076,870.77,891.71,910.07,1344.64,824.49,879.32
2024-10-25 22:00:00,8.848,21.089,852.61,870.83,845.15,1416.66,802.43,828.26
2024-10-25 23:00:00,9.041,22.467,859.4,893.33,814.43,1420.77,846.53,822.97
2024-10-26 00:00:00,8.628,22.388,843.68,899.43,820.79,1438.76,838.53,887.7
2024-10-26 01:00:00,8.527,22.368,859.82,,712.96,1452.61,792.22,830.7
2024-10-26 02:00:00,9.427,24.124,806.67,809.82,809.97,1465.99,822.87,845.05
2024-10-26 03:00:00,9.27,24.928,872.26,845.55,840.27,1425.47,889.07,820.08
2024-10-26 04:00:00,9.279,24.299,798.48,824.64,805.25,1449.81,815.58,857.27
2024-10-26 05:00:00,9.852,26.735,817.19,846.38,808.47,1563.68,795.0,871.4
2024-10-26 06:00:00,9.3,25.253,876.53,805.46,731.46,1491.31,821.84,853.07
2024-10-26 07:00:00,9.844,24.095,795.95,843.43,757.88,1441.52,793.62,776.27
2024-10-26 08:00:00,9.716,23.618,767.32,811.82,770.52,1432.08,886.41,865.24
2024-10-26 09:00:00,9.874,24.419,799.04,822.73,786.96,1502.64,834.82,825.14
2024-10-26 10:00:00,8.678,25.622,901.02,801.31,724.95,1507.61,762.51,942.44
2024-10-26 11:00:00,9.482,22.839,737.79,804.13,810.06,1397.33,857.16,855.49
2024-10-26 12:00:00,7.909,24.049,870.35,886.92,858.67,1529.58,840.97,921.24
2024-10-26 13:00:00,7.896,22.954,840.02,858.9,,1458.47,864.01,816.62
2024-10-26 14:00:00,7.672,24.773,870.8,784.95,854.07,1492.31,905.56,881.39
2024-10-26 15:00:00,7.019,22.459,872.33,843.4,909.7,1492.49,934.89,925.24
2024-10-26 16:00:00,8.529,20.857,868.66,853.31,904.96,1412.07,843.33,853.81
2024-10-26 17:00:00,6.852,22.401,,958.11,819.64,1461.17,885.58,857.24
2024-10-26 18:00:00,7.058,22.395,918.53,882.03,821.38,1401.04,863.6,865.45
2024-10-26 19:00:00,8.693,21.084,876.43,815.53,841.41,1407.3,824.02,853.2
2024-10-26 20:00:00,7.382,20.384,866.07,917.01,,1369.98,930.11,879.29
2024-10-26 21:00:00,7.909,22.762,,865.62,,1430.89,798.5,816.65
2024-10-26 22:00:00,7.529,22.63,884.21,906.68,934.61,1454.59,858.1,944.79
2024-10-26 23:00:00,9.325,21.236,834.41,,773.4,1340.39,,835.38
2024-10-27 00:00:00,9.677,23.898,776.21,795.77,808.88,1462.48,887.63,871.79
2024-10-27 01:00:00,9.932,23.364,815.3,835.14,838.16,1466.26,868.1,873.91
2024-10-27 02:00:00,10.091,22.811,790.79,821.92,863.17,1374.77,801.06,801.04
2024-10-27 03:00:00,9.999,24.639,796.19,791.12,773.72,1443.13,829.14,842.73
2024-10-27 04:00:00,9.742,26.936,804.26,774.1,865.47,1461.49,853.88,842.83
2024-10-27 05:00:00,9.66,27.063,809.41,755.31,832.4,1525.43,808.49,888.31
2024-10-27 06:00:00,11.415,26.834,809.69,686.13,718.79,1472.22,782.42,826.21
2024-10-27 07:00:00,10.985,25.969,766.95,740.09,765.24,1510.55,,786.7
2024-10-27 08:00:00,9.729,26.177,865.42,,779.89,1454.01,765.44,830.32
2024-10-27 09:00:00,10.155,25.278,813.13,733.26,843.22,1479.43,822.72,804.04
2024-10-27 10:00:00,9.665,23.434,775.19,747.01,757.12,1419.43,805.43,859.3
2024-10-27 11:00:00,8.743,23.206,846.29,854.93,856.09,1448.26,867.84,850.32
2024-10-27 12:00:00,9.508,23.06,775.97,877.67,817.96,1429.18,821.97,801.47
2024-10-27 13:00:00,8.753,24.966,868.51,888.35,,1500.46,809.7,887.24
2024-10-27 14:00:00,8.065,24.108,855.41,790.59,858.79,1478.06,908.09,848.13
2024-10-27 15:00:00,7.425,21.118,897.06,891.42,820.87,1455.16,890.75,855.82
2024-10-27 16:00:00,7.197,22.172,928.44,924.45,885.03,1438.63,905.31,890.64
2024-10-27 17:00:00,8.061,21.437,790.02,836.55,849.61,1393.99,804.52,877.32
2024-10-27 18:00:00,8.279,21.677,829.58,840.61,818.61,1442.36,815.38,873.81
2024-10-27 19:00:00,7.718,21.299,817.4,880.25,959.26,1419.41,837.38,893.19
2024-10-27 20:00:00,9.089,23.84,908.32,,783.07,1448.41,824.98,824.26
2024-10-27 21:00:00,8.737,22.458,821.02,852.88,854.84,1444.55,910.04,887.86
2024-10-27 22:00:00,9.529,23.164,771.39,843.52,,1417.96,758.39,837.1
2024-10-27 23:00:00,9.241,23.665,906.16,833.91,816.06,1505.45,822.62,875.34
2024-10-28 00:00:00,9.098,22.689,801.94,801.9,836.65,1467.14,783.34,834.73
2024-10-28 01:00:00,10.159,24.578,748.47,779.75,829.13,1471.84,761.16,
2024-10-28 02:00:00,9.377,26.213,794.85,797.4,835.83,1504.49,813.27,912.16
2024-10-28 03:00:00,11.097,27.127,785.31,745.19,769.75,1497.6,,770.36
2024-10-28 04:00:00,10.136,24.307,806.43,820.19,806.25,1440.65,701.1,805.14
2024-10-28 05:00:00,11.77,24.068,708.9,691.12,726.62,1448.36,,794.44
2024-10-28 06:00:00,10.835,26.039,769.06,815.33,853.96,1467.1,751.88,844.05
2024-10-28 07:00:00,11.944,27.233,,683.36,799.77,1537.24,718.08,796.19
2024-10-28 08:00:00,10.106,26.138,,812.55,823.79,1532.55,766.2,769.32
2024-10-28 09:00:00,10.3,26.21,819.15,830.11,783.77,1495.41,780.71,814.62
2024-10-28 10:00:00,10.928,23.351,750.49,778.14,765.05,1458.11,741.79,785.65
2024-10-28 11:00:00,11.299,23.818,749.03,670.23,743.06,1389.26,763.59,758.46
2024-10-28 12:00:00,11.415,21.355,768.04,736.54,746.0,1393.66,737.71,734.55
2024-10-28 13:00:00,9.833,23.304,868.35,775.74,744.55,1388.24,796.18,868.59
2024-10-28 14:00:00,11.01,20.398,714.94,,735.84,1379.36,786.57,807.22
2024-10-28 15:00:00,9.088,24.182,873.35,840.64,788.6,1438.42,857.25,832.09
2024-10-28 16:00:00,10.037,24.132,796.48,751.11,782.02,1481.2,785.86,837.28
2024-10-28 17:00:00,8.313,22.236,790.46,860.49,919.39,1436.16,790.12,829.9
2024-10-28 18:00:00,9.39,20.185,744.12,868.3,791.86,1377.0,791.98,866.92
2024-10-28 19:00:00,7.25,22.519,925.02,897.64,877.77,1436.63,818.09,872.12
2024-10-28 20:00:00,8.375,24.498,906.62,846.19,844.12,1408.07,869.39,851.25
2024-10-28 21:00:00,9.864,23.155,788.08,797.38,836.81,,870.73,884.92
2024-10-28 22:00:00,8.718,24.419,838.37,880.85,828.52,,851.78,888.38
2024-10-28 23:00:00,10.427,22.896,725.46,769.11,769.65,1451.18,810.34,754.4
2024-10-29 00:00:00,11.149,22.948,786.03,730.06,739.63,1405.61,709.17,773.1
2024-10-29 01:00:00,10.361,24.423,796.2,751.49,772.13,1429.92,791.34,816.78
2024-10-29 02:00:00,10.304,22.675,737.11,750.15,858.69,1374.86,773.25,754.0
2024-10-29 03:00:00,10.976,28.115,796.86,807.99,819.05,1503.93,740.26,768.89
2024-10-29 04:00:00,10.801,25.879,738.06,754.18,770.88,1408.03,765.99,810.04
2024-10-29 05:00:00,11.64,26.947,776.22,759.27,808.08,1422.47,695.53,820.9
2024-10-29 06:00:00,11.871,25.416,701.97,746.55,804.15,1485.21,755.23,811.66
2024-10-29 07:00:00,11.53,24.044,760.11,695.44,730.91,1483.74,714.25,843.77
2024-10-29 08:00:00,13.022,27.401,674.57,636.54,710.47,1458.59,642.44,740.44
2024-10-29 09:00:00,10.943,24.017,689.79,784.59,782.01,1456.31,765.67,789.62
2024-10-29 10:00:00,12.41,25.364,750.77,699.45,702.95,1433.68,723.44,765.43
2024-10-29 11:00:00,10.201,24.987,842.38,789.98,790.76,1503.14,831.26,844.24
2024-10-29 12:00:00,10.808,24.019,759.76,786.17,765.58,1450.57,737.54,778.08
2024-10-29 13:00:00,11.412,22.463,755.79,775.15,750.3,1427.14,731.41,782.48
2024-10-29 14:00:00,11.108,22.734,775.43,748.4,897.36,1362.63,786.2,790.96
2024-10-29 15:00:00,9.644,21.35,822.51,782.69,768.05,1404.34,756.75,886.95
2024-10-29 16:00:00,10.26,23.134,855.53,793.85,737.75,1418.04,786.08,806.43
2024-10-29 17:00:00,10.058,22.639,814.58,763.58,844.0,1468.07,791.53,818.75
2024-10-29 18:00:00,9.274,21.848,806.12,824.48,825.28,1402.7,771.83,798.64
2024-10-29 19:00:00,10.265,21.249,801.42,783.33,776.1,1392.4,818.1,751.96
2024-10-29 20:00:00,11.408,24.649,741.16,708.78,805.03,1392.26,728.76,777.02
2024-10-29 21:00:00,10.511,20.863,738.18,755.36,727.57,1394.88,813.34,846.09
2024-10-29 22:00:00,10.861,20.974,804.92,743.2,781.01,1391.44,709.43,774.04
2024-10-29 23:00:00,11.26,23.199,774.59,773.5,758.12,1415.05,648.09,778.21
2024-10-30 00:00:00,9.888,23.492,,769.04,813.33,1481.98,776.3,859.82
2024-10-30 01:00:00,11.761,25.623,721.63,694.79,763.25,1461.89,743.87,810.58
2024-10-30 02:00:00,10.893,25.55,808.03,753.46,891.96,1451.46,747.41,796.16
2024-10-30 03:00:00,11.507,25.21,699.8,760.86,747.01,1432.93,741.64,794.27
2024-10-30 04:00:00,13.924,26.078,623.19,645.55,644.19,1463.93,623.53,674.7
2024-10-30 05:00:00,12.135,26.24,825.17,720.84,773.06,1419.11,678.83,727.75
2024-10-30 06:00:00,11.81,28.238,743.59,761.14,816.6,1487.86,842.35,749.04
2024-10-30 07:00:00,13.307,25.934,715.58,695.42,646.72,1443.29,650.75,
2024-10-30 08:00:00,11.531,24.596,803.29,741.62,780.32,1433.3,709.74,809.66
2024-10-30 09:00:00,11.764,25.317,712.25,694.03,710.33,1453.54,827.73,723.21
2024-10-30 10:00:00,12.895,21.504,685.99,654.15,638.44,1406.7,622.58,717.16
2024-10-30 11:00:00,11.664,24.107,814.95,672.9,747.05,1427.08,731.17,812.43
2024-10-30 12:00:00,10.093,24.922,825.19,817.08,786.6,,775.3,864.96
2024-10-30 13:00:00,11.489,23.797,831.74,715.28,706.89,1477.9,687.42,753.21
2024-10-30 14:00:00,10.47,22.931,764.07,784.05,755.95,1419.63,810.22,820.22
2024-10-30 15:00:00,11.793,22.918,794.91,714.07,723.26,1424.91,717.46,764.37
2024-10-30 16:00:00,9.907,23.125,807.25,787.03,835.48,1481.33,748.51,805.36
2024-10-30 17:00:00,11.135,23.291,750.01,759.36,729.72,1405.26,823.83,832.73
2024-10-30 18:00:00,11.695,22.029,754.59,714.59,746.82,1450.9,718.87,775.12
2024-10-30 19:00:00,9.657,21.159,,779.25,727.18,1457.11,846.34,897.97
2024-10-30 20:00:00,10.324,18.94,770.94,729.95,765.24,1335.77,817.96,764.18
2024-10-30 21:00:00,11.001,23.186,783.47,770.54,805.91,1409.35,694.94,797.65
2024-10-30 22:00:00,10.274,23.022,730.84,739.97,778.4,1453.76,812.11,855.79
2024-10-30 23:00:00,11.486,23.047,717.74,804.63,779.48,1461.76,772.33,702.02
2024-10-31 00:00:00,11.421,22.532,771.42,785.92,676.01,1434.65,738.49,
2024-10-31 01:00:00,11.736,25.01,778.57,662.95,711.81,1449.31,768.53,711.34
2024-10-31 02:00:00,12.281,24.001,728.03,721.41,756.34,1441.64,,687.34
2024-10-31 03:00:00,12.567,24.658,715.36,729.22,751.92,1455.15,749.11,721.96
2024-10-31 04:00:00,12.851,24.925,708.14,646.35,794.33,1444.34,656.43,756.72
2024-10-31 05:00:00,12.381,25.706,752.28,710.39,767.92,1441.5,761.73,738.72
2024-10-31 06:00:00,12.476,23.831,656.15,680.86,773.02,1444.58,707.31,704.93
2024-10-31 07:00:00,12.803,25.79,682.3,702.16,682.21,1443.24,697.01,743.95
2024-10-31 08:00:00,12.761,24.023,691.47,653.9,714.18,1363.16,627.19,744.35
2024-10-31 09:00:00,12.274,23.72,721.4,736.36,673.49,1379.75,755.86,759.41
2024-10-31 10:00:00,12.654,25.164,630.21,674.97,770.42,1480.69,651.64,680.6
2024-10-31 11:00:00,10.672,22.398,732.11,756.31,769.85,1384.11,831.84,811.98
2024-10-31 12:00:00,11.247,24.106,759.91,773.42,791.83,1443.47,761.76,822.73
2024-10-31 13:00:00,11.315,22.621,,775.83,664.36,1451.11,755.64,779.49
2024-10-31 14:00:00,10.582,20.011,754.23,672.41,666.15,1379.58,740.68,806.35
2024-10-31 15:00:00,12.339,23.182,685.9,574.72,,1479.28,678.64,780.41
2024-10-31 16:00:00,10.877,21.57,782.73,770.85,915.66,1396.06,,752.52
2024-10-31 17:00:00,10.901,21.441,751.22,729.23,783.8,1371.68,784.02,781.82
2024-10-31 18:00:00,10.349,22.078,817.92,729.38,855.96,1370.71,792.6,774.78
2024-10-31 19:00:00,10.78,22.706,765.49,750.08,749.17,1364.97,824.34,787.72
2024-10-31 20:00:00,9.957,21.316,758.1,911.78,732.12,1450.46,779.06,786.07
2024-10-31 21:00:00,11.0,22.102,811.39,699.91,838.52,1373.67,829.38,788.04
2024-10-31 22:00:00,10.65,22.189,819.34,804.77,775.98,1364.34,727.26,854.82
2024-10-31 23:00:00,11.483,21.783,706.69,698.73,741.26,1384.86,739.52,755.72
2024-11-01 00:00:00,9.983,20.779,807.83,734.79,864.59,1376.69,813.42,820.05
2024-11-01 01:00:00,11.454,23.422,737.29,711.02,745.73,1405.51,755.8,825.27
2024-11-01 02:00:00,13.832,25.267,671.87,562.09,629.34,1467.0,614.53,659.62
2024-11-01 03:00:00,13.589,24.693,628.39,567.55,627.2,1427.84,587.17,678.71
2024-11-01 04:00:00,14.185,22.996,653.81,564.07,651.88,1408.7,603.32,652.58
2024-11-01 05:00:00,14.374,25.76,668.54,547.44,696.14,1498.5,583.03,648.57
2024-11-01 06:00:00,13.857,24.105,610.65,608.29,659.34,1383.1,695.58,719.63
2024-11-01 07:00:00,12.929,21.862,,663.31,,1385.77,681.14,670.85
2024-11-01 08:00:00,12.355,25.359,760.88,665.04,704.69,1407.4,707.08,741.47
2024-11-01 09:00:00,13.925,22.65,599.01,631.28,638.96,1425.95,669.41,702.84
2024-11-01 10:00:00,12.824,25.471,674.36,646.31,785.92,1438.96,709.29,735.15
2024-11-01 11:00:00,14.491,24.192,637.23,573.81,640.29,1307.38,518.9,622.96
2024-11-01 12:00:00,11.905,21.987,717.31,622.33,703.22,,748.01,733.26
2024-11-01 13:00:00,13.477,22.257,598.13,632.17,745.52,1423.38,652.53,695.47
2024-11-01 14:00:00,11.496,24.095,738.77,825.57,750.57,1382.28,752.79,725.67
2024-11-01 15:00:00,12.454,21.934,759.64,713.1,707.3,1383.23,683.14,767.67
2024-11-01 16:00:00,12.563,20.665,760.1,664.99,692.67,1376.8,653.75,714.26
2024-11-01 17:00:00,10.279,23.608,774.26,743.44,,1459.11,747.19,839.09
2024-11-01 18:00:00,10.68,20.175,733.86,827.29,751.63,1452.83,788.24,777.25
2024-11-01 19:00:00,10.293,20.761,767.21,774.2,793.79,1388.45,756.75,800.86
2024-11-01 20:00:00,10.266,19.1,839.83,749.86,758.86,1332.27,743.48,803.17
2024-11-01 21:00:00,11.984,18.492,733.24,668.74,754.46,1303.85,808.44,737.99
2024-11-01 22:00:00,11.552,20.531,782.82,805.02,698.28,1407.16,701.78,808.86
2024-11-01 23:00:00,12.05,21.365,748.76,695.27,738.33,1307.39,675.46,755.71
2024-11-02 00:00:00,12.774,22.191,,683.65,681.53,1393.73,692.11,726.95
2024-11-02 01:00:00,11.163,20.569,714.87,732.75,,1426.82,724.97,763.95
2024-11-02 02:00:00,13.976,23.507,611.11,,727.0,1397.18,669.96,692.69
2024-11-02 03:00:00,12.925,22.091,659.68,640.46,748.11,1422.45,680.49,693.16
2024-11-02 04:00:00,13.83,24.094,621.31,672.46,674.95,1342.79,629.17,692.73
2024-11-02 05:00:00,14.028,24.643,618.47,608.25,665.4,1452.51,645.17,674.18
2024-11-02 06:00:00,14.677,23.073,622.46,510.01,627.33,1383.24,591.5,594.75
2024-11-02 07:00:00,13.464,22.28,658.75,645.45,631.36,1363.06,605.03,705.28
2024-11-02 08:00:00,11.736,25.047,786.71,722.04,796.05,1435.5,742.05,
2024-11-02 09:00:00,13.298,23.881,677.73,658.54,602.7,1462.56,603.63,781.25
2024-11-02 10:00:00,13.171,22.559,645.13,632.74,672.98,1363.16,602.28,711.88
2024-11-02 11:00:00,11.9,23.613,737.07,692.59,812.07,1399.95,691.38,775.47
2024-11-02 12:00:00,12.542,21.389,639.24,710.95,639.14,1423.7,,662.86
2024-11-02 13:00:00,11.83,19.983,636.26,781.17,746.99,1367.92,707.02,804.16
2024-11-02 14:00:00,10.761,18.999,779.81,680.42,791.51,,641.3,741.66
2024-11-02 15:00:00,12.13,19.613,738.07,,689.59,1317.59,670.93,652.99
2024-11-02 16:00:00,10.957,20.306,757.87,728.13,716.11,1343.84,684.89,782.86
2024-11-02 17:00:00,10.968,20.803,743.43,714.23,691.7,1436.82,767.31,714.08
2024-11-02 18:00:00,10.887,19.05,705.55,662.93,735.72,,723.77,776.61
2024-11-02 19:00:00,12.291,20.501,740.16,699.73,679.24,1361.61,674.26,713.58
2024-11-02 20:00:00,11.394,18.942,748.35,705.63,,1335.47,677.77,691.52
2024-11-02 21:00:00,11.685,18.533,727.11,687.9,765.72,1329.77,725.66,725.41
2024-11-02 22:00:00,11.521,18.272,722.55,764.91,,1308.11,654.69,748.33
2024-11-02 23:00:00,12.537,19.668,668.15,652.66,,1355.87,655.6,748.75
2024-11-03 00:00:00,13.56,19.224,596.79,,619.16,1302.72,595.23,632.7
2024-11-03 01:00:00,13.313,23.629,675.92,588.29,712.11,1392.65,710.7,734.29
2024-11-03 02:00:00,13.636,22.18,626.66,583.88,677.5,1388.8,550.93,705.62
2024-11-03 03:00:00,13.823,21.906,620.68,668.03,703.32,1409.81,672.53,651.5
2024-11-03 04:00:00,12.427,24.357,770.77,714.43,661.12,1466.83,679.22,717.38
2024-11-03 05:00:00,12.952,20.881,669.61,703.95,656.65,1340.88,643.51,661.92
2024-11-03 06:00:00,13.531,22.299,565.09,592.53,712.38,1371.93,676.1,685.49
2024-11-03 07:00:00,13.075,24.747,664.31,672.04,677.93,1377.45,696.26,695.58
2024-11-03 08:00:00,12.685,21.927,653.03,711.31,688.47,1401.38,677.16,707.9
2024-11-03 09:00:00,11.85,24.67,732.56,743.08,774.63,1464.7,741.82,781.82
2024-11-03 10:00:00,12.022,22.214,,767.17,719.2,1396.34,635.23,774.38
2024-11-03 11:00:00,12.605,22.308,708.59,690.75,714.71,1428.44,632.6,725.62
2024-11-03 12:00:00,12.444,21.776,687.86,681.23,708.26,1364.82,700.91,695.94
2024-11-03 13:00:00,11.555,19.61,710.66,625.02,720.53,1357.64,673.98,719.42
2024-11-03 14:00:00,11.963,18.49,709.94,712.43,655.65,1294.75,,684.25
2024-11-03 15:00:00,11.303,18.474,730.13,751.82,717.95,1333.28,705.86,794.5
2024-11-03 16:00:00,12.331,17.061,677.34,718.84,714.46,1284.85,617.0,697.62
2024-11-03 17:00:00,11.208,17.917,726.42,698.98,724.49,1346.55,,786.16
2024-11-03 18:00:00,11.852,17.873,706.02,698.04,734.9,,720.92,774.84
2024-11-03 19:00:00,11.497,19.924,743.2,659.35,724.81,1396.94,712.09,711.91
2024-11-03 20:00:00,10.331,18.759,780.46,708.51,792.68,1302.55,826.01,852.9
2024-11-03 21:00:00,11.568,21.15,773.12,,716.8,1399.33,662.3,787.73
2024-11-03 22:00:00,10.898,16.087,719.59,790.44,689.72,1216.4,695.44,780.72
2024-11-03 23:00:00,12.087,17.65,703.83,739.09,740.65,1309.57,653.05,740.94
2024-11-04 00:00:00,11.885,19.151,796.68,719.15,673.87,1378.01,685.63,
2024-11-04 01:00:00,13.094,21.836,667.66,729.73,659.36,1372.16,642.76,699.61
2024-11-04 02:00:00,12.0,20.345,711.34,683.76,722.7,,729.39,699.57
2024-11-04 03:00:00,13.33,19.078,601.56,663.08,588.23,1292.75,712.75,672.76
2024-11-04 04:00:00,13.963,20.813,599.02,545.81,624.03,1350.79,625.8,599.11
2024-11-04 05:00:00,14.347,19.818,597.55,448.97,599.36,1297.65,580.38,595.97
2024-11-04 06:00:00,13.046,19.6,679.91,624.45,666.64,1380.13,699.64,650.32
2024-11-04 07:00:00,13.625,23.552,674.91,620.07,666.72,1373.76,637.32,664.83
2024-11-04 08:00:00,13.633,20.48,649.41,624.63,639.64,1314.48,620.07,650.39
2024-11-04 09:00:00,14.528,20.741,624.9,560.12,617.32,1374.43,585.6,
2024-11-04 10:00:00,11.851,19.956,681.19,720.17,787.02,1319.69,714.74,713.88
2024-11-04 11:00:00,12.011,19.231,723.02,,814.26,1317.47,726.98,728.83
2024-11-04 12:00:00,14.667,17.955,577.98,581.05,624.67,1300.85,474.28,551.26
2024-11-04 13:00:00,11.888,18.022,710.22,667.44,700.01,1328.82,,705.64
2024-11-04 14:00:00,10.298,18.265,759.16,672.46,732.68,1323.91,770.87,800.67
2024-11-04 15:00:00,11.089,19.097,711.15,696.93,717.54,1347.64,724.92,701.16
2024-11-04 16:00:00,9.142,18.162,763.23,,789.54,1406.66,835.58,803.48
2024-11-04 17:00:00,11.422,15.31,724.81,692.58,763.35,1248.55,733.35,730.53
2024-11-04 18:00:00,11.829,17.839,725.02,727.6,671.62,1319.55,672.92,761.48
2024-11-04 19:00:00,10.484,17.239,755.66,,773.93,1315.74,,828.08
2024-11-04 20:00:00,10.949,16.067,736.07,735.16,,1328.24,749.63,770.1
2024-11-04 21:00:00,12.246,17.301,661.69,674.48,736.46,1267.66,666.77,
2024-11-04 22:00:00,10.347,18.131,787.01,743.89,752.36,1321.7,726.97,855.54
2024-11-04 23:00:00,10.97,17.931,746.22,831.07,714.24,1321.44,738.25,777.88
2024-11-05 00:00:00,12.146,18.916,685.78,649.6,679.62,1314.32,738.8,698.4
2024-11-05 01:00:00,12.028,17.769,728.93,735.18,779.75,1328.67,676.45,710.47
2024-11-05 02:00:00,12.674,21.626,709.81,702.3,701.35,1397.89,,713.7
2024-11-05 03:00:00,12.137,17.282,,708.02,745.78,1318.21,768.66,730.81
2024-11-05 04:00:00,13.5,20.556,646.29,617.81,679.58,1293.8,541.27,615.48
2024-11-05 05:00:00,13.318,20.45,618.98,572.72,697.04,1337.31,665.44,668.26
2024-11-05 06:00:00,13.907,20.797,631.45,555.59,634.13,1338.27,574.26,663.38
2024-11-05 07:00:00,13.576,19.055,523.95,583.05,648.85,1284.4,589.88,670.03
2024-11-05 08:00:00,13.45,21.056,656.04,641.55,625.12,1329.94,617.7,675.83
2024-11-05 09:00:00,11.925,19.153,734.25,735.24,675.78,1394.97,666.24,692.99
2024-11-05 10:00:00,13.216,17.393,639.61,640.7,648.74,1317.78,648.72,663.3
2024-11-05 11:00:00,12.256,16.968,644.22,686.87,679.26,1261.98,623.13,673.05
2024-11-05 12:00:00,12.064,17.861,765.91,730.5,699.56,1336.37,713.58,679.76
2024-11-05 13:00:00,12.713,15.226,697.15,564.28,698.78,1278.56,682.2,732.25
2024-11-05 14:00:00,10.997,18.768,728.21,654.99,827.31,1322.59,674.01,704.7
2024-11-05 15:00:00,12.391,17.399,671.76,608.97,649.05,1319.1,608.5,702.53
2024-11-05 16:00:00,12.262,17.963,619.84,716.16,714.58,1302.24,653.14,733.64
2024-11-05 17:00:00,11.575,17.584,733.89,631.74,697.39,1263.31,745.09,767.19
2024-11-05 18:00:00,10.134,14.976,715.0,769.42,687.32,1273.92,727.47,783.55
2024-11-05 19:00:00,9.196,14.371,810.49,762.41,875.84,1251.78,788.93,795.26
2024-11-05 20:00:00,11.914,12.349,715.09,685.95,,1201.21,611.5,727.84
2024-11-05 21:00:00,11.316,15.341,715.7,,703.16,1296.15,675.89,733.55
2024-11-05 22:00:00,10.865,18.309,712.8,757.98,788.75,1354.91,698.6,807.34
2024-11-05 23:00:00,12.675,15.627,703.94,635.09,770.94,1280.59,614.35,718.32
2024-11-06 00:00:00,11.342,16.835,723.9,749.45,739.28,1316.82,707.75,734.37
2024-11-06 01:00:00,11.987,16.887,699.69,748.27,809.67,1268.84,688.83,756.48
2024-11-06 02:00:00,13.02,18.433,,692.13,,1291.66,650.91,636.75
2024-11-06 03:00:00,11.942,19.889,718.66,686.49,764.17,1390.33,649.84,762.06
2024-11-06 04:00:00,12.92,16.765,647.12,607.16,632.89,1340.32,690.46,611.01
2024-11-06 05:00:00,13.982,17.143,,594.31,593.18,1279.38,575.15,665.04
2024-11-06 06:00:00,13.304,20.562,700.56,712.0,685.71,1359.24,678.57,758.92
2024-11-06 07:00:00,14.076,19.538,674.49,586.49,691.84,1385.26,620.51,644.9
2024-11-06 08:00:00,13.848,18.096,652.84,630.15,616.66,1285.87,620.3,648.77
2024-11-06 09:00:00,12.739,20.087,707.79,692.45,731.73,1354.12,712.12,757.33
2024-11-06 10:00:00,10.598,15.935,811.74,783.83,763.95,1280.65,712.26,761.78
2024-11-06 11:00:00,11.275,18.158,695.89,779.21,725.36,1269.03,741.15,
2024-11-06 12:00:00,12.442,16.39,637.0,612.59,714.44,1268.64,562.9,701.54
2024-11-06 13:00:00,10.263,16.632,751.26,730.99,729.84,1327.92,767.9,751.5
2024-11-06 14:00:00,10.934,12.506,731.59,729.29,761.4,1187.58,731.43,727.01
2024-11-06 15:00:00,11.199,14.593,709.45,770.45,710.82,1284.41,679.1,697.56
2024-11-06 16:00:00,11.894,15.422,658.17,739.07,730.31,1237.08,685.72,760.7
2024-11-06 17:00:00,10.12,14.212,760.17,766.25,763.44,1256.0,686.03,787.71
2024-11-06 18:00:00,10.005,15.677,767.09,816.78,769.81,1296.13,720.79,771.61
2024-11-06 19:00:00,10.5,15.655,781.93,739.57,608.43,1268.79,,786.48
2024-11-06 20:00:00,10.923,13.189,726.25,,698.97,1248.27,667.15,733.81
2024-11-06 21:00:00,10.689,15.596,678.17,694.66,702.23,1289.95,810.33,810.55
2024-11-06 22:00:00,11.881,13.781,700.56,680.2,,1248.62,695.95,717.23
2024-11-06 23:00:00,10.671,15.47,800.34,734.39,734.25,1335.46,732.24,
2024-11-07 00:00:00,11.697,16.661,708.98,743.53,643.96,1276.05,703.78,706.18
2024-11-07 01:00:00,12.247,15.34,712.57,694.53,710.11,1284.28,679.52,701.57
2024-11-07 02:00:00,11.84,17.72,688.91,701.73,707.8,1295.51,648.62,761.41
2024-11-07 03:00:00,13.059,16.535,666.63,636.13,659.1,1281.49,648.94,673.91
2024-11-07 04:00:00,12.676,16.714,638.99,637.47,696.83,1318.18,664.16,609.74
2024-11-07 05:00:00,13.287,18.411,636.17,556.3,673.55,1341.61,603.15,659.3
2024-11-07 06:00:00,12.83,16.58,649.12,598.57,755.34,1271.06,659.41,644.14
2024-11-07 07:00:00,12.913,16.403,669.57,672.47,704.82,1307.95,626.73,712.95
2024-11-07 08:00:00,11.965,18.469,675.68,690.06,717.17,1338.5,709.56,748.48
2024-11-07 09:00:00,11.753,16.985,655.74,649.14,727.77,,739.69,758.33
2024-11-07 10:00:00,12.967,14.648,,687.66,645.76,1256.72,625.72,631.6
2024-11-07 11:00:00,12.184,16.89,702.96,747.81,676.89,1298.12,744.39,677.63
2024-11-07 12:00:00,10.524,14.811,751.7,801.03,782.35,1255.1,723.12,717.89
2024-11-07 13:00:00,11.153,13.051,747.29,735.73,781.84,1238.16,665.3,715.44
2024-11-07 14:00:00,8.797,11.197,776.97,813.53,763.51,1274.1,789.56,786.68
2024-11-07 15:00:00,9.965,14.83,777.55,774.61,785.3,1268.58,721.34,812.2
2024-11-07 16:00:00,10.979,12.35,706.37,731.35,678.12,1328.86,726.23,719.35
2024-11-07 17:00:00,9.967,11.643,744.27,791.13,772.03,1207.32,703.88,729.36
2024-11-07 18:00:00,10.097,13.79,770.77,796.02,714.24,1293.5,779.19,801.31
2024-11-07 19:00:00,7.607,14.012,909.4,866.79,823.13,1247.62,819.32,806.86
2024-11-07 20:00:00,9.802,12.255,786.68,642.03,770.88,1254.7,822.66,
2024-11-07 21:00:00,10.553,14.568,764.75,796.88,798.45,1226.66,797.05,845.09
2024-11-07 22:00:00,10.879,16.308,767.57,749.32,655.14,1330.84,771.37,740.29
2024-11-07 23:00:00,11.541,15.896,629.01,654.42,783.16,1289.84,661.17,642.83
2024-11-08 00:00:00,10.889,16.183,750.69,748.41,791.53,1331.63,697.67,761.6
2024-11-08 01:00:00,11.211,15.604,755.63,735.82,748.34,,717.5,752.5
2024-11-08 02:00:00,10.542,15.134,751.47,690.18,733.6,1292.81,762.06,760.67
2024-11-08 03:00:00,11.667,15.97,704.62,677.08,756.43,,693.4,753.1
2024-11-08 04:00:00,10.987,16.841,705.61,693.68,820.06,1330.66,720.11,753.77
2024-11-08 05:00:00,10.613,14.96,,710.41,732.04,1256.25,757.47,724.98
2024-11-08 06:00:00,11.238,15.571,693.29,745.12,786.12,1291.11,766.37,707.43
2024-11-08 07:00:00,13.247,14.67,664.8,593.46,685.64,1229.83,683.27,632.34
2024-11-08 08:00:00,11.677,16.424,760.3,707.38,766.29,1302.74,761.56,716.26
2024-11-08 09:00:00,11.853,15.882,765.45,722.87,737.25,1234.72,617.53,698.38
2024-11-08 10:00:00,10.992,14.543,698.23,713.45,728.94,1315.53,604.44,738.83
2024-11-08 11:00:00,9.655,15.787,757.32,819.52,725.79,1288.78,798.3,756.41
2024-11-08 12:00:00,11.499,12.991,673.66,,681.27,1251.68,729.61,770.35
2024-11-08 13:00:00,8.675,12.858,759.31,844.82,811.6,1227.2,829.28,787.95
2024-11-08 14:00:00,9.653,14.1,738.08,807.4,757.87,1226.7,803.9,750.01
2024-11-08 15:00:00,9.778,13.823,750.38,812.76,681.61,1290.71,802.56,788.0
2024-11-08 16:00:00,9.788,11.396,787.82,786.76,723.21,1246.29,752.76,746.24
2024-11-08 17:00:00,8.876,12.39,762.11,837.1,728.81,1277.56,798.57,783.06
2024-11-08 18:00:00,7.919,11.07,844.95,782.86,801.94,1246.65,833.4,820.37
2024-11-08 19:00:00,8.762,11.797,835.62,802.04,811.17,1277.64,812.95,798.78
2024-11-08 20:00:00,8.896,12.367,796.54,818.11,784.06,1261.77,772.49,752.95
2024-11-08 21:00:00,9.04,13.147,829.07,797.17,713.37,1236.67,742.75,816.73
2024-11-08 22:00:00,10.655,13.232,687.9,842.36,716.52,1323.44,669.18,742.13
2024-11-08 23:00:00,9.17,13.623,765.01,789.77,731.34,1246.83,764.73,775.94
2024-11-09 00:00:00,10.664,12.481,738.43,668.3,722.35,1262.99,677.27,791.59
2024-11-09 01:00:00,10.833,14.722,743.02,740.89,766.9,1291.08,724.86,765.69
2024-11-09 02:00:00,11.736,15.363,750.48,730.73,710.32,1308.75,719.66,681.26
2024-11-09 03:00:00,11.081,15.906,695.49,695.8,734.23,1291.75,732.2,726.86
2024-11-09 04:00:00,11.983,14.498,667.05,681.28,758.64,1268.37,671.31,683.4
2024-11-09 05:00:00,11.304,16.624,721.48,719.4,691.41,1286.04,734.02,771.44
2024-11-09 06:00:00,11.802,13.978,673.23,687.81,743.31,,643.16,682.16
2024-11-09 07:00:00,10.182,14.938,724.55,743.82,745.1,1248.61,783.94,754.14
2024-11-09 08:00:00,9.126,14.89,774.81,846.53,888.99,1333.12,795.2,767.65
2024-11-09 09:00:00,11.319,13.354,700.52,798.5,722.25,1316.34,677.27,746.01
2024-11-09 10:00:00,11.084,14.071,772.73,691.49,647.11,1294.54,743.87,726.32
2024-11-09 11:00:00,10.802,14.17,698.26,686.18,717.24,1204.35,607.93,712.16
2024-11-09 12:00:00,9.662,11.162,788.24,756.82,696.77,1207.67,,700.84
2024-11-09 13:00:00,10.934,12.329,764.9,783.15,807.95,1261.36,695.51,719.71
2024-11-09 14:00:00,9.055,10.19,754.36,780.48,729.36,1177.46,741.48,749.93
2024-11-09 15:00:00,9.482,14.291,787.9,804.09,824.1,1240.98,753.13,777.8
2024-11-09 16:00:00,9.401,11.747,789.78,747.91,799.51,1240.39,785.39,
2024-11-09 17:00:00,10.151,11.411,760.66,829.79,689.97,1209.61,726.93,802.94
2024-11-09 18:00:00,8.452,11.44,797.69,802.03,716.6,1222.26,840.04,768.86
2024-11-09 19:00:00,8.195,11.924,780.45,833.52,830.8,1207.19,751.13,777.62
2024-11-09 20:00:00,7.609,12.542,846.57,812.3,792.38,1315.71,827.49,830.32
2024-11-09 21:00:00,10.21,9.779,723.72,715.44,728.44,1164.66,692.56,762.28
2024-11-09 22:00:00,9.524,13.612,775.57,785.91,773.42,1255.91,823.67,811.89
2024-11-09 23:00:00,9.809,13.988,774.44,782.23,639.02,1285.89,783.87,832.79
2024-11-10 00:00:00,12.221,12.902,698.18,700.54,671.04,1219.71,615.94,684.89
2024-11-10 01:00:00,10.268,13.329,818.17,691.86,793.57,1242.88,768.6,756.52
2024-11-10 02:00:00,9.226,10.202,,747.34,680.84,1237.98,810.88,755.54
2024-11-10 03:00:00,10.33,12.819,747.98,727.77,774.95,1258.45,732.27,726.83
2024-11-10 04:00:00,9.867,15.225,720.28,784.73,757.81,1304.81,764.29,798.98
2024-11-10 05:00:00,10.42,16.216,809.89,716.4,708.63,1294.96,762.78,
2024-11-10 06:00:00,10.425,15.691,757.01,755.95,767.88,1258.72,746.19,771.85
2024-11-10 07:00:00,10.207,14.632,748.3,740.08,753.7,1315.69,797.23,837.59
2024-11-10 08:00:00,9.412,16.808,793.94,793.83,843.81,1305.5,794.5,848.52
2024-11-10 09:00:00,11.579,15.36,710.74,674.26,687.91,1237.77,712.65,650.33
2024-11-10 10:00:00,10.266,13.242,724.79,718.76,799.11,1244.69,766.84,782.64
2024-11-10 11:00:00,9.526,15.826,826.06,804.04,776.86,1306.46,790.0,731.21
2024-11-10 12:00:00,9.972,11.35,774.43,809.47,761.27,1182.09,749.58,782.92
2024-11-10 13:00:00,9.402,10.358,790.81,812.76,736.55,1197.7,747.54,750.81
2024-11-10 14:00:00,8.926,11.113,756.29,842.23,726.55,1228.02,789.98,788.34
2024-11-10 15:00:00,8.974,10.271,749.25,842.84,800.78,1174.21,787.57,752.79
2024-11-10 16:00:00,8.312,10.403,790.1,808.8,775.79,1253.99,807.92,817.03
2024-11-10 17:00:00,8.591,11.577,819.55,884.66,763.66,1200.52,722.93,869.8
2024-11-10 18:00:00,8.586,10.488,804.36,836.97,813.43,1239.46,805.44,872.95
2024-11-10 19:00:00,8.124,10.566,772.86,783.74,846.06,1229.68,811.63,776.66
2024-11-10 20:00:00,7.907,10.826,830.7,802.72,767.46,1307.75,831.7,809.09
2024-11-10 21:00:00,9.467,8.278,718.14,777.91,807.3,1175.0,701.44,788.11
2024-11-10 22:00:00,8.079,9.628,773.97,855.59,746.23,1166.53,793.58,805.53
2024-11-10 23:00:00,9.033,11.447,784.11,786.13,775.08,1195.69,789.57,768.5
2024-11-11 00:00:00,9.331,11.396,729.01,746.75,794.92,1220.87,772.24,808.89
2024-11-11 01:00:00,8.792,12.628,756.92,838.15,633.9,1182.07,814.59,785.05
2024-11-11 02:00:00,8.893,15.056,853.08,765.93,748.35,1259.3,791.13,823.22
2024-11-11 03:00:00,9.474,13.678,824.1,800.03,749.82,1289.09,715.59,809.92
2024-11-11 04:00:00,9.523,12.481,849.65,784.42,771.27,1313.35,662.88,785.92
2024-11-11 05:00:00,8.84,13.298,808.09,,780.98,1265.56,749.59,776.3
2024-11-11 06:00:00,9.496,16.354,810.28,866.29,678.26,1286.58,745.53,802.36
2024-11-11 07:00:00,10.158,16.056,761.5,772.75,747.16,,799.29,803.75
2024-11-11 08:00:00,10.808,14.717,723.91,692.37,,1315.46,770.19,
2024-11-11 09:00:00,10.017,11.794,783.05,766.71,718.21,1218.51,782.46,770.65
2024-11-11 10:00:00,7.215,13.608,886.87,790.73,806.86,1305.94,835.64,867.86
2024-11-11 11:00:00,9.488,13.203,801.28,800.43,773.49,1300.92,707.14,812.64
2024-11-11 12:00:00,8.188,12.242,776.44,859.16,771.55,1264.76,784.56,809.85
2024-11-11 13:00:00,8.656,10.996,800.83,,773.61,1207.96,849.54,767.68
2024-11-11 14:00:00,7.962,10.749,778.48,831.37,764.79,1214.1,766.42,822.79
2024-11-11 15:00:00,7.54,9.99,802.46,812.32,807.45,1182.49,834.93,806.52
2024-11-11 16:00:00,7.392,9.053,871.04,848.89,737.08,,813.92,778.55
2024-11-11 17:00:00,7.306,11.855,786.81,909.4,806.48,1273.63,815.13,786.16
2024-11-11 18:00:00,8.328,11.195,873.1,837.13,733.16,1228.25,,815.04
2024-11-11 19:00:00,7.247,9.852,840.64,880.94,782.82,1173.68,857.2,778.32
2024-11-11 20:00:00,8.221,10.806,782.11,849.73,790.26,1238.98,735.03,848.91
2024-11-11 21:00:00,8.266,11.159,801.17,839.23,744.67,1267.8,,784.91
2024-11-11 22:00:00,8.266,13.907,787.17,771.14,,1278.87,728.06,765.91
2024-11-11 23:00:00,6.562,12.616,833.88,819.6,816.29,1272.1,842.63,910.46
2024-11-12 00:00:00,9.166,13.08,784.79,732.77,857.61,1306.23,800.77,785.94
2024-11-12 01:00:00,8.187,12.633,796.11,,807.05,1297.14,833.02,
2024-11-12 02:00:00,9.385,12.541,740.99,744.0,783.94,1267.04,784.1,750.54
2024-11-12 03:00:00,8.253,15.128,809.23,905.66,767.56,1349.01,805.8,
2024-11-12 04:00:00,8.244,14.563,768.68,801.59,696.06,1331.41,832.06,817.73
2024-11-12 05:00:00,10.864,12.978,681.6,736.02,697.26,1240.87,785.2,670.17
2024-11-12 06:00:00,8.529,14.58,761.94,811.07,726.29,1305.84,822.49,807.83
2024-11-12 07:00:00,10.141,14.967,821.14,777.26,766.54,1291.71,667.35,795.86
2024-11-12 08:00:00,9.169,11.242,788.05,793.11,772.2,1288.39,783.17,753.81
2024-11-12 09:00:00,8.518,12.328,817.82,764.16,790.92,1266.7,835.54,755.95
2024-11-12 10:00:00,8.541,13.452,801.78,,784.75,1284.46,804.3,801.37
2024-11-12 11:00:00,7.217,10.221,841.63,822.52,764.53,1282.4,797.36,891.09
2024-11-12 12:00:00,7.907,9.89,,798.1,752.73,1219.98,849.78,852.28
2024-11-12 13:00:00,6.713,11.165,856.56,856.43,836.48,1237.25,838.99,888.12
2024-11-12 14:00:00,6.944,11.594,895.15,894.93,899.52,1188.36,790.48,876.24
2024-11-12 15:00:00,7.723,11.234,813.0,811.57,805.48,1227.57,813.1,813.22
2024-11-12 16:00:00,6.967,12.168,860.64,867.23,833.93,1269.06,874.21,826.85
2024-11-12 17:00:00,5.429,10.167,898.37,922.87,924.29,1269.09,878.73,883.42
2024-11-12 18:00:00,7.227,9.553,788.01,857.67,797.26,1213.95,797.63,848.92
2024-11-12 19:00:00,6.552,8.499,836.27,,768.96,1174.69,860.49,793.35
2024-11-12 20:00:00,6.216,9.807,785.64,,839.52,1238.73,877.88,844.15
2024-11-12 21:00:00,7.409,11.436,819.45,852.28,873.59,1193.61,787.7,874.73
2024-11-12 22:00:00,6.899,11.906,830.65,828.37,856.69,1298.07,827.18,868.85
2024-11-12 23:00:00,6.361,11.805,843.14,811.45,840.44,1304.59,825.88,891.77
2024-11-13 00:00:00,9.055,12.663,769.19,779.73,691.31,1202.93,786.34,709.44
2024-11-13 01:00:00,7.845,14.059,841.52,820.37,743.99,1264.97,884.73,841.39
2024-11-13 02:00:00,8.056,13.103,782.4,949.93,812.69,1282.02,865.76,824.85
2024-11-13 03:00:00,8.018,15.072,888.43,877.7,795.64,1360.01,,794.41
2024-11-13 04:00:00,9.449,12.881,793.26,817.65,760.02,1254.71,708.51,795.45
2024-11-13 05:00:00,8.178,13.869,785.34,813.62,840.92,1295.95,811.77,863.18
2024-11-13 06:00:00,7.375,13.453,856.69,846.95,764.15,1290.78,823.89,832.39
2024-11-13 07:00:00,8.0,14.919,,941.62,783.79,1257.98,781.94,850.2
2024-11-13 08:00:00,9.457,12.556,784.61,759.59,812.5,1240.15,803.94,
2024-11-13 09:00:00,8.844,13.076,756.0,816.41,727.02,1241.87,822.96,811.35
2024-11-13 10:00:00,7.699,10.823,891.43,909.75,843.52,1240.29,814.28,753.01
2024-11-13 11:00:00,8.686,13.293,819.0,782.99,799.47,1249.3,785.46,778.59
2024-11-13 12:00:00,7.848,13.566,777.63,845.54,800.96,1282.38,782.98,804.72
2024-11-13 13:00:00,6.7,12.653,856.67,872.84,834.96,1272.6,862.73,847.47
2024-11-13 14:00:00,6.465,12.062,845.56,843.77,846.67,1266.32,881.15,824.07
2024-11-13 15:00:00,6.586,11.689,848.41,905.31,853.81,1289.75,871.54,876.49
2024-11-13 16:00:00,5.441,11.213,,864.93,765.55,1269.9,889.1,921.5
2024-11-13 17:00:00,5.964,10.921,864.05,922.95,890.12,1241.54,932.12,880.46
2024-11-13 18:00:00,6.141,10.941,828.2,903.51,843.09,1262.73,875.27,871.49
2024-11-13 19:00:00,4.56,9.418,882.48,968.27,910.74,1216.82,890.23,
2024-11-13 20:00:00,5.852,10.176,875.49,,854.3,1204.07,843.08,902.72
2024-11-13 21:00:00,5.927,10.83,846.11,908.42,929.03,1279.74,824.69,825.41
2024-11-13 22:00:00,7.215,10.769,816.28,892.48,776.12,1216.4,908.35,757.72
2024-11-13 23:00:00,5.181,9.788,907.67,857.2,917.39,1204.38,914.77,836.84
2024-11-14 00:00:00,6.638,10.716,811.27,,783.43,1285.36,,825.08
2024-11-14 01:00:00,6.843,13.005,824.22,893.3,850.18,1305.72,853.03,858.29
2024-11-14 02:00:00,8.262,14.312,769.17,861.48,845.03,1286.01,819.89,848.7
2024-11-14 03:00:00,7.683,13.665,797.57,850.56,811.54,1311.29,790.77,827.91
2024-11-14 04:00:00,9.321,17.305,801.39,840.43,709.64,1322.97,778.77,785.49
2024-11-14 05:00:00,8.51,13.098,823.04,802.48,793.42,1282.14,785.37,805.13
2024-11-14 06:00:00,7.669,14.82,803.74,899.73,797.66,1307.08,791.17,872.9
2024-11-14 07:00:00,8.125,15.783,844.88,834.46,,,838.76,828.68
2024-11-14 08:00:00,7.506,15.329,842.49,824.64,786.82,1323.66,974.55,831.39
2024-11-14 09:00:00,8.263,14.536,765.66,886.19,778.73,1261.95,761.5,857.4
2024-11-14 10:00:00,6.238,14.637,877.31,927.37,822.52,1296.45,,944.14
2024-11-14 11:00:00,6.332,12.955,902.79,868.22,826.15,1221.0,842.1,874.88
2024-11-14 12:00:00,7.023,14.385,,851.22,834.15,1292.96,857.59,829.78
2024-11-14 13:00:00,7.305,13.43,906.07,880.55,842.55,1290.93,898.28,816.49
2024-11-14 14:00:00,4.251,10.405,886.41,905.15,895.92,1210.0,849.04,961.4
2024-11-14 15:00:00,6.842,11.419,782.09,878.14,764.9,1262.23,797.22,868.31
2024-11-14 16:00:00,5.417,8.878,873.11,896.53,802.44,,861.21,881.08
2024-11-14 17:00:00,3.881,12.382,956.15,971.56,870.33,1274.16,934.24,946.15
2024-11-14 18:00:00,2.924,10.777,936.82,907.92,894.41,1267.63,930.67,932.37
2024-11-14 19:00:00,4.121,12.216,930.49,918.5,851.9,1286.27,915.13,949.02
2024-11-14 20:00:00,5.427,10.688,950.32,918.54,817.03,1255.94,914.76,913.4
2024-11-14 21:00:00,5.56,8.932,871.71,940.98,890.16,1166.55,825.1,869.55
2024-11-14 22:00:00,6.347,14.761,973.1,,861.8,1319.9,845.32,
2024-11-14 23:00:00,5.669,12.259,920.68,934.26,804.93,1295.7,851.51,874.05
2024-11-15 00:00:00,5.513,11.442,878.94,848.66,867.42,1248.44,925.17,878.13
2024-11-15 01:00:00,6.359,14.559,877.67,872.25,830.16,1303.95,853.74,909.11
2024-11-15 02:00:00,6.985,16.133,845.83,886.06,918.67,1291.28,833.59,898.81
2024-11-15 03:00:00,7.372,13.886,844.81,853.27,792.97,1316.82,824.68,853.22
2024-11-15 04:00:00,6.727,14.353,875.89,908.31,816.73,1266.45,856.94,877.07
2024-11-15 05:00:00,8.18,14.983,804.25,822.93,793.65,1336.61,863.25,831.06
2024-11-15 06:00:00,6.983,13.458,796.74,857.04,780.03,1352.22,861.17,768.01
2024-11-15 07:00:00,6.724,13.92,900.61,902.73,854.64,1281.78,927.3,840.26
2024-11-15 08:00:00,6.847,16.714,897.56,859.53,849.55,1322.89,841.82,869.46
2024-11-15 09:00:00,7.932,14.126,771.88,802.26,821.6,1285.21,852.18,834.03
2024-11-15 10:00:00,6.699,12.893,856.44,892.92,831.34,1308.31,904.67,793.8
2024-11-15 11:00:00,5.941,12.901,907.64,860.03,856.09,1257.27,825.82,915.33
2024-11-15 12:00:00,6.909,14.241,882.96,928.37,900.64,1236.58,796.46,824.8
2024-11-15 13:00:00,7.554,10.094,789.62,764.86,817.3,1255.07,797.59,835.6
2024-11-15 14:00:00,5.701,12.317,910.18,892.6,775.52,1276.69,947.24,869.27
2024-11-15 15:00:00,6.254,14.581,871.03,958.68,863.21,1305.47,877.53,892.41
2024-11-15 16:00:00,5.888,13.776,890.73,,903.44,1302.38,889.95,832.79
2024-11-15 17:00:00,4.438,11.856,876.91,939.91,781.4,1253.15,905.1,892.06
2024-11-15 18:00:00,4.886,12.711,751.4,975.94,823.79,1283.76,922.57,947.1
2024-11-15 19:00:00,3.863,12.798,902.22,995.78,922.92,1307.13,940.77,914.27
2024-11-15 20:00:00,4.829,11.31,914.47,909.75,907.09,1279.34,848.44,850.39
2024-11-15 21:00:00,4.666,12.92,900.29,958.13,886.33,1296.0,825.44,917.82
2024-11-15 22:00:00,5.078,14.402,925.39,896.26,895.71,1245.98,953.54,907.07
2024-11-15 23:00:00,5.074,11.254,,858.92,917.68,1252.0,801.44,871.8
2024-11-16 00:00:00,5.739,14.013,870.79,928.55,837.74,1307.49,864.9,914.95
2024-11-16 01:00:00,6.69,14.305,842.04,901.36,798.56,1307.66,834.34,844.97
2024-11-16 02:00:00,6.443,14.511,788.35,839.93,834.6,1296.41,856.0,846.06
2024-11-16 03:00:00,5.281,14.853,844.8,919.85,882.3,1383.55,898.36,928.02
2024-11-16 04:00:00,6.352,15.465,824.84,,865.83,1313.77,923.27,860.33
2024-11-16 05:00:00,5.839,15.8,907.09,892.1,899.2,1350.69,900.79,870.16
2024-11-16 06:00:00,7.277,16.866,840.93,850.28,908.08,1331.07,899.08,960.01
2024-11-16 07:00:00,7.429,16.063,825.56,890.08,,1343.45,825.05,885.61
2024-11-16 08:00:00,7.099,15.113,826.54,,780.16,1270.47,840.86,915.98
2024-11-16 09:00:00,6.06,14.036,846.23,847.73,819.36,,829.38,880.0
2024-11-16 10:00:00,6.625,14.099,890.26,948.91,844.31,1310.42,841.34,844.36
2024-11-16 11:00:00,5.75,14.534,887.68,929.41,923.01,1299.29,902.45,852.12
2024-11-16 12:00:00,4.892,12.892,935.73,967.97,900.97,1280.43,827.39,899.06
2024-11-16 13:00:00,6.073,14.394,797.95,923.16,816.03,1287.92,,817.85
2024-11-16 14:00:00,5.833,13.33,895.31,940.99,825.99,1282.17,828.91,812.1
2024-11-16 15:00:00,5.677,13.809,866.25,927.23,847.41,1302.09,857.21,873.9
2024-11-16 16:00:00,4.229,11.391,903.0,967.45,884.27,1253.91,957.96,904.25
2024-11-16 17:00:00,5.528,10.998,922.06,911.19,836.39,1275.35,839.84,866.79
2024-11-16 18:00:00,4.138,13.329,910.48,940.02,857.29,1373.06,897.7,947.57
2024-11-16 19:00:00,5.085,12.229,909.86,959.42,833.61,1272.29,925.24,873.91
2024-11-16 20:00:00,4.263,12.069,879.32,939.2,880.96,,924.69,
2024-11-16 21:00:00,4.673,13.508,911.2,945.7,890.94,1294.93,851.36,915.97
2024-11-16 22:00:00,3.154,13.917,898.63,1005.64,880.02,1321.7,947.82,948.38
2024-11-16 23:00:00,5.129,12.139,889.02,940.48,877.17,1299.74,879.27,854.96
2024-11-17 00:00:00,5.744,15.866,904.05,873.21,945.64,1317.93,890.53,971.38
2024-11-17 01:00:00,5.645,14.27,924.89,920.23,871.7,1290.54,892.32,
2024-11-17 02:00:00,7.658,17.326,814.92,816.09,842.97,1328.67,815.22,847.15
2024-11-17 03:00:00,5.563,14.141,869.37,921.56,806.67,1271.03,1005.16,932.43
2024-11-17 04:00:00,6.224,16.482,857.35,931.47,892.23,1293.0,865.39,909.62
2024-11-17 05:00:00,6.063,16.12,873.9,976.35,838.83,1343.78,897.63,925.35
2024-11-17 06:00:00,6.368,14.082,831.32,911.57,889.58,1258.65,790.83,851.64
2024-11-17 07:00:00,7.596,17.217,769.29,893.14,908.06,,817.28,903.43
2024-11-17 08:00:00,7.826,13.961,787.21,797.95,,1307.84,822.07,
2024-11-17 09:00:00,5.885,15.645,883.92,930.15,837.67,1306.6,837.62,828.0
2024-11-17 10:00:00,5.611,16.949,893.97,876.67,900.94,1394.08,883.53,901.24
2024-11-17 11:00:00,4.968,14.549,925.69,982.77,827.44,1299.77,917.1,892.92
2024-11-17 12:00:00,6.622,13.626,885.39,836.34,,1246.2,,883.14
2024-11-17 13:00:00,6.156,15.197,860.27,859.5,843.68,1311.37,850.58,
2024-11-17 14:00:00,4.88,13.499,848.62,964.54,873.77,1313.79,908.27,914.92
2024-11-17 15:00:00,3.593,12.943,951.75,1041.04,820.1,1327.83,968.61,919.28
2024-11-17 16:00:00,3.469,14.686,948.62,1025.38,938.81,1347.58,978.94,1004.44
2024-11-17 17:00:00,4.525,11.6,896.44,925.83,978.41,1325.15,910.55,
2024-11-17 18:00:00,4.783,12.426,944.72,894.66,856.16,1290.91,899.9,954.12
2024-11-17 19:00:00,2.726,14.131,983.02,988.03,871.83,1316.36,1027.72,1009.82
2024-11-17 20:00:00,4.238,11.858,919.01,954.99,917.1,1277.61,986.27,913.62
2024-11-17 21:00:00,5.976,15.831,889.64,903.16,827.17,1297.85,950.37,910.51
2024-11-17 22:00:00,4.752,13.9,939.23,,883.68,1337.02,921.07,941.92
2024-11-17 23:00:00,6.404,15.739,847.39,943.75,823.07,1290.25,861.6,879.64
2024-11-18 00:00:00,6.038,16.3,853.47,957.99,804.71,1313.77,887.16,924.87
2024-11-18 01:00:00,4.959,15.635,903.3,1013.61,900.02,1337.41,872.22,904.33
2024-11-18 02:00:00,5.879,15.772,845.13,842.76,836.68,1308.11,862.85,926.53
2024-11-18 03:00:00,6.256,16.756,878.64,867.72,794.86,1362.5,867.97,877.42
2024-11-18 04:00:00,5.786,18.028,902.52,928.97,892.57,1386.7,911.58,902.9
2024-11-18 05:00:00,5.89,16.237,885.74,910.43,988.58,1366.68,917.36,925.62
2024-11-18 06:00:00,7.91,16.092,818.28,827.17,,1343.51,881.56,801.47
2024-11-18 07:00:00,5.881,19.297,960.04,885.47,883.38,1406.85,963.79,962.26
2024-11-18 08:00:00,7.404,16.482,879.78,822.61,960.34,1334.84,829.88,851.04
2024-11-18 09:00:00,6.001,17.519,887.42,991.59,798.51,1388.25,896.37,919.72
2024-11-18 10:00:00,6.08,16.486,887.2,847.82,888.91,1347.98,931.87,895.8
2024-11-18 11:00:00,6.26,16.105,,835.69,935.29,1381.7,883.21,906.25
2024-11-18 12:00:00,5.021,17.542,897.89,894.42,853.21,1402.32,877.8,914.45
2024-11-18 13:00:00,5.644,15.255,856.82,922.85,881.11,1321.17,929.94,912.79
2024-11-18 14:00:00,3.263,14.496,961.8,978.14,894.93,1370.35,,945.28
2024-11-18 15:00:00,5.004,14.235,918.42,949.11,863.93,1361.23,853.92,999.37
2024-11-18 16:00:00,2.488,13.686,989.02,983.17,952.79,1389.97,949.61,950.3
2024-11-18 17:00:00,4.163,13.336,952.43,960.32,819.32,1340.73,947.14,956.39
2024-11-18 18:00:00,4.988,13.522,875.54,934.33,832.39,1271.41,913.31,874.4
2024-11-18 19:00:00,4.845,16.235,868.1,1006.65,894.61,1324.72,901.1,890.28
2024-11-18 20:00:00,3.431,15.343,932.53,1057.41,848.35,1317.19,1051.9,980.03
2024-11-18 21:00:00,3.727,14.443,961.01,968.04,894.53,1360.31,901.76,839.3
2024-11-18 22:00:00,4.362,16.5,899.83,994.1,842.15,1438.3,912.32,900.02
2024-11-18 23:00:00,5.355,13.95,825.16,927.0,806.72,1319.21,884.41,865.85
2024-11-19 00:00:00,3.894,18.073,957.36,1010.45,964.66,1395.44,903.98,980.95
2024-11-19 01:00:00,5.823,18.545,880.57,934.71,886.42,1402.3,885.36,903.25
2024-11-19 02:00:00,6.375,20.207,831.98,,868.97,1429.79,,854.03
2024-11-19 03:00:00,6.152,19.202,896.76,944.86,,1434.4,916.26,900.83
2024-11-19 04:00:00,6.994,18.882,855.63,899.84,869.21,,874.05,878.44
2024-11-19 05:00:00,6.877,20.158,936.83,895.89,845.75,1421.54,,907.75
2024-11-19 06:00:00,6.31,17.976,887.33,943.73,835.78,1397.63,931.45,837.97
2024-11-19 07:00:00,5.158,18.236,938.15,934.26,940.44,1394.57,916.73,927.72
2024-11-19 08:00:00,6.699,18.485,875.0,868.04,835.02,1332.25,,893.42
2024-11-19 09:00:00,5.645,19.938,890.76,867.02,950.51,1357.23,895.28,937.17
2024-11-19 10:00:00,5.702,16.906,879.36,935.28,852.84,1317.28,926.05,925.48
2024-11-19 11:00:00,6.264,16.348,916.0,926.28,891.09,,846.68,901.12
2024-11-19 12:00:00,6.71,17.32,896.22,818.27,864.99,1405.3,873.21,914.05
2024-11-19 13:00:00,5.242,17.431,859.56,910.0,913.66,1338.82,882.95,962.02
2024-11-19 14:00:00,5.433,15.296,853.01,952.07,885.91,1356.29,866.11,861.4
2024-11-19 15:00:00,3.593,16.582,912.27,979.04,954.95,1308.66,960.58,970.88
2024-11-19 16:00:00,4.761,17.153,960.98,951.31,961.18,1352.08,965.5,955.28
2024-11-19 17:00:00,4.404,16.804,871.7,995.98,869.73,1378.32,913.43,
2024-11-19 18:00:00,5.403,15.771,927.22,920.1,939.61,1365.84,950.0,894.55
2024-11-19 19:00:00,4.036,15.359,950.05,982.3,895.11,1323.88,934.74,1021.77
2024-11-19 20:00:00,4.403,17.802,941.96,919.27,836.15,1382.05,,939.82
2024-11-19 21:00:00,5.643,16.108,877.94,931.82,901.89,1342.71,860.94,939.27
2024-11-19 22:00:00,4.979,17.684,961.76,890.16,932.6,1338.43,924.23,970.15
2024-11-19 23:00:00,4.464,19.44,946.45,913.59,940.88,1445.72,945.35,1000.4
2024-11-20 00:00:00,7.713,18.663,797.48,839.05,823.3,1380.02,828.04,
2024-11-20 01:00:00,5.129,17.034,870.66,958.94,851.17,1341.65,875.84,930.33
2024-11-20 02:00:00,6.239,17.278,825.5,904.29,843.06,1359.17,798.38,898.2
2024-11-20 03:00:00,6.827,18.874,915.8,856.6,866.95,1418.11,858.28,886.95
2024-11-20 04:00:00,6.964,20.453,926.88,,853.8,1388.29,,902.82
2024-11-20 05:00:00,6.729,20.388,921.35,908.59,826.78,1378.66,933.97,900.67
2024-11-20 06:00:00,6.785,22.623,886.82,942.56,870.69,1419.74,887.71,907.26
2024-11-20 07:00:00,6.715,20.481,834.23,860.94,836.56,1486.98,921.21,855.65
2024-11-20 08:00:00,5.901,19.418,865.25,976.78,856.95,,876.65,940.94
2024-11-20 09:00:00,8.335,18.186,793.84,901.11,850.55,1331.31,786.38,822.74
2024-11-20 10:00:00,6.202,20.6,897.44,949.79,834.53,1424.56,777.8,922.69
2024-11-20 11:00:00,6.578,18.746,928.72,915.24,879.04,1392.41,865.23,878.45
2024-11-20 12:00:00,5.535,16.481,947.61,942.18,855.09,1354.11,939.1,872.85
2024-11-20 13:00:00,5.221,17.85,897.05,949.71,904.22,1362.41,833.47,898.9
2024-11-20 14:00:00,4.864,16.198,838.43,888.03,853.48,1310.8,915.02,960.26
2024-11-20 15:00:00,3.753,16.52,908.42,955.53,911.5,1345.57,979.38,909.62
2024-11-20 16:00:00,4.686,16.773,965.86,,863.62,1349.01,880.76,929.69
2024-11-20 17:00:00,4.383,15.531,935.27,915.12,912.41,1369.33,950.81,954.38
2024-11-20 18:00:00,5.619,16.016,882.3,975.65,796.42,1348.46,867.1,889.96
2024-11-20 19:00:00,3.779,15.829,930.53,996.57,912.23,1371.38,1012.37,932.97
2024-11-20 20:00:00,4.409,16.113,,1028.55,847.14,1320.98,886.64,924.96
2024-11-20 21:00:00,4.357,16.134,888.48,990.59,876.41,1348.02,969.02,916.55
2024-11-20 22:00:00,6.493,17.23,948.26,838.05,844.48,1389.81,792.21,844.2
2024-11-20 23:00:00,4.948,17.27,979.33,995.76,925.88,1333.04,954.17,925.9
2024-11-21 00:00:00,6.419,19.617,859.79,885.43,802.48,1452.47,877.44,841.36
2024-11-21 01:00:00,7.071,19.724,809.38,937.48,779.67,1401.86,882.29,882.37
2024-11-21 02:00:00,6.483,21.45,900.92,967.22,928.98,1453.67,830.01,942.2
2024-11-21 03:00:00,5.763,22.746,915.84,987.9,891.78,1406.19,900.46,940.24
2024-11-21 04:00:00,5.98,21.664,932.04,966.58,821.9,1463.79,935.47,942.66
2024-11-21 05:00:00,7.895,21.642,,879.62,831.33,1400.33,845.92,877.27
2024-11-21 06:00:00,6.256,22.111,863.37,915.72,870.84,1450.19,873.23,912.04
2024-11-21 07:00:00,7.554,21.765,911.24,,833.56,1395.44,914.44,879.87
2024-11-21 08:00:00,7.229,21.117,860.25,892.92,,1452.42,868.93,926.71
2024-11-21 09:00:00,7.266,20.755,891.23,864.35,787.85,1383.8,896.56,910.83
2024-11-21 10:00:00,7.11,19.201,,897.75,855.98,,805.42,900.23
2024-11-21 11:00:00,5.714,21.002,946.8,976.1,877.88,1443.21,902.3,974.82
2024-11-21 12:00:00,5.388,19.491,834.16,980.54,,1415.89,884.64,963.28
2024-11-21 13:00:00,6.448,20.8,918.9,862.63,916.13,1417.45,869.05,891.27
2024-11-21 14:00:00,5.101,19.727,896.82,989.15,947.38,,1013.39,918.09
2024-11-21 15:00:00,3.175,17.514,972.5,,1005.66,1388.15,1003.96,999.43
2024-11-21 16:00:00,5.722,19.494,951.08,911.57,808.62,1397.18,902.4,933.08
2024-11-21 17:00:00,4.273,14.775,898.74,924.62,912.6,1353.96,917.8,966.75
2024-11-21 18:00:00,5.454,20.146,884.35,993.12,931.15,1480.57,863.0,935.19
2024-11-21 19:00:00,6.254,16.341,865.39,960.04,833.86,1343.28,834.47,
2024-11-21 20:00:00,5.293,18.791,901.13,999.79,893.84,,941.12,971.58
2024-11-21 21:00:00,6.287,19.077,853.07,,928.56,1384.88,879.32,864.15
2024-11-21 22:00:00,5.882,20.376,910.73,914.53,880.84,1438.88,886.94,911.45
2024-11-21 23:00:00,7.338,19.165,866.31,874.96,902.37,1375.66,764.95,912.13
2024-11-22 00:00:00,5.549,17.552,919.81,985.18,879.69,1328.4,895.29,914.1
2024-11-22 01:00:00,6.724,20.3,854.41,928.05,888.0,1419.26,979.28,909.04
2024-11-22 02:00:00,7.579,20.961,829.08,861.41,890.78,1410.67,880.19,864.42
2024-11-22 03:00:00,7.157,19.228,861.97,885.13,806.66,1370.0,844.11,897.17
2024-11-22 04:00:00,8.443,22.107,834.49,874.69,855.48,1438.7,841.67,864.73
2024-11-22 05:00:00,7.317,21.01,861.76,908.79,838.27,1446.63,839.13,875.0
2024-11-22 06:00:00,9.381,23.196,796.97,886.63,872.07,,881.54,866.53
2024-11-22 07:00:00,9.404,22.101,827.7,873.65,801.66,,841.37,817.94
2024-11-22 08:00:00,7.834,24.598,838.36,923.0,852.51,1483.35,873.47,913.53
2024-11-22 09:00:00,7.881,21.667,852.55,832.23,813.75,1396.81,824.77,891.0
2024-11-22 10:00:00,8.166,22.124,840.18,826.93,842.77,1374.81,870.44,882.17
2024-11-22 11:00:00,5.996,20.916,905.06,881.24,913.43,1435.41,920.41,952.36
2024-11-22 12:00:00,5.608,18.753,948.84,943.72,890.97,1390.99,927.28,
2024-11-22 13:00:00,7.375,19.984,817.41,855.16,945.44,1379.3,879.95,843.04
2024-11-22 14:00:00,6.323,20.698,812.4,933.59,863.01,1404.21,889.61,888.29
2024-11-22 15:00:00,5.697,20.149,890.35,957.74,857.31,1382.02,847.49,917.88
2024-11-22 16:00:00,5.72,18.802,864.16,933.23,880.56,1400.68,908.7,900.5
2024-11-22 17:00:00,3.706,17.252,848.44,1019.45,940.26,1349.29,938.21,920.22
2024-11-22 18:00:00,5.445,19.751,,910.39,844.35,1403.73,864.19,900.63
2024-11-22 19:00:00,5.06,19.595,946.1,,961.33,1397.94,858.99,992.2
2024-11-22 20:00:00,6.54,20.348,911.79,874.72,864.17,1368.9,876.56,874.42
2024-11-22 21:00:00,6.817,19.37,866.3,924.69,934.16,1412.43,824.84,916.67
2024-11-22 22:00:00,6.755,18.136,887.2,963.08,913.65,1367.27,803.99,869.65
2024-11-22 23:00:00,6.924,21.325,867.3,952.83,,1499.96,911.46,906.04
2024-11-23 00:00:00,5.745,21.235,943.2,923.19,898.0,1410.41,955.14,918.67
2024-11-23 01:00:00,7.751,23.478,875.25,912.19,,1514.24,890.83,872.92
2024-11-23 02:00:00,8.096,22.368,852.69,803.94,822.22,1439.51,890.61,866.66
2024-11-23 03:00:00,8.862,22.737,835.54,897.99,787.16,1424.13,776.8,900.33
2024-11-23 04:00:00,9.777,23.653,863.98,830.64,768.46,1417.96,794.46,834.37
2024-11-23 05:00:00,6.873,22.679,895.46,931.3,891.84,1413.24,884.28,908.21
2024-11-23 06:00:00,7.983,22.732,822.73,787.87,867.12,1426.01,,890.57
2024-11-23 07:00:00,7.685,23.363,881.73,894.37,798.7,1436.88,865.25,944.34
2024-11-23 08:00:00,8.323,22.218,864.07,925.86,821.96,1420.72,776.35,860.02
2024-11-23 09:00:00,8.031,22.771,852.55,874.97,818.49,1423.65,826.57,861.67
2024-11-23 10:00:00,7.61,25.001,877.6,879.69,936.06,1515.93,874.82,885.24
2024-11-23 11:00:00,8.356,23.484,814.38,844.72,760.56,1423.29,826.88,885.54
2024-11-23 12:00:00,6.369,22.126,904.63,885.67,969.41,1424.92,922.74,887.94
2024-11-23 13:00:00,6.133,23.141,869.9,928.7,924.46,1459.7,925.39,894.98
2024-11-23 14:00:00,5.884,19.847,895.79,874.56,780.39,1385.34,968.92,904.82
2024-11-23 15:00:00,6.193,23.451,888.7,942.16,873.42,1500.69,928.65,939.84
2024-11-23 16:00:00,5.335,19.632,953.37,984.57,918.69,1382.79,963.44,901.66
2024-11-23 17:00:00,6.186,22.429,961.97,904.14,866.3,1444.31,874.53,964.64
2024-11-23 18:00:00,6.079,22.395,870.52,940.01,885.81,1442.33,963.27,
2024-11-23 19:00:00,5.65,17.999,902.63,922.64,978.97,1366.89,951.31,922.65
2024-11-23 20:00:00,7.125,22.102,869.08,906.09,852.79,1504.48,865.37,930.86
2024-11-23 21:00:00,6.597,20.357,903.14,938.38,828.19,1450.65,867.71,906.03
2024-11-23 22:00:00,7.771,20.468,857.89,881.32,884.54,1420.6,837.48,929.27
2024-11-23 23:00:00,7.082,22.299,868.49,926.69,813.77,1452.54,817.39,867.81
2024-11-24 00:00:00,7.557,21.015,866.25,894.09,,1472.25,822.41,824.41
2024-11-24 01:00:00,7.465,23.382,868.69,917.8,893.98,1454.87,888.22,
2024-11-24 02:00:00,8.227,22.169,905.03,867.9,921.18,1423.29,888.16,879.23
2024-11-24 03:00:00,9.079,23.961,805.84,846.61,851.31,1455.45,855.59,883.99
2024-11-24 04:00:00,8.399,25.705,869.51,888.01,849.97,1490.52,813.23,918.87
2024-11-24 05:00:00,9.291,24.802,849.3,826.2,832.2,1480.06,866.44,918.29
2024-11-24 06:00:00,8.296,24.01,871.12,876.57,942.76,1466.65,884.69,863.03
2024-11-24 07:00:00,9.541,25.058,815.2,786.22,831.49,1409.15,824.15,860.47
2024-11-24 08:00:00,8.378,22.556,894.8,779.06,834.0,1445.57,887.21,794.94
2024-11-24 09:00:00,9.362,22.953,748.06,824.97,818.83,1451.3,902.19,810.5
2024-11-24 10:00:00,8.509,23.063,807.24,816.92,862.61,1459.72,829.24,899.18
2024-11-24 11:00:00,9.417,24.075,847.89,900.07,810.6,,799.7,839.81
2024-11-24 12:00:00,6.995,23.134,857.43,865.46,835.95,1417.58,861.79,910.48
2024-11-24 13:00:00,6.456,22.804,869.0,944.28,862.28,1492.02,883.09,902.03
2024-11-24 14:00:00,6.884,21.679,868.46,868.17,836.86,1423.9,912.53,884.1
2024-11-24 15:00:00,6.05,20.385,874.84,918.42,880.48,1404.02,843.2,906.2
2024-11-24 16:00:00,5.89,22.83,940.12,,878.43,1444.96,857.43,984.56
2024-11-24 17:00:00,7.403,20.039,894.55,826.61,845.01,1415.72,873.83,930.26
2024-11-24 18:00:00,6.891,21.342,886.19,906.71,865.64,1455.58,872.23,881.84
2024-11-24 19:00:00,6.581,20.803,926.26,887.7,887.54,1433.11,927.03,
2024-11-24 20:00:00,6.804,21.844,839.25,929.24,836.38,1449.02,830.91,950.97
2024-11-24 21:00:00,6.857,20.789,884.22,944.62,941.3,1407.55,860.51,888.78
2024-11-24 22:00:00,8.933,23.223,881.56,771.79,885.64,1432.55,816.61,807.26
2024-11-24 23:00:00,7.343,24.125,917.14,931.09,899.11,1463.13,903.47,949.2
2024-11-25 00:00:00,7.215,24.208,937.2,853.3,910.91,1489.01,875.01,870.48
2024-11-25 01:00:00,9.25,23.753,807.25,811.95,780.96,1436.34,,801.26
2024-11-25 02:00:00,8.76,23.552,872.82,784.28,814.79,1469.91,846.87,880.43
2024-11-25 03:00:00,10.842,27.903,779.23,722.94,786.68,1531.35,778.2,808.67
2024-11-25 04:00:00,9.01,23.672,855.06,754.87,774.26,1473.35,804.74,901.85
2024-11-25 05:00:00,10.258,26.146,854.62,782.07,800.28,1475.17,747.08,798.18
2024-11-25 06:00:00,10.518,25.583,768.65,787.85,900.12,1448.9,817.93,811.1
2024-11-25 07:00:00,9.225,25.066,769.55,815.15,840.95,1477.4,811.37,857.1
2024-11-25 08:00:00,8.958,25.189,907.2,,907.86,1467.12,831.74,
2024-11-25 09:00:00,9.985,24.063,825.79,724.4,874.19,1434.37,818.44,809.32
2024-11-25 10:00:00,9.633,24.798,818.11,816.53,785.56,1460.81,,839.71
2024-11-25 11:00:00,7.786,24.208,865.26,905.04,867.81,1490.98,887.29,791.18
2024-11-25 12:00:00,7.731,26.548,809.62,892.15,863.79,1490.18,902.02,910.16
2024-11-25 13:00:00,6.325,24.125,918.78,994.7,940.03,1533.67,879.52,858.86
2024-11-25 14:00:00,8.571,23.001,824.94,843.2,860.54,1460.77,817.89,909.27
2024-11-25 15:00:00,7.667,22.681,869.21,885.3,930.69,1432.86,828.92,893.57
2024-11-25 16:00:00,7.587,23.902,876.19,878.09,878.04,1490.81,857.06,952.7
2024-11-25 17:00:00,6.274,20.353,777.69,879.03,916.07,1389.43,914.39,893.42
2024-11-25 18:00:00,6.738,21.252,904.11,891.56,848.14,1433.22,833.09,909.46
2024-11-25 19:00:00,7.306,19.272,868.77,907.57,789.1,1401.35,857.9,836.18
2024-11-25 20:00:00,7.301,22.451,887.92,918.83,896.45,,879.59,893.23
2024-11-25 21:00:00,8.154,23.137,849.38,872.78,857.79,1446.88,866.13,886.96
2024-11-25 22:00:00,8.806,21.359,831.27,895.58,849.39,1381.56,774.25,842.54
2024-11-25 23:00:00,10.475,24.778,800.54,803.2,861.15,1460.72,759.02,847.05
2024-11-26 00:00:00,8.984,22.73,840.33,843.77,843.53,1473.8,818.25,820.33
2024-11-26 01:00:00,10.233,23.718,815.36,852.08,838.42,1424.35,755.71,891.93
2024-11-26 02:00:00,8.997,24.773,849.46,,,1452.66,768.56,
2024-11-26 03:00:00,8.6,26.974,925.32,912.84,855.76,1509.44,893.78,843.96
2024-11-26 04:00:00,9.88,24.367,787.61,768.0,791.72,1476.48,788.16,838.52
2024-11-26 05:00:00,9.034,25.963,830.77,828.17,929.09,1462.06,822.44,852.24
2024-11-26 06:00:00,10.395,26.628,865.09,720.44,830.68,1476.8,,853.13
2024-11-26 07:00:00,9.748,26.329,820.11,827.09,842.91,1465.25,,799.07
2024-11-26 08:00:00,8.72,26.189,886.3,902.55,,1542.49,877.27,878.86
2024-11-26 09:00:00,11.512,26.074,762.97,703.16,783.12,1444.29,753.21,850.26
2024-11-26 10:00:00,9.475,24.095,815.15,807.77,838.66,1461.33,743.34,859.46
2024-11-26 11:00:00,8.336,26.318,899.54,853.34,825.36,1486.9,919.95,831.22
2024-11-26 12:00:00,10.084,23.655,821.84,789.21,838.77,1456.4,791.45,835.1
2024-11-26 13:00:00,8.503,22.992,791.7,804.97,831.66,1474.18,761.2,860.87
2024-11-26 14:00:00,9.699,24.433,824.46,814.44,728.79,1456.87,840.63,
2024-11-26 15:00:00,8.022,21.657,818.03,921.08,824.6,1448.22,,887.84
2024-11-26 16:00:00,8.015,22.493,901.28,840.96,892.02,1457.9,821.48,891.26
2024-11-26 17:00:00,8.634,21.053,894.36,846.08,790.86,1416.88,793.56,837.71
2024-11-26 18:00:00,8.822,24.887,910.56,851.24,946.72,1503.54,738.53,809.09
2024-11-26 19:00:00,9.033,24.713,850.79,819.25,859.19,1539.74,813.38,871.64
2024-11-26 20:00:00,8.497,22.02,825.03,855.3,931.12,,870.08,
2024-11-26 21:00:00,9.212,23.104,837.29,809.29,779.69,1394.38,814.22,877.54
2024-11-26 22:00:00,9.664,22.911,779.61,826.18,763.24,,781.0,803.45
2024-11-26 23:00:00,9.548,22.977,898.16,810.59,807.18,1434.36,780.28,931.03
2024-11-27 00:00:00,9.614,24.066,860.92,758.33,768.37,1395.34,792.44,808.22
2024-11-27 01:00:00,8.912,24.399,850.92,766.05,821.15,1463.26,783.38,874.59
2024-11-27 02:00:00,10.867,23.113,806.5,676.79,846.04,1381.1,773.85,730.48
2024-11-27 03:00:00,10.699,25.675,772.59,761.21,786.22,1479.42,806.08,882.24
2024-11-27 04:00:00,10.555,25.633,756.47,817.16,736.91,1487.03,814.3,793.26
2024-11-27 05:00:00,12.058,26.265,,685.13,766.28,1464.43,742.49,777.91
2024-11-27 06:00:00,9.964,25.871,820.35,798.9,878.72,1475.32,822.29,863.03
2024-11-27 07:00:00,12.41,25.469,,668.01,657.33,1428.93,684.6,774.93
2024-11-27 08:00:00,10.986,26.757,801.34,734.32,738.52,1493.58,788.24,832.09
2024-11-27 09:00:00,11.097,26.033,775.86,848.49,789.74,1440.06,770.52,800.69
2024-11-27 10:00:00,10.307,26.659,825.83,765.81,,1469.38,735.26,868.46
2024-11-27 11:00:00,9.029,25.099,,782.27,834.3,,808.51,868.97
2024-11-27 12:00:00,9.97,23.753,756.63,766.43,871.87,1437.01,811.83,777.93
2024-11-27 13:00:00,10.068,24.216,837.19,803.13,795.45,1440.94,805.51,803.15
2024-11-27 14:00:00,10.08,20.619,775.93,765.92,810.38,1418.72,,846.5
2024-11-27 15:00:00,9.161,25.107,854.58,843.6,,1477.01,814.63,889.79
2024-11-27 16:00:00,7.404,22.596,910.15,851.65,833.27,1432.98,854.93,841.91
2024-11-27 17:00:00,7.833,24.689,907.79,849.88,823.48,1501.68,,881.25
2024-11-27 18:00:00,10.696,20.957,773.22,735.32,815.1,1362.66,793.71,755.29
2024-11-27 19:00:00,8.25,20.727,848.53,844.54,838.07,1311.1,899.03,857.79
2024-11-27 20:00:00,10.414,22.706,818.71,809.87,801.07,,,801.91
2024-11-27 21:00:00,8.744,23.019,786.23,872.03,835.27,1408.62,747.15,
2024-11-27 22:00:00,9.622,23.403,782.6,868.62,812.42,1493.94,766.89,873.11
2024-11-27 23:00:00,10.585,23.701,775.61,,800.26,,769.15,812.81
2024-11-28 00:00:00,9.767,23.239,764.44,765.57,766.47,1383.39,848.58,817.67
2024-11-28 01:00:00,12.036,22.726,711.06,668.07,751.32,,758.18,770.74
2024-11-28 02:00:00,11.14,25.327,759.02,756.1,739.91,1474.37,802.16,808.1
2024-11-28 03:00:00,11.724,23.859,742.25,680.59,850.48,1476.46,701.49,742.42
2024-11-28 04:00:00,11.359,24.059,753.6,714.42,792.9,1464.68,730.39,755.15
2024-11-28 05:00:00,12.248,25.45,760.93,729.7,753.81,1482.29,741.62,749.75
2024-11-28 06:00:00,13.052,26.487,711.99,706.83,671.85,1422.3,581.56,701.46
2024-11-28 07:00:00,11.67,28.281,758.92,767.3,825.47,1534.69,717.86,760.21
2024-11-28 08:00:00,13.066,26.866,681.33,677.24,698.22,1459.76,729.11,754.91
2024-11-28 09:00:00,11.029,27.086,781.23,740.19,820.95,,781.27,865.02
2024-11-28 10:00:00,11.908,25.73,738.61,721.04,728.19,1474.95,717.7,829.82
2024-11-28 11:00:00,11.425,24.896,844.74,786.95,688.98,,749.26,782.52
2024-11-28 12:00:00,9.895,26.937,773.14,840.63,895.41,1463.97,888.9,868.47
2024-11-28 13:00:00,10.637,21.817,742.47,804.23,804.36,1424.94,777.4,
2024-11-28 14:00:00,10.209,22.417,756.21,827.15,780.74,1402.98,818.5,813.17
2024-11-28 15:00:00,9.298,22.088,828.48,805.62,900.92,1443.38,850.76,811.74
2024-11-28 16:00:00,10.102,23.235,809.24,821.22,804.14,1431.48,893.11,860.35
2024-11-28 17:00:00,9.838,20.778,777.97,782.31,848.95,1380.16,787.55,811.25
2024-11-28 18:00:00,9.648,22.79,843.77,833.44,745.19,1448.27,819.06,866.74
2024-11-28 19:00:00,9.718,22.627,822.66,855.98,797.44,1434.18,826.77,859.93
2024-11-28 20:00:00,9.846,23.096,841.08,866.37,798.47,1399.32,760.82,842.18
2024-11-28 21:00:00,9.84,23.38,851.82,829.06,770.99,1487.54,866.55,845.65
2024-11-28 22:00:00,10.519,24.674,717.72,798.38,762.5,1452.51,768.39,789.19
2024-11-28 23:00:00,10.207,23.239,821.52,847.17,808.01,1462.05,751.28,790.46
2024-11-29 00:00:00,13.183,24.438,631.56,616.44,692.86,1418.25,665.03,643.49
2024-11-29 01:00:00,10.265,23.422,804.97,847.63,792.73,1412.6,734.14,794.79
2024-11-29 02:00:00,11.239,23.617,756.1,751.65,747.62,1425.55,729.99,757.54
2024-11-29 03:00:00,11.575,27.292,759.99,746.8,820.02,1510.2,758.08,820.56
2024-11-29 04:00:00,13.826,24.503,604.87,598.93,622.57,1486.8,559.25,707.49
2024-11-29 05:00:00,11.282,26.431,805.58,705.88,785.27,1512.01,760.68,797.46
2024-11-29 06:00:00,12.743,26.351,660.21,738.54,708.96,1445.64,639.09,753.16
2024-11-29 07:00:00,12.584,27.04,741.92,706.11,715.56,1430.88,699.88,716.19
2024-11-29 08:00:00,12.556,23.424,650.53,665.78,627.54,1412.53,688.83,719.82
2024-11-29 09:00:00,13.111,26.148,687.09,673.93,710.73,1455.19,664.11,670.02
2024-11-29 10:00:00,12.869,24.577,754.85,654.38,687.48,1458.07,669.27,714.42
2024-11-29 11:00:00,11.269,23.427,839.19,,778.57,1467.33,787.57,777.27
2024-11-29 12:00:00,11.497,23.31,689.76,725.97,887.15,,655.75,731.74
2024-11-29 13:00:00,9.563,24.318,797.02,760.67,831.49,1489.73,805.14,869.35
2024-11-29 14:00:00,10.866,23.45,754.85,772.85,800.75,1426.85,780.42,776.19
2024-11-29 15:00:00,9.926,21.985,879.95,861.78,769.8,1442.19,858.28,757.45
2024-11-29 16:00:00,10.243,20.434,781.2,756.09,792.53,1394.94,750.91,773.7
2024-11-29 17:00:00,8.946,20.298,858.47,856.27,812.22,1453.86,813.16,859.79
2024-11-29 18:00:00,10.599,22.395,789.47,746.68,749.78,1423.72,820.74,748.64
2024-11-29 19:00:00,8.98,20.005,776.61,821.84,776.27,1382.65,803.42,840.9
2024-11-29 20:00:00,10.597,21.575,710.26,734.77,799.95,1425.19,804.02,769.43
2024-11-29 21:00:00,9.709,25.23,800.22,839.77,797.48,1522.22,842.36,823.73
2024-11-29 22:00:00,10.28,22.955,874.68,841.62,758.34,1454.87,833.1,789.78
2024-11-29 23:00:00,12.194,23.754,727.28,707.66,790.05,1435.29,,728.44
2024-11-30 00:00:00,12.071,22.084,753.03,722.53,794.33,1392.36,678.84,721.5
2024-11-30 01:00:00,12.851,22.379,632.97,683.51,662.82,1362.75,596.55,737.28
2024-11-30 02:00:00,13.489,25.265,654.86,627.34,736.98,1468.16,621.73,721.26
2024-11-30 03:00:00,11.892,24.36,761.47,769.19,680.48,,727.69,790.43
2024-11-30 04:00:00,13.92,26.401,613.0,596.93,641.55,1384.12,671.23,686.68
2024-11-30 05:00:00,11.687,25.338,745.19,667.01,711.24,1431.58,,772.03
2024-11-30 06:00:00,13.517,29.477,653.12,611.59,693.56,1529.63,677.76,727.65
2024-11-30 07:00:00,12.504,24.548,736.98,711.23,727.16,1417.62,650.54,753.54
2024-11-30 08:00:00,12.053,25.355,745.6,696.36,695.98,1469.56,636.12,762.26
2024-11-30 09:00:00,13.117,23.59,699.84,655.65,679.75,1377.69,703.31,702.41
2024-11-30 10:00:00,13.151,25.46,713.25,646.2,667.23,1415.59,686.41,749.81
2024-11-30 11:00:00,12.856,24.24,682.79,674.73,721.64,1388.03,704.09,720.12
2024-11-30 12:00:00,12.003,22.013,753.89,748.02,737.14,1389.88,642.87,750.35
2024-11-30 13:00:00,11.644,22.239,714.68,783.74,805.08,1401.74,692.72,794.25
2024-11-30 14:00:00,11.689,23.755,762.15,686.33,680.0,1392.22,688.27,831.09
2024-11-30 15:00:00,11.279,23.167,685.97,780.44,812.63,1391.96,725.72,
2024-11-30 16:00:00,11.295,19.62,712.17,739.59,792.71,1345.97,749.86,750.6
2024-11-30 17:00:00,10.923,20.529,,703.04,740.46,1369.23,778.85,808.09
2024-11-30 18:00:00,11.41,23.175,770.89,756.69,744.88,1398.28,756.97,789.69
2024-11-30 19:00:00,9.491,20.826,829.37,882.71,820.43,1416.82,,819.55
2024-11-30 20:00:00,10.824,21.415,736.84,729.65,813.64,1383.98,750.06,864.88
2024-11-30 21:00:00,10.029,22.714,763.02,787.97,717.8,1433.17,806.45,853.56
2024-11-30 22:00:00,11.621,20.265,718.17,653.68,717.26,1378.8,664.28,731.05
2024-11-30 23:00:00,13.019,21.186,667.26,645.2,706.91,1338.46,633.53,669.19
2024-12-01 00:00:00,11.652,22.411,802.78,729.27,750.25,1420.5,715.77,769.85
2024-12-01 01:00:00,12.459,24.729,746.54,768.4,730.88,1441.09,701.23,754.06
2024-12-01 02:00:00,13.266,24.956,679.0,610.79,631.18,1432.51,667.5,700.28
2024-12-01 03:00:00,11.27,24.977,765.76,787.56,754.37,1430.29,686.07,794.41
2024-12-01 04:00:00,12.712,24.23,723.79,686.97,700.94,1451.28,628.03,739.86
2024-12-01 05:00:00,13.555,25.918,619.95,725.09,656.05,1394.14,,696.66
2024-12-01 06:00:00,11.001,24.413,704.77,767.0,828.37,1444.27,784.63,800.28
2024-12-01 07:00:00,12.51,25.186,736.66,686.13,714.72,1418.38,655.32,708.5
2024-12-01 08:00:00,14.066,25.352,642.08,640.46,633.81,1413.57,590.11,714.19
2024-12-01 09:00:00,13.81,25.94,608.35,641.72,765.69,1397.92,563.96,658.49
2024-12-01 10:00:00,13.072,23.386,603.77,691.13,717.54,1382.65,682.41,752.72
2024-12-01 11:00:00,13.201,22.5,698.42,666.68,695.51,1353.04,643.81,735.98
2024-12-01 12:00:00,12.369,23.935,693.03,632.58,723.44,1377.96,763.77,728.32
2024-12-01 13:00:00,12.343,23.472,724.37,712.43,699.1,1430.72,582.45,786.47
2024-12-01 14:00:00,11.369,20.654,730.63,751.25,712.85,1354.66,674.39,773.54
2024-12-01 15:00:00,11.478,19.528,729.02,693.1,688.7,1348.34,730.91,731.1
2024-12-01 16:00:00,10.7,21.962,752.33,778.02,764.62,1418.25,827.86,813.94
2024-12-01 17:00:00,12.108,18.291,694.76,,644.18,1332.96,633.57,699.84
2024-12-01 18:00:00,12.285,18.122,709.09,688.68,738.05,1314.82,595.38,696.92
2024-12-01 19:00:00,12.223,19.861,689.79,714.19,683.84,1330.65,679.14,710.31
2024-12-01 20:00:00,10.923,20.347,745.23,789.78,798.15,1364.0,716.46,793.72
2024-12-01 21:00:00,10.688,19.23,782.52,786.83,728.99,1364.05,759.41,
2024-12-01 22:00:00,12.731,21.143,706.1,629.25,715.95,1399.41,728.62,743.38
2024-12-01 23:00:00,12.444,21.638,657.83,622.32,654.49,1310.73,659.13,773.51
2024-12-02 00:00:00,12.592,21.219,688.12,709.75,678.68,1382.85,660.88,730.49
2024-12-02 01:00:00,12.142,24.713,706.53,721.66,719.99,1404.0,694.27,791.6
2024-12-02 02:00:00,13.288,23.23,666.92,,699.87,1382.67,665.75,701.58
2024-12-02 03:00:00,12.336,24.441,765.23,762.07,680.22,1425.84,691.14,725.64
2024-12-02 04:00:00,13.911,21.616,642.63,539.47,716.46,1357.45,570.99,659.72
2024-12-02 05:00:00,14.635,21.764,671.95,636.86,625.77,1334.65,611.11,637.03
2024-12-02 06:00:00,14.886,24.1,602.28,535.41,626.47,1426.62,515.61,678.25
2024-12-02 07:00:00,14.114,25.663,632.82,637.88,608.44,1447.85,594.97,646.73
2024-12-02 08:00:00,12.33,21.983,703.58,687.24,732.54,1374.38,675.71,727.04
2024-12-02 09:00:00,13.41,23.006,664.77,620.91,729.29,1439.8,584.24,695.98
2024-12-02 10:00:00,14.722,20.894,,496.97,579.18,1315.32,604.42,641.2
2024-12-02 11:00:00,12.033,20.988,,672.86,700.09,1350.6,670.84,730.07
2024-12-02 12:00:00,12.376,21.521,691.96,702.7,704.37,1382.19,643.5,710.64
2024-12-02 13:00:00,13.25,20.137,628.9,648.77,660.29,1325.43,691.43,650.85
2024-12-02 14:00:00,12.329,18.635,725.25,715.82,661.2,1339.6,681.41,691.84
2024-12-02 15:00:00,13.577,18.149,562.74,583.6,666.55,1293.74,582.99,724.16
2024-12-02 16:00:00,10.821,17.117,751.93,776.27,797.12,1328.58,730.27,758.4
2024-12-02 17:00:00,10.501,19.707,717.53,771.17,769.85,1341.95,764.36,842.4
2024-12-02 18:00:00,12.236,19.739,713.44,711.09,672.97,1402.89,685.19,730.92
2024-12-02 19:00:00,10.346,19.756,762.8,795.92,731.22,,779.59,781.91
2024-12-02 20:00:00,11.269,18.108,669.0,709.58,839.34,1374.18,723.27,800.18
2024-12-02 21:00:00,11.569,20.678,764.5,731.8,722.43,1333.34,780.62,788.48
2024-12-02 22:00:00,12.703,20.688,593.65,683.22,719.38,1413.71,678.08,705.59
2024-12-02 23:00:00,12.658,20.284,680.81,697.32,627.84,1349.29,679.2,670.64
2024-12-03 00:00:00,12.846,20.559,698.82,717.16,,1348.5,614.07,710.84
2024-12-03 01:00:00,12.473,20.439,739.14,650.49,751.02,1282.37,672.79,756.02
2024-12-03 02:00:00,14.059,21.884,567.93,549.92,613.98,1323.55,544.98,688.79
2024-12-03 03:00:00,16.558,23.961,493.13,514.34,522.76,1336.73,504.97,554.93
2024-12-03 04:00:00,14.084,23.656,669.0,549.08,674.78,1361.13,614.88,695.31
2024-12-03 05:00:00,13.732,22.136,681.1,656.26,637.86,1390.65,624.89,651.55
2024-12-03 06:00:00,12.657,23.11,739.52,638.05,736.19,1390.33,710.0,749.82
2024-12-03 07:00:00,13.146,21.026,752.71,617.54,655.0,1359.62,689.6,701.82
2024-12-03 08:00:00,13.366,22.976,643.86,633.79,680.52,1397.71,576.12,
2024-12-03 09:00:00,12.92,20.737,685.14,595.63,717.37,1261.55,634.22,770.85
2024-12-03 10:00:00,13.087,22.1,658.5,610.25,671.73,1370.65,653.84,709.98
2024-12-03 11:00:00,14.233,24.303,557.76,527.44,604.44,,,609.81
2024-12-03 12:00:00,13.498,19.49,636.71,646.28,642.06,1359.25,637.49,692.47
2024-12-03 13:00:00,12.062,23.115,651.36,704.19,694.29,1425.12,727.35,837.83
2024-12-03 14:00:00,10.933,19.665,735.19,749.49,737.24,1366.59,726.54,741.21
2024-12-03 15:00:00,12.72,17.713,616.17,652.52,681.51,1348.05,,697.72
2024-12-03 16:00:00,11.419,17.291,737.98,718.09,727.97,1331.81,709.29,739.28
2024-12-03 17:00:00,9.956,20.834,767.73,774.62,,1389.24,744.96,836.29
2024-12-03 18:00:00,11.865,18.47,646.37,738.79,684.99,1340.65,688.24,715.84
2024-12-03 19:00:00,12.155,17.217,720.85,611.78,,1328.07,615.9,721.39
2024-12-03 20:00:00,9.512,17.803,772.66,741.33,847.05,1380.78,785.15,769.55
2024-12-03 21:00:00,10.981,18.831,732.59,798.51,765.44,1304.93,760.23,805.32
2024-12-03 22:00:00,11.798,18.668,678.42,715.12,761.13,1338.22,722.76,724.41
2024-12-03 23:00:00,12.761,19.526,714.08,577.3,687.28,1366.7,646.34,
2024-12-04 00:00:00,12.068,21.706,724.03,712.9,761.88,1368.16,687.14,780.39
2024-12-04 01:00:00,12.122,18.691,677.16,624.79,701.77,1324.9,716.21,705.92
2024-12-04 02:00:00,13.656,21.25,573.42,668.38,,1406.15,593.48,703.33
2024-12-04 03:00:00,12.944,20.752,758.94,689.27,716.39,,615.66,736.34
2024-12-04 04:00:00,13.939,20.508,693.04,682.81,663.8,1317.22,663.11,617.34
2024-12-04 05:00:00,12.731,22.542,739.28,656.91,709.03,1349.55,644.82,690.36
2024-12-04 06:00:00,12.575,19.519,657.61,619.17,657.02,1336.53,620.26,689.37
2024-12-04 07:00:00,14.215,18.313,583.24,555.73,690.35,1278.84,594.34,556.05
2024-12-04 08:00:00,13.688,21.172,652.56,593.69,695.45,1392.88,578.23,677.92
2024-12-04 09:00:00,14.028,20.367,587.63,609.11,617.3,1313.86,636.83,684.78
2024-12-04 10:00:00,12.61,18.444,641.2,589.59,749.29,1346.98,640.92,710.24
2024-12-04 11:00:00,12.104,17.481,745.02,685.43,761.0,1308.59,663.64,739.71
2024-12-04 12:00:00,13.512,21.281,645.32,583.54,661.23,1345.69,643.3,684.96
2024-12-04 13:00:00,10.888,18.95,712.82,728.31,719.74,1341.71,802.45,784.97
2024-12-04 14:00:00,12.811,17.884,697.53,706.07,698.47,1345.15,659.68,617.85
2024-12-04 15:00:00,12.611,20.029,662.8,707.63,690.02,1372.38,676.14,734.16
2024-12-04 16:00:00,12.045,18.251,630.76,720.12,823.08,1330.58,684.13,727.68
2024-12-04 17:00:00,10.679,18.896,720.37,783.64,719.2,1333.65,821.97,778.91
2024-12-04 18:00:00,10.528,15.237,731.45,743.37,813.2,1309.87,760.11,742.68
2024-12-04 19:00:00,11.046,15.208,736.47,728.36,712.54,1284.94,680.18,713.35
2024-12-04 20:00:00,10.289,17.557,,708.28,758.12,1319.54,714.12,786.16
2024-12-04 21:00:00,10.738,17.58,794.81,702.22,717.96,1300.05,761.5,779.98
2024-12-04 22:00:00,12.263,18.944,685.26,687.11,710.58,1316.75,691.34,685.75
2024-12-04 23:00:00,12.547,15.917,650.98,613.7,641.42,1243.5,641.88,724.71
2024-12-05 00:00:00,11.489,19.184,771.77,,725.93,1323.09,659.25,725.59
2024-12-05 01:00:00,13.171,19.992,691.52,636.33,623.18,1422.05,649.29,683.89
2024-12-05 02:00:00,13.273,20.358,646.73,622.13,590.29,1291.31,610.87,705.99
2024-12-05 03:00:00,14.356,19.109,607.88,547.81,614.08,1335.94,542.76,592.49
2024-12-05 04:00:00,13.783,20.485,614.34,625.25,709.2,1356.76,648.24,590.0
2024-12-05 05:00:00,14.284,19.079,560.25,603.01,636.69,1262.42,564.8,615.6
2024-12-05 06:00:00,13.849,19.674,701.14,566.04,640.0,1351.32,575.59,654.95
2024-12-05 07:00:00,14.2,18.654,584.09,558.26,737.08,1366.03,577.26,660.51
2024-12-05 08:00:00,12.255,18.743,703.34,674.32,607.04,1330.57,667.69,707.54
2024-12-05 09:00:00,12.985,18.994,608.26,657.9,689.59,1353.92,666.96,697.04
2024-12-05 10:00:00,12.791,18.227,692.45,665.19,644.16,1310.41,643.99,737.66
2024-12-05 11:00:00,12.325,17.371,641.5,670.07,696.09,1317.89,655.56,677.39
2024-12-05 12:00:00,12.553,16.152,726.81,687.24,645.89,1224.34,702.84,701.93
2024-12-05 13:00:00,12.382,19.495,753.66,672.23,675.51,1343.16,691.41,752.31
2024-12-05 14:00:00,11.886,16.006,716.67,636.25,714.72,1286.9,714.9,687.78
2024-12-05 15:00:00,11.169,16.537,733.7,781.97,724.43,1291.55,749.41,725.23
2024-12-05 16:00:00,10.518,13.66,736.24,788.84,708.09,1304.33,721.18,
2024-12-05 17:00:00,11.851,17.148,701.86,642.2,654.38,1306.05,686.97,685.98
2024-12-05 18:00:00,11.198,15.599,738.57,731.42,,1282.93,714.62,699.11
2024-12-05 19:00:00,10.131,14.882,765.76,821.7,747.74,1275.43,821.15,762.21
2024-12-05 20:00:00,10.896,15.04,768.45,724.56,681.77,1268.0,657.82,716.92
2024-12-05 21:00:00,9.833,16.871,748.47,816.83,705.02,1320.6,766.85,780.76
2024-12-05 22:00:00,11.489,12.647,752.24,745.9,710.81,1222.34,694.32,709.82
2024-12-05 23:00:00,11.577,15.632,693.68,716.91,699.39,1296.82,646.77,
2024-12-06 00:00:00,11.572,16.944,688.5,796.11,726.98,1323.91,635.26,749.56
2024-12-06 01:00:00,13.594,17.396,638.64,634.09,751.16,1333.27,583.52,653.22
2024-12-06 02:00:00,11.675,20.99,743.31,721.54,772.27,1365.55,725.21,707.64
2024-12-06 03:00:00,13.398,17.941,576.75,613.48,653.99,1271.96,646.46,599.4
2024-12-06 04:00:00,14.757,19.801,564.65,550.24,539.92,1321.89,603.02,594.34
2024-12-06 05:00:00,13.973,20.935,548.06,575.79,717.23,1353.76,614.79,674.73
2024-12-06 06:00:00,13.11,19.582,634.55,595.73,679.11,1363.52,620.5,741.96
2024-12-06 07:00:00,12.17,17.85,,647.46,805.44,1274.71,677.1,
2024-12-06 08:00:00,11.851,16.866,712.65,690.72,675.15,1300.26,,771.62
2024-12-06 09:00:00,12.404,18.933,659.68,706.99,645.68,1367.43,684.22,680.0
2024-12-06 10:00:00,11.917,19.547,692.15,714.24,781.92,1376.58,682.14,740.26
2024-12-06 11:00:00,11.584,17.695,763.08,718.78,,1356.1,698.7,688.32
2024-12-06 12:00:00,11.571,17.952,791.43,798.27,778.02,1314.86,728.38,718.35
2024-12-06 13:00:00,11.421,19.014,698.06,791.19,685.63,1280.29,686.25,790.56
2024-12-06 14:00:00,11.583,16.376,747.22,671.6,664.69,1304.45,738.65,711.8
2024-12-06 15:00:00,9.938,13.586,776.45,800.92,712.95,1279.04,709.01,
2024-12-06 16:00:00,10.173,14.6,698.99,719.63,638.52,1261.25,,738.56
2024-12-06 17:00:00,10.452,15.933,727.85,,731.81,1312.8,,797.64
2024-12-06 18:00:00,10.364,13.872,643.64,702.05,666.64,1269.48,788.68,783.4
2024-12-06 19:00:00,12.011,15.996,702.71,661.6,702.05,1240.57,670.38,708.72
2024-12-06 20:00:00,10.828,14.258,695.63,762.48,727.93,1298.78,725.63,747.25
2024-12-06 21:00:00,9.522,15.008,785.61,772.14,736.39,1248.61,766.13,745.38
2024-12-06 22:00:00,11.376,14.551,802.09,669.5,735.71,1287.87,716.16,700.46
2024-12-06 23:00:00,11.747,15.597,756.78,670.24,713.17,1254.1,681.6,742.56
2024-12-07 00:00:00,11.501,16.129,687.09,,774.26,1298.88,644.12,735.7
2024-12-07 01:00:00,10.92,14.412,694.98,750.23,,1272.41,711.25,746.87
2024-12-07 02:00:00,13.566,16.246,667.33,654.24,,1272.05,638.06,663.41
2024-12-07 03:00:00,11.531,15.662,675.38,700.61,732.92,1317.34,701.33,712.18
2024-12-07 04:00:00,13.086,16.923,682.05,674.76,687.2,1313.15,559.17,719.02
2024-12-07 05:00:00,12.816,16.609,754.02,623.78,752.44,1262.34,646.53,629.94
2024-12-07 06:00:00,13.156,18.797,676.22,631.48,611.05,1322.22,633.43,701.87
2024-12-07 07:00:00,13.978,18.695,655.2,662.74,612.89,1325.85,616.13,658.25
2024-12-07 08:00:00,12.92,17.892,696.68,638.03,616.56,1323.7,673.75,691.73
2024-12-07 09:00:00,11.811,15.333,677.59,736.61,676.26,1291.6,654.97,633.27
2024-12-07 10:00:00,12.872,16.275,664.36,613.99,651.23,,629.0,687.16
2024-12-07 11:00:00,11.17,14.247,685.85,720.75,683.13,1289.47,674.78,712.36
2024-12-07 12:00:00,11.473,15.122,755.75,675.38,731.46,1299.18,694.19,772.31
2024-12-07 13:00:00,9.974,15.512,732.55,780.02,787.04,1310.07,744.46,753.03
2024-12-07 14:00:00,9.87,15.396,797.47,789.94,767.49,1291.83,757.92,808.58
2024-12-07 15:00:00,10.466,14.313,787.35,784.16,,,724.45,741.45
2024-12-07 16:00:00,10.505,14.892,731.63,730.74,820.85,1273.65,761.13,707.08
2024-12-07 17:00:00,8.705,13.448,771.53,805.09,800.14,1245.9,860.54,801.26
2024-12-07 18:00:00,10.4,12.742,737.2,799.55,681.93,1236.17,723.5,773.16
2024-12-07 19:00:00,9.364,14.093,749.99,744.27,739.44,,799.2,784.34
2024-12-07 20:00:00,11.139,14.288,726.26,624.13,684.76,,689.24,735.6
2024-12-07 21:00:00,10.001,12.844,725.69,742.37,810.07,1226.17,621.78,777.86
2024-12-07 22:00:00,9.607,14.297,745.77,809.86,746.87,1277.16,775.38,806.35
2024-12-07 23:00:00,10.832,13.927,750.8,739.66,686.76,1295.52,729.28,713.32
2024-12-08 00:00:00,10.324,12.343,765.81,715.82,690.15,1198.11,805.78,806.44
2024-12-08 01:00:00,12.358,15.756,664.7,670.5,660.28,,681.72,670.62
2024-12-08 02:00:00,11.608,14.113,642.69,685.45,677.61,1222.21,675.11,727.25
2024-12-08 03:00:00,11.71,16.431,747.37,639.47,680.38,1263.31,627.2,769.45
2024-12-08 04:00:00,12.47,14.469,648.52,644.48,709.82,1201.75,659.59,651.51
2024-12-08 05:00:00,11.287,15.605,792.77,749.87,710.98,1286.75,743.62,749.2
2024-12-08 06:00:00,11.075,15.974,726.39,720.11,729.43,1243.1,818.08,725.12
2024-12-08 07:00:00,12.366,17.826,688.68,612.92,726.9,1317.26,672.02,667.59
2024-12-08 08:00:00,11.014,15.501,716.27,801.68,766.91,1283.7,749.88,790.91
2024-12-08 09:00:00,10.797,14.492,744.11,699.89,708.62,1285.77,728.19,749.39
2024-12-08 10:00:00,12.072,15.764,809.33,697.02,745.94,1215.82,698.83,697.33
2024-12-08 11:00:00,11.507,14.542,694.33,739.72,708.51,1213.78,706.86,708.1
2024-12-08 12:00:00,9.747,15.193,820.12,800.55,744.84,1283.15,718.4,775.1
2024-12-08 13:00:00,9.918,12.471,761.6,760.76,788.84,1244.31,753.84,711.19
2024-12-08 14:00:00,9.374,13.416,818.99,717.63,,1295.84,762.56,828.31
2024-12-08 15:00:00,11.243,15.672,655.12,769.29,737.57,1283.26,718.08,760.68
2024-12-08 16:00:00,10.329,12.064,810.85,706.37,721.27,1209.01,768.63,686.89
2024-12-08 17:00:00,9.12,12.336,792.08,834.04,768.89,1282.93,806.28,791.77
2024-12-08 18:00:00,9.85,10.011,739.88,809.27,707.97,1182.3,729.36,772.0
2024-12-08 19:00:00,8.318,11.01,828.27,768.01,772.02,1186.5,801.29,807.49
2024-12-08 20:00:00,8.957,12.746,791.6,752.16,757.47,1267.6,755.69,816.11
2024-12-08 21:00:00,9.742,12.078,721.4,758.76,762.86,1239.81,709.94,800.68
2024-12-08 22:00:00,10.241,13.588,668.04,798.08,812.23,1287.66,722.04,760.88
2024-12-08 23:00:00,10.063,13.805,824.01,745.19,746.79,1236.3,744.4,778.72
2024-12-09 00:00:00,10.622,12.194,,744.39,760.58,1234.33,739.91,720.51
2024-12-09 01:00:00,10.769,15.475,719.69,723.78,746.28,1269.96,839.74,831.7
2024-12-09 02:00:00,10.837,13.211,709.52,765.4,774.11,1256.29,735.11,800.87
2024-12-09 03:00:00,10.951,14.162,779.18,706.16,798.73,1243.5,676.38,717.4
2024-12-09 04:00:00,11.009,15.637,715.03,704.44,711.77,1290.93,728.84,746.43
2024-12-09 05:00:00,11.627,17.406,736.85,667.75,649.13,1349.56,693.74,705.63
2024-12-09 06:00:00,11.783,14.354,682.17,649.72,646.0,1260.04,729.13,751.17
2024-12-09 07:00:00,11.544,15.632,665.98,750.37,755.54,,674.93,740.45
2024-12-09 08:00:00,10.293,15.408,790.67,750.25,769.37,1336.79,764.25,770.9
2024-12-09 09:00:00,10.218,15.657,801.62,730.42,718.68,1295.6,796.29,804.42
2024-12-09 10:00:00,11.059,15.841,707.32,664.75,799.98,1300.64,717.87,724.06
2024-12-09 11:00:00,11.598,13.419,696.28,687.68,686.62,1268.94,662.47,695.88
2024-12-09 12:00:00,10.203,14.568,762.01,732.94,739.1,1274.8,785.0,744.72
2024-12-09 13:00:00,9.413,14.399,796.82,751.57,761.0,1280.17,766.37,830.21
2024-12-09 14:00:00,9.603,14.429,845.05,755.03,822.04,1278.92,831.54,763.42
2024-12-09 15:00:00,8.236,12.444,794.05,828.65,758.63,1267.46,797.93,781.45
2024-12-09 16:00:00,9.973,11.681,741.78,719.48,798.69,1302.93,742.99,791.13
2024-12-09 17:00:00,8.925,10.691,772.06,784.21,788.24,1255.91,797.9,705.16
2024-12-09 18:00:00,8.17,9.41,760.6,852.2,833.02,1234.48,801.11,801.89
2024-12-09 19:00:00,8.584,10.865,728.27,785.78,805.9,1200.05,742.29,805.49
2024-12-09 20:00:00,8.386,11.503,801.64,773.6,796.78,1227.22,770.65,820.35
2024-12-09 21:00:00,10.018,11.524,769.76,806.15,772.15,1244.59,722.89,718.67
2024-12-09 22:00:00,9.026,12.757,784.78,795.93,777.49,1201.42,729.34,817.68
2024-12-09 23:00:00,9.571,10.748,758.18,768.98,719.79,1193.06,726.26,694.49
2024-12-10 00:00:00,10.187,12.764,719.65,781.9,772.56,1283.92,753.34,745.67
2024-12-10 01:00:00,9.416,15.865,796.58,792.83,778.26,1341.84,805.93,792.23
2024-12-10 02:00:00,10.423,15.12,758.95,760.97,803.32,,739.74,817.05
2024-12-10 03:00:00,10.706,15.051,758.36,682.6,792.06,1304.73,765.33,751.74
2024-12-10 04:00:00,9.404,15.071,795.84,760.71,801.72,1361.99,746.68,846.12
2024-12-10 05:00:00,10.939,14.337,742.98,807.14,770.23,1260.4,789.81,761.21
2024-12-10 06:00:00,10.711,12.712,777.17,696.59,748.17,1305.76,772.0,826.95
2024-12-10 07:00:00,10.78,15.271,759.79,745.47,760.27,1300.88,757.7,
2024-12-10 08:00:00,10.555,11.559,748.74,811.39,,1216.61,738.15,732.32
2024-12-10 09:00:00,10.513,13.763,682.48,777.65,750.52,1305.47,670.74,795.15
2024-12-10 10:00:00,11.096,13.71,756.82,735.04,738.33,1231.66,765.82,763.64
2024-12-10 11:00:00,8.763,12.671,781.22,775.53,794.83,1259.68,759.67,826.99
2024-12-10 12:00:00,9.092,15.271,796.91,779.93,797.24,1295.63,782.93,826.55
2024-12-10 13:00:00,9.558,14.313,732.23,774.71,778.19,1328.7,751.92,789.48
2024-12-10 14:00:00,9.09,12.858,856.49,811.19,,1247.4,771.84,744.6
2024-12-10 15:00:00,8.794,10.071,,849.72,770.05,1203.51,776.02,738.21
2024-12-10 16:00:00,10.408,13.147,796.77,757.6,771.13,1250.63,820.56,
2024-12-10 17:00:00,8.546,11.362,806.72,787.78,778.73,1179.66,782.36,755.8
2024-12-10 18:00:00,8.888,9.399,706.75,789.92,772.73,1235.65,765.19,798.17
2024-12-10 19:00:00,7.748,10.615,882.1,854.74,757.03,1228.15,832.17,808.54
2024-12-10 20:00:00,7.289,11.905,847.48,,,1243.61,839.04,876.23
2024-12-10 21:00:00,7.992,10.334,720.19,815.32,765.2,1246.87,827.96,826.6
2024-12-10 22:00:00,9.031,11.615,764.62,751.05,709.17,1230.06,832.97,762.08
2024-12-10 23:00:00,9.045,12.289,800.74,840.49,776.45,1259.65,763.83,817.59
2024-12-11 00:00:00,9.323,11.087,828.82,774.46,720.55,1198.38,814.97,795.67
2024-12-11 01:00:00,9.109,12.583,767.26,806.09,726.26,1234.01,777.74,794.65
2024-12-11 02:00:00,9.24,12.14,683.27,763.68,856.34,1252.67,748.79,812.74
2024-12-11 03:00:00,9.613,14.809,828.54,758.72,820.18,1272.03,740.3,765.5
2024-12-11 04:00:00,10.497,12.978,757.98,768.43,823.48,1200.73,754.89,732.59
2024-12-11 05:00:00,10.679,14.6,662.62,694.64,737.52,1318.52,747.75,
2024-12-11 06:00:00,9.212,12.633,790.91,746.58,757.4,1211.12,767.46,718.85
2024-12-11 07:00:00,10.555,12.857,,805.94,752.03,1271.33,747.52,
2024-12-11 08:00:00,9.275,12.584,765.57,824.01,784.76,1246.5,752.72,772.96
2024-12-11 09:00:00,9.949,13.321,732.42,788.26,742.44,1293.67,817.51,766.23
2024-12-11 10:00:00,9.141,13.456,763.25,,745.12,1270.57,754.75,822.47
2024-12-11 11:00:00,10.228,13.18,740.12,769.44,773.29,1251.79,745.85,712.6
2024-12-11 12:00:00,8.3,10.084,805.4,811.72,712.29,1229.32,721.48,765.72
2024-12-11 13:00:00,8.436,11.478,823.03,796.79,807.66,1240.3,846.17,790.26
2024-12-11 14:00:00,8.459,10.284,714.26,806.59,763.52,1224.15,842.1,789.38
2024-12-11 15:00:00,6.995,11.399,844.38,803.1,850.03,1246.49,828.67,860.87
2024-12-11 16:00:00,7.415,10.106,834.93,760.25,845.24,1249.14,816.88,770.89
2024-12-11 17:00:00,7.11,10.119,832.37,864.71,831.63,1205.56,777.49,882.64
2024-12-11 18:00:00,6.841,9.243,815.86,865.27,760.12,1254.03,814.16,820.8
2024-12-11 19:00:00,6.911,12.263,891.36,875.7,760.93,,841.57,897.09
2024-12-11 20:00:00,8.243,8.843,836.05,843.55,706.88,1226.33,782.42,815.61
2024-12-11 21:00:00,7.035,10.211,816.16,875.98,788.53,,,790.55
2024-12-11 22:00:00,8.185,11.225,798.42,881.14,725.13,1296.65,798.72,782.47
2024-12-11 23:00:00,8.243,11.267,826.9,867.19,783.45,1255.52,778.14,727.43
2024-12-12 00:00:00,7.155,11.161,874.79,856.87,773.21,1302.16,781.72,795.26
2024-12-12 01:00:00,8.968,10.413,747.2,800.58,739.02,1205.73,728.08,772.14
2024-12-12 02:00:00,7.682,12.232,783.34,849.86,803.38,1227.57,773.62,804.04
2024-12-12 03:00:00,9.534,12.318,778.07,720.51,776.1,1241.78,786.82,735.4
2024-12-12 04:00:00,8.787,15.795,765.72,853.01,763.04,1338.6,869.36,798.87
2024-12-12 05:00:00,9.289,16.691,726.93,826.22,771.43,1364.37,916.41,783.12
2024-12-12 06:00:00,8.259,13.975,782.93,761.34,813.97,1268.8,785.64,789.97
2024-12-12 07:00:00,9.322,12.276,788.84,850.52,759.02,,708.26,787.23
2024-12-12 08:00:00,9.816,14.643,825.42,762.69,758.94,1296.63,739.75,723.89
2024-12-12 09:00:00,8.209,12.257,780.5,819.12,,1284.18,759.14,838.78
2024-12-12 10:00:00,8.091,12.357,,822.43,756.43,1224.68,709.91,811.16
2024-12-12 11:00:00,8.622,11.776,797.02,802.55,812.97,1220.56,806.54,809.6
2024-12-12 12:00:00,8.302,11.409,776.18,914.35,879.71,1200.34,771.19,795.44
2024-12-12 13:00:00,5.632,11.064,846.65,892.54,857.76,1253.84,873.9,860.96
2024-12-12 14:00:00,8.873,9.428,785.71,781.38,740.34,1228.73,766.66,719.63
2024-12-12 15:00:00,7.406,9.746,774.58,843.03,735.28,1254.83,793.48,907.47
2024-12-12 16:00:00,7.321,11.493,799.87,816.27,786.82,1228.47,727.95,853.65
2024-12-12 17:00:00,6.5,10.028,836.03,883.75,834.54,1241.92,804.05,839.89
2024-12-12 18:00:00,5.061,10.15,895.24,885.64,849.57,1255.31,836.21,901.14
2024-12-12 19:00:00,7.098,7.39,761.48,865.07,788.12,1124.28,778.24,805.47
2024-12-12 20:00:00,6.197,11.406,853.22,844.18,829.46,1264.97,834.06,824.19
2024-12-12 21:00:00,7.247,9.765,775.84,823.9,778.99,1162.76,832.42,787.62
2024-12-12 22:00:00,6.857,12.352,819.63,827.42,820.99,1264.41,,899.98
2024-12-12 23:00:00,7.484,11.672,850.57,824.24,770.65,1230.75,793.53,820.39
2024-12-13 00:00:00,6.956,11.332,833.63,789.93,819.53,,832.46,868.42
2024-12-13 01:00:00,8.551,10.514,846.31,710.11,779.18,1242.29,780.88,818.48
2024-12-13 02:00:00,7.17,15.623,847.01,,892.56,1365.23,890.53,851.87
2024-12-13 03:00:00,10.138,14.395,794.04,706.47,722.95,1279.99,857.33,768.06
2024-12-13 04:00:00,10.295,14.788,784.09,831.98,783.35,1293.15,679.52,746.51
2024-12-13 05:00:00,9.904,16.14,774.87,767.14,806.66,1285.95,788.25,792.02
2024-12-13 06:00:00,9.631,14.299,728.62,813.04,756.98,1262.16,701.64,815.71
2024-12-13 07:00:00,8.475,15.59,809.17,837.92,774.33,1297.15,826.94,859.15
2024-12-13 08:00:00,9.329,13.199,759.53,748.55,824.82,1259.09,700.89,739.97
2024-12-13 09:00:00,8.102,14.347,797.72,816.97,749.85,1354.39,796.94,815.52
2024-12-13 10:00:00,6.66,12.299,854.31,903.39,,1272.19,808.3,818.08
2024-12-13 11:00:00,8.79,11.975,737.04,831.68,729.88,1285.85,782.03,838.96
2024-12-13 12:00:00,8.153,12.186,775.97,860.32,762.98,1272.06,771.2,812.39
2024-12-13 13:00:00,6.888,10.04,796.89,833.45,800.01,1249.97,827.08,846.71
2024-12-13 14:00:00,5.617,11.482,865.49,928.06,910.64,1267.46,863.56,877.25
2024-12-13 15:00:00,5.854,10.307,835.59,869.41,818.51,1235.28,893.58,840.72
2024-12-13 16:00:00,4.649,7.988,861.19,965.63,940.7,1211.77,881.42,945.0
2024-12-13 17:00:00,6.716,9.634,840.04,903.18,849.61,1196.15,905.88,876.77
2024-12-13 18:00:00,4.611,9.712,878.99,876.62,841.58,,880.73,905.17
2024-12-13 19:00:00,6.139,11.228,858.82,898.29,813.74,,874.33,829.57
2024-12-13 20:00:00,5.329,10.758,840.16,867.94,859.52,1254.26,830.02,869.77
2024-12-13 21:00:00,5.028,12.483,866.4,959.68,871.2,1224.09,892.29,906.28
2024-12-13 22:00:00,6.583,11.796,920.18,829.6,777.98,1229.17,822.82,840.23
2024-12-13 23:00:00,6.39,11.002,826.18,891.43,,1265.09,880.09,822.33
2024-12-14 00:00:00,7.613,12.128,747.68,872.31,739.01,1279.76,833.05,822.37
2024-12-14 01:00:00,6.215,12.311,873.37,890.76,912.42,1222.99,862.94,850.12
2024-12-14 02:00:00,6.888,13.811,824.51,905.49,836.52,,818.26,800.71
2024-12-14 03:00:00,5.808,13.726,887.68,917.06,843.02,1403.42,906.87,829.64
2024-12-14 04:00:00,6.137,13.233,864.58,955.98,817.37,1323.31,882.36,878.58
2024-12-14 05:00:00,9.419,14.212,799.47,747.17,748.69,1245.36,827.25,791.81
2024-12-14 06:00:00,9.664,14.839,772.69,769.9,708.09,1294.75,636.21,808.9
2024-12-14 07:00:00,8.007,13.026,806.49,756.07,806.32,1276.62,834.64,863.1
2024-12-14 08:00:00,7.13,14.431,885.47,853.26,860.84,1296.71,,799.93
2024-12-14 09:00:00,7.337,11.855,750.29,803.31,874.95,1284.7,821.45,806.84
2024-12-14 10:00:00,8.003,14.68,775.59,782.48,841.98,1334.62,854.38,775.55
2024-12-14 11:00:00,6.58,13.521,827.73,817.79,867.88,1274.62,880.7,920.67
2024-12-14 12:00:00,6.848,14.345,793.55,854.97,883.52,1322.51,827.29,857.36
2024-12-14 13:00:00,6.315,10.551,833.89,889.74,819.93,1218.0,802.76,801.23
2024-12-14 14:00:00,5.558,12.787,861.69,929.63,800.61,1282.24,900.89,889.61
2024-12-14 15:00:00,5.321,12.156,919.82,956.26,891.82,1324.42,916.35,852.39
2024-12-14 16:00:00,5.764,10.516,862.84,934.87,809.5,,815.72,895.19
2024-12-14 17:00:00,4.606,10.104,889.04,887.77,861.24,1269.92,895.43,872.16
2024-12-14 18:00:00,5.687,9.206,848.91,865.95,791.68,1181.59,828.42,849.78
2024-12-14 19:00:00,4.967,8.983,844.52,925.71,898.64,1203.99,920.51,827.82
2024-12-14 20:00:00,5.545,9.918,900.55,910.66,877.17,1214.18,899.68,849.87
2024-12-14 21:00:00,6.72,9.652,877.63,919.13,752.91,1193.92,824.94,825.72
2024-12-14 22:00:00,5.706,13.511,838.61,896.43,861.64,1255.31,865.51,891.34
2024-12-14 23:00:00,6.845,10.299,891.39,892.57,856.08,1191.94,853.41,898.56
2024-12-15 00:00:00,4.965,12.821,875.18,923.86,866.03,1236.4,902.25,799.78
2024-12-15 01:00:00,6.313,13.707,838.58,903.42,843.25,,847.97,891.8
2024-12-15 02:00:00,6.981,14.119,864.63,884.51,870.72,1270.59,771.0,835.41
2024-12-15 03:00:00,8.726,14.663,821.34,,780.11,1292.68,759.53,801.61
2024-12-15 04:00:00,5.79,15.608,885.62,,863.28,1374.75,932.7,869.68
2024-12-15 05:00:00,7.381,14.162,824.93,867.35,853.74,1310.47,897.31,823.79
2024-12-15 06:00:00,8.645,14.896,846.0,843.77,752.15,1308.42,785.53,761.37
2024-12-15 07:00:00,6.792,14.397,832.8,880.13,807.47,1283.49,861.38,893.54
2024-12-15 08:00:00,7.111,16.139,851.11,,766.25,1347.32,841.11,851.51
2024-12-15 09:00:00,7.337,16.805,909.46,858.56,920.66,1361.55,825.04,922.68
2024-12-15 10:00:00,6.952,12.465,794.63,892.06,826.64,1249.75,816.98,877.58
2024-12-15 11:00:00,7.75,11.006,796.48,795.84,838.65,1267.72,747.17,841.8
2024-12-15 12:00:00,6.527,13.637,894.48,924.68,788.25,1282.57,857.5,946.56
2024-12-15 13:00:00,6.902,13.749,867.09,845.87,882.01,1282.21,,838.41
2024-12-15 14:00:00,5.245,14.36,929.05,912.45,860.74,1327.04,,
2024-12-15 15:00:00,4.675,12.512,,946.2,934.45,1248.63,951.02,850.36
2024-12-15 16:00:00,4.879,13.013,913.2,896.07,866.03,1278.57,867.69,922.81
2024-12-15 17:00:00,3.995,13.161,917.38,998.12,850.98,1300.11,900.8,951.36
2024-12-15 18:00:00,5.251,12.889,970.49,971.19,910.49,1270.58,,923.13
2024-12-15 19:00:00,4.58,12.287,935.37,896.29,880.15,1298.7,969.61,883.71
2024-12-15 20:00:00,4.455,9.922,899.12,929.78,818.4,1218.36,874.23,910.98
2024-12-15 21:00:00,5.566,11.8,887.25,983.02,782.22,1249.5,875.61,863.03
2024-12-15 22:00:00,4.485,12.616,913.09,988.31,899.19,1317.74,880.87,899.53
2024-12-15 23:00:00,6.29,12.651,885.27,822.13,837.46,1276.15,892.2,855.85
2024-12-16 00:00:00,5.586,13.275,853.35,957.75,867.59,1314.99,912.08,892.94
2024-12-16 01:00:00,7.192,15.752,897.3,730.28,843.86,1342.08,848.13,866.36
2024-12-16 02:00:00,6.225,13.479,820.0,915.83,838.76,1344.85,867.02,913.01
2024-12-16 03:00:00,7.278,15.794,854.46,830.21,848.15,1311.28,855.29,893.92
2024-12-16 04:00:00,7.093,15.567,822.61,888.14,865.68,1284.67,859.12,857.4
2024-12-16 05:00:00,7.65,14.392,832.07,858.26,809.32,1248.12,858.13,861.5
2024-12-16 06:00:00,7.169,14.232,877.88,868.63,848.02,1279.95,800.47,857.5
2024-12-16 07:00:00,5.696,13.449,821.1,931.5,881.31,1327.57,916.03,864.28
2024-12-16 08:00:00,7.7,15.909,830.05,831.47,867.62,1343.4,797.53,844.17
2024-12-16 09:00:00,6.619,14.968,811.63,859.13,749.7,1310.29,861.17,888.32
2024-12-16 10:00:00,7.06,13.675,834.09,902.34,807.73,1353.81,811.18,885.06
2024-12-16 11:00:00,6.678,11.969,796.39,872.44,848.7,1222.69,845.5,862.97
2024-12-16 12:00:00,5.184,14.259,904.68,904.11,,1344.23,909.36,935.07
2024-12-16 13:00:00,4.748,13.05,890.87,930.1,927.44,1279.91,937.33,943.22
2024-12-16 14:00:00,5.703,11.957,900.29,892.8,899.41,1321.9,926.0,900.12
2024-12-16 15:00:00,4.675,11.28,942.85,920.4,981.44,1253.31,912.45,897.43
2024-12-16 16:00:00,5.465,11.871,880.78,928.46,850.56,1302.06,839.96,878.74
2024-12-16 17:00:00,4.442,12.56,,910.73,969.46,1284.35,889.67,891.92
2024-12-16 18:00:00,5.351,11.57,930.62,974.3,883.9,1341.05,853.66,902.2
2024-12-16 19:00:00,4.901,10.647,858.4,934.06,819.77,1259.12,929.79,843.9
2024-12-16 20:00:00,4.902,12.243,948.05,856.41,797.86,1281.18,820.85,957.14
2024-12-16 21:00:00,4.553,13.924,913.88,957.08,877.79,1324.23,914.94,915.92
2024-12-16 22:00:00,5.277,13.172,857.29,883.45,893.58,1315.64,889.93,855.46
2024-12-16 23:00:00,6.325,13.728,875.14,887.7,832.57,1344.64,902.4,901.77
2024-12-17 00:00:00,5.628,13.813,882.05,905.25,865.85,1347.78,872.77,869.8
2024-12-17 01:00:00,6.398,13.695,813.25,913.48,922.3,1235.74,842.94,876.12
2024-12-17 02:00:00,6.29,14.178,829.15,917.91,848.94,1296.77,,842.88
2024-12-17 03:00:00,6.592,13.747,914.58,889.14,919.9,1275.86,871.67,840.77
2024-12-17 04:00:00,8.054,17.518,843.08,921.23,855.56,1373.72,881.12,891.24
2024-12-17 05:00:00,7.748,16.897,890.96,823.77,871.75,1324.74,824.47,846.01
2024-12-17 06:00:00,6.883,16.552,847.18,934.03,836.39,1402.88,840.2,890.5
2024-12-17 07:00:00,6.942,16.781,833.08,933.93,842.6,1321.12,832.56,874.15
2024-12-17 08:00:00,6.082,16.677,825.84,918.91,866.48,1307.12,905.11,892.06
2024-12-17 09:00:00,6.307,15.113,905.3,911.87,848.08,,926.84,860.21
2024-12-17 10:00:00,6.437,15.233,882.68,927.74,876.62,1345.38,801.64,837.46
2024-12-17 11:00:00,6.574,14.616,847.43,870.85,896.82,1280.67,879.5,
2024-12-17 12:00:00,6.176,17.724,859.09,885.3,972.69,1407.65,880.93,901.76
2024-12-17 13:00:00,4.372,15.461,966.59,938.31,,1324.41,932.39,917.87
2024-12-17 14:00:00,5.746,14.0,875.91,919.83,859.04,1295.53,933.19,876.96
2024-12-17 15:00:00,4.639,15.068,912.08,927.99,933.32,1337.58,956.77,
2024-12-17 16:00:00,3.724,14.643,920.59,945.86,913.74,1316.57,986.68,972.22
2024-12-17 17:00:00,5.458,11.344,863.96,867.94,796.98,1319.31,896.98,888.31
2024-12-17 18:00:00,5.514,12.71,902.07,872.34,890.96,1245.51,895.18,861.12
2024-12-17 19:00:00,4.59,13.072,860.72,916.74,847.99,1253.88,939.48,927.5
2024-12-17 20:00:00,5.062,14.071,904.41,905.56,884.14,1290.83,999.22,884.36
2024-12-17 21:00:00,5.295,13.432,925.62,925.13,939.05,,898.78,885.1
2024-12-17 22:00:00,6.043,14.042,871.03,867.71,881.85,1256.54,885.27,925.18
2024-12-17 23:00:00,5.794,14.136,918.27,926.65,885.16,1315.7,857.26,
2024-12-18 00:00:00,4.457,16.512,976.43,1035.62,966.55,1326.12,867.13,919.16
2024-12-18 01:00:00,7.435,14.086,866.84,904.33,813.82,1289.87,880.04,867.55
2024-12-18 02:00:00,6.966,15.834,837.4,832.15,854.28,1314.36,846.28,902.96
2024-12-18 03:00:00,5.952,14.596,877.79,891.37,849.96,1356.1,904.13,859.03
2024-12-18 04:00:00,5.724,15.938,903.55,,903.28,1303.13,903.66,891.66
2024-12-18 05:00:00,7.069,17.801,845.72,884.98,792.31,1376.84,914.49,925.94
2024-12-18 06:00:00,6.482,17.94,861.62,906.51,825.82,,865.58,941.6
2024-12-18 07:00:00,6.926,17.14,,886.73,849.42,1332.56,808.78,859.03
2024-12-18 08:00:00,7.136,18.713,953.42,835.81,876.99,1376.59,911.98,
2024-12-18 09:00:00,5.897,18.719,889.64,891.49,961.4,1401.76,908.86,922.16
2024-12-18 10:00:00,5.208,16.646,946.49,971.52,849.04,1312.23,914.96,949.77
2024-12-18 11:00:00,6.119,16.595,852.91,919.84,861.71,1354.8,801.57,880.29
2024-12-18 12:00:00,5.073,15.283,966.28,898.78,893.02,1335.07,930.97,905.1
2024-12-18 13:00:00,5.306,16.109,890.66,877.16,832.95,1371.84,838.0,1026.74
2024-12-18 14:00:00,3.826,13.491,935.44,965.13,870.93,1325.14,972.97,973.02
2024-12-18 15:00:00,4.451,16.714,866.44,952.81,829.7,,921.24,960.09
2024-12-18 16:00:00,5.035,15.658,948.57,884.41,908.55,1374.83,931.22,900.43
2024-12-18 17:00:00,4.829,12.701,948.61,921.25,840.16,,906.47,914.19
2024-12-18 18:00:00,3.674,13.175,894.86,952.57,955.83,1349.78,929.53,936.12
2024-12-18 19:00:00,3.413,14.745,991.91,961.53,936.78,1344.16,926.62,942.76
2024-12-18 20:00:00,4.482,14.083,871.08,931.71,881.81,1349.67,843.59,902.46
2024-12-18 21:00:00,5.111,15.511,928.81,943.95,851.13,,900.77,
2024-12-18 22:00:00,5.237,14.89,890.28,930.65,892.33,1337.61,912.35,
2024-12-18 23:00:00,4.796,17.684,972.06,999.8,891.47,1327.02,941.8,895.43
2024-12-19 00:00:00,5.757,16.432,901.46,922.97,,1355.97,922.61,836.33
2024-12-19 01:00:00,7.035,19.895,905.15,916.76,909.09,1419.74,883.38,861.4
2024-12-19 02:00:00,6.29,18.247,929.31,850.51,837.51,1396.26,959.1,901.36
2024-12-19 03:00:00,5.072,16.369,901.46,942.88,870.1,1302.69,893.67,877.4
2024-12-19 04:00:00,6.736,20.861,884.26,882.14,926.81,1410.39,948.21,848.41
2024-12-19 05:00:00,8.333,19.927,797.46,872.09,888.02,1368.13,836.47,818.88
2024-12-19 06:00:00,5.713,19.184,895.86,934.89,847.86,1398.24,929.32,929.86
2024-12-19 07:00:00,6.731,19.486,946.67,956.07,830.39,1332.35,912.5,901.15
2024-12-19 08:00:00,6.411,17.135,904.04,858.97,824.69,1335.13,747.19,859.74
2024-12-19 09:00:00,6.484,16.13,834.48,862.46,863.09,1340.74,933.25,855.49
2024-12-19 10:00:00,6.32,17.883,940.62,915.07,808.25,1357.33,,895.51
2024-12-19 11:00:00,6.793,19.157,889.62,884.91,863.74,1441.05,845.68,894.76
2024-12-19 12:00:00,5.644,17.511,929.82,884.17,879.16,1358.9,882.9,899.8
2024-12-19 13:00:00,6.294,18.621,904.73,919.38,,1382.58,916.92,939.25
2024-12-19 14:00:00,4.896,17.725,937.38,,903.77,1328.55,910.95,924.43
2024-12-19 15:00:00,4.468,15.802,856.08,972.45,903.39,1318.5,903.81,965.61
2024-12-19 16:00:00,4.029,16.932,982.11,903.86,901.42,,939.33,985.67
2024-12-19 17:00:00,2.999,17.191,894.49,993.88,,1367.38,,927.17
2024-12-19 18:00:00,4.64,15.251,954.27,953.55,875.41,1333.81,873.98,953.05
2024-12-19 19:00:00,6.111,15.211,880.82,906.84,858.75,1308.43,874.94,916.44
2024-12-19 20:00:00,4.963,15.888,941.77,966.81,862.98,1366.71,813.99,
2024-12-19 21:00:00,5.345,13.195,895.26,908.77,905.04,1258.62,908.84,847.55
2024-12-19 22:00:00,4.723,16.892,960.32,967.46,851.94,1348.42,885.14,920.15
2024-12-19 23:00:00,5.156,17.955,917.0,,901.25,1394.59,993.5,912.35
2024-12-20 00:00:00,6.459,17.834,889.23,926.14,824.97,1359.31,897.72,940.84
2024-12-20 01:00:00,7.598,18.644,865.31,801.27,768.15,1316.45,879.19,909.07
2024-12-20 02:00:00,7.481,18.713,920.49,762.57,815.26,1374.23,793.02,849.38
2024-12-20 03:00:00,7.193,16.835,875.35,920.46,813.28,1294.34,888.58,855.39
2024-12-20 04:00:00,6.778,21.597,841.3,875.14,898.67,1432.36,817.56,856.27
2024-12-20 05:00:00,7.049,19.412,850.26,814.55,822.08,1417.95,853.37,883.53
2024-12-20 06:00:00,6.33,19.233,910.25,898.72,786.73,1377.04,823.08,964.39
2024-12-20 07:00:00,5.744,21.588,960.4,910.21,817.37,1472.44,904.29,871.62
2024-12-20 08:00:00,5.893,20.986,884.16,939.15,900.83,,918.97,871.48
2024-12-20 09:00:00,6.655,19.873,961.49,916.36,889.24,1428.66,868.89,873.64
2024-12-20 10:00:00,6.145,20.107,904.58,896.99,890.49,1361.59,866.57,915.95
2024-12-20 11:00:00,4.925,17.368,934.97,981.65,879.45,1364.11,947.2,
2024-12-20 12:00:00,5.773,18.191,856.33,871.41,894.8,1399.55,899.04,884.95
2024-12-20 13:00:00,5.25,19.377,959.24,846.12,822.97,1389.48,914.34,954.45
2024-12-20 14:00:00,4.29,16.58,918.9,968.38,823.68,1309.74,949.18,948.65
2024-12-20 15:00:00,4.696,15.833,893.65,936.9,833.15,1376.57,879.6,969.73
2024-12-20 16:00:00,4.558,16.86,917.14,878.93,895.76,1393.26,,
2024-12-20 17:00:00,4.215,16.74,985.7,989.7,943.73,1407.05,972.9,931.52
2024-12-20 18:00:00,5.423,17.379,922.67,860.67,843.15,1311.33,891.55,945.54
2024-12-20 19:00:00,3.214,15.068,926.7,987.86,888.19,1338.08,974.74,1015.72
2024-12-20 20:00:00,3.282,13.914,932.16,1017.4,944.28,1309.85,963.53,904.21
2024-12-20 21:00:00,5.078,18.449,970.16,953.12,882.04,1360.28,961.83,968.63
2024-12-20 22:00:00,5.416,16.51,894.38,934.25,888.43,,999.99,867.44
2024-12-20 23:00:00,5.967,17.612,911.8,892.94,877.82,1377.31,943.83,951.53
2024-12-21 00:00:00,5.538,16.293,926.44,928.41,824.37,,853.41,849.9
2024-12-21 01:00:00,5.561,20.71,797.84,954.53,975.8,1476.29,949.12,957.65
2024-12-21 02:00:00,6.594,20.437,931.59,874.52,837.03,1353.94,988.81,924.54
2024-12-21 03:00:00,6.511,20.855,861.7,858.98,958.16,1435.01,,906.27
2024-12-21 04:00:00,8.312,21.216,830.12,879.2,860.15,1374.83,890.08,886.08
2024-12-21 05:00:00,6.948,18.631,923.17,957.63,867.17,1381.93,891.71,909.88
2024-12-21 06:00:00,7.222,20.04,918.6,938.8,794.3,1414.97,871.91,902.34
2024-12-21 07:00:00,9.221,20.663,832.05,711.87,,1436.7,816.6,804.66
2024-12-21 08:00:00,6.982,20.158,900.72,937.11,859.92,1397.22,858.13,862.1
2024-12-21 09:00:00,7.409,20.464,898.86,848.93,845.19,1412.91,803.24,906.0
2024-12-21 10:00:00,7.25,20.722,920.3,952.19,805.27,1346.31,903.86,849.94
2024-12-21 11:00:00,7.046,21.203,932.63,846.59,904.29,1458.76,808.32,827.39
2024-12-21 12:00:00,6.4,17.752,884.45,853.32,902.72,1385.15,,873.83
2024-12-21 13:00:00,6.031,19.05,871.05,912.16,808.15,1398.57,896.34,882.35
2024-12-21 14:00:00,5.685,19.483,899.56,910.46,865.52,1409.23,894.59,946.58
2024-12-21 15:00:00,4.914,17.156,924.07,930.14,,1348.93,929.08,939.68
2024-12-21 16:00:00,5.463,17.766,,966.2,,1361.52,980.8,959.0
2024-12-21 17:00:00,6.725,18.408,839.12,939.5,865.87,1354.86,880.57,928.18
2024-12-21 18:00:00,6.049,17.843,906.22,872.22,869.97,1345.44,900.66,929.6
2024-12-21 19:00:00,5.383,18.757,858.8,999.62,914.37,1399.37,951.62,
2024-12-21 20:00:00,5.964,18.311,898.39,864.85,955.98,1423.8,913.89,936.71
2024-12-21 21:00:00,4.795,18.19,932.84,926.96,892.57,1374.54,933.88,1014.12
2024-12-21 22:00:00,5.55,17.621,907.92,1026.6,927.07,1376.26,891.44,917.28
2024-12-21 23:00:00,6.826,19.856,908.01,905.91,939.01,1396.98,878.83,920.75
2024-12-22 00:00:00,7.589,20.246,883.77,841.62,913.39,1397.53,874.37,865.68
2024-12-22 01:00:00,6.113,19.501,974.37,923.43,908.18,1393.08,915.47,827.11
2024-12-22 02:00:00,6.653,21.922,,931.08,908.37,1488.29,851.3,890.15
2024-12-22 03:00:00,9.055,23.208,840.68,843.36,848.4,1442.08,767.68,901.63
2024-12-22 04:00:00,7.599,21.261,870.45,921.85,925.61,1448.72,877.16,873.13
2024-12-22 05:00:00,9.121,21.428,826.91,787.79,802.68,1411.06,782.05,874.13
2024-12-22 06:00:00,7.891,21.5,811.54,835.85,833.15,1475.41,853.33,924.9
2024-12-22 07:00:00,7.903,20.382,809.02,822.65,814.75,1442.3,835.35,851.58
2024-12-22 08:00:00,7.364,24.65,884.97,855.09,981.31,1508.76,859.6,889.11
2024-12-22 09:00:00,8.193,21.435,791.89,853.82,905.7,1441.77,860.72,851.43
2024-12-22 10:00:00,8.299,20.577,828.52,803.61,808.65,1422.87,836.87,820.37
2024-12-22 11:00:00,6.118,19.82,875.22,925.31,831.58,1393.26,942.53,911.08
2024-12-22 12:00:00,6.376,20.235,882.1,931.98,869.93,1420.62,919.65,853.34
2024-12-22 13:00:00,7.102,19.396,908.05,832.01,859.2,,831.09,801.44
2024-12-22 14:00:00,6.0,21.52,871.09,897.35,905.06,1452.37,889.66,940.41
2024-12-22 15:00:00,5.484,17.928,937.57,907.89,822.37,1360.85,897.76,902.66
2024-12-22 16:00:00,6.519,17.308,855.37,884.56,827.69,1315.52,849.15,864.54
2024-12-22 17:00:00,6.497,19.662,870.92,894.49,923.25,1387.48,928.32,931.8
2024-12-22 18:00:00,5.238,18.849,,975.16,923.68,1362.71,,938.87
2024-12-22 19:00:00,5.832,18.824,891.82,959.04,854.22,1403.17,899.66,876.78
2024-12-22 20:00:00,4.839,20.008,903.3,922.83,,1380.41,949.28,959.72
2024-12-22 21:00:00,5.304,19.863,,967.51,,1369.97,877.24,975.9
2024-12-22 22:00:00,6.393,20.102,829.27,960.73,970.52,1416.47,889.54,941.93
2024-12-22 23:00:00,6.633,18.998,893.12,943.13,856.23,1343.17,938.71,930.71
2024-12-23 00:00:00,6.169,19.245,785.3,918.51,849.48,1402.96,894.27,910.59
2024-12-23 01:00:00,6.705,20.967,917.68,896.16,868.14,1471.56,870.37,892.12
2024-12-23 02:00:00,6.74,21.033,907.45,,912.81,1436.63,913.12,936.76
2024-12-23 03:00:00,8.23,23.115,909.62,839.45,796.95,,875.79,937.13
2024-12-23 04:00:00,6.508,20.994,968.62,,879.45,1443.66,800.58,
2024-12-23 05:00:00,7.418,22.859,907.91,926.8,869.32,1394.37,863.63,879.52
2024-12-23 06:00:00,6.803,23.298,872.39,891.64,940.66,1398.66,903.41,970.82
2024-12-23 07:00:00,8.614,23.433,920.3,841.2,819.58,1466.02,867.49,862.64
2024-12-23 08:00:00,6.742,23.801,856.53,880.95,882.92,1494.8,937.25,908.54
2024-12-23 09:00:00,8.045,22.655,790.09,804.11,873.47,1457.27,,860.89
2024-12-23 10:00:00,9.109,21.873,888.21,852.63,795.85,1429.71,815.53,865.73
2024-12-23 11:00:00,8.873,23.726,859.38,857.32,804.09,1435.42,803.49,861.8
2024-12-23 12:00:00,5.805,21.372,847.97,965.69,976.87,1450.04,957.66,916.87
2024-12-23 13:00:00,7.205,22.982,834.25,818.31,896.9,1482.5,794.47,900.94
2024-12-23 14:00:00,5.912,20.447,925.77,974.91,941.62,1406.12,851.01,914.5
2024-12-23 15:00:00,5.527,20.443,886.79,929.44,930.3,1399.39,976.35,918.32
2024-12-23 16:00:00,6.227,20.018,,941.89,875.73,1369.52,891.41,924.53
2024-12-23 17:00:00,7.207,20.302,938.38,774.85,833.25,1368.18,848.23,892.52
2024-12-23 18:00:00,6.691,19.492,955.56,910.78,842.91,1384.32,915.33,907.6
2024-12-23 19:00:00,5.707,20.218,916.32,925.09,863.37,1423.46,845.44,960.73
2024-12-23 20:00:00,6.99,22.178,878.8,884.01,843.55,1485.19,887.74,862.51
2024-12-23 21:00:00,4.85,21.956,974.6,956.75,891.6,1438.43,969.84,909.32
2024-12-23 22:00:00,6.318,22.416,884.3,891.21,924.43,1416.56,902.72,895.67
2024-12-23 23:00:00,6.579,20.059,807.99,843.16,832.09,1416.22,754.59,
2024-12-24 00:00:00,7.639,20.808,763.09,817.4,909.61,,839.59,882.99
2024-12-24 01:00:00,7.753,23.04,864.03,872.11,892.32,1489.59,822.16,866.41
2024-12-24 02:00:00,8.119,24.223,892.53,915.31,886.62,1492.65,922.31,883.69
2024-12-24 03:00:00,8.369,23.126,850.28,895.83,856.33,1466.39,882.88,847.96
2024-12-24 04:00:00,8.746,23.266,868.15,849.14,855.55,1406.85,819.69,811.64
2024-12-24 05:00:00,9.308,26.011,868.26,810.61,821.89,1475.37,756.22,819.77
2024-12-24 06:00:00,9.065,25.265,888.38,918.23,805.97,1512.48,829.05,885.09
2024-12-24 07:00:00,8.706,25.678,858.31,875.68,833.61,1485.48,796.74,823.65
2024-12-24 08:00:00,9.164,23.714,839.79,851.69,775.41,1386.88,839.27,889.04
2024-12-24 09:00:00,9.341,23.336,822.17,767.79,843.41,1495.25,825.11,849.54
2024-12-24 10:00:00,8.016,24.718,857.75,877.87,821.63,1471.34,843.67,860.85
2024-12-24 11:00:00,8.152,22.816,799.38,808.05,877.2,1454.72,860.41,870.96
2024-12-24 12:00:00,8.848,21.914,871.89,915.87,856.74,1436.03,920.15,819.82
2024-12-24 13:00:00,6.755,21.066,872.23,863.41,,,818.88,956.62
2024-12-24 14:00:00,8.82,21.099,812.53,806.77,803.08,1444.72,776.03,834.36
2024-12-24 15:00:00,6.086,22.38,891.34,896.42,861.5,1449.1,916.76,892.67
2024-12-24 16:00:00,6.72,19.233,831.48,877.86,834.02,1382.71,843.66,982.0
2024-12-24 17:00:00,6.145,21.631,902.27,945.06,852.66,1513.74,,921.42
2024-12-24 18:00:00,8.644,19.989,845.98,833.47,821.98,1341.77,771.3,869.41
2024-12-24 19:00:00,6.562,20.686,864.67,903.77,871.67,1424.65,887.98,911.61
2024-12-24 20:00:00,6.713,20.993,922.81,926.91,,1435.54,881.82,913.49
2024-12-24 21:00:00,7.038,21.251,865.68,827.85,946.01,1444.53,898.48,921.38
2024-12-24 22:00:00,7.689,21.615,808.33,898.72,918.48,1486.07,848.21,909.88
2024-12-24 23:00:00,7.669,21.938,912.07,875.79,848.23,1437.69,896.13,858.55
2024-12-25 00:00:00,8.166,22.332,858.79,827.57,787.42,1403.51,806.32,870.28
2024-12-25 01:00:00,5.789,25.148,961.28,945.45,927.11,1513.73,939.32,955.46
2024-12-25 02:00:00,8.978,24.105,868.13,839.55,826.72,1460.5,759.81,852.28
2024-12-25 03:00:00,9.225,24.365,798.23,722.94,834.22,1500.0,734.61,
2024-12-25 04:00:00,10.262,24.088,781.06,846.9,822.85,1472.09,734.37,866.82
2024-12-25 05:00:00,10.629,24.599,,825.9,825.16,1450.06,851.42,736.33
2024-12-25 06:00:00,9.502,24.414,888.03,766.92,751.54,1449.46,868.34,873.92
2024-12-25 07:00:00,10.295,26.06,809.23,766.23,868.95,1498.3,807.15,853.05
2024-12-25 08:00:00,8.671,24.063,823.55,898.87,884.47,1472.08,804.46,888.9
2024-12-25 09:00:00,10.006,21.979,,822.33,776.65,1367.87,821.63,836.65
2024-12-25 10:00:00,8.715,24.356,823.63,859.72,882.15,1426.45,774.36,856.98
2024-12-25 11:00:00,7.967,23.493,874.17,882.98,847.44,1473.28,778.33,938.72
2024-12-25 12:00:00,8.486,22.631,829.27,861.31,842.28,1410.09,830.43,778.28
2024-12-25 13:00:00,9.474,23.934,831.84,776.03,818.07,1413.39,809.49,783.14
2024-12-25 14:00:00,8.24,19.101,802.15,821.05,796.9,1387.43,846.88,812.16
2024-12-25 15:00:00,9.074,23.882,820.28,871.17,780.85,1421.0,798.05,867.92
2024-12-25 16:00:00,7.118,22.961,862.07,917.37,990.27,1448.04,854.9,879.28
2024-12-25 17:00:00,8.466,20.764,859.58,852.75,857.42,1428.23,896.97,858.22
2024-12-25 18:00:00,7.095,20.93,,859.83,870.65,1385.11,864.3,867.9
2024-12-25 19:00:00,7.868,22.165,890.23,904.27,929.19,1451.61,831.58,847.55
2024-12-25 20:00:00,8.012,22.418,827.65,,,1463.33,863.78,891.26
2024-12-25 21:00:00,8.589,21.359,828.32,898.46,821.04,1384.91,808.87,872.88
2024-12-25 22:00:00,8.54,20.613,855.53,809.56,802.54,1447.86,894.14,925.97
2024-12-25 23:00:00,8.068,25.592,899.33,833.75,846.42,1472.45,873.01,904.5
2024-12-26 00:00:00,9.704,24.74,769.01,814.89,824.46,1476.74,793.99,831.44
2024-12-26 01:00:00,10.726,24.317,793.74,780.82,772.37,1418.12,737.54,795.34
2024-12-26 02:00:00,9.194,24.84,805.88,834.19,,1448.76,748.21,793.95
2024-12-26 03:00:00,8.472,25.807,890.74,803.41,815.98,1539.8,857.66,905.44
2024-12-26 04:00:00,10.561,26.286,863.08,802.49,768.49,1538.46,751.93,833.31
2024-12-26 05:00:00,10.047,23.11,711.08,836.8,787.16,1463.4,722.72,821.72
2024-12-26 06:00:00,10.278,25.277,781.14,791.56,,1457.28,744.78,834.29
2024-12-26 07:00:00,10.818,25.101,791.74,708.67,784.49,1431.57,816.34,779.03
2024-12-26 08:00:00,9.918,25.269,815.86,799.97,814.77,1420.43,795.16,769.58
2024-12-26 09:00:00,9.908,26.085,852.84,765.88,735.18,,814.51,841.95
2024-12-26 10:00:00,9.825,22.612,809.42,,,1374.94,803.86,819.39
2024-12-26 11:00:00,10.822,22.674,752.88,741.11,787.56,1408.01,829.36,804.27
2024-12-26 12:00:00,9.39,22.971,784.74,883.4,816.32,1452.53,783.72,847.59
2024-12-26 13:00:00,8.097,23.47,817.3,858.0,780.93,1428.73,846.18,884.91
2024-12-26 14:00:00,7.87,23.814,840.81,858.69,895.91,1462.29,896.09,868.86
2024-12-26 15:00:00,8.72,24.372,825.74,872.48,870.27,1454.05,835.84,936.71
2024-12-26 16:00:00,7.544,21.765,880.13,898.32,956.49,1445.12,872.84,924.62
2024-12-26 17:00:00,7.108,22.917,878.61,832.65,949.51,1454.62,872.17,874.29
2024-12-26 18:00:00,8.856,22.716,811.47,909.52,796.57,1416.69,794.65,902.37
2024-12-26 19:00:00,8.966,22.593,795.29,838.77,823.72,1392.99,864.04,867.1
2024-12-26 20:00:00,8.274,22.124,823.29,887.87,844.43,1489.61,830.2,818.44
2024-12-26 21:00:00,9.024,22.001,806.59,803.43,877.99,1403.65,834.69,887.52
2024-12-26 22:00:00,9.218,21.626,793.02,741.68,805.7,1387.8,820.83,825.49
2024-12-26 23:00:00,9.869,22.038,826.39,795.63,860.87,1452.63,652.23,811.93
2024-12-27 00:00:00,10.211,24.339,850.18,750.67,819.59,1451.01,785.89,822.52
2024-12-27 01:00:00,7.983,24.383,825.02,914.52,828.97,1502.92,860.23,895.22
2024-12-27 02:00:00,10.195,24.439,842.52,739.06,759.22,1457.38,,821.76
2024-12-27 03:00:00,11.08,26.157,800.9,762.6,831.4,1486.0,710.22,839.23
2024-12-27 04:00:00,10.558,25.444,800.59,807.22,843.27,1486.16,770.59,878.23
2024-12-27 05:00:00,11.064,24.795,824.58,775.18,827.66,1452.89,737.0,
2024-12-27 06:00:00,11.706,25.645,742.03,709.85,654.85,,764.67,728.84
2024-12-27 07:00:00,11.159,26.886,790.72,688.79,784.41,1477.24,817.75,793.68
2024-12-27 08:00:00,12.21,24.479,725.12,641.02,790.68,1369.67,678.8,720.91
2024-12-27 09:00:00,11.744,25.645,748.09,697.75,701.79,1481.33,694.84,759.15
2024-12-27 10:00:00,10.528,24.917,809.12,726.55,824.57,1440.17,776.72,775.5
2024-12-27 11:00:00,10.205,23.592,800.81,789.79,780.52,1405.02,826.64,839.62
2024-12-27 12:00:00,7.801,23.638,884.25,840.77,823.25,1481.69,859.99,844.3
2024-12-27 13:00:00,9.539,21.589,786.62,757.82,779.28,1411.33,840.45,794.26
2024-12-27 14:00:00,8.457,23.127,824.93,,910.59,1482.23,879.66,923.32
2024-12-27 15:00:00,9.497,20.945,784.74,745.26,844.89,1336.97,821.32,780.32
2024-12-27 16:00:00,9.28,23.553,813.38,821.44,821.89,1438.63,813.63,809.23
2024-12-27 17:00:00,9.623,21.957,844.82,778.57,902.24,1400.03,758.03,882.35
2024-12-27 18:00:00,10.172,21.314,773.94,788.35,717.01,1425.09,785.74,808.62
2024-12-27 19:00:00,9.103,23.461,853.54,826.0,803.7,1454.72,797.89,817.05
2024-12-27 20:00:00,11.096,21.029,762.18,737.26,827.08,1434.87,805.15,741.65
2024-12-27 21:00:00,9.677,21.687,791.19,831.29,799.48,1463.82,838.2,918.44
2024-12-27 22:00:00,8.719,20.802,875.29,774.45,816.44,1425.23,815.96,876.19
2024-12-27 23:00:00,9.635,25.049,848.69,842.92,821.43,1482.19,807.18,859.64
2024-12-28 00:00:00,10.125,26.241,813.97,819.66,801.53,1449.13,745.72,870.98
2024-12-28 01:00:00,11.236,22.5,750.9,735.3,802.03,1428.8,720.87,767.87
2024-12-28 02:00:00,10.321,24.008,800.08,756.86,767.73,1512.52,862.09,
2024-12-28 03:00:00,11.117,25.481,718.54,759.35,896.57,1505.57,771.2,817.58
2024-12-28 04:00:00,11.445,25.093,727.78,758.92,710.38,1439.08,736.01,767.48
2024-12-28 05:00:00,11.362,25.869,779.81,691.27,848.09,1461.97,762.88,797.61
2024-12-28 06:00:00,12.438,25.829,661.34,718.18,771.45,,686.11,799.8
2024-12-28 07:00:00,12.288,26.385,699.75,772.63,,1434.53,704.58,720.97
2024-12-28 08:00:00,12.616,24.537,689.24,678.22,733.66,1438.85,682.37,717.06
2024-12-28 09:00:00,11.254,25.597,868.56,803.77,814.9,1447.13,816.77,776.82
2024-12-28 10:00:00,12.259,23.606,738.29,715.23,,1404.67,611.52,768.21
2024-12-28 11:00:00,9.943,23.961,847.83,814.25,733.3,1463.85,770.06,871.73
2024-12-28 12:00:00,9.639,21.846,780.23,779.05,825.04,1433.77,710.89,781.55
2024-12-28 13:00:00,9.495,22.919,829.95,,759.87,1422.1,,
2024-12-28 14:00:00,10.21,22.226,731.24,749.25,840.12,1444.14,776.89,791.95
2024-12-28 15:00:00,10.942,23.622,759.28,798.08,824.47,1457.03,779.65,813.58
2024-12-28 16:00:00,9.334,22.091,,787.81,759.98,1446.19,763.87,840.72
2024-12-28 17:00:00,9.34,22.1,768.31,887.9,734.38,1429.55,775.04,869.64
2024-12-28 18:00:00,9.533,21.847,825.14,828.01,,1461.93,826.38,896.37
2024-12-28 19:00:00,10.231,19.376,795.93,794.84,769.64,1336.56,787.42,728.81
2024-12-28 20:00:00,9.536,19.724,,751.08,799.95,1384.03,781.12,751.26
2024-12-28 21:00:00,9.707,22.044,778.18,832.12,825.96,1408.44,707.33,830.38
2024-12-28 22:00:00,9.331,23.162,797.92,812.08,816.94,,811.3,860.94
2024-12-28 23:00:00,10.265,23.016,782.28,766.03,803.11,1465.09,789.86,790.58
2024-12-29 00:00:00,11.999,22.765,711.26,,701.55,1367.9,709.38,751.67
2024-12-29 01:00:00,11.465,24.018,768.79,687.12,719.98,1436.18,672.17,788.28
2024-12-29 02:00:00,11.114,24.382,748.53,754.98,803.03,1430.35,708.09,750.84
2024-12-29 03:00:00,12.968,26.109,750.15,,739.64,1490.61,704.97,737.9
2024-12-29 04:00:00,11.726,26.345,806.13,678.49,751.37,1522.04,791.53,803.71
2024-12-29 05:00:00,13.474,24.998,674.02,657.89,647.5,1393.54,674.06,699.39
2024-12-29 06:00:00,13.526,25.654,654.25,721.66,758.47,1457.2,623.67,650.5
2024-12-29 07:00:00,12.43,25.961,699.03,637.63,809.66,1559.06,684.66,718.29
2024-12-29 08:00:00,11.09,25.923,786.25,755.82,834.87,1481.2,721.35,820.45
2024-12-29 09:00:00,13.953,27.062,,684.14,710.39,1457.96,644.61,747.7
2024-12-29 10:00:00,12.206,24.613,714.54,670.82,693.17,1450.06,748.32,765.71
2024-12-29 11:00:00,11.371,25.549,748.07,,828.78,1492.31,774.57,782.98
2024-12-29 12:00:00,12.107,22.219,727.52,715.43,753.81,1437.76,721.76,747.75
2024-12-29 13:00:00,11.616,22.309,739.28,750.65,705.22,1450.57,693.2,753.52
2024-12-29 14:00:00,11.836,20.01,697.03,779.92,757.12,1329.7,690.36,751.16
2024-12-29 15:00:00,10.031,22.32,803.43,724.26,780.49,1457.0,769.27,838.3
2024-12-29 16:00:00,10.647,22.578,756.74,778.31,818.7,1418.14,795.76,750.29
2024-12-29 17:00:00,9.345,18.514,775.34,786.45,,1353.3,794.67,859.81
2024-12-29 18:00:00,10.808,21.718,767.51,759.22,795.52,1394.51,791.53,848.48
2024-12-29 19:00:00,10.319,22.264,768.92,785.85,757.83,1440.0,792.27,773.01
2024-12-29 20:00:00,10.703,22.373,749.13,,806.81,1399.92,728.93,776.6
2024-12-29 21:00:00,10.573,20.577,808.39,724.47,798.93,,702.87,
2024-12-29 22:00:00,10.759,23.332,763.17,727.12,754.78,1427.47,837.96,792.52
2024-12-29 23:00:00,10.575,22.875,846.57,859.78,773.59,1450.24,753.01,769.04
2024-12-30 00:00:00,12.233,24.067,739.85,643.64,814.9,1444.36,703.72,695.1
2024-12-30 01:00:00,13.124,23.7,647.38,700.97,768.02,1379.25,721.2,701.27
2024-12-30 02:00:00,11.796,24.767,780.77,681.44,732.13,1418.48,741.97,727.72
2024-12-30 03:00:00,12.953,26.03,,671.65,633.07,1473.54,633.3,746.28
2024-12-30 04:00:00,13.066,24.747,752.53,736.79,768.74,1387.96,664.16,715.54
2024-12-30 05:00:00,12.866,25.508,703.92,702.57,807.53,1449.53,730.83,786.31
2024-12-30 06:00:00,11.699,26.709,772.1,675.94,835.49,1467.54,748.31,824.71
2024-12-30 07:00:00,11.857,24.955,739.47,706.92,739.01,1435.71,848.72,767.07
2024-12-30 08:00:00,12.172,23.538,727.53,699.35,762.45,1430.02,623.44,
2024-12-30 09:00:00,10.914,25.355,771.76,808.07,751.2,1506.2,,788.15
2024-12-30 10:00:00,13.522,25.824,634.85,639.13,739.76,1458.48,592.0,675.91
2024-12-30 11:00:00,12.418,25.138,726.41,686.38,709.29,1403.41,722.36,
2024-12-30 12:00:00,11.808,23.904,771.67,788.49,723.27,1431.24,669.84,827.75
2024-12-30 13:00:00,9.787,19.687,752.89,,789.81,1401.41,755.34,850.42
2024-12-30 14:00:00,9.808,21.226,854.81,827.77,777.82,1393.78,767.54,782.82
2024-12-30 15:00:00,11.034,20.844,775.65,722.7,791.91,1380.91,748.18,735.37
2024-12-30 16:00:00,12.439,21.251,,573.97,675.71,1357.65,671.22,744.93
2024-12-30 17:00:00,10.201,22.994,,740.01,909.28,1465.31,821.69,791.72
2024-12-30 18:00:00,11.426,19.572,797.83,663.55,763.21,1326.17,678.22,726.14
2024-12-30 19:00:00,10.409,23.597,824.53,781.76,782.65,1428.15,794.05,
2024-12-30 20:00:00,10.973,20.616,795.97,787.42,720.91,1348.99,734.99,756.34
2024-12-30 21:00:00,12.107,20.441,698.36,773.4,706.67,1387.39,617.4,793.0
2024-12-30 22:00:00,11.123,22.758,779.0,800.24,759.69,1386.47,787.28,840.6
2024-12-30 23:00:00,11.153,23.303,773.01,721.15,758.99,1404.51,717.99,841.29
2024-12-31 00:00:00,13.166,23.459,666.98,659.14,674.68,1394.88,657.53,693.31
2024-12-31 01:00:00,12.393,22.24,706.42,701.4,684.2,1396.11,649.56,787.05
2024-12-31 02:00:00,13.534,24.215,698.28,569.37,723.1,1401.49,743.61,686.81
2024-12-31 03:00:00,12.376,22.753,761.65,652.77,781.58,1402.03,748.87,757.69
2024-12-31 04:00:00,14.255,23.32,612.62,572.99,614.75,1329.7,578.18,680.06
2024-12-31 05:00:00,13.483,24.329,616.39,720.03,685.62,1436.23,650.06,672.68
2024-12-31 06:00:00,13.666,23.492,707.53,637.98,600.17,1407.93,638.08,707.98
2024-12-31 07:00:00,13.397,25.636,730.18,590.73,,1442.56,595.73,697.42
2024-12-31 08:00:00,12.781,23.444,704.62,652.03,793.17,1334.28,694.86,738.97
2024-12-31 09:00:00,13.006,23.52,743.42,675.47,752.47,1408.53,661.53,685.56
2024-12-31 10:00:00,12.418,22.278,713.13,674.12,744.02,1372.21,724.42,746.11
2024-12-31 11:00:00,13.263,24.06,639.49,631.4,646.37,1394.59,643.57,724.64
2024-12-31 12:00:00,12.035,21.461,668.99,730.34,698.77,1382.28,654.69,764.63
2024-12-31 13:00:00,10.702,23.076,731.75,825.76,763.1,1463.89,735.57,873.34
2024-12-31 14:00:00,10.278,22.469,791.62,835.03,838.21,1476.87,733.31,861.98
2024-12-31 15:00:00,10.004,20.199,774.47,778.46,845.65,1419.65,,788.42
2024-12-31 16:00:00,11.7,20.414,,707.9,735.09,1364.31,737.07,720.7
2024-12-31 17:00:00,10.176,19.572,778.38,769.54,820.71,1419.17,717.87,839.59
2024-12-31 18:00:00,11.308,20.689,772.63,776.59,719.98,1422.38,743.23,815.18
2024-12-31 19:00:00,11.229,19.83,722.88,,762.49,1365.64,756.27,691.56
2024-12-31 20:00:00,11.198,19.723,717.78,659.73,793.6,1306.3,746.79,778.08
2024-12-31 21:00:00,11.801,20.557,704.17,729.25,799.23,1344.06,653.99,682.69
2024-12-31 22:00:00,11.836,18.978,744.64,724.68,673.58,1275.46,762.23,750.54
2024-12-31 23:00:00,9.841,21.228,,782.57,862.03,1389.29,802.98,853.51
2025-01-01 00:00:00,12.07,22.575,728.2,776.78,834.69,1404.77,640.33,748.07
2025-01-01 01:00:00,12.989,22.438,730.97,633.5,,1337.07,634.68,704.15
2025-01-01 02:00:00,14.259,23.856,723.14,648.3,587.88,1423.67,575.59,647.85
2025-01-01 03:00:00,14.554,22.634,626.45,518.26,704.13,1376.42,569.5,655.98
2025-01-01 04:00:00,12.313,22.812,727.68,702.15,710.13,1348.83,746.25,756.11
2025-01-01 05:00:00,13.252,22.181,621.9,608.25,,1386.8,651.87,724.97
2025-01-01 06:00:00,12.328,23.061,722.1,688.17,778.58,1354.58,685.4,751.84
2025-01-01 07:00:00,14.764,25.796,610.31,600.2,609.48,1487.41,640.2,606.2
2025-01-01 08:00:00,14.246,23.525,654.02,568.56,666.93,1352.7,616.5,594.44
2025-01-01 09:00:00,13.532,22.131,636.42,,619.62,1347.36,708.68,649.77
2025-01-01 10:00:00,13.143,21.169,670.85,634.39,723.76,1350.02,648.01,
2025-01-01 11:00:00,13.832,19.932,647.38,753.33,689.26,1335.44,665.91,703.26
2025-01-01 12:00:00,13.393,20.293,714.81,635.59,680.04,1331.96,,701.73
2025-01-01 13:00:00,13.046,21.639,725.14,655.54,694.5,1325.82,678.95,759.48
2025-01-01 14:00:00,12.201,19.689,743.95,704.79,715.22,1351.28,676.78,745.15
2025-01-01 15:00:00,11.313,18.593,758.37,659.14,735.36,,730.69,792.16
2025-01-01 16:00:00,12.021,18.362,686.47,729.28,712.2,1309.09,703.06,660.93
2025-01-01 17:00:00,11.946,19.915,737.28,729.33,763.29,1403.87,721.55,686.37
2025-01-01 18:00:00,11.104,18.925,716.06,667.34,676.82,1336.27,793.07,810.07
2025-01-01 19:00:00,11.021,18.292,736.42,836.85,828.3,1327.86,753.41,768.76
2025-01-01 20:00:00,12.333,18.829,752.16,678.24,713.95,1336.09,674.22,707.83
2025-01-01 21:00:00,12.953,22.118,695.64,,794.83,1397.66,676.41,643.59
2025-01-01 22:00:00,11.274,21.303,754.69,750.32,769.4,1397.3,698.96,792.62
2025-01-01 23:00:00,11.956,22.038,733.4,670.37,738.38,1323.11,777.57,741.12
2025-01-02 00:00:00,12.762,18.644,666.59,591.2,714.89,1313.56,627.87,623.47
2025-01-02 01:00:00,13.184,21.036,585.9,629.86,632.73,1348.57,671.99,710.23
2025-01-02 02:00:00,12.669,20.88,639.87,658.01,659.6,1328.1,713.89,704.61
2025-01-02 03:00:00,14.845,22.673,611.77,492.9,618.43,1328.8,,614.13
2025-01-02 04:00:00,13.868,23.563,608.61,580.67,674.92,1429.86,594.05,697.1
2025-01-02 05:00:00,14.078,22.835,623.9,557.07,702.59,1384.53,577.29,634.56
2025-01-02 06:00:00,15.102,21.417,529.02,523.5,612.46,1324.85,589.35,560.27
2025-01-02 07:00:00,13.297,21.555,633.33,662.28,744.56,1378.08,653.41,665.02
2025-01-02 08:00:00,13.466,22.845,656.27,636.89,571.5,1425.59,618.07,714.84
2025-01-02 09:00:00,12.345,22.598,738.7,687.55,802.25,1414.87,657.98,698.77
2025-01-02 10:00:00,12.962,21.441,712.71,580.6,678.89,1411.23,629.4,704.46
2025-01-02 11:00:00,11.619,20.896,704.64,718.79,772.76,1385.65,722.83,788.66
2025-01-02 12:00:00,13.098,20.234,672.41,599.33,734.51,1367.62,734.31,
2025-01-02 13:00:00,12.525,19.931,636.41,602.92,649.46,1342.22,622.94,691.23
2025-01-02 14:00:00,11.678,19.935,725.5,749.27,797.34,1395.85,620.42,765.82
2025-01-02 15:00:00,11.57,19.369,758.95,664.5,769.13,1401.63,712.9,745.89
2025-01-02 16:00:00,12.068,18.274,696.79,693.62,787.54,1330.83,660.48,710.83
2025-01-02 17:00:00,10.429,17.937,811.5,746.87,772.52,1299.93,741.8,761.46
2025-01-02 18:00:00,11.459,17.774,752.43,680.21,732.61,1327.39,667.18,744.13
2025-01-02 19:00:00,11.894,16.96,709.26,743.38,681.13,1300.96,,745.2
2025-01-02 20:00:00,10.026,17.095,767.36,756.32,747.43,1347.68,749.32,
2025-01-02 21:00:00,12.189,18.967,678.24,664.56,709.55,1325.54,699.65,712.71
2025-01-02 22:00:00,10.547,17.823,709.37,731.43,789.28,1338.25,809.68,807.5
2025-01-02 23:00:00,12.079,20.087,661.46,701.76,754.08,1375.65,682.19,727.79
2025-01-03 00:00:00,11.55,19.516,761.92,712.76,696.56,1334.29,681.88,744.45
2025-01-03 01:00:00,13.933,21.028,679.35,572.72,650.88,1359.97,598.76,609.89
2025-01-03 02:00:00,12.148,21.241,671.12,657.81,735.74,1384.64,688.37,735.87
2025-01-03 03:00:00,11.998,21.851,720.66,702.4,644.76,1323.96,721.71,760.81
2025-01-03 04:00:00,13.612,20.535,584.14,590.54,701.44,1341.67,618.19,655.15
2025-01-03 05:00:00,13.29,21.746,625.48,706.28,673.83,1327.74,642.52,693.57
2025-01-03 06:00:00,12.453,22.158,708.65,660.99,720.13,1431.76,663.79,711.69
2025-01-03 07:00:00,14.032,19.292,595.74,603.62,702.55,1299.78,599.68,589.4
2025-01-03 08:00:00,11.893,22.944,660.72,708.95,703.19,1397.65,723.48,688.51
2025-01-03 09:00:00,12.461,23.252,764.29,673.33,688.62,1433.73,706.31,763.67
2025-01-03 10:00:00,12.576,21.204,688.06,708.85,613.37,1299.59,608.36,777.87
2025-01-03 11:00:00,13.382,20.5,611.13,651.89,,1312.92,584.33,720.13
2025-01-03 12:00:00,13.46,19.67,646.92,644.5,711.97,1370.58,568.34,641.94
2025-01-03 13:00:00,12.989,18.006,653.84,663.89,586.82,1306.66,675.04,707.38
2025-01-03 14:00:00,11.688,17.728,727.94,642.49,679.89,1275.65,655.49,713.58
2025-01-03 15:00:00,9.613,18.552,782.43,815.67,801.08,1333.64,769.41,786.07
2025-01-03 16:00:00,11.669,15.857,,692.44,694.23,1246.03,692.21,764.5
2025-01-03 17:00:00,12.406,15.5,704.73,643.93,665.04,1250.66,601.73,664.26
2025-01-03 18:00:00,12.168,16.176,639.16,816.95,703.24,1274.42,651.81,693.99
2025-01-03 19:00:00,11.584,17.456,692.12,652.37,802.67,1368.74,799.29,725.39
2025-01-03 20:00:00,10.374,15.777,787.19,758.64,760.03,1267.27,750.98,750.1
2025-01-03 21:00:00,11.087,16.812,714.99,726.31,749.92,1268.79,790.93,801.14
2025-01-03 22:00:00,13.294,17.316,636.67,620.5,679.67,1283.12,602.18,706.72
2025-01-03 23:00:00,10.894,16.66,725.0,701.13,663.92,1310.95,754.91,706.9
2025-01-04 00:00:00,11.41,15.412,700.26,722.59,734.23,1271.3,685.34,744.5
2025-01-04 01:00:00,13.384,17.573,,574.86,592.54,1293.45,627.01,653.2
2025-01-04 02:00:00,12.564,19.548,638.77,679.83,701.37,1390.1,695.82,682.35
2025-01-04 03:00:00,12.202,20.18,717.87,695.07,763.46,1324.27,668.17,712.93
2025-01-04 04:00:00,14.551,20.456,631.56,555.69,608.38,1325.45,589.99,
2025-01-04 05:00:00,13.806,20.741,624.88,603.85,702.9,,596.92,
2025-01-04 06:00:00,13.162,19.274,687.65,699.98,602.87,1380.78,645.12,697.9
2025-01-04 07:00:00,12.499,18.896,665.64,693.01,710.75,1341.07,704.61,727.2
2025-01-04 08:00:00,14.922,20.103,555.57,550.79,620.83,1265.95,602.52,554.57
2025-01-04 09:00:00,13.063,19.029,672.26,658.08,564.71,1349.62,679.12,676.66
2025-01-04 10:00:00,13.94,19.905,635.97,598.68,669.33,1355.5,597.73,639.51
2025-01-04 11:00:00,13.235,18.739,644.7,653.24,544.12,1329.24,678.54,699.88
2025-01-04 12:00:00,11.781,19.252,739.71,682.83,735.24,1333.74,736.18,662.15
2025-01-04 13:00:00,11.464,16.583,672.51,802.95,743.7,1280.71,686.57,792.93
2025-01-04 14:00:00,12.729,17.888,657.3,662.54,666.62,1337.81,611.12,688.43
2025-01-04 15:00:00,12.481,18.582,716.01,782.94,704.95,1338.21,601.03,715.03
2025-01-04 16:00:00,9.605,15.835,815.99,878.82,874.29,1341.51,842.13,733.87
2025-01-04 17:00:00,11.413,16.118,746.87,695.43,701.13,1286.7,646.64,723.16
2025-01-04 18:00:00,10.822,14.282,769.4,747.46,685.74,1282.77,715.92,710.1
2025-01-04 19:00:00,10.119,16.487,757.21,789.58,855.61,1284.37,776.51,818.59
2025-01-04 20:00:00,11.26,16.917,667.91,762.63,742.06,1357.45,670.14,728.46
2025-01-04 21:00:00,10.148,15.235,754.55,775.3,810.56,1346.77,819.22,771.92
2025-01-04 22:00:00,11.088,16.894,756.88,781.64,670.8,1311.79,814.13,728.43
2025-01-04 23:00:00,11.097,16.957,762.52,662.78,635.61,1259.65,728.25,718.54
2025-01-05 00:00:00,11.631,17.556,696.39,684.91,686.52,1354.49,693.76,757.35
2025-01-05 01:00:00,12.269,18.527,657.52,672.84,696.99,1389.56,648.22,680.21
2025-01-05 02:00:00,11.788,18.606,682.42,678.12,700.92,1324.7,713.08,739.36
2025-01-05 03:00:00,14.091,18.179,587.04,514.41,608.64,1286.71,504.89,612.12
2025-01-05 04:00:00,13.402,19.612,578.46,660.31,587.57,1321.86,627.82,682.76
2025-01-05 05:00:00,14.547,20.095,574.49,,631.71,,596.55,648.51
2025-01-05 06:00:00,13.007,18.113,657.97,614.27,662.44,1343.61,615.02,681.27
2025-01-05 07:00:00,12.639,18.656,672.05,692.19,598.28,1340.13,667.83,728.38
2025-01-05 08:00:00,14.348,16.285,573.78,613.03,596.54,1227.36,582.63,636.45
2025-01-05 09:00:00,12.271,18.739,668.17,658.42,699.62,1322.78,689.09,725.01
2025-01-05 10:00:00,12.324,19.041,671.22,637.74,749.32,1344.82,659.46,719.87
2025-01-05 11:00:00,12.736,16.731,642.99,618.67,653.71,1269.96,671.62,654.85
2025-01-05 12:00:00,10.841,16.632,768.15,788.61,786.39,1323.59,701.39,736.31
2025-01-05 13:00:00,12.072,15.639,687.07,728.59,731.74,1281.42,634.54,712.31
2025-01-05 14:00:00,11.662,14.91,812.43,713.33,672.24,1303.18,664.29,
2025-01-05 15:00:00,11.944,15.185,679.03,696.67,726.18,1293.72,687.45,690.14
2025-01-05 16:00:00,11.431,13.597,720.84,654.41,755.95,,626.02,739.8
2025-01-05 17:00:00,11.62,14.006,688.47,717.81,749.21,1255.19,643.17,743.87
2025-01-05 18:00:00,10.432,13.085,731.81,783.11,754.34,1228.15,693.35,660.42
2025-01-05 19:00:00,9.851,14.896,825.87,786.06,,1351.23,769.49,780.21
2025-01-05 20:00:00,12.33,14.626,706.06,673.76,622.53,1276.6,625.84,712.69
2025-01-05 21:00:00,9.592,14.09,713.43,744.07,817.72,1235.07,726.55,771.94
2025-01-05 22:00:00,9.9,15.017,734.58,824.98,704.07,1284.02,713.38,803.19
2025-01-05 23:00:00,11.763,15.14,693.52,641.24,696.95,1223.79,649.35,730.77
2025-01-06 00:00:00,12.901,17.246,639.15,643.52,717.73,1283.28,618.18,674.45
2025-01-06 01:00:00,12.043,15.813,636.37,702.03,655.11,1283.51,630.46,688.72
2025-01-06 02:00:00,12.959,17.538,659.96,687.67,671.04,1326.4,645.06,639.19
2025-01-06 03:00:00,10.791,16.296,678.23,787.48,678.49,1335.05,726.56,708.53
2025-01-06 04:00:00,12.157,18.388,700.15,731.27,691.56,1285.03,725.45,721.29
2025-01-06 05:00:00,11.156,18.808,765.97,723.81,703.84,1351.18,792.31,708.76
2025-01-06 06:00:00,13.299,18.884,676.89,721.17,632.21,1329.93,620.35,691.52
2025-01-06 07:00:00,11.375,19.232,728.19,770.29,764.31,1353.52,738.1,784.41
2025-01-06 08:00:00,11.448,17.571,775.53,704.13,756.26,1275.02,733.82,769.75
2025-01-06 09:00:00,12.669,18.34,684.29,647.95,662.84,1294.3,659.13,674.97
2025-01-06 10:00:00,12.836,18.342,694.72,681.24,692.01,1311.03,618.45,722.39
2025-01-06 11:00:00,11.548,14.517,678.92,685.55,688.84,1287.2,706.6,629.78
2025-01-06 12:00:00,11.798,14.575,747.49,641.07,684.4,1234.07,633.32,688.39
2025-01-06 13:00:00,11.439,12.94,702.11,708.11,654.91,1220.21,706.47,648.81
2025-01-06 14:00:00,10.524,15.479,805.95,663.95,727.34,1285.3,735.87,773.96
2025-01-06 15:00:00,9.549,11.935,813.88,794.58,674.0,1189.39,767.85,750.23
2025-01-06 16:00:00,10.662,11.246,735.34,761.5,809.81,1203.63,722.83,699.88
2025-01-06 17:00:00,10.558,11.819,747.18,731.73,778.49,1238.35,777.9,685.23
2025-01-06 18:00:00,10.718,10.936,716.45,778.56,820.67,1179.96,686.55,737.15
2025-01-06 19:00:00,10.269,13.372,722.18,793.54,793.42,1243.47,775.11,755.61
2025-01-06 20:00:00,9.181,11.898,797.31,751.15,778.41,1222.95,775.36,757.08
2025-01-06 21:00:00,10.834,11.444,739.43,730.55,624.82,1236.2,767.33,744.57
2025-01-06 22:00:00,10.505,13.792,687.23,729.82,784.33,1213.12,686.19,732.52
2025-01-06 23:00:00,10.385,14.301,,744.42,804.12,1256.62,738.51,780.07
2025-01-07 00:00:00,10.822,12.51,756.08,778.42,675.31,1281.99,730.78,686.85
2025-01-07 01:00:00,10.791,14.371,786.6,764.57,757.9,1303.75,725.44,800.32
2025-01-07 02:00:00,12.319,15.577,701.32,640.41,691.95,1304.76,602.66,750.03
2025-01-07 03:00:00,10.696,15.609,691.51,756.51,741.52,1334.42,710.36,738.38
2025-01-07 04:00:00,11.202,15.916,688.63,694.85,751.72,1264.2,682.28,785.35
2025-01-07 05:00:00,11.828,17.884,695.72,,736.29,1359.23,763.85,707.23
2025-01-07 06:00:00,13.397,19.07,691.6,685.15,620.97,1259.37,626.8,679.48
2025-01-07 07:00:00,12.883,16.008,631.24,743.28,706.89,1257.2,597.21,601.89
2025-01-07 08:00:00,10.581,14.555,781.43,820.69,681.26,1294.66,764.13,733.31
2025-01-07 09:00:00,12.758,15.501,634.06,657.44,688.67,,624.03,697.98
2025-01-07 10:00:00,12.482,15.559,687.21,668.09,691.56,1277.69,702.66,743.79
2025-01-07 11:00:00,10.148,14.739,728.47,809.33,725.79,1254.75,723.19,768.88
2025-01-07 12:00:00,8.733,14.977,796.09,819.54,845.74,1214.77,757.41,770.93
2025-01-07 13:00:00,10.355,16.34,721.43,707.71,,1321.93,731.4,786.13
2025-01-07 14:00:00,10.995,11.107,762.9,793.12,720.71,,722.99,673.64
2025-01-07 15:00:00,11.095,12.1,688.46,671.17,719.55,1228.97,722.48,689.67
2025-01-07 16:00:00,8.907,14.2,740.35,855.88,851.25,1291.51,840.94,788.82
2025-01-07 17:00:00,10.859,11.485,662.68,758.19,743.79,1228.44,786.96,741.52
2025-01-07 18:00:00,7.607,12.952,,919.84,715.72,1246.69,847.22,799.76
2025-01-07 19:00:00,9.108,12.791,766.5,831.41,752.63,1252.47,751.82,775.06
2025-01-07 20:00:00,9.161,13.679,807.74,774.36,843.62,1237.0,814.51,799.32
2025-01-07 21:00:00,10.58,14.77,737.17,793.64,736.72,1310.31,738.96,778.99
2025-01-07 22:00:00,10.918,13.25,765.97,715.83,676.75,1178.75,717.28,689.82
2025-01-07 23:00:00,10.904,11.2,703.0,685.74,710.42,1203.49,704.84,
2025-01-08 00:00:00,9.343,12.935,812.53,716.56,837.38,1309.85,732.92,788.06
2025-01-08 01:00:00,11.396,16.879,688.4,713.72,690.75,1322.2,678.69,745.43
2025-01-08 02:00:00,11.375,13.005,652.59,640.54,661.82,1204.38,648.74,726.12
2025-01-08 03:00:00,9.851,15.676,745.9,,760.23,1315.9,700.07,795.2
2025-01-08 04:00:00,9.697,12.344,724.53,713.9,727.9,1268.46,767.57,763.06
2025-01-08 05:00:00,12.272,13.904,627.04,651.24,708.49,1248.65,712.77,715.91
2025-01-08 06:00:00,11.31,16.623,,708.54,713.25,1321.63,727.78,762.97
2025-01-08 07:00:00,10.357,15.498,747.94,769.02,769.25,1258.23,774.09,809.78
2025-01-08 08:00:00,11.07,14.769,730.77,693.16,794.82,1253.18,792.66,717.99
2025-01-08 09:00:00,11.308,13.891,730.45,759.33,673.27,1265.46,662.17,684.64
2025-01-08 10:00:00,10.673,12.024,670.4,744.36,768.51,1219.45,781.45,729.14
2025-01-08 11:00:00,9.18,14.736,809.23,799.76,818.76,1278.39,830.56,
2025-01-08 12:00:00,11.59,13.014,653.95,671.68,645.93,1205.71,685.1,716.88
2025-01-08 13:00:00,10.545,10.976,709.48,762.38,781.29,1253.66,680.27,674.31
2025-01-08 14:00:00,9.155,12.324,712.89,849.9,716.4,1251.37,793.5,755.7
2025-01-08 15:00:00,8.909,12.539,809.87,910.31,713.99,1283.54,875.74,768.37
2025-01-08 16:00:00,9.213,11.251,713.54,751.29,725.47,1163.08,806.12,787.05
2025-01-08 17:00:00,7.873,11.4,,826.82,759.98,1270.19,778.8,771.97
2025-01-08 18:00:00,8.964,11.207,739.97,720.49,751.96,,803.46,801.33
2025-01-08 19:00:00,7.653,10.35,807.8,863.36,746.71,1216.76,802.38,771.91
2025-01-08 20:00:00,8.751,11.433,780.84,749.65,796.74,1241.38,806.29,765.44
2025-01-08 21:00:00,8.034,12.538,839.89,841.55,790.69,1320.65,771.14,780.26
2025-01-08 22:00:00,8.293,13.282,803.91,873.87,801.75,1327.11,825.49,819.98
2025-01-08 23:00:00,10.764,13.442,766.01,721.53,758.18,1251.73,705.33,764.56
2025-01-09 00:00:00,9.775,12.172,774.35,736.43,816.34,1253.49,679.58,832.19
2025-01-09 01:00:00,10.174,14.235,725.07,818.69,735.02,1256.47,751.63,778.25
2025-01-09 02:00:00,8.659,14.484,779.38,844.8,766.04,1292.65,768.76,804.01
2025-01-09 03:00:00,10.009,13.46,813.18,724.89,787.41,1261.56,710.4,752.05
2025-01-09 04:00:00,11.016,14.045,767.71,733.78,776.99,1271.48,659.31,741.73
2025-01-09 05:00:00,10.892,15.591,765.57,704.42,740.44,1274.26,704.74,823.5
2025-01-09 06:00:00,9.024,16.469,834.87,853.05,796.95,1339.0,780.3,786.72
2025-01-09 07:00:00,10.842,12.548,741.33,736.66,713.28,1247.88,722.53,789.61
2025-01-09 08:00:00,10.82,16.465,755.31,805.63,718.5,1275.47,707.8,781.4
2025-01-09 09:00:00,11.332,15.551,720.18,680.49,,1281.94,673.43,709.39
2025-01-09 10:00:00,9.502,13.953,836.18,796.87,765.3,1259.21,751.45,787.23
2025-01-09 11:00:00,7.913,12.919,800.3,835.05,828.94,1330.36,815.74,765.95
2025-01-09 12:00:00,8.568,13.134,807.6,825.4,821.79,1306.26,790.66,822.26
2025-01-09 13:00:00,8.147,11.356,743.19,800.7,748.45,1268.74,803.87,769.39
2025-01-09 14:00:00,9.294,11.405,721.01,696.75,762.33,1216.02,,778.81
2025-01-09 15:00:00,6.253,9.411,910.81,905.31,791.56,1274.7,798.59,842.67
2025-01-09 16:00:00,7.846,8.751,821.27,827.32,769.03,1184.45,819.69,
2025-01-09 17:00:00,9.195,13.418,775.47,762.76,778.57,1246.67,790.37,775.87
2025-01-09 18:00:00,7.989,10.605,806.77,806.1,826.89,1294.98,727.26,819.34
2025-01-09 19:00:00,8.711,10.82,737.26,756.95,764.57,1245.12,786.39,775.73
2025-01-09 20:00:00,6.769,10.718,823.7,791.2,835.14,1215.22,830.3,830.02
2025-01-09 21:00:00,6.961,10.059,779.31,898.96,763.37,1213.79,781.68,846.01
2025-01-09 22:00:00,9.611,11.078,750.41,798.55,702.6,1245.93,820.19,718.66
2025-01-09 23:00:00,8.801,12.019,811.47,750.37,764.0,1236.9,718.93,799.7
2025-01-10 00:00:00,9.083,12.172,796.33,896.86,909.1,1243.77,808.92,762.02
2025-01-10 01:00:00,8.386,12.004,854.84,772.6,751.74,1299.45,758.5,783.84
2025-01-10 02:00:00,9.62,13.946,783.73,812.6,772.27,1254.28,720.61,734.93
2025-01-10 03:00:00,8.84,13.993,708.7,809.24,801.94,1267.21,791.7,753.12
2025-01-10 04:00:00,10.867,14.539,801.3,686.07,733.55,1356.36,681.68,729.17
2025-01-10 05:00:00,12.189,15.096,650.09,688.23,662.14,1280.83,710.36,690.97
2025-01-10 06:00:00,10.404,14.097,754.78,748.54,768.6,1284.82,781.77,768.31
2025-01-10 07:00:00,9.437,14.015,782.38,764.57,732.32,1323.09,757.29,784.73
2025-01-10 08:00:00,7.768,15.781,841.94,901.53,836.32,1339.3,837.87,857.36
2025-01-10 09:00:00,8.226,12.536,807.76,849.32,767.04,1299.67,828.2,
2025-01-10 10:00:00,10.539,10.991,732.28,769.49,765.6,1170.21,677.63,722.32
2025-01-10 11:00:00,8.152,13.409,765.84,820.76,,1291.07,860.88,869.41
2025-01-10 12:00:00,8.337,11.456,888.65,831.65,778.29,1234.74,769.47,825.4
2025-01-10 13:00:00,8.817,10.387,802.65,797.93,718.53,1232.02,770.95,762.04
2025-01-10 14:00:00,9.159,12.247,780.47,813.61,802.25,1181.32,764.51,774.66
2025-01-10 15:00:00,7.535,10.584,881.11,801.77,832.65,1187.42,791.04,787.27
2025-01-10 16:00:00,7.15,8.911,782.39,752.97,687.1,1201.98,,860.28
2025-01-10 17:00:00,7.381,12.538,860.15,905.67,759.62,1289.26,,834.78
2025-01-10 18:00:00,6.75,8.204,808.48,858.01,842.24,1154.67,848.19,782.01
2025-01-10 19:00:00,6.804,10.09,848.97,885.41,806.57,1210.86,790.84,829.88
2025-01-10 20:00:00,7.683,8.116,816.27,801.13,805.89,1195.52,795.56,755.21
2025-01-10 21:00:00,7.662,11.016,733.26,828.92,795.97,1234.25,774.05,804.54
2025-01-10 22:00:00,9.437,10.326,712.11,839.79,757.02,1241.58,717.83,761.95
2025-01-10 23:00:00,8.343,12.552,858.41,835.24,830.34,1293.57,861.77,793.25
2025-01-11 00:00:00,9.193,12.057,768.02,880.18,715.62,1212.03,760.83,788.63
2025-01-11 01:00:00,7.696,14.208,898.5,882.02,794.86,1291.78,777.59,843.42
2025-01-11 02:00:00,9.233,12.546,823.79,765.46,723.92,1236.41,,
2025-01-11 03:00:00,8.453,11.543,787.55,831.8,792.03,1278.33,773.61,818.79
2025-01-11 04:00:00,9.509,14.065,766.25,855.2,714.24,1304.27,771.67,820.62
2025-01-11 05:00:00,9.834,13.67,823.87,785.15,797.95,1239.53,719.04,786.83
2025-01-11 06:00:00,9.334,11.852,845.59,812.69,738.71,1280.15,764.97,745.62
2025-01-11 07:00:00,11.15,12.696,703.16,774.38,733.65,1196.45,734.0,766.6
2025-01-11 08:00:00,10.217,12.873,804.35,666.32,713.33,1235.93,775.04,827.92
2025-01-11 09:00:00,9.796,15.301,810.61,810.47,802.97,1264.64,812.98,754.16
2025-01-11 10:00:00,9.188,13.865,827.22,851.45,825.62,1262.69,764.85,765.89
2025-01-11 11:00:00,9.669,12.113,767.32,746.24,,1173.75,732.54,804.75
2025-01-11 12:00:00,6.769,12.575,823.52,912.93,789.65,1272.14,845.35,883.95
2025-01-11 13:00:00,8.675,9.042,740.88,799.32,822.84,1141.93,770.32,763.0
2025-01-11 14:00:00,6.468,10.327,799.73,806.34,850.61,1219.71,834.3,797.13
2025-01-11 15:00:00,6.532,11.07,913.81,905.82,797.44,,807.52,791.15
2025-01-11 16:00:00,7.213,10.468,825.53,850.21,816.18,1235.58,898.46,804.56
2025-01-11 17:00:00,7.602,9.421,769.48,832.03,853.92,,817.78,851.78
2025-01-11 18:00:00,5.623,9.954,902.44,925.78,802.18,1266.62,804.57,870.55
2025-01-11 19:00:00,6.148,10.474,838.23,846.72,791.24,1270.98,855.99,840.88
2025-01-11 20:00:00,6.728,10.257,815.0,896.36,809.54,1214.35,872.22,887.69
2025-01-11 21:00:00,6.663,11.62,918.11,835.16,765.17,1247.61,941.57,859.85
2025-01-11 22:00:00,7.716,11.385,768.62,897.77,802.01,1259.13,819.26,803.62
2025-01-11 23:00:00,10.043,12.1,761.33,810.32,776.07,1222.42,776.86,718.41
2025-01-12 00:00:00,7.912,14.063,801.07,900.52,814.63,1290.29,834.08,799.34
2025-01-12 01:00:00,7.271,13.52,810.99,876.46,789.39,1319.16,812.88,892.9
2025-01-12 02:00:00,7.084,15.102,798.38,851.68,871.19,1319.45,861.22,851.36
2025-01-12 03:00:00,8.082,12.624,812.61,,788.31,1219.14,799.6,763.19
2025-01-12 04:00:00,7.753,11.842,785.63,,765.88,1271.93,785.16,808.12
2025-01-12 05:00:00,8.971,13.789,811.55,797.38,791.38,,792.96,809.72
2025-01-12 06:00:00,8.973,13.76,789.04,776.7,830.93,,794.09,798.66
2025-01-12 07:00:00,8.172,15.719,810.96,848.63,785.98,1390.39,845.33,877.66
2025-01-12 08:00:00,9.984,12.418,725.93,735.55,815.89,1248.16,784.49,795.09
2025-01-12 09:00:00,7.59,13.368,877.71,822.33,814.62,1342.88,756.95,800.98
2025-01-12 10:00:00,7.808,13.541,848.07,825.54,812.44,1258.87,784.81,808.43
2025-01-12 11:00:00,8.098,12.7,786.55,797.9,800.31,1243.8,861.33,
2025-01-12 12:00:00,7.964,11.864,762.83,817.07,770.87,1235.67,783.95,829.55
2025-01-12 13:00:00,7.935,11.991,745.7,855.4,742.29,1249.42,768.42,789.29
2025-01-12 14:00:00,6.94,12.382,881.2,829.7,903.68,1258.38,771.84,869.65
2025-01-12 15:00:00,7.163,12.525,867.6,810.19,767.41,1238.45,879.82,825.02
2025-01-12 16:00:00,5.574,10.413,907.42,895.74,895.69,1271.15,864.76,889.94
2025-01-12 17:00:00,6.695,9.205,829.76,817.81,882.58,,790.26,832.86
2025-01-12 18:00:00,6.618,11.967,876.77,927.6,797.03,,817.31,851.57
2025-01-12 19:00:00,7.119,8.912,856.71,820.97,824.14,1213.21,786.5,827.61
2025-01-12 20:00:00,4.669,12.565,903.37,940.21,906.05,1365.62,983.24,916.8
2025-01-12 21:00:00,5.443,12.359,870.67,931.05,886.42,1283.5,911.32,890.22
2025-01-12 22:00:00,7.051,12.959,806.72,812.76,795.55,1306.43,857.42,845.07
2025-01-12 23:00:00,4.536,12.49,924.11,908.53,863.56,1327.57,932.52,939.36
2025-01-13 00:00:00,7.336,9.663,837.64,819.02,830.85,1180.45,869.84,890.88
2025-01-13 01:00:00,8.077,11.482,791.3,857.3,720.45,1210.71,888.15,842.03
2025-01-13 02:00:00,7.033,13.594,834.15,939.0,741.93,1258.74,849.63,834.82
2025-01-13 03:00:00,7.374,12.843,823.73,926.81,818.04,1261.36,817.9,867.8
2025-01-13 04:00:00,7.025,13.608,872.23,916.95,820.82,1279.87,914.17,
2025-01-13 05:00:00,7.563,14.937,787.35,803.19,827.25,1315.72,809.89,876.06
2025-01-13 06:00:00,7.603,14.082,791.79,813.88,784.64,1340.77,868.35,854.27
2025-01-13 07:00:00,7.387,12.771,792.64,907.44,845.93,1223.11,787.87,844.64
2025-01-13 08:00:00,7.199,15.113,841.23,925.98,865.98,,855.87,782.41
2025-01-13 09:00:00,7.359,14.368,849.65,889.45,829.29,1282.62,835.45,829.66
2025-01-13 10:00:00,7.077,13.054,803.17,894.92,766.4,1249.34,,873.74
2025-01-13 11:00:00,8.491,13.742,835.91,802.36,835.55,1234.45,808.87,852.09
2025-01-13 12:00:00,6.343,12.503,909.86,953.19,762.76,1264.39,842.56,821.81
2025-01-13 13:00:00,6.6,13.488,870.37,850.02,782.78,1297.14,784.24,826.25
2025-01-13 14:00:00,5.551,11.609,916.1,842.76,882.5,1262.47,911.55,905.08
2025-01-13 15:00:00,5.271,12.621,857.19,951.26,815.64,1268.43,879.96,880.6
2025-01-13 16:00:00,4.166,8.487,870.34,918.84,835.76,1219.92,904.5,907.83
2025-01-13 17:00:00,4.131,11.107,932.33,899.2,887.55,1215.24,982.09,927.82
2025-01-13 18:00:00,4.36,10.031,901.73,975.71,909.23,1266.95,900.26,933.79
2025-01-13 19:00:00,5.491,9.567,838.03,829.84,865.22,1228.47,887.32,915.87
2025-01-13 20:00:00,6.304,12.21,908.31,903.07,891.35,,828.07,832.2
2025-01-13 21:00:00,4.183,12.226,928.34,934.95,867.94,,1008.29,897.13
2025-01-13 22:00:00,5.401,9.188,894.7,968.79,804.52,1174.2,849.8,904.45
2025-01-13 23:00:00,5.015,12.96,874.29,946.68,817.06,1280.15,859.48,899.67
2025-01-14 00:00:00,6.188,13.355,925.64,935.02,849.65,1332.39,766.56,884.88
2025-01-14 01:00:00,7.55,12.316,818.57,801.98,818.06,1279.55,846.63,790.23
2025-01-14 02:00:00,6.601,12.688,887.93,809.07,934.19,1269.69,870.4,850.72
2025-01-14 03:00:00,7.149,12.22,814.42,843.4,841.38,1287.64,,868.86
2025-01-14 04:00:00,8.522,14.067,810.58,843.96,720.87,1315.96,791.22,825.53
2025-01-14 05:00:00,7.825,14.484,845.61,845.91,860.17,1340.18,807.12,834.03
2025-01-14 06:00:00,6.872,15.747,928.29,923.37,806.2,1352.75,920.34,806.34
2025-01-14 07:00:00,7.547,15.072,821.12,875.57,766.64,1355.68,806.85,799.58
2025-01-14 08:00:00,6.619,13.304,861.62,836.12,877.77,1288.71,845.49,892.92
2025-01-14 09:00:00,7.408,14.572,858.86,875.24,857.67,1331.45,,862.52
2025-01-14 10:00:00,7.217,13.593,789.57,866.71,867.33,1257.11,857.61,858.08
2025-01-14 11:00:00,5.403,12.322,808.05,964.89,831.87,1302.68,885.19,921.85
2025-01-14 12:00:00,6.309,11.047,818.22,844.22,922.73,1254.79,875.74,869.72
2025-01-14 13:00:00,5.746,13.215,912.43,879.24,893.26,1310.56,896.94,855.64
2025-01-14 14:00:00,5.969,12.547,929.41,912.52,805.85,1316.1,881.18,883.28
2025-01-14 15:00:00,5.932,12.295,836.92,953.61,938.41,1247.02,843.85,884.85
2025-01-14 16:00:00,5.441,10.464,832.15,,871.23,1288.75,852.94,880.45
2025-01-14 17:00:00,4.68,11.374,953.87,958.23,869.53,1288.02,926.47,916.07
2025-01-14 18:00:00,5.611,9.48,845.76,900.29,814.0,1234.94,848.5,860.16
2025-01-14 19:00:00,4.191,10.046,894.86,944.34,,1211.65,936.61,896.13
2025-01-14 20:00:00,3.936,11.501,972.61,1004.62,920.91,1257.79,933.34,919.43
2025-01-14 21:00:00,2.611,12.125,1006.77,1007.22,897.98,1325.93,996.71,992.25
2025-01-14 22:00:00,5.344,10.302,909.42,892.2,838.52,1243.1,838.15,933.52
2025-01-14 23:00:00,5.016,11.502,831.39,903.91,858.74,1302.53,877.84,894.45
2025-01-15 00:00:00,6.287,12.883,817.89,875.18,803.72,1306.78,862.95,892.8
2025-01-15 01:00:00,4.687,15.022,955.57,917.39,911.86,1310.92,889.44,941.19
2025-01-15 02:00:00,6.021,13.412,882.89,,813.92,1292.69,857.18,945.86
2025-01-15 03:00:00,7.149,15.004,820.13,868.6,763.64,1310.26,826.15,914.6
2025-01-15 04:00:00,6.125,15.481,866.11,911.91,860.88,1357.01,889.65,890.84
2025-01-15 05:00:00,7.382,15.122,880.24,819.73,801.62,1315.99,848.32,838.55
2025-01-15 06:00:00,6.636,15.846,918.97,868.37,765.62,1331.03,866.12,808.7
2025-01-15 07:00:00,7.001,13.877,846.22,852.75,776.71,1307.82,804.34,860.77
2025-01-15 08:00:00,7.37,14.54,815.04,827.26,830.12,1295.48,811.6,857.36
2025-01-15 09:00:00,7.452,16.766,837.15,838.67,839.24,1367.22,814.23,864.84
2025-01-15 10:00:00,6.502,16.472,919.08,,,1350.32,926.81,892.0
2025-01-15 11:00:00,5.475,15.232,941.58,975.07,921.72,1368.4,842.06,923.44
2025-01-15 12:00:00,5.436,15.06,902.36,908.7,890.81,1351.92,854.56,901.98
2025-01-15 13:00:00,5.989,11.068,843.57,863.11,807.5,1258.12,862.68,831.26
2025-01-15 14:00:00,4.361,11.675,948.32,942.22,856.61,1320.03,876.04,929.43
2025-01-15 15:00:00,4.775,12.064,957.38,936.75,890.13,1262.54,879.64,903.28
2025-01-15 16:00:00,4.407,15.056,873.49,981.83,938.76,1341.7,899.06,915.07
2025-01-15 17:00:00,4.502,11.62,898.11,924.95,898.73,1278.02,838.43,975.28
2025-01-15 18:00:00,3.725,12.86,974.03,947.7,881.63,1314.87,939.64,942.87
2025-01-15 19:00:00,3.081,12.527,952.68,1087.05,,,897.76,934.45
2025-01-15 20:00:00,5.088,12.74,877.75,873.65,857.15,1293.54,976.71,915.42
2025-01-15 21:00:00,5.624,12.641,885.91,944.02,765.8,1266.07,861.03,958.31
2025-01-15 22:00:00,3.657,11.684,943.16,1027.62,887.56,1239.42,922.01,
2025-01-15 23:00:00,5.665,10.405,828.75,889.77,824.0,1238.38,836.85,854.57
2025-01-16 00:00:00,6.538,15.742,870.96,905.61,883.08,1339.98,867.49,961.04
2025-01-16 01:00:00,6.449,14.023,875.38,818.62,795.98,1270.81,873.06,889.02
2025-01-16 02:00:00,5.92,13.045,855.78,900.7,808.17,1277.67,805.96,894.71
2025-01-16 03:00:00,5.738,16.267,865.26,961.57,916.16,,903.79,879.25
2025-01-16 04:00:00,6.74,16.603,847.18,888.96,810.9,1365.79,874.98,877.09
2025-01-16 05:00:00,6.985,17.264,828.14,,818.37,1378.39,801.06,903.51
2025-01-16 06:00:00,6.896,17.791,896.75,952.08,873.22,1335.42,878.88,906.8
2025-01-16 07:00:00,6.626,15.324,828.99,916.69,875.21,1390.99,813.27,802.88
2025-01-16 08:00:00,5.777,15.22,893.35,939.12,923.71,1282.48,867.17,885.06
2025-01-16 09:00:00,6.783,15.612,847.22,847.35,828.19,1321.6,,880.04
2025-01-16 10:00:00,6.566,16.61,846.17,791.91,841.26,1277.62,818.68,836.78
2025-01-16 11:00:00,6.054,12.661,915.46,909.17,837.48,1250.04,824.95,818.59
2025-01-16 12:00:00,5.665,14.865,883.69,913.53,840.47,1296.08,971.68,929.76
2025-01-16 13:00:00,6.603,15.355,840.78,915.27,864.21,1361.72,794.63,873.89
2025-01-16 14:00:00,4.465,14.868,895.11,956.72,880.79,1382.73,958.1,917.78
2025-01-16 15:00:00,5.735,14.279,895.54,911.09,809.57,1318.33,878.05,882.44
2025-01-16 16:00:00,3.927,14.431,963.92,968.87,830.93,1314.26,999.21,959.69
2025-01-16 17:00:00,5.276,9.704,920.42,865.89,841.46,1155.37,923.7,892.5
2025-01-16 18:00:00,5.33,14.914,892.01,850.39,900.18,1301.77,850.72,933.29
2025-01-16 19:00:00,4.145,13.488,916.67,922.4,865.88,1254.89,902.19,941.66
2025-01-16 20:00:00,5.824,14.938,888.74,864.35,807.54,1302.3,918.2,915.56
2025-01-16 21:00:00,5.057,12.291,899.57,923.23,930.69,1271.19,896.01,929.5
2025-01-16 22:00:00,4.224,12.056,888.95,885.67,870.04,1289.62,883.04,963.96
2025-01-16 23:00:00,4.913,16.833,969.38,924.26,932.46,1357.98,888.96,937.72
2025-01-17 00:00:00,6.425,14.141,864.5,963.99,887.78,1289.44,945.87,871.95
2025-01-17 01:00:00,6.565,15.444,884.39,883.27,910.81,1310.44,862.19,920.9
2025-01-17 02:00:00,5.267,16.98,923.79,,884.59,1359.31,908.62,890.61
2025-01-17 03:00:00,6.248,17.735,899.01,903.89,807.55,1401.98,908.74,876.52
2025-01-17 04:00:00,6.711,18.467,840.06,899.14,780.21,1399.16,822.9,911.79
2025-01-17 05:00:00,6.26,17.688,884.11,881.7,855.92,1348.39,941.04,925.9
2025-01-17 06:00:00,8.591,16.271,892.5,817.29,874.56,1314.19,724.2,802.41
2025-01-17 07:00:00,6.849,18.364,926.41,864.23,859.72,1434.57,919.29,901.38
2025-01-17 08:00:00,6.492,18.231,885.76,837.23,921.48,1358.24,897.55,888.74
2025-01-17 09:00:00,7.302,14.916,829.82,907.99,785.98,1329.63,870.92,842.29
2025-01-17 10:00:00,5.808,18.431,822.68,884.14,942.98,,877.43,918.03
2025-01-17 11:00:00,6.617,13.31,837.22,942.22,862.74,1287.39,828.11,889.5
2025-01-17 12:00:00,4.166,17.067,937.41,937.3,,1354.44,1004.55,987.18
2025-01-17 13:00:00,4.827,14.596,899.43,884.99,923.87,1267.89,1018.74,
2025-01-17 14:00:00,5.74,15.77,881.58,991.07,845.09,1356.13,898.03,912.5
2025-01-17 15:00:00,5.909,15.171,904.61,847.24,881.07,1332.68,932.54,876.63
2025-01-17 16:00:00,3.844,14.246,901.45,879.14,870.58,1303.95,952.11,937.13
2025-01-17 17:00:00,3.632,14.681,953.9,919.95,887.92,1351.51,925.66,946.52
2025-01-17 18:00:00,4.759,14.018,905.98,934.26,844.35,1318.46,983.1,876.79
2025-01-17 19:00:00,3.849,15.096,909.28,918.61,873.12,1317.78,935.31,912.34
2025-01-17 20:00:00,4.254,17.112,996.47,942.69,839.05,1331.19,966.56,870.8
2025-01-17 21:00:00,5.363,13.248,915.61,836.78,,1282.68,898.28,879.71
2025-01-17 22:00:00,4.478,11.496,878.82,984.69,825.26,1314.05,930.75,878.34
2025-01-17 23:00:00,3.633,15.355,965.47,996.6,960.66,1367.65,936.22,
2025-01-18 00:00:00,4.478,15.841,877.26,903.58,828.75,1360.88,938.51,921.07
2025-01-18 01:00:00,5.841,16.537,867.65,820.08,846.51,1363.84,855.22,950.06
2025-01-18 02:00:00,4.635,16.412,970.53,914.75,883.98,1332.91,,954.17
2025-01-18 03:00:00,6.141,19.036,906.02,936.61,937.04,1379.11,904.42,803.96
2025-01-18 04:00:00,5.46,16.7,911.77,968.46,894.72,1358.89,901.0,878.7
2025-01-18 05:00:00,8.01,19.149,876.45,841.72,788.06,1378.8,859.33,847.52
2025-01-18 06:00:00,8.475,19.494,851.81,817.22,813.54,1351.3,850.04,831.96
2025-01-18 07:00:00,5.861,19.09,892.5,896.59,934.17,,876.62,902.63
2025-01-18 08:00:00,6.798,19.147,908.6,902.08,906.27,1387.84,827.23,838.68
2025-01-18 09:00:00,5.639,19.435,850.46,963.12,,1389.92,890.46,935.34
2025-01-18 10:00:00,5.917,17.997,871.95,908.93,815.23,1368.29,927.23,894.32
2025-01-18 11:00:00,7.324,17.086,848.43,851.95,811.23,1343.1,838.7,830.77
2025-01-18 12:00:00,5.203,17.62,932.77,967.59,920.55,1417.52,,888.94
2025-01-18 13:00:00,5.044,17.291,905.21,1000.25,820.33,1357.27,923.96,921.44
2025-01-18 14:00:00,4.236,17.207,876.39,954.61,905.7,1390.46,1005.55,1023.1
2025-01-18 15:00:00,5.665,13.722,815.77,913.28,808.31,1269.94,882.28,874.31
2025-01-18 16:00:00,2.0,15.291,990.43,1001.82,935.68,,937.76,1023.15
2025-01-18 17:00:00,4.098,14.085,911.91,964.33,920.59,1373.47,900.36,968.64
2025-01-18 18:00:00,4.383,16.02,897.53,920.76,900.21,1341.58,912.01,918.9
2025-01-18 19:00:00,3.939,16.34,905.52,1029.84,944.53,1325.01,947.0,956.9
2025-01-18 20:00:00,5.287,15.39,905.9,962.43,929.19,1282.87,922.55,871.29
2025-01-18 21:00:00,5.757,15.214,932.84,980.89,1022.19,1333.31,917.41,818.48
2025-01-18 22:00:00,3.923,17.272,952.56,953.87,958.96,1370.51,946.59,959.24
2025-01-18 23:00:00,7.026,16.931,905.5,958.77,,1390.64,821.51,871.14
2025-01-19 00:00:00,4.533,19.372,927.17,972.85,890.24,1421.31,877.05,929.93
2025-01-19 01:00:00,7.022,20.358,890.5,881.01,900.99,1389.86,878.76,931.54
2025-01-19 02:00:00,6.411,19.966,,955.08,941.66,1435.45,822.13,918.98
2025-01-19 03:00:00,6.146,19.511,890.18,871.03,851.43,1339.32,958.42,843.52
2025-01-19 04:00:00,6.423,21.792,899.14,911.19,862.18,1440.07,936.31,898.27
2025-01-19 05:00:00,6.854,20.143,865.62,884.85,839.07,1410.21,929.14,899.51
2025-01-19 06:00:00,7.099,19.399,889.26,897.73,800.75,1407.26,855.25,904.13
2025-01-19 07:00:00,6.167,19.148,925.08,892.37,876.65,1379.16,893.42,920.55
2025-01-19 08:00:00,6.607,18.967,892.65,873.9,809.14,1384.04,830.74,904.92
2025-01-19 09:00:00,5.998,19.538,891.93,901.44,879.32,1388.13,929.49,940.73
2025-01-19 10:00:00,5.406,19.739,864.96,924.6,,1427.29,855.62,881.19
2025-01-19 11:00:00,5.447,17.056,902.54,930.01,894.95,1385.78,895.14,908.83
2025-01-19 12:00:00,4.883,17.75,916.44,998.53,,1355.11,887.58,906.7
2025-01-19 13:00:00,5.168,18.078,924.9,852.59,830.33,1405.79,,981.31
2025-01-19 14:00:00,5.574,18.165,909.76,956.79,937.32,1346.39,919.88,932.65
2025-01-19 15:00:00,5.089,17.0,969.04,919.26,817.12,1357.76,924.87,939.23
2025-01-19 16:00:00,6.394,17.059,853.34,889.4,865.29,1382.66,863.56,910.14
2025-01-19 17:00:00,2.94,15.131,910.63,957.84,995.06,1334.82,998.95,965.68
2025-01-19 18:00:00,5.057,15.507,868.2,936.55,887.78,1324.17,967.59,885.66
2025-01-19 19:00:00,4.741,16.649,899.98,932.56,951.48,1367.55,,931.1
2025-01-19 20:00:00,5.523,17.586,942.37,917.03,905.59,1280.97,1002.47,931.21
2025-01-19 21:00:00,5.649,17.621,855.73,945.43,822.82,1350.83,861.86,980.58
2025-01-19 22:00:00,5.207,16.791,869.04,959.17,942.47,1348.88,887.49,963.63
2025-01-19 23:00:00,5.781,18.06,913.88,975.98,855.83,,927.68,883.15
2025-01-20 00:00:00,5.374,20.727,952.54,916.53,887.03,1436.41,922.01,959.99
2025-01-20 01:00:00,6.786,20.136,826.38,920.55,896.61,1406.9,888.52,925.59
2025-01-20 02:00:00,5.097,19.822,864.46,971.71,866.89,1452.65,869.09,901.21
2025-01-20 03:00:00,7.486,19.251,829.5,871.72,885.7,1439.09,883.1,859.36
2025-01-20 04:00:00,7.053,19.996,895.52,951.72,878.42,1400.32,,879.84
2025-01-20 05:00:00,6.818,21.111,,869.64,941.98,1405.68,895.66,860.08
2025-01-20 06:00:00,7.079,21.553,852.54,894.18,916.85,1468.77,866.5,884.45
2025-01-20 07:00:00,7.113,21.884,905.19,900.23,861.04,1429.21,832.27,892.8
2025-01-20 08:00:00,8.175,21.522,852.29,805.04,824.67,1402.87,905.21,894.88
2025-01-20 09:00:00,9.551,20.346,800.36,856.01,771.95,1414.07,817.75,813.37
2025-01-20 10:00:00,7.709,19.813,796.81,858.49,833.46,1395.48,847.26,849.44
2025-01-20 11:00:00,6.009,22.451,885.81,942.56,,1481.53,871.46,915.99
2025-01-20 12:00:00,6.672,18.86,,956.26,850.61,1364.84,903.5,935.01
2025-01-20 13:00:00,6.415,17.511,867.42,905.87,809.22,1355.42,895.34,916.06
2025-01-20 14:00:00,4.865,16.663,885.28,945.93,853.98,1386.33,885.97,881.89
2025-01-20 15:00:00,4.366,17.841,924.66,966.47,970.78,1319.91,957.76,952.43
2025-01-20 16:00:00,5.152,19.126,925.97,902.31,845.25,1389.01,917.65,910.8
2025-01-20 17:00:00,5.748,17.157,927.18,,816.41,1393.18,912.11,856.15
2025-01-20 18:00:00,3.791,19.603,983.81,981.45,906.36,1415.01,984.62,969.21
2025-01-20 19:00:00,4.563,17.939,909.27,961.71,966.49,1418.55,909.53,995.64
2025-01-20 20:00:00,5.738,19.529,951.73,980.12,850.18,1383.44,923.23,937.04
2025-01-20 21:00:00,5.523,17.655,933.31,963.38,871.59,1380.97,960.11,902.93
2025-01-20 22:00:00,6.892,18.137,853.08,860.38,866.15,1362.49,891.9,913.1
2025-01-20 23:00:00,4.939,19.669,,950.02,931.71,1365.44,930.91,966.18
2025-01-21 00:00:00,8.281,20.705,862.34,903.16,830.51,1396.47,836.6,848.1
2025-01-21 01:00:00,5.5,20.478,955.77,866.48,916.91,1410.72,975.44,974.4
2025-01-21 02:00:00,5.417,21.575,872.26,932.28,949.07,1425.71,980.35,906.35
2025-01-21 03:00:00,7.263,22.393,879.88,832.53,814.69,1418.58,831.15,942.67
2025-01-21 04:00:00,6.614,20.348,885.29,997.14,844.49,1455.42,902.16,922.46
2025-01-21 05:00:00,7.632,21.892,844.85,902.35,821.89,1412.57,848.73,890.66
2025-01-21 06:00:00,7.666,21.795,843.27,850.22,840.3,1440.8,809.85,872.02
2025-01-21 07:00:00,7.549,21.832,903.77,,910.97,1428.82,892.38,821.44
2025-01-21 08:00:00,6.934,22.733,906.86,863.44,919.45,1478.66,904.07,881.19
2025-01-21 09:00:00,7.785,21.368,931.9,944.63,847.05,1474.36,829.44,877.4
2025-01-21 10:00:00,6.959,19.201,851.61,793.18,892.35,1436.33,,864.74
2025-01-21 11:00:00,7.829,20.888,859.59,875.24,935.87,1397.45,893.22,844.1
2025-01-21 12:00:00,6.514,19.424,,896.98,818.13,1414.35,866.88,
2025-01-21 13:00:00,5.599,20.826,948.32,892.17,872.25,1465.51,892.59,890.36
2025-01-21 14:00:00,4.754,20.761,987.87,950.12,908.7,1426.97,897.43,953.93
2025-01-21 15:00:00,5.741,16.816,898.21,,890.51,1387.12,916.64,870.07
2025-01-21 16:00:00,4.696,18.225,892.22,1017.21,929.2,1391.43,876.92,904.46
2025-01-21 17:00:00,4.535,19.424,915.56,964.19,873.4,1374.91,886.51,995.51
2025-01-21 18:00:00,6.019,17.287,894.25,945.84,878.13,1422.62,,863.53
2025-01-21 19:00:00,4.24,20.03,990.71,955.03,963.93,1374.79,929.13,893.34
2025-01-21 20:00:00,6.936,20.595,827.85,943.63,815.56,1373.98,822.48,956.88
2025-01-21 21:00:00,6.149,19.504,854.66,913.15,886.01,,851.6,889.8
2025-01-21 22:00:00,6.259,19.229,917.79,950.33,849.77,1423.6,,872.88
2025-01-21 23:00:00,5.78,17.912,853.49,941.48,819.18,1393.78,904.06,937.3
2025-01-22 00:00:00,7.554,22.223,829.11,873.59,902.15,1496.41,812.36,867.22
2025-01-22 01:00:00,7.276,24.211,,929.79,898.11,1507.85,831.21,894.76
2025-01-22 02:00:00,7.044,24.489,885.23,1065.49,847.91,1489.58,880.68,
2025-01-22 03:00:00,8.026,22.558,846.36,815.59,889.93,1478.23,840.58,892.55
2025-01-22 04:00:00,6.736,21.841,,895.14,967.5,1430.84,888.95,923.27
2025-01-22 05:00:00,6.919,24.4,858.86,,892.59,1487.46,963.5,965.44
2025-01-22 06:00:00,7.398,23.354,833.72,899.93,812.84,1446.52,,941.92
2025-01-22 07:00:00,8.558,24.054,905.64,857.33,834.25,1496.7,726.21,875.55
2025-01-22 08:00:00,8.182,23.686,865.66,936.94,772.42,1450.15,882.13,925.91
2025-01-22 09:00:00,8.859,23.158,859.95,825.72,829.71,1406.21,777.65,894.96
2025-01-22 10:00:00,7.061,23.908,878.98,933.83,865.88,1433.84,910.65,894.78
2025-01-22 11:00:00,7.994,23.511,858.24,781.54,890.3,1425.7,818.63,916.47
2025-01-22 12:00:00,7.159,21.129,,890.37,839.28,1437.34,870.58,983.86
2025-01-22 13:00:00,6.211,20.171,907.98,876.95,919.47,1408.35,880.09,897.51
2025-01-22 14:00:00,7.011,17.838,893.05,902.84,816.22,1365.58,842.39,880.16
2025-01-22 15:00:00,6.429,20.048,897.07,950.48,870.97,1421.02,818.89,825.32
2025-01-22 16:00:00,5.814,18.873,939.26,896.56,825.19,1408.33,878.99,929.05
2025-01-22 17:00:00,6.258,20.528,920.32,932.94,837.84,1409.51,849.74,937.14
2025-01-22 18:00:00,6.107,19.593,860.46,899.06,,1400.6,907.19,921.36
2025-01-22 19:00:00,6.156,19.83,891.79,914.38,926.27,1393.71,971.82,927.89
2025-01-22 20:00:00,6.096,21.315,889.53,935.32,863.45,1445.6,898.95,954.35
2025-01-22 21:00:00,5.601,21.174,944.83,894.14,923.84,,980.85,910.37
2025-01-22 22:00:00,6.981,21.009,895.24,849.68,900.76,1395.63,805.86,867.47
2025-01-22 23:00:00,6.596,23.693,906.39,944.7,847.16,1476.22,903.52,
2025-01-23 00:00:00,6.76,23.11,930.19,875.91,903.82,1481.89,,934.79
2025-01-23 01:00:00,7.722,22.28,,920.91,857.72,1491.94,828.95,868.95
2025-01-23 02:00:00,8.82,22.853,814.78,765.33,848.75,1405.29,748.35,869.47
2025-01-23 03:00:00,8.658,24.695,830.57,884.45,842.95,1436.38,855.21,867.3
2025-01-23 04:00:00,8.303,24.346,865.88,857.67,765.13,1428.64,879.66,913.09
2025-01-23 05:00:00,8.419,22.993,867.08,845.82,851.42,1427.28,842.11,892.88
2025-01-23 06:00:00,9.454,25.515,830.05,829.9,,1477.73,757.72,870.55
2025-01-23 07:00:00,7.016,25.917,854.16,845.4,880.19,1496.62,856.03,906.79
2025-01-23 08:00:00,9.48,25.661,844.27,868.5,764.65,1442.65,799.83,823.58
2025-01-23 09:00:00,7.181,25.811,,880.43,931.66,1550.01,930.49,944.16
2025-01-23 10:00:00,7.328,26.063,840.69,860.32,889.18,1454.43,835.29,1006.55
2025-01-23 11:00:00,7.789,25.207,865.01,962.97,786.76,1544.46,891.77,906.18
2025-01-23 12:00:00,9.655,23.055,826.51,796.27,872.24,1454.63,850.34,799.64
2025-01-23 13:00:00,8.979,21.912,885.06,793.87,842.93,1465.37,814.07,
2025-01-23 14:00:00,7.942,19.517,807.33,886.93,875.44,1357.93,848.68,912.84
2025-01-23 15:00:00,7.443,21.343,895.3,886.4,846.3,1413.84,853.32,934.34
2025-01-23 16:00:00,5.506,21.667,885.65,979.2,906.47,1439.67,870.14,931.68
2025-01-23 17:00:00,7.031,20.928,832.84,891.13,911.08,1406.87,874.18,883.59
2025-01-23 18:00:00,6.455,18.573,840.44,937.37,885.52,1389.9,845.74,880.72
2025-01-23 19:00:00,6.311,20.594,917.13,991.92,875.99,1427.79,927.63,897.56
2025-01-23 20:00:00,7.238,21.942,880.63,853.9,840.18,1410.34,904.62,902.39
2025-01-23 21:00:00,6.958,20.285,865.46,869.86,757.01,1466.28,873.05,887.71
2025-01-23 22:00:00,8.308,22.159,863.11,786.51,,1398.95,821.1,871.03
2025-01-23 23:00:00,6.383,22.989,906.15,929.91,932.9,1477.48,921.32,938.25
2025-01-24 00:00:00,8.332,24.36,860.18,861.45,885.35,1479.31,819.79,871.07
2025-01-24 01:00:00,7.91,25.619,863.2,924.26,,1506.18,764.53,855.69
2025-01-24 02:00:00,8.604,23.621,809.41,844.38,804.5,1381.81,797.8,834.82
2025-01-24 03:00:00,9.454,24.737,885.79,818.3,814.63,1464.04,797.59,850.96
2025-01-24 04:00:00,8.538,25.12,903.0,859.99,,1478.48,799.78,885.01
2025-01-24 05:00:00,9.713,25.868,880.1,807.43,746.97,1499.23,860.05,803.09
2025-01-24 06:00:00,9.483,25.828,811.84,838.76,809.39,1449.12,759.61,851.79
2025-01-24 07:00:00,9.113,26.851,821.79,847.99,856.11,1520.1,846.35,890.72
2025-01-24 08:00:00,9.176,22.17,808.34,844.45,865.73,1450.26,813.49,873.04
2025-01-24 09:00:00,9.268,25.176,871.38,,857.84,1499.06,778.28,875.19
2025-01-24 10:00:00,8.559,24.87,852.25,872.72,824.95,1480.45,841.1,908.52
2025-01-24 11:00:00,8.92,23.546,817.18,859.88,875.61,1488.22,783.16,880.94
2025-01-24 12:00:00,8.412,20.618,849.99,829.63,844.41,1430.76,831.58,801.4
2025-01-24 13:00:00,7.865,22.767,836.46,863.36,,1426.04,855.34,876.95
2025-01-24 14:00:00,9.367,21.529,767.17,807.81,822.42,1418.61,733.84,857.51
2025-01-24 15:00:00,8.209,24.004,862.69,810.24,889.26,1496.28,776.58,849.53
2025-01-24 16:00:00,7.41,22.145,854.1,859.87,887.65,1488.58,920.72,915.07
2025-01-24 17:00:00,7.744,20.563,855.22,894.31,799.21,1389.8,863.37,818.99
2025-01-24 18:00:00,6.795,19.008,781.29,923.42,823.22,1362.04,847.3,935.64
2025-01-24 19:00:00,7.339,22.269,843.5,895.51,954.7,1411.41,854.56,
2025-01-24 20:00:00,7.583,22.616,867.88,834.68,825.84,1408.06,844.04,851.96
2025-01-24 21:00:00,7.062,21.86,827.55,928.73,874.63,1437.77,910.41,868.46
2025-01-24 22:00:00,8.649,23.278,790.7,917.15,736.0,1430.54,815.71,875.62
2025-01-24 23:00:00,8.254,22.637,852.1,,903.03,1459.23,786.1,860.36
2025-01-25 00:00:00,8.716,24.873,872.45,845.61,,1460.38,817.94,933.37
2025-01-25 01:00:00,8.886,25.32,813.92,807.05,920.13,1451.27,802.18,
2025-01-25 02:00:00,12.028,22.663,711.44,704.44,692.25,1433.8,694.47,754.74
2025-01-25 03:00:00,9.41,23.387,813.4,799.25,875.6,1444.63,861.72,898.73
2025-01-25 04:00:00,8.506,27.834,812.39,853.33,826.81,1558.67,800.99,911.31
2025-01-25 05:00:00,9.032,26.732,888.84,892.75,916.94,1494.12,791.82,861.58
2025-01-25 06:00:00,10.991,24.183,765.0,795.11,681.28,,779.22,783.23
2025-01-25 07:00:00,11.442,23.762,744.75,723.4,,1442.79,699.49,813.96
2025-01-25 08:00:00,9.738,25.712,836.09,,830.87,1451.95,,904.24
2025-01-25 09:00:00,11.146,23.789,708.65,,,1386.79,783.97,767.27
2025-01-25 10:00:00,10.498,24.38,823.99,765.33,824.01,1463.07,803.3,797.86
2025-01-25 11:00:00,9.494,24.236,859.99,765.15,846.25,1473.51,856.52,831.12
2025-01-25 12:00:00,9.157,23.68,835.07,861.12,934.23,1474.59,853.15,863.78
2025-01-25 13:00:00,9.23,24.637,848.59,875.82,912.89,1416.22,796.44,918.96
2025-01-25 14:00:00,9.529,25.017,814.37,795.84,,1421.54,904.05,882.45
2025-01-25 15:00:00,8.926,21.839,858.56,803.76,836.66,1367.7,767.67,855.89
2025-01-25 16:00:00,7.906,20.752,823.2,895.56,908.79,1382.59,,879.32
2025-01-25 17:00:00,8.219,22.387,849.48,827.52,913.33,1455.63,831.11,890.93
2025-01-25 18:00:00,9.933,23.821,810.04,748.16,,1449.99,856.7,780.13
2025-01-25 19:00:00,8.62,21.459,833.86,820.79,836.12,1366.41,850.47,866.77
2025-01-25 20:00:00,9.264,23.173,862.31,,787.25,1397.6,841.31,929.23
2025-01-25 21:00:00,9.221,21.476,895.04,798.41,832.43,1423.06,832.32,817.99
2025-01-25 22:00:00,9.287,22.93,819.32,795.69,834.98,1472.97,783.59,769.22
2025-01-25 23:00:00,9.474,22.001,830.19,793.99,857.41,1435.76,,890.56
2025-01-26 00:00:00,10.446,23.935,763.72,737.6,876.55,1493.11,850.71,801.61
2025-01-26 01:00:00,10.643,24.308,821.98,723.34,847.9,1463.0,828.1,818.29
2025-01-26 02:00:00,10.598,25.668,775.61,771.61,849.29,1522.02,773.78,849.95
2025-01-26 03:00:00,10.111,27.493,930.14,752.19,821.04,1586.7,777.67,881.2
2025-01-26 04:00:00,11.194,25.217,709.21,737.38,764.87,1454.93,761.34,850.62
2025-01-26 05:00:00,10.982,23.491,843.81,768.66,811.35,1453.85,804.04,814.79
2025-01-26 06:00:00,10.859,25.722,818.34,785.55,820.86,1409.28,784.67,827.28
2025-01-26 07:00:00,13.237,26.261,643.11,647.98,739.96,1475.95,640.81,752.05
2025-01-26 08:00:00,9.773,25.949,904.32,767.19,789.36,1457.11,810.96,804.22
2025-01-26 09:00:00,11.609,25.205,717.67,716.87,725.35,1474.24,736.22,836.19
2025-01-26 10:00:00,9.933,26.769,811.33,826.25,,1489.11,,739.97
2025-01-26 11:00:00,10.468,24.668,748.87,809.68,833.53,1472.96,,824.77
2025-01-26 12:00:00,12.136,23.865,716.15,692.26,739.49,1389.6,708.25,758.94
2025-01-26 13:00:00,9.03,22.542,826.75,800.51,893.63,1423.01,848.91,873.05
2025-01-26 14:00:00,8.96,20.899,852.21,829.29,779.08,1427.32,775.51,754.9
2025-01-26 15:00:00,9.306,22.978,908.18,807.0,782.78,1450.05,792.56,803.28
2025-01-26 16:00:00,8.48,22.561,826.13,805.58,832.89,1380.28,868.81,888.49
2025-01-26 17:00:00,9.774,20.796,,811.9,778.02,1391.95,,870.17
2025-01-26 18:00:00,8.627,21.947,859.91,840.52,800.6,1407.21,854.04,844.66
2025-01-26 19:00:00,9.647,21.895,789.16,762.68,813.15,1387.17,846.38,814.83
2025-01-26 20:00:00,8.209,21.518,910.64,826.63,847.04,1400.37,835.83,854.47
2025-01-26 21:00:00,8.045,21.632,850.86,849.86,793.59,1448.24,914.59,
2025-01-26 22:00:00,9.584,23.483,790.74,752.79,794.79,1493.01,865.91,894.12
2025-01-26 23:00:00,8.83,23.207,801.73,807.98,866.39,1465.61,824.18,860.54
2025-01-27 00:00:00,11.638,23.284,762.09,751.43,741.87,1401.72,749.07,778.03
2025-01-27 01:00:00,9.538,23.474,808.93,795.61,786.09,1447.72,818.61,826.1
2025-01-27 02:00:00,10.249,24.831,854.53,762.75,794.45,1465.86,730.8,829.95
2025-01-27 03:00:00,11.686,26.507,745.37,776.78,717.62,1505.62,794.72,
2025-01-27 04:00:00,11.104,25.959,824.25,773.77,861.76,1476.05,722.05,835.62
2025-01-27 05:00:00,10.506,25.622,748.78,813.87,842.72,1494.47,816.42,800.58
2025-01-27 06:00:00,13.421,26.34,613.41,612.73,804.51,1454.88,648.69,735.67
2025-01-27 07:00:00,10.974,27.533,816.18,759.24,804.22,1521.18,725.54,786.53
2025-01-27 08:00:00,11.525,26.279,742.32,740.2,,1502.98,782.26,713.1
2025-01-27 09:00:00,11.351,25.678,754.0,756.3,740.25,1434.74,771.84,
2025-01-27 10:00:00,11.865,25.711,706.02,813.7,777.02,1456.85,696.16,785.69
2025-01-27 11:00:00,11.404,24.266,716.66,743.83,747.91,1433.75,691.77,838.38
2025-01-27 12:00:00,10.089,24.151,828.03,842.49,770.03,1477.03,797.84,796.92
2025-01-27 13:00:00,10.205,22.818,795.03,881.99,855.11,1428.17,792.98,851.11
2025-01-27 14:00:00,10.021,21.053,756.97,861.05,796.87,1376.57,810.62,804.35
2025-01-27 15:00:00,10.579,22.901,809.68,780.95,798.92,1413.37,684.26,846.77
2025-01-27 16:00:00,8.881,22.579,874.06,879.45,840.29,1439.65,874.75,862.06
2025-01-27 17:00:00,11.336,21.608,741.74,740.85,771.88,1412.23,,760.74
2025-01-27 18:00:00,9.099,23.117,864.37,826.63,755.34,1422.37,842.04,825.08
2025-01-27 19:00:00,9.766,21.066,766.29,834.34,753.13,1384.25,786.64,837.22
2025-01-27 20:00:00,8.99,19.994,838.46,857.65,891.59,1370.0,840.87,839.3
2025-01-27 21:00:00,9.095,21.589,828.14,844.0,818.49,1399.12,763.19,827.28
2025-01-27 22:00:00,9.708,20.979,774.88,795.58,819.72,1387.33,743.12,860.04
2025-01-27 23:00:00,9.945,23.703,880.05,,845.15,1458.61,817.83,855.88
2025-01-28 00:00:00,10.726,22.9,784.41,719.82,,1452.5,812.08,740.2
2025-01-28 01:00:00,10.609,25.488,771.81,787.58,756.23,1455.02,794.04,800.12
2025-01-28 02:00:00,12.263,25.931,725.69,712.47,686.65,1408.67,,775.09
2025-01-28 03:00:00,11.353,24.064,725.46,775.53,725.1,1446.81,788.04,763.47
2025-01-28 04:00:00,11.479,24.508,712.08,679.2,736.41,1397.11,739.01,745.34
2025-01-28 05:00:00,12.024,26.303,721.48,720.32,723.11,1510.24,705.57,725.56
2025-01-28 06:00:00,13.197,26.89,673.73,649.53,659.0,1463.13,681.31,683.85
2025-01-28 07:00:00,12.557,23.215,671.5,677.55,756.51,1413.78,,745.32
2025-01-28 08:00:00,12.209,25.751,770.35,754.98,806.96,1488.79,670.94,747.79
2025-01-28 09:00:00,10.975,22.441,737.4,806.54,732.64,1405.35,765.25,734.16
2025-01-28 10:00:00,10.982,23.989,738.25,800.23,708.27,1452.47,721.5,770.48
2025-01-28 11:00:00,10.607,25.459,750.95,784.85,803.56,1483.5,807.98,805.67
2025-01-28 12:00:00,12.387,27.222,680.41,692.98,809.99,1532.96,702.88,773.33
2025-01-28 13:00:00,11.478,22.788,780.82,780.59,700.01,1475.14,728.42,731.75
2025-01-28 14:00:00,10.098,21.076,800.67,857.97,738.45,1396.76,813.01,750.87
2025-01-28 15:00:00,10.109,21.523,817.4,854.4,695.83,1451.19,740.71,820.92
2025-01-28 16:00:00,9.732,21.88,841.61,823.79,817.63,1352.93,787.3,838.41
2025-01-28 17:00:00,9.585,20.776,793.44,807.2,762.22,1389.53,828.69,869.59
2025-01-28 18:00:00,10.643,20.382,819.72,791.92,808.9,1399.11,,827.82
2025-01-28 19:00:00,10.107,21.026,769.14,819.24,823.06,1354.84,638.12,
2025-01-28 20:00:00,12.143,22.191,675.09,681.81,790.76,1459.27,702.54,761.89
2025-01-28 21:00:00,11.691,21.809,744.49,711.47,788.81,1437.83,742.4,779.04
2025-01-28 22:00:00,12.007,21.346,720.67,823.99,661.91,1370.31,718.26,709.16
2025-01-28 23:00:00,11.807,22.059,732.53,698.17,728.12,1461.12,730.33,757.47
2025-01-29 00:00:00,11.263,22.861,789.78,777.08,811.9,1441.21,723.79,769.79
2025-01-29 01:00:00,12.41,22.652,707.41,665.11,662.91,1406.85,655.09,728.37
2025-01-29 02:00:00,11.962,23.461,738.04,705.71,725.88,1433.23,730.69,742.39
2025-01-29 03:00:00,13.814,25.472,699.56,583.65,683.6,1409.17,,733.51
2025-01-29 04:00:00,13.044,24.716,693.67,622.36,705.09,,649.96,749.3
2025-01-29 05:00:00,13.07,23.062,693.01,677.52,,1374.13,638.54,738.7
2025-01-29 06:00:00,13.022,26.439,643.49,685.4,688.98,1459.98,675.33,772.13
2025-01-29 07:00:00,14.29,25.615,760.22,668.78,622.79,1431.28,613.76,643.48
2025-01-29 08:00:00,11.65,23.228,683.85,726.44,770.98,1426.02,700.07,759.46
2025-01-29 09:00:00,14.096,24.105,613.64,607.44,654.25,1403.23,608.34,682.63
2025-01-29 10:00:00,12.246,23.151,,693.79,818.15,1481.3,637.73,710.39
2025-01-29 11:00:00,10.999,24.404,845.83,721.14,735.22,1400.11,779.55,840.18
2025-01-29 12:00:00,11.23,22.6,733.42,767.36,761.35,1359.22,,760.14
2025-01-29 13:00:00,10.218,22.412,808.86,781.94,741.23,1394.98,788.42,751.66
2025-01-29 14:00:00,11.79,21.761,707.22,656.71,754.2,1390.89,699.48,737.13
2025-01-29 15:00:00,10.205,19.769,745.56,825.6,774.01,1361.93,828.68,787.75
2025-01-29 16:00:00,10.997,22.884,785.25,732.6,795.58,1378.71,731.79,803.97
2025-01-29 17:00:00,11.667,21.762,707.05,733.41,713.37,1450.19,659.65,674.9
2025-01-29 18:00:00,10.198,19.972,790.41,796.87,706.83,1393.76,755.78,809.44
2025-01-29 19:00:00,10.578,21.137,796.05,,831.86,1384.48,715.12,803.2
2025-01-29 20:00:00,9.886,22.244,870.02,760.2,842.85,1393.61,679.16,
2025-01-29 21:00:00,10.825,21.428,721.52,815.01,811.12,1388.85,822.03,774.76
2025-01-29 22:00:00,13.459,23.612,654.85,604.77,722.02,1388.04,614.25,699.5
2025-01-29 23:00:00,12.327,25.695,717.17,600.77,744.45,1467.02,743.6,744.37
2025-01-30 00:00:00,11.819,22.528,729.13,748.92,767.63,1365.84,726.24,755.17
2025-01-30 01:00:00,11.867,22.465,816.64,745.04,701.74,1379.61,754.56,731.38
2025-01-30 02:00:00,12.627,22.425,686.89,626.1,693.29,1418.39,639.96,798.87
2025-01-30 03:00:00,13.028,21.337,581.62,649.58,736.88,1349.86,729.62,
2025-01-30 04:00:00,12.794,25.775,693.53,718.51,808.0,1469.86,639.31,732.13
2025-01-30 05:00:00,13.688,24.018,647.23,679.43,691.56,1405.4,634.88,717.92
2025-01-30 06:00:00,12.556,25.526,701.68,711.36,591.72,1441.56,673.2,720.84
2025-01-30 07:00:00,12.525,25.665,686.98,721.95,747.49,1431.22,735.33,799.14
2025-01-30 08:00:00,13.481,22.84,609.47,659.11,739.15,1391.15,653.8,697.66
2025-01-30 09:00:00,12.073,22.667,794.27,697.3,720.5,1397.97,626.53,761.85
2025-01-30 10:00:00,13.355,25.427,684.34,601.32,656.63,1365.16,640.43,711.17
2025-01-30 11:00:00,12.484,22.731,694.02,671.7,758.35,1433.65,733.1,734.62
2025-01-30 12:00:00,10.735,21.468,843.92,808.35,759.91,1408.44,727.84,786.27
2025-01-30 13:00:00,11.987,20.452,682.08,745.03,709.11,1322.38,683.5,767.39
2025-01-30 14:00:00,10.274,21.017,806.18,790.35,717.33,1389.96,772.54,755.69
2025-01-30 15:00:00,11.94,22.544,680.23,695.72,668.27,1393.34,690.86,782.07
2025-01-30 16:00:00,11.007,21.201,783.6,819.47,799.08,1362.02,790.75,796.38
2025-01-30 17:00:00,12.578,20.359,646.15,675.17,649.39,1375.62,643.5,782.67
2025-01-30 18:00:00,11.925,21.94,738.35,733.5,809.09,1435.28,707.52,780.94
2025-01-30 19:00:00,10.271,21.738,856.81,736.24,875.28,1394.94,807.03,777.83
2025-01-30 20:00:00,9.633,20.625,806.35,801.37,758.4,1381.48,804.8,835.83
2025-01-30 21:00:00,10.847,23.833,698.91,808.84,755.0,1411.6,793.96,860.94
2025-01-30 22:00:00,10.732,20.579,766.82,706.06,799.62,1315.93,738.95,785.21
2025-01-30 23:00:00,13.469,22.636,672.17,628.92,743.05,1398.23,615.43,664.16
2025-01-31 00:00:00,12.32,21.324,733.25,702.62,723.6,1433.92,690.27,763.28
2025-01-31 01:00:00,13.395,23.356,713.59,693.68,658.47,1394.8,635.85,693.77
2025-01-31 02:00:00,12.719,22.416,742.13,708.17,690.97,1386.02,672.36,699.25
2025-01-31 03:00:00,13.061,23.641,674.15,722.76,705.32,1407.02,659.6,664.17
2025-01-31 04:00:00,13.378,26.232,652.7,679.39,679.75,1436.21,665.09,729.75
2025-01-31 05:00:00,14.417,24.664,580.57,620.98,702.93,1374.89,600.34,605.94
2025-01-31 06:00:00,13.83,24.12,626.24,577.41,643.46,1484.22,643.17,708.91
2025-01-31 07:00:00,12.702,22.507,706.64,630.93,727.65,1407.3,657.8,732.1
2025-01-31 08:00:00,14.733,23.42,551.71,631.51,663.83,1400.29,599.52,599.03
2025-01-31 09:00:00,13.018,21.624,639.19,633.1,691.62,1441.07,638.47,739.74
2025-01-31 10:00:00,12.646,23.441,716.36,654.3,706.16,1416.87,762.67,721.4
2025-01-31 11:00:00,10.464,22.885,763.75,687.38,790.62,1401.79,819.95,788.16
2025-01-31 12:00:00,12.931,21.074,686.05,696.51,654.97,1331.89,722.19,656.96
2025-01-31 13:00:00,12.2,22.724,684.85,651.8,761.31,1461.24,694.85,707.9
2025-01-31 14:00:00,11.916,22.029,732.75,675.9,730.14,1418.58,672.72,759.36
2025-01-31 15:00:00,11.271,19.922,713.68,777.59,737.04,1361.6,625.49,755.75
2025-01-31 16:00:00,10.947,20.059,688.03,661.07,713.75,1354.43,702.6,773.19
2025-01-31 17:00:00,10.997,18.429,778.7,796.57,830.87,1332.33,737.07,
2025-01-31 18:00:00,11.627,18.696,695.75,679.74,763.95,1350.09,760.89,810.15
2025-01-31 19:00:00,11.814,17.751,699.14,695.05,,1373.88,671.8,768.48
2025-01-31 20:00:00,11.242,18.625,711.86,700.26,765.24,1339.61,707.22,
2025-01-31 21:00:00,12.381,19.346,709.19,624.07,677.74,1314.8,699.81,698.74
2025-01-31 22:00:00,11.811,17.847,720.07,671.01,678.36,1282.22,617.4,
2025-01-31 23:00:00,11.764,20.968,743.46,679.96,704.7,1396.36,738.38,728.85
2025-02-01 00:00:00,12.64,21.973,671.13,622.66,729.63,1416.96,716.22,641.59
2025-02-01 01:00:00,11.707,21.208,726.26,778.26,732.8,1437.64,,717.34
2025-02-01 02:00:00,13.273,18.417,660.06,589.42,661.38,1392.96,634.47,721.98
2025-02-01 03:00:00,12.104,21.717,767.12,622.88,738.76,1341.56,697.39,752.71
2025-02-01 04:00:00,12.709,20.619,691.88,581.7,737.16,1360.18,680.64,748.92
2025-02-01 05:00:00,12.038,21.712,680.81,719.1,826.42,1375.73,733.4,702.83
2025-02-01 06:00:00,13.555,24.206,667.79,561.24,673.06,1407.0,674.79,691.1
2025-02-01 07:00:00,14.943,19.426,564.98,533.54,583.29,1282.86,548.68,593.53
2025-02-01 08:00:00,13.443,21.12,579.77,706.07,676.06,1368.9,609.5,610.39
2025-02-01 09:00:00,13.862,22.729,572.79,617.0,693.27,1344.19,582.48,716.58
2025-02-01 10:00:00,14.981,20.429,571.1,,651.15,1339.9,563.19,627.01
2025-02-01 11:00:00,13.134,19.806,658.75,618.51,634.84,1374.11,654.89,666.58
2025-02-01 12:00:00,11.888,22.613,,711.31,841.72,1390.18,684.48,
2025-02-01 13:00:00,11.687,20.062,754.64,705.45,,1396.16,706.3,698.63
2025-02-01 14:00:00,11.9,20.197,682.38,716.34,763.57,1365.97,790.02,742.26
2025-02-01 15:00:00,11.144,19.206,694.21,,779.73,1381.62,784.03,759.74
2025-02-01 16:00:00,11.012,18.44,715.78,724.47,,1350.42,809.89,752.02
2025-02-01 17:00:00,12.126,19.513,680.82,659.15,725.23,1318.97,717.29,768.07
2025-02-01 18:00:00,12.116,20.165,703.49,690.08,644.52,1357.91,748.39,731.31
2025-02-01 19:00:00,10.017,15.877,743.01,815.44,732.04,1292.4,737.88,750.18
2025-02-01 20:00:00,10.798,18.004,676.42,736.6,750.8,1360.9,783.92,780.82
2025-02-01 21:00:00,11.269,18.263,643.35,739.55,744.47,1327.66,,731.87
2025-02-01 22:00:00,12.366,18.163,689.78,694.92,749.67,1351.11,711.21,698.12
2025-02-01 23:00:00,13.088,20.288,622.88,729.66,652.02,1363.86,647.17,715.82
2025-02-02 00:00:00,14.642,19.886,,595.59,631.43,1326.25,521.37,589.62
2025-02-02 01:00:00,12.416,22.355,,649.61,757.43,1401.71,,739.92
2025-02-02 02:00:00,12.741,21.797,739.05,578.47,700.49,1409.57,726.32,696.22
2025-02-02 03:00:00,13.789,22.477,636.36,618.89,664.98,1398.46,582.33,677.46
2025-02-02 04:00:00,12.959,19.668,674.88,620.2,621.53,1367.54,660.03,706.61
2025-02-02 05:00:00,13.508,20.288,652.67,601.93,596.51,1311.84,613.7,735.63
2025-02-02 06:00:00,13.325,20.404,571.04,591.58,637.05,1331.01,674.26,703.92
2025-02-02 07:00:00,11.514,22.741,774.25,,812.81,1412.6,672.05,818.11
2025-02-02 08:00:00,13.585,19.741,680.34,594.62,717.01,1324.0,593.63,659.13
2025-02-02 09:00:00,13.144,19.407,720.14,633.33,726.47,1303.61,579.84,653.72
2025-02-02 10:00:00,14.053,18.722,595.02,560.5,649.49,1344.89,566.74,610.41
2025-02-02 11:00:00,12.745,22.837,649.77,640.38,730.44,1364.47,700.89,739.63
2025-02-02 12:00:00,11.42,18.793,776.91,,718.79,1371.87,650.02,818.22
2025-02-02 13:00:00,11.9,19.03,727.33,700.39,704.07,1394.33,,731.34
2025-02-02 14:00:00,10.137,16.492,800.24,774.41,681.44,1300.41,730.64,839.02
2025-02-02 15:00:00,10.586,18.545,739.51,759.32,772.54,1281.28,739.68,731.97
2025-02-02 16:00:00,11.865,14.896,702.27,654.01,718.06,1252.59,661.39,722.96
2025-02-02 17:00:00,11.032,15.598,694.24,789.6,706.39,1266.53,725.33,742.2
2025-02-02 18:00:00,11.919,15.775,694.22,771.09,739.44,1239.85,709.71,701.16
2025-02-02 19:00:00,9.64,16.931,774.09,841.85,833.36,1340.21,709.48,799.92
2025-02-02 20:00:00,11.131,15.865,810.24,657.68,683.08,1306.45,732.47,726.56
2025-02-02 21:00:00,11.127,18.911,761.3,711.12,844.17,1362.01,720.56,769.12
2025-02-02 22:00:00,12.512,18.048,603.12,695.0,714.04,1287.64,673.0,706.85
2025-02-02 23:00:00,12.566,17.047,671.46,630.91,748.74,1329.22,641.02,714.78
2025-02-03 00:00:00,12.842,19.537,683.1,626.05,657.67,1318.32,694.52,695.5
2025-02-03 01:00:00,13.863,18.333,600.97,541.64,700.39,1271.32,586.39,644.54
2025-02-03 02:00:00,12.615,18.527,637.37,648.34,717.63,1290.13,712.79,704.24
2025-02-03 03:00:00,14.216,20.672,634.48,551.54,625.67,1317.91,646.49,628.76
2025-02-03 04:00:00,12.493,16.919,640.56,568.63,,1298.74,649.29,672.18
2025-02-03 05:00:00,12.573,20.892,708.64,718.15,704.89,1334.34,687.89,712.95
2025-02-03 06:00:00,14.07,19.17,574.94,604.5,668.4,1290.72,597.98,590.17
2025-02-03 07:00:00,12.212,19.048,677.59,631.51,,1384.92,689.86,695.62
2025-02-03 08:00:00,13.743,22.003,673.19,648.68,668.2,1351.24,539.17,618.75
2025-02-03 09:00:00,13.163,18.645,,639.74,648.62,1344.22,520.84,655.16
2025-02-03 10:00:00,13.679,19.963,634.62,657.61,600.24,1337.17,,665.5
2025-02-03 11:00:00,12.473,18.617,681.7,699.76,703.24,1354.86,705.38,667.8
2025-02-03 12:00:00,12.242,18.171,694.16,649.75,663.08,1327.48,691.14,703.82
2025-02-03 13:00:00,12.282,16.841,655.55,701.53,733.26,1297.04,690.33,712.3
2025-02-03 14:00:00,11.042,16.244,680.5,762.02,770.76,1291.25,733.79,756.98
2025-02-03 15:00:00,10.746,17.974,773.24,794.64,825.35,1311.85,745.13,781.95
2025-02-03 16:00:00,11.486,16.887,771.53,754.26,707.31,1315.04,743.83,692.6
2025-02-03 17:00:00,10.95,14.919,752.53,817.02,729.62,1261.93,704.78,758.47
2025-02-03 18:00:00,10.593,14.143,750.98,785.89,,1210.0,767.24,749.54
2025-02-03 19:00:00,10.879,14.713,691.0,705.15,709.41,1285.82,714.75,800.13
2025-02-03 20:00:00,12.327,16.74,711.51,679.28,690.81,1291.12,664.35,700.03
2025-02-03 21:00:00,10.873,17.243,761.79,702.45,750.13,1332.39,785.06,783.93
2025-02-03 22:00:00,11.084,16.856,761.24,781.84,721.41,1311.64,729.81,743.51
2025-02-03 23:00:00,10.37,14.681,789.21,724.89,723.26,1304.05,763.03,755.22
2025-02-04 00:00:00,11.997,17.991,756.46,781.78,720.6,1334.51,722.01,695.86
2025-02-04 01:00:00,12.852,19.117,628.89,640.66,671.35,1326.52,556.65,591.37
2025-02-04 02:00:00,13.269,18.192,599.51,625.97,717.47,1320.22,641.01,634.25
2025-02-04 03:00:00,12.919,20.722,677.24,635.07,700.69,1398.01,657.58,732.58
2025-02-04 04:00:00,13.772,17.027,583.66,568.78,613.52,,540.46,635.28
2025-02-04 05:00:00,13.696,19.583,592.67,587.99,698.55,1267.86,595.29,687.26
2025-02-04 06:00:00,14.026,17.553,649.06,594.63,586.31,1315.18,597.92,675.36
2025-02-04 07:00:00,13.865,19.929,589.31,601.86,631.7,1350.01,565.62,628.64
2025-02-04 08:00:00,14.197,19.143,605.0,563.77,586.33,,592.6,659.7
2025-02-04 09:00:00,12.597,20.2,627.19,681.02,689.04,1356.45,636.73,659.61
2025-02-04 10:00:00,11.405,18.173,,700.4,790.82,1323.78,685.97,714.22
2025-02-04 11:00:00,12.691,16.555,705.06,652.8,683.93,1299.89,624.94,684.34
2025-02-04 12:00:00,12.456,15.883,713.65,733.67,608.82,1303.22,685.79,696.43
2025-02-04 13:00:00,12.759,15.603,692.88,623.71,,1286.73,692.99,682.99
2025-02-04 14:00:00,12.22,14.758,673.86,659.5,695.39,1253.14,685.03,752.66
2025-02-04 15:00:00,12.485,16.523,711.69,617.31,696.03,1326.91,637.25,741.42
2025-02-04 16:00:00,11.215,16.069,740.73,711.38,721.09,1266.66,733.61,752.31
2025-02-04 17:00:00,10.763,12.493,712.59,750.16,756.79,1216.79,748.99,737.16
2025-02-04 18:00:00,9.412,14.216,793.8,770.32,796.9,1328.11,770.69,835.62
2025-02-04 19:00:00,10.788,14.264,765.93,693.99,727.0,1289.36,689.94,729.99
2025-02-04 20:00:00,10.2,13.401,707.03,776.88,757.84,1246.7,813.35,778.3
2025-02-04 21:00:00,10.982,15.133,693.91,751.72,725.55,1285.98,709.41,694.46
2025-02-04 22:00:00,11.085,16.725,728.96,757.56,738.96,1371.39,720.34,757.7
2025-02-04 23:00:00,11.688,16.475,664.75,653.72,721.52,1291.11,672.06,802.14
2025-02-05 00:00:00,11.523,17.49,675.86,769.2,767.8,1297.01,771.39,777.2
2025-02-05 01:00:00,12.639,15.48,646.44,632.93,691.99,1269.89,695.6,688.55
2025-02-05 02:00:00,9.981,16.82,810.94,740.75,773.1,1349.86,781.87,817.81
2025-02-05 03:00:00,12.539,16.223,703.05,700.78,663.08,1293.85,692.18,633.36
2025-02-05 04:00:00,13.519,17.699,642.05,666.42,677.63,1327.92,606.18,
2025-02-05 05:00:00,14.152,17.958,608.52,567.15,639.02,1267.24,619.83,631.26
2025-02-05 06:00:00,13.26,18.735,720.53,596.5,661.72,1282.85,628.28,713.04
2025-02-05 07:00:00,13.96,19.043,597.28,611.07,626.63,1347.63,604.04,657.42
2025-02-05 08:00:00,12.606,18.046,682.65,608.56,690.3,1280.14,633.46,658.02
2025-02-05 09:00:00,12.26,15.822,659.02,774.88,,,591.63,750.94
2025-02-05 10:00:00,12.411,14.77,623.15,620.74,616.45,1235.93,627.15,678.1
2025-02-05 11:00:00,11.673,16.487,749.71,718.33,780.24,1270.44,696.06,787.09
2025-02-05 12:00:00,10.716,17.1,739.87,744.7,818.7,1301.31,713.12,762.31
2025-02-05 13:00:00,10.596,14.705,768.79,712.52,748.61,1226.99,829.96,726.86
2025-02-05 14:00:00,9.806,12.373,752.48,735.88,775.36,1286.34,789.74,731.95
2025-02-05 15:00:00,10.847,16.247,,787.71,733.28,1257.52,744.57,708.26
2025-02-05 16:00:00,10.22,13.969,720.44,778.01,772.37,1337.79,751.69,792.63
2025-02-05 17:00:00,9.779,13.341,806.96,749.25,763.93,,771.07,761.43
2025-02-05 18:00:00,9.549,11.621,796.21,756.89,763.6,1315.16,803.46,798.05
2025-02-05 19:00:00,10.424,13.065,680.9,719.42,698.45,1229.61,736.91,725.95
2025-02-05 20:00:00,10.74,14.024,717.67,776.06,809.44,1252.73,704.67,765.25
2025-02-05 21:00:00,9.378,14.076,816.5,829.03,726.66,1320.1,758.01,784.76
2025-02-05 22:00:00,9.476,13.026,830.59,806.93,800.44,1229.54,723.43,780.95
2025-02-05 23:00:00,11.535,14.212,728.91,714.12,674.01,1284.14,659.5,738.23
2025-02-06 00:00:00,9.957,14.015,750.39,798.48,676.38,1270.66,788.78,812.13
2025-02-06 01:00:00,11.781,17.224,673.0,,754.88,1339.45,722.11,743.6
2025-02-06 02:00:00,12.901,16.74,674.8,653.67,676.99,1329.3,669.59,725.52
2025-02-06 03:00:00,13.126,15.408,623.76,,596.65,1245.19,578.58,602.95
2025-02-06 04:00:00,12.587,14.909,647.53,662.66,700.14,1235.66,685.27,645.28
2025-02-06 05:00:00,12.658,16.802,658.42,657.56,664.86,1253.24,635.22,667.59
2025-02-06 06:00:00,13.908,15.903,635.37,561.34,702.11,1215.36,570.33,644.18
2025-02-06 07:00:00,10.172,15.882,828.88,748.22,704.6,1288.81,721.58,730.11
2025-02-06 08:00:00,11.522,14.779,742.89,685.34,685.1,1269.96,642.89,686.21
2025-02-06 09:00:00,12.356,14.568,670.06,673.11,713.89,1238.89,617.91,696.82
2025-02-06 10:00:00,11.133,15.521,695.13,707.74,711.81,1296.14,682.04,725.04
2025-02-06 11:00:00,12.079,14.482,704.96,604.99,655.14,1279.83,650.45,636.86
2025-02-06 12:00:00,10.719,17.24,809.37,783.35,763.09,,774.68,781.12
2025-02-06 13:00:00,10.518,14.399,781.24,772.73,790.78,1261.5,770.0,750.46
2025-02-06 14:00:00,9.877,11.781,763.73,783.49,747.0,1270.27,782.52,721.08
2025-02-06 15:00:00,9.404,10.866,748.48,744.21,746.53,1232.61,742.61,775.69
2025-02-06 16:00:00,9.166,12.829,793.16,775.48,740.13,1253.25,756.44,692.41
2025-02-06 17:00:00,9.674,11.635,801.9,796.1,734.28,1213.17,795.44,739.26
2025-02-06 18:00:00,8.769,13.602,803.8,811.25,738.92,1302.19,733.86,863.68
2025-02-06 19:00:00,10.165,12.372,746.49,732.84,796.01,1234.01,664.95,789.0
2025-02-06 20:00:00,10.018,9.816,719.57,810.81,764.65,1139.66,690.62,745.3
2025-02-06 21:00:00,10.538,11.251,821.83,707.66,672.49,1156.7,735.05,754.51
2025-02-06 22:00:00,8.976,12.04,751.67,679.49,,1221.74,776.79,745.66
2025-02-06 23:00:00,8.781,13.826,761.92,813.97,818.04,1248.99,743.69,857.74
2025-02-07 00:00:00,10.42,12.512,747.11,755.66,,1243.13,739.81,755.17
2025-02-07 01:00:00,13.025,14.44,631.88,,648.54,1188.62,646.73,656.17
2025-02-07 02:00:00,11.981,13.098,715.48,694.76,674.85,1235.05,764.96,696.08
2025-02-07 03:00:00,10.744,15.087,777.37,721.53,740.47,1254.84,781.38,754.96
2025-02-07 04:00:00,11.69,15.806,661.92,742.23,692.23,1316.88,702.43,719.04
2025-02-07 05:00:00,12.024,17.279,670.14,634.42,751.87,1285.41,716.79,
2025-02-07 06:00:00,10.36,15.853,728.04,762.23,787.01,1328.54,846.88,787.25
2025-02-07 07:00:00,12.481,14.475,691.22,632.53,686.03,1249.53,616.61,660.85
2025-02-07 08:00:00,11.102,17.012,749.56,773.32,692.97,1299.77,670.02,745.57
2025-02-07 09:00:00,10.944,14.649,717.38,701.55,705.55,1235.25,764.5,783.89
2025-02-07 10:00:00,10.759,15.349,748.56,746.79,715.25,1264.09,724.46,799.66
2025-02-07 11:00:00,11.337,13.169,668.12,713.8,693.97,1283.4,657.3,676.67
2025-02-07 12:00:00,9.477,13.462,749.22,794.94,775.24,1263.53,765.64,791.03
2025-02-07 13:00:00,8.376,11.841,753.25,788.29,851.53,1220.21,763.55,755.8
2025-02-07 14:00:00,9.682,12.674,771.04,792.84,765.86,1259.92,718.7,
2025-02-07 15:00:00,7.511,12.806,832.29,849.22,753.45,1255.9,851.46,812.06
2025-02-07 16:00:00,8.685,10.898,751.42,818.52,801.2,1205.25,760.83,745.56
2025-02-07 17:00:00,9.726,10.599,770.12,833.55,689.36,1200.12,693.76,804.65
2025-02-07 18:00:00,9.169,11.589,812.41,796.0,783.85,1263.87,772.98,819.39
2025-02-07 19:00:00,9.551,10.208,,735.19,729.65,1206.11,739.66,737.56
2025-02-07 20:00:00,9.304,9.546,751.03,859.36,774.36,1218.19,774.84,780.91
2025-02-07 21:00:00,10.897,12.079,738.72,766.98,740.8,1214.58,703.76,725.23
2025-02-07 22:00:00,8.717,11.911,789.31,832.96,,1225.89,764.76,789.93
2025-02-07 23:00:00,9.765,12.339,714.07,767.22,,1287.71,804.33,798.1
2025-02-08 00:00:00,9.377,13.607,763.24,820.34,744.63,1237.69,730.3,800.62
2025-02-08 01:00:00,10.774,14.264,718.91,657.71,756.3,1258.85,768.65,747.89
2025-02-08 02:00:00,10.219,13.732,748.35,824.5,757.62,1298.4,748.75,843.63
2025-02-08 03:00:00,11.861,12.965,679.77,720.06,765.21,1218.18,710.41,695.07
2025-02-08 04:00:00,10.222,13.836,,755.72,756.32,1322.39,748.28,761.14
2025-02-08 05:00:00,11.862,15.477,688.2,726.53,735.12,1250.53,694.94,649.64
2025-02-08 06:00:00,11.222,14.98,660.34,746.05,706.2,1295.2,723.8,810.9
2025-02-08 07:00:00,10.65,14.063,742.66,704.59,701.81,1317.49,784.99,711.81
2025-02-08 08:00:00,10.96,13.556,785.99,736.47,772.46,1259.3,728.91,779.87
2025-02-08 09:00:00,10.514,14.895,742.65,768.51,716.55,1295.0,692.12,728.41
2025-02-08 10:00:00,10.311,13.448,734.32,752.57,685.28,1283.73,751.06,757.66
2025-02-08 11:00:00,9.541,14.111,765.66,,712.92,1200.92,811.85,808.58
2025-02-08 12:00:00,8.805,13.721,815.66,845.47,799.69,1319.38,835.55,883.67
2025-02-08 13:00:00,8.757,11.749,776.85,812.07,746.43,1251.65,770.3,765.86
2025-02-08 14:00:00,7.359,12.758,778.33,927.91,750.14,1272.59,808.3,887.6
2025-02-08 15:00:00,9.1,11.347,752.76,766.73,,1236.15,729.01,759.95
2025-02-08 16:00:00,7.217,11.162,825.9,868.93,716.48,1181.79,861.44,843.72
2025-02-08 17:00:00,7.88,7.993,814.06,784.99,,1207.97,825.47,759.16
2025-02-08 18:00:00,8.502,9.364,763.7,833.14,835.59,1211.8,839.47,793.08
2025-02-08 19:00:00,8.665,9.476,769.65,756.57,766.65,1172.55,754.74,802.5
2025-02-08 20:00:00,6.663,10.373,841.68,879.42,920.55,1245.73,849.88,871.21
2025-02-08 21:00:00,8.17,11.19,774.39,869.37,818.36,1252.44,793.89,833.7
2025-02-08 22:00:00,8.829,11.633,781.93,804.45,722.58,1222.15,761.75,789.56
2025-02-08 23:00:00,8.762,12.252,806.16,766.76,808.61,1288.74,784.66,783.25
2025-02-09 00:00:00,10.075,11.586,708.16,799.76,717.84,1224.14,700.42,792.88
2025-02-09 01:00:00,8.623,13.736,811.11,829.69,777.94,1269.93,824.48,859.49
2025-02-09 02:00:00,7.9,15.542,790.59,840.43,773.7,1336.66,862.74,
2025-02-09 03:00:00,10.405,13.343,708.21,714.89,713.62,1229.98,764.36,752.24
2025-02-09 04:00:00,9.487,13.271,750.87,721.8,795.74,1249.0,768.8,764.75
2025-02-09 05:00:00,8.6,13.428,847.43,,749.37,1238.46,829.24,819.1
2025-02-09 06:00:00,9.89,14.404,707.87,753.8,680.59,1274.91,746.59,759.32
2025-02-09 07:00:00,10.93,13.586,709.95,691.1,741.99,,664.52,744.48
2025-02-09 08:00:00,8.784,11.925,786.77,817.26,764.47,1248.27,773.03,827.14
2025-02-09 09:00:00,11.443,11.921,738.32,660.83,736.04,1249.09,665.37,650.94
2025-02-09 10:00:00,8.625,14.464,871.77,837.33,760.35,1311.75,890.65,794.7
2025-02-09 11:00:00,9.045,14.281,776.24,857.45,824.4,1288.56,816.09,802.74
2025-02-09 12:00:00,7.659,14.131,848.02,805.0,843.92,1331.72,827.98,810.46
2025-02-09 13:00:00,8.326,11.952,797.33,807.46,807.57,1229.84,842.66,822.04
2025-02-09 14:00:00,7.866,9.995,801.18,845.49,729.48,1231.84,829.8,771.97
2025-02-09 15:00:00,6.503,10.232,853.52,823.87,817.7,1259.61,850.08,858.57
2025-02-09 16:00:00,9.734,8.638,690.82,727.98,771.8,1234.39,737.74,747.52
2025-02-09 17:00:00,6.927,8.38,822.07,848.8,776.59,1199.81,795.05,796.86
2025-02-09 18:00:00,6.857,10.443,850.78,940.34,724.75,1221.49,851.05,793.85
2025-02-09 19:00:00,8.038,10.841,773.61,791.18,758.27,1231.29,837.97,820.12
2025-02-09 20:00:00,8.804,12.733,806.79,795.15,738.9,1260.74,737.42,862.61
2025-02-09 21:00:00,8.415,10.591,731.55,911.68,750.8,1203.13,808.69,821.36
2025-02-09 22:00:00,6.771,9.466,836.28,893.53,748.87,1216.81,851.22,857.64
2025-02-09 23:00:00,8.163,11.423,849.82,755.29,819.44,1293.5,771.33,795.46
2025-02-10 00:00:00,6.767,11.739,835.69,859.32,847.7,1206.83,844.69,848.28
2025-02-10 01:00:00,9.274,11.998,740.07,812.61,725.26,1169.09,714.82,749.12
2025-02-10 02:00:00,7.505,13.475,780.63,908.15,795.81,1237.0,837.17,812.0
2025-02-10 03:00:00,8.389,12.012,812.83,873.3,,1221.13,814.81,823.61
2025-02-10 04:00:00,9.19,13.937,817.88,820.14,796.52,1241.58,807.32,758.56
2025-02-10 05:00:00,9.639,14.755,774.55,,727.73,1264.26,786.04,782.33
2025-02-10 06:00:00,9.085,15.739,780.21,754.52,752.57,1279.64,831.58,781.81
2025-02-10 07:00:00,10.439,14.334,681.27,727.41,749.62,1287.07,715.38,753.5
2025-02-10 08:00:00,9.653,15.009,781.59,734.24,735.27,1264.6,798.08,758.44
2025-02-10 09:00:00,9.37,12.902,751.57,830.08,836.49,1222.64,757.56,719.42
2025-02-10 10:00:00,7.593,12.651,802.21,860.04,777.11,1208.3,792.44,844.96
2025-02-10 11:00:00,9.618,14.148,830.95,,797.76,1307.57,748.16,784.85
2025-02-10 12:00:00,7.276,10.364,759.85,910.0,,1268.53,780.5,852.16
2025-02-10 13:00:00,8.969,11.005,720.02,817.54,706.32,1233.98,787.95,833.97
2025-02-10 14:00:00,8.878,12.359,795.12,848.5,763.85,1255.25,740.88,809.54
2025-02-10 15:00:00,7.393,10.335,,874.67,762.83,1246.64,852.78,849.5
2025-02-10 16:00:00,7.589,9.927,794.01,871.08,830.47,1242.38,826.93,
2025-02-10 17:00:00,4.149,9.75,,904.78,870.81,1207.67,932.73,964.47
2025-02-10 18:00:00,6.39,10.141,855.68,914.92,859.82,1223.96,840.43,821.27
2025-02-10 19:00:00,7.44,11.372,788.78,864.96,872.52,,743.24,817.82
2025-02-10 20:00:00,7.389,11.378,803.59,831.32,877.74,1229.38,811.21,810.64
2025-02-10 21:00:00,5.836,10.601,866.02,922.42,793.17,1248.86,870.73,867.89
2025-02-10 22:00:00,6.797,12.314,850.93,920.86,775.05,1303.63,828.68,827.47
2025-02-10 23:00:00,5.265,11.897,903.04,913.29,809.48,1343.8,921.08,856.2
2025-02-11 00:00:00,7.907,13.038,796.87,806.11,849.61,1301.0,802.87,806.47
2025-02-11 01:00:00,6.352,11.293,865.1,852.46,861.23,1214.42,876.78,826.05
2025-02-11 02:00:00,9.025,15.099,828.5,750.68,814.98,,761.98,782.37
2025-02-11 03:00:00,9.288,13.695,783.21,787.13,795.47,1308.58,811.61,734.07
2025-02-11 04:00:00,8.125,10.455,795.94,844.96,765.29,1200.78,844.84,870.91
2025-02-11 05:00:00,9.014,15.949,791.12,878.73,795.13,1341.09,768.6,785.4
2025-02-11 06:00:00,8.437,14.036,785.31,789.88,808.81,1336.81,839.66,850.84
2025-02-11 07:00:00,8.737,13.493,763.27,825.28,789.27,1305.02,801.9,838.99
2025-02-11 08:00:00,7.478,13.047,818.88,850.74,785.09,1328.81,791.41,839.83
2025-02-11 09:00:00,8.676,13.99,815.79,813.98,856.32,1248.24,801.98,778.29
2025-02-11 10:00:00,6.59,11.989,818.3,813.89,777.36,1204.9,867.87,889.55
2025-02-11 11:00:00,6.123,11.888,859.41,849.29,820.85,1241.4,798.95,896.88
2025-02-11 12:00:00,7.152,11.406,824.36,927.93,872.46,1248.24,804.76,863.84
2025-02-11 13:00:00,6.744,11.21,,908.19,858.83,1220.43,852.85,874.86
2025-02-11 14:00:00,6.815,10.469,861.58,874.63,760.69,,789.41,855.43
2025-02-11 15:00:00,5.803,11.705,,917.89,753.05,1259.96,812.2,894.64
2025-02-11 16:00:00,7.615,10.699,847.14,868.17,752.83,1217.75,853.85,849.81
2025-02-11 17:00:00,6.089,10.655,838.36,869.19,837.48,1268.1,936.27,839.1
2025-02-11 18:00:00,6.08,10.859,906.81,871.73,836.36,1247.24,886.33,858.47
2025-02-11 19:00:00,6.067,10.093,861.12,861.5,828.51,1215.34,852.92,811.9
2025-02-11 20:00:00,6.806,9.192,,866.54,831.38,1239.62,813.35,880.23
2025-02-11 21:00:00,6.63,12.912,809.95,830.56,833.03,1365.09,887.47,873.33
2025-02-11 22:00:00,6.746,12.285,832.34,844.42,865.72,1280.96,828.68,809.64
2025-02-11 23:00:00,7.246,13.602,776.52,879.19,852.73,1270.79,890.55,770.02
2025-02-12 00:00:00,5.483,13.439,878.26,900.74,771.68,1248.19,904.61,896.51
2025-02-12 01:00:00,5.799,12.177,852.25,830.93,851.49,1264.52,903.43,870.7
2025-02-12 02:00:00,7.433,10.408,804.77,828.21,789.84,1191.94,842.67,805.33
2025-02-12 03:00:00,7.56,12.179,774.63,866.45,817.06,1273.72,796.7,839.17
2025-02-12 04:00:00,8.348,14.751,,831.75,790.64,1348.91,854.9,855.32
2025-02-12 05:00:00,7.996,14.08,840.2,768.77,737.84,1263.51,837.91,869.12
2025-02-12 06:00:00,8.463,13.782,864.2,861.83,811.93,1262.7,753.96,861.54
2025-02-12 07:00:00,6.936,11.239,894.51,851.89,844.53,1268.16,795.92,841.95
2025-02-12 08:00:00,7.781,14.035,830.76,856.68,732.94,1268.32,740.2,890.94
2025-02-12 09:00:00,6.503,12.452,,921.06,904.98,1219.36,851.71,
2025-02-12 10:00:00,7.613,12.484,832.15,838.88,845.4,1299.31,815.54,840.12
2025-02-12 11:00:00,5.489,13.909,873.95,839.72,827.02,1264.23,927.48,911.4
2025-02-12 12:00:00,6.937,11.154,826.23,931.71,768.72,1242.23,902.52,865.07
2025-02-12 13:00:00,5.15,10.77,906.64,829.21,864.13,1248.11,910.47,849.52
2025-02-12 14:00:00,5.706,11.65,1015.73,889.05,852.56,1250.72,807.74,903.4
2025-02-12 15:00:00,6.458,12.08,894.37,931.4,857.47,1283.44,878.7,
2025-02-12 16:00:00,5.711,10.252,874.84,870.1,859.96,1192.49,851.26,821.07
2025-02-12 17:00:00,4.071,12.316,938.36,931.15,914.66,1299.22,934.54,929.21
2025-02-12 18:00:00,4.787,8.974,902.96,915.06,807.81,1196.99,946.59,878.1
2025-02-12 19:00:00,4.143,8.853,900.66,936.74,863.36,1227.1,882.31,964.48
2025-02-12 20:00:00,4.087,8.972,932.41,911.71,885.67,1203.35,860.96,916.99
2025-02-12 21:00:00,5.707,9.177,856.06,869.48,823.56,1222.34,864.78,849.23
2025-02-12 22:00:00,6.289,12.0,822.52,927.76,862.25,1289.96,802.47,845.96
2025-02-12 23:00:00,6.461,10.928,865.11,854.77,870.27,1239.4,847.16,882.51
2025-02-13 00:00:00,6.881,10.95,858.14,882.75,780.27,1231.76,840.13,850.44
2025-02-13 01:00:00,6.68,13.64,849.24,840.65,833.23,1267.48,788.79,866.14
2025-02-13 02:00:00,6.74,14.679,868.19,933.74,816.77,1312.61,831.98,888.41
2025-02-13 03:00:00,6.329,15.39,905.68,931.16,834.93,1355.49,910.11,885.1
2025-02-13 04:00:00,7.006,15.522,851.87,868.79,768.22,1320.34,906.68,908.0
2025-02-13 05:00:00,6.401,13.595,846.3,911.6,858.5,1334.68,911.05,861.15
2025-02-13 06:00:00,6.804,15.122,832.72,938.52,960.26,1309.37,900.12,834.84
2025-02-13 07:00:00,7.491,15.345,830.42,,842.17,1373.17,846.82,839.33
2025-02-13 08:00:00,7.187,14.006,895.51,819.8,920.69,1235.22,779.96,849.26
2025-02-13 09:00:00,9.524,14.483,771.57,803.65,825.32,1267.54,802.49,797.31
2025-02-13 10:00:00,5.728,12.396,887.98,852.18,819.1,1251.98,870.37,888.08
2025-02-13 11:00:00,6.397,12.69,846.63,821.28,854.09,1273.72,770.32,872.53
2025-02-13 12:00:00,5.029,13.4,885.12,865.13,905.98,,,885.31
2025-02-13 13:00:00,5.53,14.274,858.62,921.81,896.58,1389.58,886.66,849.06
2025-02-13 14:00:00,5.255,13.393,896.63,840.59,837.25,1301.89,899.33,835.5
2025-02-13 15:00:00,5.943,12.42,851.39,880.95,854.53,1301.44,840.97,898.03
2025-02-13 16:00:00,4.699,11.434,944.45,796.71,940.33,1243.69,873.43,824.45
2025-02-13 17:00:00,4.769,11.078,892.55,948.13,,1251.9,908.22,907.07
2025-02-13 18:00:00,4.52,9.394,,953.72,906.61,1253.28,892.06,910.13
2025-02-13 19:00:00,3.768,10.227,914.21,951.6,935.43,1208.43,917.88,939.69
2025-02-13 20:00:00,4.471,10.497,915.04,985.69,798.46,1218.86,870.91,917.33
2025-02-13 21:00:00,4.862,12.5,952.3,963.75,845.69,1288.47,858.08,901.33
2025-02-13 22:00:00,5.459,13.39,851.01,883.83,851.01,1292.42,862.62,849.79
2025-02-13 23:00:00,6.121,13.655,879.78,,884.99,1303.33,900.49,855.35
2025-02-14 00:00:00,5.781,14.74,829.55,944.57,862.63,1268.59,911.32,937.48
2025-02-14 01:00:00,6.063,13.958,915.87,925.26,828.13,1292.52,807.8,896.27
2025-02-14 02:00:00,5.162,13.208,891.11,913.67,872.08,1288.77,898.04,863.16
2025-02-14 03:00:00,7.204,14.775,792.44,,846.58,1314.1,820.03,823.37
2025-02-14 04:00:00,6.392,14.317,820.79,925.57,838.56,1331.99,941.97,939.8
2025-02-14 05:00:00,7.652,16.211,867.17,856.43,893.78,1331.93,806.57,811.48
2025-02-14 06:00:00,8.135,15.093,761.89,832.65,809.21,1273.66,781.01,830.63
2025-02-14 07:00:00,6.877,15.373,866.37,762.5,,1331.41,822.95,872.92
2025-02-14 08:00:00,6.075,16.159,,925.4,818.66,1289.7,931.22,925.57
2025-02-14 09:00:00,6.676,14.155,849.95,876.39,852.88,1304.31,788.7,896.44
2025-02-14 10:00:00,6.707,15.823,839.83,861.24,824.77,1345.63,820.46,893.72
2025-02-14 11:00:00,5.873,12.603,838.91,866.4,827.13,1277.95,876.87,880.58
2025-02-14 12:00:00,5.351,14.107,876.58,925.51,933.9,1330.74,914.05,917.83
2025-02-14 13:00:00,5.931,13.15,893.14,918.39,822.33,1249.59,895.69,980.93
2025-02-14 14:00:00,5.576,13.806,875.75,897.69,840.54,1371.91,799.34,1008.06
2025-02-14 15:00:00,4.641,10.788,913.34,956.23,795.33,1229.35,875.26,919.94
2025-02-14 16:00:00,3.392,10.32,922.98,926.31,858.17,1180.43,957.55,917.3
2025-02-14 17:00:00,4.95,12.896,920.84,904.21,800.86,1254.11,871.45,904.61
2025-02-14 18:00:00,3.919,11.497,936.54,986.55,938.68,1363.59,882.62,951.72
2025-02-14 19:00:00,4.734,11.964,882.36,918.23,887.64,1310.19,932.29,872.45
2025-02-14 20:00:00,4.793,11.521,864.27,999.87,902.19,1231.0,946.73,923.46
2025-02-14 21:00:00,3.341,13.765,981.84,995.46,935.04,1356.27,934.14,958.57
2025-02-14 22:00:00,5.156,13.483,,878.75,830.13,1339.8,887.71,850.88
2025-02-14 23:00:00,5.782,13.935,898.34,844.02,892.19,1261.01,846.84,900.57
2025-02-15 00:00:00,6.181,12.801,865.62,921.99,833.96,1317.57,894.43,852.81
2025-02-15 01:00:00,6.066,15.364,863.07,877.68,883.28,1315.66,948.5,924.13
2025-02-15 02:00:00,4.671,14.095,927.67,979.48,770.7,,919.64,912.52
2025-02-15 03:00:00,7.514,14.951,884.75,832.78,,1337.81,829.08,798.63
2025-02-15 04:00:00,7.004,14.462,870.87,878.95,801.85,1332.42,843.89,842.21
2025-02-15 05:00:00,5.824,16.154,894.16,898.69,881.93,1338.16,894.41,
2025-02-15 06:00:00,6.189,17.73,943.24,915.36,802.83,1344.94,789.8,832.41
2025-02-15 07:00:00,6.956,16.699,801.79,906.69,940.41,,794.16,893.48
2025-02-15 08:00:00,7.187,15.739,810.66,868.0,887.11,1350.44,899.54,834.18
2025-02-15 09:00:00,6.055,16.126,866.77,931.06,918.04,1355.81,951.77,918.51
2025-02-15 10:00:00,6.85,15.748,908.74,810.1,902.58,1326.77,841.96,930.88
2025-02-15 11:00:00,4.459,15.264,956.83,969.72,919.81,1359.24,896.72,970.13
2025-02-15 12:00:00,4.743,14.923,854.3,943.93,840.87,1281.76,961.35,916.93
2025-02-15 13:00:00,3.608,12.989,922.15,963.02,924.1,1326.87,979.13,973.24
2025-02-15 14:00:00,4.246,13.927,877.44,860.25,874.01,1310.55,963.35,947.08
2025-02-15 15:00:00,5.917,11.323,863.87,827.89,830.54,1289.81,820.71,870.43
2025-02-15 16:00:00,6.16,13.846,901.39,903.51,884.24,,810.4,980.23
2025-02-15 17:00:00,4.577,11.678,938.55,952.72,850.73,1291.65,853.0,938.11
2025-02-15 18:00:00,3.832,14.391,946.83,986.91,881.32,,923.4,925.48
2025-02-15 19:00:00,4.202,10.157,893.17,945.72,915.38,1238.03,894.27,915.93
2025-02-15 20:00:00,4.874,15.346,909.26,892.14,853.05,1314.71,928.95,938.82
2025-02-15 21:00:00,3.431,11.733,960.65,934.29,889.19,1311.82,987.19,953.23
2025-02-15 22:00:00,4.468,12.721,994.29,860.82,879.2,1302.96,870.36,916.58
2025-02-15 23:00:00,6.36,15.048,828.16,896.61,874.52,1328.27,900.66,890.64
2025-02-16 00:00:00,4.683,15.996,976.48,1024.37,926.31,1378.13,966.12,923.77
2025-02-16 01:00:00,5.227,15.477,911.82,925.48,851.76,1355.35,1006.77,922.24
2025-02-16 02:00:00,6.124,17.418,915.62,875.88,798.55,1405.33,892.49,962.9
2025-02-16 03:00:00,6.586,15.852,873.41,887.83,902.87,1322.14,,891.86
2025-02-16 04:00:00,6.048,16.693,934.93,901.13,772.15,1368.14,876.38,
2025-02-16 05:00:00,6.727,17.058,879.94,816.45,869.43,1393.3,872.28,925.89
2025-02-16 06:00:00,7.191,16.89,831.95,880.72,838.33,1327.95,935.51,898.56
2025-02-16 07:00:00,8.232,15.195,833.65,827.83,817.0,1278.66,844.63,821.29
2025-02-16 08:00:00,6.44,17.334,917.11,889.09,873.73,1357.57,883.61,852.43
2025-02-16 09:00:00,6.317,16.956,879.44,978.27,851.67,1355.78,814.48,842.06
2025-02-16 10:00:00,7.322,18.022,783.48,865.7,839.87,1372.67,867.41,897.19
2025-02-16 11:00:00,5.371,14.752,891.96,995.27,886.22,1346.28,857.96,996.41
2025-02-16 12:00:00,4.441,15.059,926.86,919.99,907.46,1351.48,978.42,926.15
2025-02-16 13:00:00,5.39,16.801,903.12,867.53,766.29,1437.71,894.82,830.21
2025-02-16 14:00:00,5.761,15.276,870.08,879.07,862.85,1367.22,818.41,938.37
2025-02-16 15:00:00,4.942,15.218,956.42,984.46,,1316.21,860.55,929.63
2025-02-16 16:00:00,4.385,14.834,840.91,923.83,866.02,1358.83,901.5,924.87
2025-02-16 17:00:00,3.186,14.689,960.2,935.09,943.77,1337.84,959.98,
2025-02-16 18:00:00,4.258,16.307,937.93,976.27,950.37,1378.8,926.32,987.97
2025-02-16 19:00:00,5.334,14.349,968.54,907.02,874.83,1325.32,880.6,905.41
2025-02-16 20:00:00,3.482,13.276,941.74,1001.38,914.65,1258.21,1013.4,980.52
2025-02-16 21:00:00,4.466,15.624,940.84,927.08,841.76,1324.2,907.98,934.84
2025-02-16 22:00:00,4.603,14.642,921.37,909.69,886.14,1331.31,894.39,
2025-02-16 23:00:00,4.647,15.722,923.93,1014.83,915.84,1368.49,924.26,936.77
2025-02-17 00:00:00,5.718,16.867,957.51,884.33,857.19,1324.8,879.87,884.59
2025-02-17 01:00:00,6.188,16.005,839.86,866.59,843.31,1380.25,884.97,907.96
2025-02-17 02:00:00,6.472,16.911,851.52,912.09,879.48,1379.63,835.14,891.13
2025-02-17 03:00:00,5.597,18.56,933.2,815.11,902.69,1359.87,911.62,883.2
2025-02-17 04:00:00,5.257,17.699,921.45,964.2,910.77,1376.38,842.2,895.82
2025-02-17 05:00:00,6.907,19.776,865.67,959.83,797.06,1427.85,,895.54
2025-02-17 06:00:00,6.338,17.544,879.0,934.41,,1400.79,,
2025-02-17 07:00:00,8.178,17.523,861.86,799.24,752.83,1309.44,805.03,827.82
2025-02-17 08:00:00,8.1,20.849,864.0,824.42,828.97,1390.98,840.21,902.15
2025-02-17 09:00:00,8.0,16.459,805.12,845.96,899.97,1363.37,787.31,837.76
2025-02-17 10:00:00,5.412,17.901,917.33,945.12,912.37,1344.87,907.59,970.26
2025-02-17 11:00:00,6.336,19.724,889.6,970.97,890.13,1422.4,902.38,973.6
2025-02-17 12:00:00,6.273,17.002,897.32,963.02,,1355.65,867.94,900.84
2025-02-17 13:00:00,5.879,18.186,885.99,907.82,943.71,1374.15,899.54,891.53
2025-02-17 14:00:00,4.706,16.923,882.09,928.92,913.17,1296.61,909.73,915.1
2025-02-17 15:00:00,5.772,15.769,912.89,881.35,770.78,1369.66,,935.15
2025-02-17 16:00:00,4.565,15.354,940.47,975.76,866.34,1317.74,909.63,899.65
2025-02-17 17:00:00,4.555,12.82,959.69,985.9,892.69,1276.45,1016.39,
2025-02-17 18:00:00,3.189,14.964,911.98,995.58,916.3,1358.33,963.46,
2025-02-17 19:00:00,4.984,15.746,908.84,937.7,932.47,1343.73,872.22,
2025-02-17 20:00:00,4.388,15.997,921.06,1042.1,855.26,1352.86,920.95,894.37
2025-02-17 21:00:00,5.167,19.048,907.16,968.99,,1397.1,871.18,910.01
2025-02-17 22:00:00,5.241,16.893,855.33,850.85,860.75,1345.44,822.76,914.25
2025-02-17 23:00:00,5.496,17.847,869.1,926.29,,1358.6,908.77,879.09
2025-02-18 00:00:00,5.635,19.058,,934.92,866.49,1415.77,945.58,885.93
2025-02-18 01:00:00,6.621,18.879,862.08,884.0,867.43,1358.52,895.4,903.9
2025-02-18 02:00:00,6.132,18.662,863.37,960.25,938.89,1367.29,894.5,890.32
2025-02-18 03:00:00,5.385,19.134,965.38,921.89,829.64,1402.82,947.97,945.64
2025-02-18 04:00:00,7.205,19.181,947.64,837.58,939.03,,842.64,902.0
2025-02-18 05:00:00,6.234,20.387,895.23,883.28,1028.62,1394.44,799.96,895.5
2025-02-18 06:00:00,5.873,19.77,851.94,948.35,866.68,1384.31,921.17,915.92
2025-02-18 07:00:00,6.085,20.708,916.69,863.21,946.59,1415.31,886.59,948.38
2025-02-18 08:00:00,7.021,18.6,794.13,861.42,,1351.75,882.0,922.93
2025-02-18 09:00:00,6.538,19.722,838.44,933.85,903.88,1398.92,900.63,823.02
2025-02-18 10:00:00,4.672,21.046,958.37,909.22,891.65,1374.07,944.28,912.44
2025-02-18 11:00:00,5.794,18.484,,878.56,842.9,1431.36,905.67,922.17
2025-02-18 12:00:00,6.738,20.5,873.23,828.08,850.97,1412.94,900.11,903.14
2025-02-18 13:00:00,5.144,18.019,865.14,,877.78,1329.39,904.31,920.93
2025-02-18 14:00:00,5.096,17.325,917.26,918.02,841.35,1353.6,943.92,914.89
2025-02-18 15:00:00,5.827,17.171,933.43,905.56,841.52,1364.02,979.98,880.3
2025-02-18 16:00:00,5.451,16.392,879.67,888.06,921.6,1347.52,909.58,
2025-02-18 17:00:00,5.526,14.241,888.68,900.6,930.57,1271.98,,863.07
2025-02-18 18:00:00,2.463,17.658,961.93,1063.33,919.87,,1046.35,997.27
2025-02-18 19:00:00,6.123,19.353,869.54,925.47,982.0,1424.75,936.33,908.84
2025-02-18 20:00:00,5.38,17.55,879.25,1015.88,827.13,,904.2,
2025-02-18 21:00:00,7.045,17.993,891.22,851.63,800.11,1376.91,794.54,903.65
2025-02-18 22:00:00,4.713,17.591,877.72,933.99,824.37,1350.86,893.27,939.28
2025-02-18 23:00:00,4.232,19.733,938.68,,851.07,1380.0,960.01,957.09
2025-02-19 00:00:00,5.975,18.866,911.95,894.83,,1363.72,880.53,881.34
2025-02-19 01:00:00,6.075,19.803,930.87,913.96,862.92,1429.32,866.39,956.34
2025-02-19 02:00:00,7.123,18.138,877.6,799.78,846.83,1338.44,871.76,819.06
2025-02-19 03:00:00,7.724,19.847,850.49,847.54,828.48,1402.66,821.9,838.26
2025-02-19 04:00:00,7.001,21.293,859.87,924.95,812.64,1383.49,925.04,929.2
2025-02-19 05:00:00,7.015,22.192,915.84,968.25,798.75,1462.96,850.3,871.6
2025-02-19 06:00:00,7.683,22.344,835.08,929.13,762.54,1431.03,859.4,908.82
2025-02-19 07:00:00,7.035,19.31,840.08,887.83,841.63,1402.91,852.59,931.8
2025-02-19 08:00:00,6.866,19.283,921.88,907.4,874.57,1354.11,856.1,930.44
2025-02-19 09:00:00,7.794,21.491,871.09,878.29,806.21,,862.96,
2025-02-19 10:00:00,7.741,19.53,864.99,838.71,740.77,1446.47,752.09,856.28
2025-02-19 11:00:00,7.328,21.069,890.56,840.33,892.93,1343.19,,854.75
2025-02-19 12:00:00,6.034,17.572,886.81,919.56,910.41,1405.44,919.6,908.46
2025-02-19 13:00:00,4.164,18.943,898.33,969.17,858.67,,983.63,1016.5
2025-02-19 14:00:00,5.486,18.588,918.82,963.78,833.5,1404.43,927.25,925.23
2025-02-19 15:00:00,4.768,18.842,930.64,858.72,935.17,1413.0,952.35,945.19
2025-02-19 16:00:00,5.099,16.76,882.58,930.17,801.61,1387.72,933.56,928.33
2025-02-19 17:00:00,4.565,15.488,883.76,998.76,831.05,1323.82,975.96,926.84
2025-02-19 18:00:00,5.063,18.035,917.75,965.13,952.28,1338.49,929.79,952.82
2025-02-19 19:00:00,4.309,18.579,895.44,,889.8,1379.56,939.0,905.95
2025-02-19 20:00:00,4.255,19.406,943.17,919.7,919.64,1391.04,921.52,966.85
2025-02-19 21:00:00,6.468,18.134,871.25,895.57,808.19,1374.82,868.78,917.56
2025-02-19 22:00:00,4.983,19.959,926.13,981.83,951.75,1418.62,953.18,979.78
2025-02-19 23:00:00,6.068,20.142,914.82,,874.95,1398.29,928.39,967.16
2025-02-20 00:00:00,7.163,21.713,898.92,890.55,903.44,,853.81,872.94
2025-02-20 01:00:00,7.462,20.626,838.99,898.79,825.28,1431.49,840.13,853.18
2025-02-20 02:00:00,7.676,19.148,881.68,872.11,785.94,,865.98,855.36
2025-02-20 03:00:00,7.552,21.605,858.09,897.13,845.44,1451.02,905.9,912.43
2025-02-20 04:00:00,8.101,22.159,914.26,894.75,804.7,1432.32,930.33,828.69
2025-02-20 05:00:00,8.761,22.923,817.35,820.61,806.71,1425.54,849.75,869.04
2025-02-20 06:00:00,8.065,20.578,790.38,818.22,796.56,1375.66,819.81,874.94
2025-02-20 07:00:00,6.236,22.022,933.66,945.67,830.74,1488.18,865.37,905.74
2025-02-20 08:00:00,7.185,23.286,898.5,869.51,900.88,1409.28,940.17,931.2
2025-02-20 09:00:00,7.996,21.849,896.48,781.81,860.81,1442.24,861.51,831.84
2025-02-20 10:00:00,6.711,21.24,898.5,956.05,826.12,1424.49,872.21,952.28
2025-02-20 11:00:00,8.242,23.459,936.69,866.79,918.72,1448.34,826.19,899.19
2025-02-20 12:00:00,6.607,19.417,875.76,905.19,829.66,1357.89,937.06,891.21
2025-02-20 13:00:00,6.438,21.71,934.04,901.7,912.82,1416.05,883.22,
2025-02-20 14:00:00,7.004,21.02,860.1,922.43,749.96,1491.97,920.67,896.8
2025-02-20 15:00:00,5.732,19.156,922.91,872.71,868.04,1431.68,934.34,940.3
2025-02-20 16:00:00,5.852,19.115,925.89,920.22,799.18,1427.4,890.36,899.44
2025-02-20 17:00:00,6.334,18.957,917.09,915.48,828.34,1411.85,952.43,839.86
2025-02-20 18:00:00,4.42,19.196,969.81,988.2,929.34,1418.08,944.21,928.96
2025-02-20 19:00:00,5.434,18.378,797.27,862.91,,1430.81,893.6,1007.04
2025-02-20 20:00:00,6.469,18.822,881.16,923.2,828.65,1393.77,935.56,912.65
2025-02-20 21:00:00,6.073,19.273,876.55,896.73,874.69,1469.38,926.33,902.72
2025-02-20 22:00:00,7.468,19.77,846.65,844.29,854.9,1434.68,839.18,962.0
2025-02-20 23:00:00,5.347,20.312,911.77,877.38,869.17,1433.88,953.48,969.05
2025-02-21 00:00:00,5.591,18.557,941.18,1016.07,908.9,1409.26,949.14,979.83
2025-02-21 01:00:00,7.894,21.925,864.72,858.05,849.55,1430.17,876.77,891.34
2025-02-21 02:00:00,8.285,21.701,827.91,859.81,810.38,1477.09,818.57,897.82
2025-02-21 03:00:00,7.712,20.551,805.17,822.81,917.36,1391.22,863.3,883.07
2025-02-21 04:00:00,8.402,22.732,900.69,788.15,819.23,1462.29,799.08,844.24
2025-02-21 05:00:00,8.823,22.938,813.51,869.05,781.97,1446.6,813.54,855.54
2025-02-21 06:00:00,7.643,25.036,874.09,826.54,908.34,1466.29,858.92,908.35
2025-02-21 07:00:00,7.713,22.833,941.64,923.82,879.37,1462.51,891.48,886.61
2025-02-21 08:00:00,8.336,24.124,833.44,927.63,759.95,1385.81,882.31,857.87
2025-02-21 09:00:00,8.743,24.706,,813.32,755.6,1502.11,785.32,863.85
2025-02-21 10:00:00,6.865,21.92,894.56,877.64,888.47,1486.77,898.83,893.25
2025-02-21 11:00:00,7.376,22.176,817.06,778.77,827.93,1424.92,865.75,878.52
2025-02-21 12:00:00,7.055,23.83,829.44,826.02,887.13,1462.27,898.22,958.74
2025-02-21 13:00:00,7.3,21.554,855.73,,839.26,1424.43,926.53,902.1
2025-02-21 14:00:00,6.696,21.286,872.65,949.76,891.21,1460.86,869.22,863.74
2025-02-21 15:00:00,6.045,19.974,905.33,885.22,909.17,1457.66,888.64,870.95
2025-02-21 16:00:00,7.316,21.009,835.45,853.68,773.68,1459.49,892.06,876.23
2025-02-21 17:00:00,5.793,19.977,922.87,861.3,841.17,1449.14,909.88,893.37
2025-02-21 18:00:00,5.977,17.797,817.24,866.91,934.09,1384.41,834.6,897.78
2025-02-21 19:00:00,5.006,19.676,,1001.98,919.22,1354.15,995.22,1007.5
2025-02-21 20:00:00,5.856,18.921,913.8,931.79,905.4,1388.13,910.8,892.02
2025-02-21 21:00:00,7.058,20.832,887.63,814.85,,1446.76,909.28,861.79
2025-02-21 22:00:00,7.177,20.049,863.56,903.13,900.6,1431.24,849.44,899.05
2025-02-21 23:00:00,7.718,22.243,840.89,964.61,854.78,1433.19,805.94,859.93
2025-02-22 00:00:00,8.017,22.278,849.05,844.52,795.57,1381.23,846.16,815.62
2025-02-22 01:00:00,9.585,21.282,850.57,780.47,857.36,1433.36,807.54,819.59
2025-02-22 02:00:00,7.634,22.707,847.44,897.09,913.15,1421.73,908.01,837.7
2025-02-22 03:00:00,7.214,24.493,922.47,932.9,887.16,1457.35,865.65,882.95
2025-02-22 04:00:00,7.888,25.48,913.61,906.9,948.8,1526.86,904.42,912.54
2025-02-22 05:00:00,8.313,23.255,791.12,841.05,860.27,1457.36,794.33,829.21
2025-02-22 06:00:00,8.166,23.125,850.92,841.23,853.95,1478.38,835.23,910.85
2025-02-22 07:00:00,9.008,26.75,813.92,,901.35,1468.43,846.68,871.53
2025-02-22 08:00:00,9.844,24.232,760.84,758.49,837.78,1455.12,761.08,893.36
2025-02-22 09:00:00,9.912,24.07,838.5,819.46,846.54,1404.63,859.74,839.77
2025-02-22 10:00:00,8.864,22.692,850.49,813.05,741.75,1468.61,817.48,853.59
2025-02-22 11:00:00,9.913,23.389,816.91,812.81,825.81,1466.48,769.55,836.47
2025-02-22 12:00:00,7.633,24.705,839.45,870.3,851.67,1454.96,832.12,921.96
2025-02-22 13:00:00,6.331,22.467,911.2,917.28,867.87,1446.8,855.13,971.25
2025-02-22 14:00:00,8.219,22.99,807.45,856.73,839.2,1466.6,874.04,844.1
2025-02-22 15:00:00,5.687,21.365,919.62,961.97,871.76,1409.47,885.9,937.01
2025-02-22 16:00:00,6.392,19.813,867.03,938.84,905.67,1353.94,901.98,905.38
2025-02-22 17:00:00,7.322,20.056,902.02,875.19,803.71,1401.3,845.86,923.16
2025-02-22 18:00:00,6.812,19.498,864.29,882.33,,1419.71,909.91,902.34
2025-02-22 19:00:00,6.812,21.199,892.76,,866.67,1397.34,895.47,876.06
2025-02-22 20:00:00,6.169,22.637,917.29,889.13,952.26,1498.44,933.23,933.03
2025-02-22 21:00:00,7.326,21.709,869.92,924.15,841.24,1444.28,964.34,844.11
2025-02-22 22:00:00,8.416,21.59,845.21,,825.35,1460.25,818.36,914.78
2025-02-22 23:00:00,7.948,21.524,864.95,853.85,835.23,1392.44,854.62,855.35
2025-02-23 00:00:00,7.608,23.445,841.1,883.92,971.84,1431.0,873.7,857.12
2025-02-23 01:00:00,7.615,22.078,880.24,884.96,898.06,1416.61,,
2025-02-23 02:00:00,8.284,22.714,880.48,863.79,820.75,1486.47,827.58,892.66
2025-02-23 03:00:00,9.525,25.597,842.4,816.54,823.33,1486.7,843.39,922.07
2025-02-23 04:00:00,9.706,24.529,806.2,878.78,788.74,1458.08,889.14,853.41
2025-02-23 05:00:00,8.941,24.732,847.05,841.09,919.53,1514.74,829.05,886.76
2025-02-23 06:00:00,7.884,24.98,858.93,862.61,803.44,1450.03,864.54,914.74
2025-02-23 07:00:00,9.978,26.012,813.52,880.65,782.35,1496.31,769.28,833.81
2025-02-23 08:00:00,8.834,25.166,804.33,811.7,883.54,1479.39,775.24,867.69
2025-02-23 09:00:00,9.943,23.783,856.92,874.97,883.52,,760.97,873.32
2025-02-23 10:00:00,8.569,23.437,913.29,766.3,,1481.78,788.17,844.64
2025-02-23 11:00:00,8.124,23.594,834.06,844.74,843.08,1445.02,806.0,885.95
2025-02-23 12:00:00,8.757,23.697,868.97,774.09,841.61,1507.77,808.26,794.45
2025-02-23 13:00:00,10.24,22.798,845.36,734.47,801.4,1433.54,745.59,841.55
2025-02-23 14:00:00,8.694,22.232,,856.6,921.76,1448.12,795.73,882.4
2025-02-23 15:00:00,7.986,22.046,780.06,872.01,867.91,1444.91,811.37,927.9
2025-02-23 16:00:00,8.004,21.651,906.42,834.5,831.43,1476.97,808.98,885.07
2025-02-23 17:00:00,6.226,20.581,,977.85,900.45,1348.2,984.52,884.28
2025-02-23 18:00:00,6.719,22.799,876.28,948.77,923.45,1472.78,858.71,922.43
2025-02-23 19:00:00,5.679,20.981,917.05,929.14,859.31,1500.29,892.49,1024.23
2025-02-23 20:00:00,9.223,21.936,807.56,748.34,830.01,1383.2,,798.39
2025-02-23 21:00:00,9.282,19.647,912.1,850.28,806.27,1350.14,751.18,832.45
2025-02-23 22:00:00,8.653,22.295,819.46,820.68,786.61,1439.21,767.86,805.76
2025-02-23 23:00:00,8.767,21.736,843.79,846.35,811.31,1458.93,,899.74
2025-02-24 00:00:00,7.759,22.417,908.86,900.88,836.81,1451.62,851.24,876.8
2025-02-24 01:00:00,9.166,27.035,890.08,821.75,827.8,1506.88,,902.26
2025-02-24 02:00:00,11.095,24.929,808.85,808.3,859.97,1456.52,,750.63
2025-02-24 03:00:00,10.045,26.533,803.06,792.77,825.5,1486.27,820.85,840.83
2025-02-24 04:00:00,9.71,26.423,821.71,840.11,846.88,1484.07,876.99,
2025-02-24 05:00:00,8.905,26.793,775.12,875.62,881.21,1470.26,842.27,857.19
2025-02-24 06:00:00,11.487,25.459,753.89,776.51,767.49,1525.45,740.94,806.96
2025-02-24 07:00:00,10.317,27.574,814.17,869.84,803.5,1518.51,763.7,807.58
2025-02-24 08:00:00,8.878,26.478,876.53,812.45,915.15,,839.49,924.46
2025-02-24 09:00:00,9.384,25.209,893.54,780.04,896.35,1512.45,790.55,832.43
2025-02-24 10:00:00,8.883,25.076,869.02,828.12,882.82,1410.35,787.92,856.33
2025-02-24 11:00:00,9.541,24.128,858.91,938.83,819.07,1419.28,879.4,812.81
2025-02-24 12:00:00,9.532,23.852,819.83,870.56,837.16,1462.12,761.68,903.5
2025-02-24 13:00:00,8.683,23.232,886.37,819.84,805.22,1447.31,902.03,797.32
2025-02-24 14:00:00,9.448,23.273,820.57,803.57,825.41,1460.36,853.96,854.35
2025-02-24 15:00:00,8.671,24.502,887.38,845.42,797.21,1444.28,834.72,867.06
2025-02-24 16:00:00,9.298,20.662,840.8,825.38,843.98,1384.59,751.73,887.29
2025-02-24 17:00:00,8.072,23.291,872.53,887.2,923.48,1448.73,844.69,867.11
2025-02-24 18:00:00,10.784,21.422,713.39,788.34,725.51,1372.66,717.01,783.42
2025-02-24 19:00:00,7.967,23.466,900.79,,931.54,1425.07,916.16,868.34
2025-02-24 20:00:00,7.846,21.753,871.44,944.3,877.65,1475.58,875.71,880.37
2025-02-24 21:00:00,7.968,22.976,884.87,858.6,822.46,1418.27,891.62,905.69
2025-02-24 22:00:00,8.899,22.714,844.01,824.82,842.09,1429.86,813.45,853.39
2025-02-24 23:00:00,8.012,21.319,868.62,843.02,909.6,1390.55,,839.27
2025-02-25 00:00:00,9.963,26.009,863.59,798.13,875.97,1469.99,,833.46
2025-02-25 01:00:00,8.544,23.317,829.11,861.3,893.93,1407.83,822.88,886.81
2025-02-25 02:00:00,10.517,25.039,810.42,809.26,786.12,1426.64,837.71,844.9
2025-02-25 03:00:00,9.585,24.097,792.86,884.63,783.11,1446.08,787.35,905.69
2025-02-25 04:00:00,10.581,24.08,807.44,749.76,794.27,1437.33,825.61,800.13
2025-02-25 05:00:00,11.519,25.644,764.78,753.38,775.18,1472.55,704.5,787.45
2025-02-25 06:00:00,12.949,25.252,669.0,632.07,704.81,1502.37,649.05,735.15
2025-02-25 07:00:00,10.232,24.499,805.56,810.59,782.28,1465.26,778.76,853.15
2025-02-25 08:00:00,10.884,25.664,762.5,876.08,750.4,1457.19,751.83,833.75
2025-02-25 09:00:00,10.264,23.615,783.93,784.96,831.97,1371.42,755.66,778.6
2025-02-25 10:00:00,9.927,25.134,827.55,905.82,790.29,,724.21,
2025-02-25 11:00:00,9.791,24.352,824.83,776.26,852.77,1512.74,808.8,854.28
2025-02-25 12:00:00,10.741,21.014,699.97,743.34,759.53,1411.96,726.68,759.31
2025-02-25 13:00:00,9.41,22.848,832.31,803.73,815.78,1445.33,792.6,814.13
2025-02-25 14:00:00,11.339,23.557,743.58,748.45,715.65,1445.61,762.73,770.63
2025-02-25 15:00:00,9.653,21.307,791.11,798.87,822.36,1371.04,767.24,767.2
2025-02-25 16:00:00,8.35,22.881,809.72,882.01,833.83,1455.35,838.21,862.59
2025-02-25 17:00:00,8.773,22.587,834.4,727.11,,1429.14,798.47,846.37
2025-02-25 18:00:00,8.413,20.779,819.64,803.93,822.75,1439.98,894.03,842.52
2025-02-25 19:00:00,9.764,22.053,850.43,879.5,770.73,1414.15,826.89,787.97
2025-02-25 20:00:00,7.961,23.257,800.52,808.72,790.67,1430.5,852.59,938.07
2025-02-25 21:00:00,8.418,21.533,807.45,830.95,868.08,1429.3,835.36,903.72
2025-02-25 22:00:00,9.294,22.75,786.03,845.33,773.84,1421.58,747.04,900.63
2025-02-25 23:00:00,10.631,24.858,797.84,776.39,816.01,1478.28,749.58,780.3
2025-02-26 00:00:00,11.41,22.964,789.6,702.27,855.33,1418.21,790.32,789.48
2025-02-26 01:00:00,11.866,25.059,756.06,738.05,714.66,1479.11,697.98,841.32
2025-02-26 02:00:00,11.503,23.692,709.57,767.39,779.55,1401.29,725.98,781.95
2025-02-26 03:00:00,11.289,25.205,748.67,724.91,758.94,1506.14,683.04,803.01
2025-02-26 04:00:00,12.209,26.247,700.47,722.96,758.26,1478.71,727.31,756.93
2025-02-26 05:00:00,10.805,23.021,791.43,799.28,706.55,1426.6,754.54,797.89
2025-02-26 06:00:00,10.313,25.329,,836.7,827.1,1502.64,747.38,
2025-02-26 07:00:00,12.125,26.411,683.81,726.22,756.3,1491.81,661.82,714.64
2025-02-26 08:00:00,10.878,25.961,804.44,838.72,895.88,1497.36,845.91,806.6
2025-02-26 09:00:00,11.466,24.739,798.36,740.77,681.23,1462.47,718.31,811.37
2025-02-26 10:00:00,11.393,23.62,745.97,699.75,743.26,1451.11,709.8,758.96
2025-02-26 11:00:00,11.233,25.21,770.28,742.75,797.23,1452.85,777.51,
2025-02-26 12:00:00,11.5,23.543,694.61,782.13,796.23,1444.69,652.24,783.74
2025-02-26 13:00:00,11.131,24.059,,717.08,770.11,1424.59,807.0,828.74
2025-02-26 14:00:00,10.359,23.37,727.82,696.0,850.82,1413.38,760.22,806.55
2025-02-26 15:00:00,9.627,21.953,807.68,826.2,812.41,1402.91,786.95,818.67
2025-02-26 16:00:00,9.902,23.45,797.5,785.74,817.03,1391.06,763.24,839.2
2025-02-26 17:00:00,9.244,21.24,835.85,907.82,742.2,1371.31,806.98,835.96
2025-02-26 18:00:00,9.549,23.303,810.57,825.0,843.55,1433.24,778.31,848.51
2025-02-26 19:00:00,11.867,23.517,766.05,765.07,809.32,1373.7,706.28,779.85
2025-02-26 20:00:00,10.064,23.38,833.68,778.17,765.22,1428.41,749.83,835.52
2025-02-26 21:00:00,10.494,22.209,770.9,800.09,768.39,1439.67,772.47,796.32
2025-02-26 22:00:00,9.843,25.884,785.75,827.53,766.63,1477.34,790.31,815.38
2025-02-26 23:00:00,11.538,23.48,678.38,786.8,777.04,1413.62,732.54,782.64
2025-02-27 00:00:00,11.665,24.091,792.93,734.9,749.39,1429.77,710.64,731.19
2025-02-27 01:00:00,12.006,24.28,695.86,690.0,778.68,1355.24,770.21,776.12
2025-02-27 02:00:00,11.878,23.419,678.18,756.28,741.42,1423.24,704.6,750.19
2025-02-27 03:00:00,12.807,26.728,,648.97,723.46,1488.8,706.14,727.31
2025-02-27 04:00:00,13.211,24.79,624.91,617.87,698.4,1455.83,649.46,691.16
2025-02-27 05:00:00,12.564,26.765,719.82,688.38,744.2,1456.92,723.39,754.69
2025-02-27 06:00:00,12.311,27.106,716.38,691.05,749.62,1524.99,683.6,755.79
2025-02-27 07:00:00,13.101,26.354,721.42,661.72,731.79,1464.53,651.19,711.76
2025-02-27 08:00:00,11.566,24.583,778.52,706.87,822.55,1474.29,,792.88
2025-02-27 09:00:00,11.547,24.669,789.02,779.54,804.68,1436.76,652.13,768.83
2025-02-27 10:00:00,11.854,21.434,729.91,754.23,808.42,1428.01,717.81,759.93
2025-02-27 11:00:00,10.237,24.007,769.86,825.95,755.96,1434.72,756.51,861.51
2025-02-27 12:00:00,12.004,24.574,693.98,741.22,714.56,1450.01,695.67,760.61
2025-02-27 13:00:00,10.284,22.789,774.13,713.19,843.48,1427.99,811.48,818.09
2025-02-27 14:00:00,10.41,21.865,853.64,783.62,745.3,1371.87,769.72,739.94
2025-02-27 15:00:00,10.39,21.782,775.49,813.88,856.0,1454.41,751.17,826.17
2025-02-27 16:00:00,10.424,23.259,795.24,836.19,773.59,1424.1,784.1,756.78
2025-02-27 17:00:00,10.019,21.515,849.38,785.71,791.75,1370.64,760.48,830.26
2025-02-27 18:00:00,10.221,23.721,808.09,844.66,788.36,1419.64,784.29,811.93
2025-02-27 19:00:00,10.29,20.854,757.57,793.35,786.58,1416.32,735.2,797.4
2025-02-27 20:00:00,10.121,21.977,,688.03,867.07,1463.0,818.15,782.35
2025-02-27 21:00:00,10.072,21.492,779.39,787.85,851.58,,736.53,790.41
2025-02-27 22:00:00,11.825,24.893,749.62,688.2,836.97,1460.72,736.86,695.54
2025-02-27 23:00:00,9.586,23.079,833.36,787.99,912.7,1423.75,729.2,875.81
2025-02-28 00:00:00,11.436,25.911,743.39,,,1399.94,739.84,786.9
2025-02-28 01:00:00,11.557,23.347,750.57,742.21,713.62,1444.03,741.49,756.04
2025-02-28 02:00:00,12.577,26.143,,666.91,740.09,1429.06,,671.88
2025-02-28 03:00:00,11.347,24.841,737.73,717.88,785.63,1472.98,759.43,774.29
2025-02-28 04:00:00,12.321,25.996,768.82,717.8,680.33,1477.54,701.81,714.83
2025-02-28 05:00:00,12.778,23.703,671.23,662.57,745.34,1400.59,655.74,648.25
2025-02-28 06:00:00,13.776,25.627,717.54,650.91,639.36,1446.43,634.62,702.67
2025-02-28 07:00:00,13.164,23.832,644.9,617.13,680.42,1436.67,702.01,686.64
2025-02-28 08:00:00,11.85,25.197,725.98,706.22,786.7,1401.29,730.76,855.13
2025-02-28 09:00:00,12.235,22.721,764.56,649.98,747.36,1412.52,649.37,733.51
2025-02-28 10:00:00,13.104,23.989,732.63,631.66,703.97,1429.25,621.09,695.32
2025-02-28 11:00:00,11.163,24.906,796.22,840.96,789.02,1449.13,717.78,848.96
2025-02-28 12:00:00,11.769,23.703,698.71,691.55,777.86,1474.09,701.73,752.18
2025-02-28 13:00:00,11.532,21.019,737.53,705.62,718.92,1387.73,734.51,759.63
2025-02-28 14:00:00,10.958,19.71,752.63,714.9,771.24,1431.27,763.39,816.04
2025-02-28 15:00:00,13.193,22.141,635.97,636.28,686.99,1424.45,662.07,698.63
2025-02-28 16:00:00,10.532,23.095,809.1,774.43,796.37,1485.43,650.2,798.22
2025-02-28 17:00:00,11.119,19.811,719.28,789.38,801.0,1387.24,746.63,810.55
2025-02-28 18:00:00,10.122,23.386,756.0,779.29,817.21,1474.94,773.46,857.36
2025-02-28 19:00:00,11.215,20.899,690.67,743.96,814.78,1375.6,756.03,
2025-02-28 20:00:00,11.626,18.725,780.25,638.13,707.39,1402.39,748.38,775.6
2025-02-28 21:00:00,10.665,19.488,745.43,725.99,762.38,1331.41,693.01,786.46
2025-02-28 22:00:00,11.356,22.668,732.33,781.38,695.73,1467.94,726.09,778.64
2025-02-28 23:00:00,10.989,22.349,727.15,720.13,730.49,1407.54,778.02,787.48
2025-03-01 00:00:00,11.116,24.458,815.4,785.47,762.35,1407.75,765.31,766.16
2025-03-01 01:00:00,13.186,21.726,616.04,605.67,705.04,1391.93,684.98,700.36
2025-03-01 02:00:00,12.218,23.755,675.05,691.83,712.76,1420.04,741.98,787.69
2025-03-01 03:00:00,10.993,24.001,759.21,827.7,734.06,1461.06,744.63,833.12
2025-03-01 04:00:00,14.542,24.105,610.46,606.68,657.97,1456.94,554.68,620.61
2025-03-01 05:00:00,12.622,23.983,723.25,600.75,649.6,1386.69,648.69,709.38
2025-03-01 06:00:00,13.121,24.041,654.1,781.9,631.98,1462.68,690.0,740.46
2025-03-01 07:00:00,14.604,24.582,664.42,533.34,609.15,1428.58,608.44,621.01
2025-03-01 08:00:00,13.072,24.501,658.69,731.69,721.5,1450.79,670.98,687.08
2025-03-01 09:00:00,12.877,24.087,653.83,648.11,673.66,1366.46,667.18,692.87
2025-03-01 10:00:00,11.79,24.781,701.89,674.06,759.52,1461.91,741.49,763.8
2025-03-01 11:00:00,11.188,21.374,723.59,724.07,790.04,1425.88,740.92,814.9
2025-03-01 12:00:00,12.064,20.087,666.55,669.33,739.18,1419.4,675.7,730.88
2025-03-01 13:00:00,12.189,22.926,741.01,675.77,802.88,1361.48,742.84,729.03
2025-03-01 14:00:00,11.866,20.054,680.91,,733.48,1351.13,655.29,780.67
2025-03-01 15:00:00,11.0,20.279,748.81,766.76,818.97,1458.26,772.48,755.3
2025-03-01 16:00:00,11.222,19.644,705.43,792.1,,1298.63,684.78,732.45
2025-03-01 17:00:00,9.628,19.38,756.53,808.63,779.06,1407.83,799.9,808.03
2025-03-01 18:00:00,11.436,18.284,765.13,724.09,692.33,1342.96,756.19,736.94
2025-03-01 19:00:00,11.248,19.38,795.28,704.34,752.23,1336.58,755.63,770.07
2025-03-01 20:00:00,12.829,21.003,721.86,648.0,640.63,1354.15,662.27,775.13
2025-03-01 21:00:00,11.457,20.497,683.97,706.45,734.99,1450.67,653.47,722.21
2025-03-01 22:00:00,10.955,21.482,714.05,698.4,761.18,1424.31,707.65,774.67
2025-03-01 23:00:00,11.968,20.723,783.77,804.23,776.06,1367.71,713.74,762.44
2025-03-02 00:00:00,12.066,22.879,711.02,713.43,704.84,1386.25,691.0,
2025-03-02 01:00:00,12.996,21.663,624.65,662.66,710.81,1403.13,631.21,767.86
2025-03-02 02:00:00,12.969,20.184,705.26,698.18,644.39,1340.4,543.84,725.77
2025-03-02 03:00:00,12.196,23.467,719.2,595.7,769.41,1391.83,685.1,734.51
2025-03-02 04:00:00,12.095,24.284,,796.07,804.92,1428.12,707.58,749.33
2025-03-02 05:00:00,13.742,22.85,565.23,582.18,634.31,1400.59,597.86,646.54
2025-03-02 06:00:00,14.687,24.986,596.76,536.19,648.39,1407.55,579.88,640.31
2025-03-02 07:00:00,13.611,22.416,680.95,600.53,780.82,1435.14,608.62,698.42
2025-03-02 08:00:00,14.086,23.999,610.1,640.82,630.55,1427.85,632.06,664.52
2025-03-02 09:00:00,14.062,24.928,681.04,691.29,606.59,,605.62,667.4
2025-03-02 10:00:00,13.224,22.42,619.66,708.39,696.97,1410.41,634.25,716.69
2025-03-02 11:00:00,12.076,21.579,709.71,680.08,682.39,1376.79,690.76,769.62
2025-03-02 12:00:00,12.58,21.163,746.97,600.61,721.36,1366.73,649.43,740.91
2025-03-02 13:00:00,13.085,22.682,633.03,634.32,730.96,1392.85,,738.04
2025-03-02 14:00:00,12.26,20.685,711.03,661.85,672.3,1353.01,659.12,734.51
2025-03-02 15:00:00,12.191,22.316,732.36,629.97,665.06,1431.41,719.47,705.96
2025-03-02 16:00:00,11.038,19.715,752.58,767.51,797.79,1396.83,703.69,755.29
2025-03-02 17:00:00,11.131,18.351,730.66,,816.75,1309.87,787.8,747.94
2025-03-02 18:00:00,11.162,18.322,707.33,754.19,729.88,1389.2,816.16,762.83
2025-03-02 19:00:00,11.261,19.119,744.34,761.11,801.66,1366.36,739.66,792.69
2025-03-02 20:00:00,12.361,16.75,675.73,697.86,763.97,1231.35,684.06,706.61
2025-03-02 21:00:00,9.744,18.901,741.96,792.33,820.05,1369.52,779.9,777.54
2025-03-02 22:00:00,11.898,19.296,749.63,766.97,727.12,1365.12,698.34,757.58
2025-03-02 23:00:00,12.103,20.563,676.03,675.34,749.06,1345.54,660.49,744.67
2025-03-03 00:00:00,11.384,23.077,,712.33,797.45,1492.54,695.81,791.73
2025-03-03 01:00:00,13.332,21.284,634.78,624.42,582.65,1336.58,651.8,757.34
2025-03-03 02:00:00,12.507,19.346,653.24,692.34,693.56,1356.01,634.28,787.82
2025-03-03 03:00:00,13.052,20.924,657.86,,631.03,1339.81,669.09,712.01
2025-03-03 04:00:00,15.01,22.606,538.35,532.91,577.92,1345.07,586.25,608.46
2025-03-03 05:00:00,14.461,22.555,623.82,,651.8,1374.36,629.46,665.69
2025-03-03 06:00:00,14.155,24.413,679.44,651.14,,1384.05,572.17,585.52
2025-03-03 07:00:00,13.96,23.5,639.91,554.43,665.32,1384.23,569.74,621.54
2025-03-03 08:00:00,13.405,23.216,610.37,745.48,679.19,1376.97,,732.26
2025-03-03 09:00:00,14.947,21.473,547.84,534.59,604.42,1296.75,578.98,592.16
2025-03-03 10:00:00,13.741,22.59,650.18,607.63,667.24,1371.6,643.31,653.88
2025-03-03 11:00:00,12.211,19.665,630.26,701.63,777.18,1411.14,710.68,757.74
2025-03-03 12:00:00,11.38,21.336,699.33,754.11,778.67,1371.58,692.57,774.25
2025-03-03 13:00:00,12.643,19.269,620.38,637.42,,1333.99,658.83,703.49
2025-03-03 14:00:00,11.855,17.339,708.25,711.2,693.54,1313.93,679.81,735.63
2025-03-03 15:00:00,10.507,19.325,844.38,729.77,799.44,1415.11,786.07,816.67
2025-03-03 16:00:00,11.802,19.923,674.01,684.09,716.99,1371.49,722.53,793.41
2025-03-03 17:00:00,11.122,17.508,764.55,,761.16,1295.88,743.42,708.21
2025-03-03 18:00:00,11.72,19.754,701.17,717.2,729.44,1304.92,715.24,760.92
2025-03-03 19:00:00,11.688,15.91,,694.55,,1259.27,695.66,766.82
2025-03-03 20:00:00,10.966,16.611,793.09,657.68,793.72,1312.26,714.09,685.16
2025-03-03 21:00:00,12.147,18.138,770.64,658.23,,1286.31,686.16,737.1
2025-03-03 22:00:00,11.488,18.234,738.36,717.14,811.77,1371.43,730.84,740.86
2025-03-03 23:00:00,11.827,18.31,722.47,736.32,690.7,1318.53,732.25,687.02
2025-03-04 00:00:00,12.055,19.738,708.46,643.61,679.35,1392.12,735.54,719.91
2025-03-04 01:00:00,13.693,19.41,625.2,596.81,668.94,1312.81,630.64,716.93
2025-03-04 02:00:00,12.849,20.046,684.09,,680.06,,700.25,634.87
2025-03-04 03:00:00,14.417,21.174,627.7,603.96,638.13,1317.22,605.08,658.86
2025-03-04 04:00:00,14.932,20.306,633.49,517.21,621.53,1338.81,491.24,568.51
2025-03-04 05:00:00,13.03,21.128,650.55,669.87,633.79,1402.47,680.65,764.64
2025-03-04 06:00:00,11.32,20.498,745.67,718.85,657.5,1387.82,688.39,856.37
2025-03-04 07:00:00,14.447,19.706,,500.75,653.5,1283.5,,594.53
2025-03-04 08:00:00,13.212,21.819,699.4,638.79,624.37,1376.75,566.6,687.95
2025-03-04 09:00:00,12.597,22.582,779.02,628.54,691.42,1390.69,597.75,748.89
2025-03-04 10:00:00,12.565,21.345,727.95,718.63,699.97,1309.22,,759.58
2025-03-04 11:00:00,12.408,19.931,719.47,750.34,702.0,1351.89,746.49,733.7
2025-03-04 12:00:00,13.461,18.194,667.5,643.07,687.65,1332.3,660.63,609.56
2025-03-04 13:00:00,12.234,18.05,735.15,655.18,729.73,1367.97,728.99,680.82
2025-03-04 14:00:00,12.837,19.129,753.13,654.04,694.55,1355.33,602.55,696.24
2025-03-04 15:00:00,11.95,14.657,629.01,696.48,717.69,1213.73,715.07,685.49
2025-03-04 16:00:00,11.109,16.589,753.35,774.83,691.81,1280.4,688.0,751.37
2025-03-04 17:00:00,10.917,17.654,654.66,736.07,716.07,1356.21,776.52,720.98
2025-03-04 18:00:00,11.63,15.287,737.95,718.89,860.18,1242.6,675.93,686.41
2025-03-04 19:00:00,11.87,17.177,722.11,629.26,717.04,1326.04,685.19,680.08
2025-03-04 20:00:00,12.123,17.269,673.07,693.76,738.65,1291.83,716.01,731.67
2025-03-04 21:00:00,11.298,15.337,625.46,684.33,673.17,1279.85,706.28,
2025-03-04 22:00:00,11.887,17.549,703.25,698.39,742.89,1280.83,708.74,723.13
2025-03-04 23:00:00,12.495,17.133,682.89,623.29,676.14,1309.75,633.25,638.2
2025-03-05 00:00:00,12.022,18.839,701.5,710.32,691.77,,660.96,733.99
2025-03-05 01:00:00,11.722,19.609,698.42,736.55,803.37,1406.66,695.36,739.53
2025-03-05 02:00:00,12.264,19.714,665.57,674.96,774.51,1334.97,639.6,763.67
2025-03-05 03:00:00,12.955,19.684,663.95,614.05,681.81,1409.85,672.84,
2025-03-05 04:00:00,13.858,20.209,598.17,625.34,660.35,1351.92,,618.75
2025-03-05 05:00:00,14.445,18.599,619.43,627.98,601.34,1293.86,517.08,618.46
2025-03-05 06:00:00,12.383,19.989,690.18,755.96,658.89,1331.35,731.56,695.99
2025-03-05 07:00:00,12.938,18.949,602.88,663.22,683.61,1320.61,701.41,666.92
2025-03-05 08:00:00,12.998,20.891,,661.18,698.38,1347.23,648.09,679.63
2025-03-05 09:00:00,13.718,20.103,646.83,556.98,,1336.81,591.33,646.4
2025-03-05 10:00:00,12.399,19.633,747.22,729.74,729.33,1338.17,,703.88
2025-03-05 11:00:00,12.177,20.338,736.13,597.67,675.21,1408.12,653.53,711.6
2025-03-05 12:00:00,11.068,17.316,705.89,783.24,654.83,1342.03,786.79,780.04
2025-03-05 13:00:00,12.261,16.483,732.47,675.82,679.08,1320.38,667.62,660.41
2025-03-05 14:00:00,11.443,16.183,668.12,617.06,667.23,1330.76,755.7,735.5
2025-03-05 15:00:00,10.787,14.218,735.74,752.72,729.14,1254.81,754.57,727.75
2025-03-05 16:00:00,10.899,13.942,755.43,727.05,746.99,1224.2,822.16,720.55
2025-03-05 17:00:00,11.875,16.264,749.56,675.5,719.65,1303.34,715.01,744.22
2025-03-05 18:00:00,10.115,13.724,824.07,756.04,733.91,1266.5,825.07,795.89
2025-03-05 19:00:00,10.272,14.125,798.75,760.84,767.39,1267.33,728.59,775.28
2025-03-05 20:00:00,12.053,15.44,682.26,681.22,753.68,1345.47,637.56,734.71
2025-03-05 21:00:00,11.288,15.333,739.61,660.2,739.39,1299.85,700.22,791.13
2025-03-05 22:00:00,11.997,17.253,705.5,706.45,722.52,1276.88,688.25,741.68
2025-03-05 23:00:00,12.057,16.693,667.66,670.46,679.18,1305.42,682.51,715.32
2025-03-06 00:00:00,12.003,16.129,688.28,750.14,707.74,1301.47,679.31,740.34
2025-03-06 01:00:00,12.048,18.719,764.94,726.6,777.56,1312.35,,685.55
2025-03-06 02:00:00,13.265,18.858,670.41,668.83,664.76,1344.05,659.29,651.76
2025-03-06 03:00:00,13.763,16.653,686.79,671.31,621.88,1239.96,546.63,633.93
2025-03-06 04:00:00,13.875,18.915,581.73,627.04,694.53,1289.04,593.13,650.94
2025-03-06 05:00:00,12.163,17.903,679.94,678.13,698.27,1308.28,662.29,672.94
2025-03-06 06:00:00,14.179,17.888,615.11,475.7,650.76,1278.21,587.68,572.13
2025-03-06 07:00:00,12.791,20.902,704.66,670.48,706.67,1366.81,657.5,695.33
2025-03-06 08:00:00,12.337,18.556,684.44,746.36,724.26,1304.46,724.38,721.84
2025-03-06 09:00:00,12.598,17.777,701.39,697.26,723.41,1321.56,675.08,745.28
2025-03-06 10:00:00,13.132,17.675,676.37,613.1,720.49,1310.8,671.4,668.09
2025-03-06 11:00:00,12.592,18.089,626.43,665.07,,1218.71,649.44,709.52
2025-03-06 12:00:00,11.627,15.63,732.69,681.49,774.31,1323.14,728.1,722.07
2025-03-06 13:00:00,12.173,15.267,718.54,687.77,,1284.7,647.4,778.96
2025-03-06 14:00:00,11.307,16.159,,700.37,677.06,1291.14,673.98,752.7
2025-03-06 15:00:00,10.47,13.087,677.67,807.6,733.01,1225.89,785.64,718.96
2025-03-06 16:00:00,10.152,15.727,755.97,776.15,884.98,1322.48,755.46,795.94
2025-03-06 17:00:00,10.908,12.362,736.88,738.45,716.96,1213.82,711.85,735.19
2025-03-06 18:00:00,10.454,13.875,715.92,719.96,666.27,1252.16,708.32,747.88
2025-03-06 19:00:00,9.441,12.27,803.0,767.98,,1236.33,729.8,756.52
2025-03-06 20:00:00,11.32,13.071,733.35,664.7,718.89,1229.17,759.35,720.63
2025-03-06 21:00:00,10.429,16.164,762.19,817.74,723.22,1298.81,787.63,759.66
2025-03-06 22:00:00,12.315,16.225,679.61,650.7,642.14,1235.38,630.91,683.46
2025-03-06 23:00:00,10.188,16.787,775.9,779.44,775.59,1332.98,732.3,794.61
2025-03-07 00:00:00,11.456,14.135,706.71,645.58,743.54,1233.5,703.75,738.77
2025-03-07 01:00:00,11.331,15.081,671.39,667.13,750.14,,689.67,725.89
2025-03-07 02:00:00,11.379,17.184,708.76,710.38,769.38,1299.21,682.19,725.6
2025-03-07 03:00:00,11.998,18.0,703.5,680.07,,1320.52,657.99,707.1
2025-03-07 04:00:00,13.973,16.452,653.53,594.68,578.12,1262.15,576.02,645.98
2025-03-07 05:00:00,12.77,16.868,685.71,730.28,677.14,1278.28,591.56,685.65
2025-03-07 06:00:00,12.042,16.225,742.6,604.33,749.5,1292.8,646.81,682.68
2025-03-07 07:00:00,11.149,19.457,694.46,777.31,734.06,1384.06,772.16,695.15
2025-03-07 08:00:00,11.093,16.65,720.83,752.31,642.57,1316.97,680.86,780.27
2025-03-07 09:00:00,11.829,16.892,775.92,672.89,749.14,1335.11,686.42,686.99
2025-03-07 10:00:00,11.48,16.493,690.46,696.13,607.61,1337.25,714.47,692.09
2025-03-07 11:00:00,11.496,17.19,692.23,759.6,,,745.17,756.0
2025-03-07 12:00:00,9.524,14.156,767.51,785.2,805.01,1327.28,,735.73
2025-03-07 13:00:00,10.935,16.137,808.08,725.34,773.01,1288.46,694.46,730.82
2025-03-07 14:00:00,11.518,12.671,674.14,658.2,631.89,1192.34,684.55,736.01
2025-03-07 15:00:00,11.723,15.144,719.55,664.14,745.54,1279.69,724.57,730.09
2025-03-07 16:00:00,8.695,11.323,801.22,757.08,834.02,1251.17,808.74,779.79
2025-03-07 17:00:00,9.426,13.011,707.12,822.78,,1317.78,830.51,770.97
2025-03-07 18:00:00,9.319,14.973,785.89,765.34,771.33,1320.67,756.13,771.62
2025-03-07 19:00:00,10.136,13.882,738.57,718.68,774.92,1307.07,722.16,755.4
2025-03-07 20:00:00,9.14,13.705,809.49,805.63,747.94,1311.34,755.0,781.33
2025-03-07 21:00:00,11.628,12.215,751.79,660.8,740.34,1204.22,653.98,699.05
2025-03-07 22:00:00,10.541,12.961,726.7,808.39,801.18,1263.66,696.58,777.09
2025-03-07 23:00:00,10.673,15.894,734.77,751.11,731.21,1280.45,752.88,
2025-03-08 00:00:00,12.331,15.321,762.33,675.9,718.7,1271.97,594.38,687.19
2025-03-08 01:00:00,11.33,16.296,696.98,728.4,771.13,1300.69,756.08,719.71
2025-03-08 02:00:00,11.928,15.755,646.91,712.12,693.86,1291.83,674.6,735.79
2025-03-08 03:00:00,11.23,15.699,771.58,751.48,632.41,1338.16,727.35,774.0
2025-03-08 04:00:00,10.9,17.232,742.02,744.3,754.87,1360.93,680.8,
2025-03-08 05:00:00,11.603,16.78,722.46,667.74,590.75,1304.38,669.23,745.27
2025-03-08 06:00:00,13.856,16.29,686.8,,,1255.54,565.64,550.37
2025-03-08 07:00:00,12.546,14.687,612.67,657.21,699.46,1291.11,627.33,655.66
2025-03-08 08:00:00,12.114,17.286,685.84,619.31,694.08,1314.04,657.2,664.65
2025-03-08 09:00:00,10.896,16.31,696.53,656.35,783.53,1343.86,728.71,760.75
2025-03-08 10:00:00,12.132,14.599,691.52,627.12,639.74,1188.33,644.7,655.75
2025-03-08 11:00:00,10.001,16.218,753.6,700.59,819.73,1313.02,790.02,884.16
2025-03-08 12:00:00,9.496,14.537,738.46,770.27,783.99,1324.4,803.53,815.81
2025-03-08 13:00:00,9.966,14.002,789.6,742.18,770.54,1236.02,,785.16
2025-03-08 14:00:00,11.66,14.224,698.93,701.43,686.63,1213.1,695.48,694.97
2025-03-08 15:00:00,11.34,13.511,665.14,739.64,699.1,1205.43,691.05,706.46
2025-03-08 16:00:00,9.243,12.703,736.7,803.91,793.14,1258.62,777.63,795.09
2025-03-08 17:00:00,8.918,11.885,791.06,817.67,734.37,1222.25,796.23,857.92
2025-03-08 18:00:00,8.077,14.385,760.11,872.54,753.75,1306.36,788.38,853.54
2025-03-08 19:00:00,9.465,11.153,773.13,767.53,800.14,1254.21,792.88,789.26
2025-03-08 20:00:00,9.625,13.09,816.3,677.01,783.71,1239.23,791.0,769.85
2025-03-08 21:00:00,10.29,12.374,768.95,685.83,699.45,1255.76,675.09,689.23
2025-03-08 22:00:00,10.608,13.396,716.32,,739.45,1257.47,801.89,734.36
2025-03-08 23:00:00,9.983,14.775,776.57,782.72,763.82,1225.76,771.03,763.07
2025-03-09 00:00:00,10.868,13.402,684.03,760.9,695.81,1223.09,684.63,731.78
2025-03-09 01:00:00,10.146,14.978,767.29,883.06,767.49,1303.9,718.19,772.5
2025-03-09 02:00:00,11.397,15.02,701.89,721.83,714.97,1293.05,710.88,731.96
2025-03-09 03:00:00,10.782,14.31,699.0,735.94,771.83,1227.27,695.29,721.34
2025-03-09 04:00:00,11.718,16.871,729.85,716.85,732.25,1300.31,660.24,755.4
2025-03-09 05:00:00,11.745,16.379,635.44,,688.37,1230.56,676.5,774.05
2025-03-09 06:00:00,11.509,15.037,667.17,737.88,688.48,1273.09,,712.08
2025-03-09 07:00:00,12.02,16.779,657.19,680.88,721.2,1316.89,667.54,716.52
2025-03-09 08:00:00,9.98,14.223,746.9,840.62,683.28,,725.82,739.86
2025-03-09 09:00:00,10.165,14.834,806.67,704.13,709.53,1255.08,812.52,
2025-03-09 10:00:00,10.523,13.905,770.09,750.32,732.57,1224.5,754.37,796.7
2025-03-09 11:00:00,9.267,14.806,,772.79,773.51,1297.74,748.79,827.0
2025-03-09 12:00:00,9.756,12.778,766.37,733.48,797.73,1275.04,766.83,773.97
2025-03-09 13:00:00,9.442,13.713,776.92,813.9,,1321.03,777.07,800.04
2025-03-09 14:00:00,10.471,13.001,789.65,737.02,718.3,1203.73,733.93,767.12
2025-03-09 15:00:00,9.26,11.391,708.44,841.09,760.11,1229.74,769.6,741.33
2025-03-09 16:00:00,9.749,13.687,795.62,757.86,747.75,,756.36,732.14
2025-03-09 17:00:00,9.018,10.366,756.37,776.83,729.24,1223.24,788.62,724.0
2025-03-09 18:00:00,8.277,9.47,808.46,894.12,746.73,1162.88,788.8,801.68
2025-03-09 19:00:00,8.824,12.226,805.71,750.27,786.07,1243.93,792.21,834.56
2025-03-09 20:00:00,9.391,8.789,782.26,744.51,731.52,1213.35,770.65,776.62
2025-03-09 21:00:00,9.923,13.446,818.08,649.2,739.94,1263.16,754.52,749.59
2025-03-09 22:00:00,9.081,12.162,732.46,778.0,719.45,1266.64,804.48,
2025-03-09 23:00:00,8.129,10.781,836.09,849.85,880.26,1257.32,850.19,834.41
2025-03-10 00:00:00,8.353,11.844,797.17,834.61,790.79,1204.2,,
2025-03-10 01:00:00,9.747,11.51,742.74,778.39,815.61,1204.51,733.75,762.85
2025-03-10 02:00:00,8.398,14.385,880.78,789.38,785.78,1270.5,754.55,
2025-03-10 03:00:00,11.922,12.72,705.06,672.83,689.29,1223.79,695.72,668.7
2025-03-10 04:00:00,11.125,15.205,710.92,710.68,748.21,1279.11,709.59,724.61
2025-03-10 05:00:00,10.228,14.409,,764.06,747.45,1303.93,706.19,753.27
2025-03-10 06:00:00,9.86,14.246,766.42,784.19,766.81,1254.39,741.42,796.18
2025-03-10 07:00:00,11.499,15.334,695.29,695.05,724.1,1323.69,716.07,700.92
2025-03-10 08:00:00,9.635,15.245,757.6,788.35,763.53,1339.87,802.39,776.8
2025-03-10 09:00:00,9.491,15.529,794.8,788.97,773.43,1330.45,798.92,775.45
2025-03-10 10:00:00,9.414,12.954,753.22,760.62,808.76,1309.04,768.08,758.86
2025-03-10 11:00:00,9.798,13.172,770.37,779.16,716.56,1253.25,786.88,761.81
2025-03-10 12:00:00,9.862,11.903,788.46,719.03,822.05,1190.74,756.37,765.71
2025-03-10 13:00:00,9.979,12.32,,774.89,772.82,1203.31,758.41,782.67
2025-03-10 14:00:00,9.541,10.685,830.11,732.31,737.76,,727.1,799.75
2025-03-10 15:00:00,8.427,10.672,792.54,811.34,814.73,1213.08,831.58,887.64
2025-03-10 16:00:00,9.021,10.338,821.14,810.95,795.87,1192.0,797.23,811.06
2025-03-10 17:00:00,7.518,10.971,853.04,805.31,813.97,1261.62,804.91,847.41
2025-03-10 18:00:00,6.526,10.533,898.04,914.06,,1233.36,889.03,840.3
2025-03-10 19:00:00,7.457,11.184,890.56,916.47,734.58,,773.81,858.36
2025-03-10 20:00:00,7.438,10.627,757.91,,771.18,1196.16,790.09,876.9
2025-03-10 21:00:00,7.738,10.357,819.24,827.68,794.8,1254.5,763.79,824.63
2025-03-10 22:00:00,7.694,11.676,813.21,887.31,820.65,1205.45,801.3,823.74
2025-03-10 23:00:00,8.351,10.809,798.71,743.27,782.75,1188.0,765.75,818.01
2025-03-11 00:00:00,9.496,13.091,759.11,786.74,782.26,1294.37,804.17,837.41
2025-03-11 01:00:00,10.652,12.564,713.63,728.31,719.08,1262.03,730.26,719.97
2025-03-11 02:00:00,8.159,13.616,774.34,865.79,826.8,1323.85,,869.22
2025-03-11 03:00:00,8.727,14.031,802.2,803.03,879.54,1307.64,811.24,
2025-03-11 04:00:00,9.284,15.989,824.69,818.96,792.96,1331.63,,786.3
2025-03-11 05:00:00,10.619,14.708,726.32,715.38,737.13,1285.82,784.75,748.52
2025-03-11 06:00:00,9.853,14.39,757.37,815.94,763.27,,759.6,791.85
2025-03-11 07:00:00,9.366,13.386,753.55,745.58,803.88,1298.54,773.04,765.43
2025-03-11 08:00:00,10.368,14.965,719.55,794.88,750.47,1259.61,707.92,
2025-03-11 09:00:00,10.339,13.344,739.89,759.49,777.58,1248.76,748.67,784.15
2025-03-11 10:00:00,9.28,11.409,783.51,693.09,799.57,1198.81,777.89,733.14
2025-03-11 11:00:00,8.322,12.509,847.28,823.74,865.1,1265.16,779.92,833.89
2025-03-11 12:00:00,8.85,12.441,746.45,828.39,796.39,1273.66,786.83,801.41
2025-03-11 13:00:00,8.107,10.698,800.09,773.51,789.84,1242.18,791.52,818.51
2025-03-11 14:00:00,7.781,11.043,853.07,800.27,809.81,,825.36,840.36
2025-03-11 15:00:00,7.285,10.672,782.79,852.46,804.97,1267.55,816.65,835.1
2025-03-11 16:00:00,8.214,10.36,840.99,,788.85,1201.96,803.58,815.41
2025-03-11 17:00:00,7.523,11.698,,857.53,862.8,1242.44,801.32,807.14
2025-03-11 18:00:00,8.081,8.563,817.16,808.72,754.69,1218.72,821.71,843.44
2025-03-11 19:00:00,8.332,12.634,795.92,768.48,735.82,1262.67,819.63,832.17
2025-03-11 20:00:00,7.72,10.344,826.44,927.12,798.53,1217.62,851.31,777.27
2025-03-11 21:00:00,7.108,11.387,888.52,843.1,821.32,1323.58,837.08,858.85
2025-03-11 22:00:00,8.564,11.249,786.57,814.66,819.2,1243.66,786.19,739.27
2025-03-11 23:00:00,8.364,9.498,823.42,881.74,766.32,1205.2,733.86,740.86
2025-03-12 00:00:00,10.355,10.81,745.77,782.67,711.01,1203.53,762.94,793.52
2025-03-12 01:00:00,8.801,11.958,759.87,826.14,749.98,1233.43,787.05,842.76
2025-03-12 02:00:00,9.371,14.254,776.67,835.21,748.31,1283.57,767.05,787.04
2025-03-12 03:00:00,9.264,11.808,766.46,811.04,728.49,1215.24,800.54,797.74
2025-03-12 04:00:00,9.113,12.753,732.81,818.69,722.04,1232.27,806.73,802.84
2025-03-12 05:00:00,9.076,14.171,805.72,824.78,689.11,1270.42,770.05,795.27
2025-03-12 06:00:00,9.53,14.603,801.92,782.11,806.97,1307.6,785.48,762.84
2025-03-12 07:00:00,9.641,14.493,803.71,827.97,777.42,1314.33,770.71,743.44
2025-03-12 08:00:00,9.998,12.576,806.69,794.77,838.19,1193.32,793.81,796.42
2025-03-12 09:00:00,9.102,11.517,,701.32,703.69,1243.28,734.88,773.49
2025-03-12 10:00:00,8.206,13.663,790.6,862.42,880.95,1275.18,858.9,764.11
2025-03-12 11:00:00,7.997,14.25,806.56,805.12,800.52,1369.12,857.19,821.1
2025-03-12 12:00:00,6.86,11.595,869.45,874.98,752.87,,825.92,
2025-03-12 13:00:00,8.908,10.116,789.74,728.41,677.84,1176.76,753.63,864.54
2025-03-12 14:00:00,6.828,10.489,835.4,839.65,791.74,1257.33,852.32,822.54
2025-03-12 15:00:00,7.757,11.061,781.96,820.38,832.98,1259.22,761.12,
2025-03-12 16:00:00,6.985,9.99,810.8,877.92,818.83,1217.23,839.42,840.45
2025-03-12 17:00:00,6.858,11.757,861.28,842.3,804.88,1270.22,848.08,
2025-03-12 18:00:00,6.452,11.11,781.07,790.24,874.12,1282.34,870.64,836.76
2025-03-12 19:00:00,5.928,10.289,778.42,871.56,839.57,1276.63,838.5,867.89
2025-03-12 20:00:00,5.875,7.923,875.43,,756.42,1212.26,947.68,826.07
2025-03-12 21:00:00,8.195,9.757,775.78,842.36,831.31,,800.37,821.54
2025-03-12 22:00:00,7.124,10.345,843.49,859.0,762.36,1190.72,872.72,830.36
2025-03-12 23:00:00,8.194,10.591,853.41,788.9,737.0,1205.45,812.9,777.68
2025-03-13 00:00:00,8.684,12.236,756.44,819.89,769.81,1280.03,821.19,829.1
2025-03-13 01:00:00,7.53,12.781,,920.71,823.73,1286.51,781.5,845.7
2025-03-13 02:00:00,8.46,11.004,782.97,859.12,750.54,1175.74,857.46,785.59
2025-03-13 03:00:00,8.378,14.396,786.24,748.72,724.23,1233.25,826.4,857.07
2025-03-13 04:00:00,7.579,13.772,828.87,947.79,788.44,1209.99,845.32,844.09
2025-03-13 05:00:00,8.449,14.386,827.0,870.14,838.02,1305.29,826.83,846.0
2025-03-13 06:00:00,9.081,14.924,804.32,867.59,784.04,1285.34,805.32,781.27
2025-03-13 07:00:00,8.144,13.047,812.31,767.75,843.28,1258.8,815.25,812.9
2025-03-13 08:00:00,8.136,15.284,858.0,818.92,830.62,1308.49,808.75,856.2
2025-03-13 09:00:00,8.04,13.292,838.18,856.14,777.08,1262.04,,816.55
2025-03-13 10:00:00,9.592,14.87,771.98,742.79,741.42,1274.4,836.54,776.76
2025-03-13 11:00:00,6.12,11.507,882.66,909.8,844.46,,824.96,900.2
2025-03-13 12:00:00,7.651,13.796,773.75,911.88,820.52,1311.55,864.57,877.84
2025-03-13 13:00:00,6.71,10.476,876.48,853.37,821.44,1263.1,858.81,845.75
2025-03-13 14:00:00,6.085,14.145,874.05,965.86,860.4,1352.39,849.61,832.64
2025-03-13 15:00:00,6.1,9.539,810.09,911.5,820.27,1256.28,882.86,890.03
2025-03-13 16:00:00,6.64,11.641,831.88,798.1,,1226.37,832.42,783.61
2025-03-13 17:00:00,6.54,9.749,877.06,835.21,782.4,1240.77,914.2,847.95
2025-03-13 18:00:00,6.043,10.984,833.37,933.92,790.94,1194.5,861.0,911.83
2025-03-13 19:00:00,6.783,10.156,850.14,822.11,844.38,,870.05,815.95
2025-03-13 20:00:00,7.019,9.107,855.21,895.89,,,808.43,847.93
2025-03-13 21:00:00,6.822,7.389,823.09,878.32,718.11,1159.81,791.4,777.33
2025-03-13 22:00:00,5.956,14.181,846.8,914.47,840.49,1321.01,876.49,872.32
2025-03-13 23:00:00,7.053,11.755,833.19,836.49,826.96,1304.27,894.2,871.59
2025-03-14 00:00:00,7.342,8.666,764.09,853.09,784.37,1195.3,757.13,814.42
2025-03-14 01:00:00,6.576,13.092,,946.14,783.97,1275.06,833.34,779.77
2025-03-14 02:00:00,6.238,14.053,829.82,876.94,893.91,1294.61,867.62,862.43
2025-03-14 03:00:00,6.1,12.796,865.15,917.6,853.73,1269.99,835.29,
2025-03-14 04:00:00,7.94,13.137,772.36,915.57,850.27,1259.08,772.62,818.32
2025-03-14 05:00:00,8.219,14.178,816.6,840.03,,1285.93,845.06,801.37
2025-03-14 06:00:00,7.052,15.729,892.98,851.9,857.88,1337.32,826.47,779.83
2025-03-14 07:00:00,8.77,14.354,840.89,792.37,740.7,1280.3,766.38,784.63
2025-03-14 08:00:00,7.911,15.807,786.02,760.91,688.12,1313.12,804.49,805.59
2025-03-14 09:00:00,8.655,15.107,782.33,769.9,796.84,1304.96,794.07,823.0
2025-03-14 10:00:00,7.6,13.079,855.89,859.56,753.35,1240.56,,808.04
2025-03-14 11:00:00,6.138,11.004,882.29,925.38,869.67,1242.98,817.61,869.17
2025-03-14 12:00:00,7.025,12.117,816.31,844.52,856.95,1282.03,830.01,863.3
2025-03-14 13:00:00,6.861,12.522,827.22,906.3,837.28,1235.46,822.09,898.94
2025-03-14 14:00:00,5.575,11.499,878.53,941.86,814.17,1277.42,832.69,885.43
2025-03-14 15:00:00,4.589,11.794,840.43,907.72,874.32,1296.82,891.5,923.46
2025-03-14 16:00:00,5.61,11.771,894.28,881.97,873.36,,910.49,872.02
2025-03-14 17:00:00,4.587,11.193,939.84,882.95,888.51,1274.82,918.37,874.19
2025-03-14 18:00:00,6.222,10.178,837.97,911.19,788.15,1211.19,879.59,871.74
2025-03-14 19:00:00,5.019,11.222,840.3,923.21,781.98,1260.27,810.43,896.39
2025-03-14 20:00:00,6.823,13.502,899.16,907.68,846.35,1272.85,824.35,
2025-03-14 21:00:00,3.913,9.371,920.28,950.5,876.8,1231.77,936.81,908.67
2025-03-14 22:00:00,5.948,12.181,893.08,858.58,868.26,1232.52,855.93,863.34
2025-03-14 23:00:00,7.252,14.3,795.04,892.01,823.76,1297.31,841.06,830.01
2025-03-15 00:00:00,5.687,11.233,825.21,,838.57,1294.92,876.16,872.6
2025-03-15 01:00:00,6.562,14.385,875.49,869.69,834.13,1346.13,805.43,
2025-03-15 02:00:00,6.636,15.052,897.89,851.83,830.22,1338.11,845.07,912.75
2025-03-15 03:00:00,6.64,12.357,810.16,935.61,929.4,1245.72,816.44,862.78
2025-03-15 04:00:00,7.554,15.327,833.9,924.25,813.17,1331.25,845.32,755.72
2025-03-15 05:00:00,6.422,14.372,809.3,904.53,831.24,1301.95,850.24,913.94
2025-03-15 06:00:00,7.391,14.719,814.72,834.48,853.97,1297.01,791.93,893.77
2025-03-15 07:00:00,7.833,14.359,816.3,911.28,829.9,1331.71,818.64,828.56
2025-03-15 08:00:00,7.109,16.151,870.73,843.03,841.86,1324.58,904.66,852.73
2025-03-15 09:00:00,6.272,14.15,794.37,836.4,811.27,1294.13,,915.71
2025-03-15 10:00:00,7.629,13.342,872.64,766.42,755.21,1293.58,860.82,876.44
2025-03-15 11:00:00,7.081,12.908,833.84,866.22,818.74,1235.34,813.63,791.65
2025-03-15 12:00:00,5.335,12.545,932.36,848.3,852.81,1278.08,888.87,917.56
2025-03-15 13:00:00,4.805,11.169,920.18,986.51,845.08,,840.46,936.18
2025-03-15 14:00:00,4.771,11.445,927.73,908.43,901.95,1312.79,911.6,879.51
2025-03-15 15:00:00,5.703,11.768,943.97,851.34,886.67,1240.06,887.51,847.42
2025-03-15 16:00:00,5.28,11.824,858.02,961.15,906.7,1241.55,953.88,909.91
2025-03-15 17:00:00,5.554,12.613,885.98,945.14,813.0,1265.48,899.99,952.75
2025-03-15 18:00:00,4.604,11.42,867.81,1003.48,915.94,1171.21,839.66,950.79
2025-03-15 19:00:00,4.149,10.66,908.22,881.23,799.48,1310.35,922.35,936.88
2025-03-15 20:00:00,5.728,10.247,890.94,821.05,836.57,1260.27,878.45,863.34
2025-03-15 21:00:00,4.724,12.163,941.91,997.74,909.75,1248.32,855.24,907.19
2025-03-15 22:00:00,5.549,12.115,,796.52,810.23,1232.96,801.91,881.74
2025-03-15 23:00:00,4.434,12.67,870.7,897.51,827.06,1293.25,849.36,907.33
2025-03-16 00:00:00,5.513,13.636,889.56,916.7,860.44,1312.54,897.77,871.95
2025-03-16 01:00:00,7.072,14.495,817.39,814.01,899.37,1366.48,835.8,879.37
2025-03-16 02:00:00,5.966,14.711,858.93,911.68,929.28,1302.75,915.08,842.5
2025-03-16 03:00:00,7.424,14.631,,810.37,871.61,1311.09,884.59,875.22
2025-03-16 04:00:00,5.084,14.225,918.66,981.59,834.32,1301.5,931.36,891.79
2025-03-16 05:00:00,6.607,14.686,890.29,911.34,842.38,1306.6,889.89,886.11
2025-03-16 06:00:00,6.944,16.542,848.19,888.41,938.31,1399.02,900.52,847.22
2025-03-16 07:00:00,8.421,14.983,846.95,811.28,838.24,1384.91,821.48,769.02
2025-03-16 08:00:00,5.958,13.711,875.37,859.13,787.43,1320.48,892.32,
2025-03-16 09:00:00,7.226,16.436,841.68,862.68,870.8,1298.73,773.97,
2025-03-16 10:00:00,7.273,13.535,798.79,808.58,789.04,1313.79,813.51,834.11
2025-03-16 11:00:00,5.549,14.262,815.67,991.91,853.23,1313.78,849.36,963.99
2025-03-16 12:00:00,5.504,14.329,835.64,929.64,898.11,1322.5,938.17,951.75
2025-03-16 13:00:00,5.593,13.263,890.62,876.01,843.53,1290.04,847.62,907.83
2025-03-16 14:00:00,3.993,9.84,880.71,1014.38,856.54,1228.53,880.93,863.58
2025-03-16 15:00:00,4.554,12.906,852.98,941.15,927.07,1311.91,901.27,870.24
2025-03-16 16:00:00,5.737,13.749,866.57,963.63,889.67,,938.02,893.58
2025-03-16 17:00:00,5.003,12.94,907.95,983.48,885.2,1285.12,965.59,936.75
2025-03-16 18:00:00,4.407,9.417,913.51,954.69,954.61,1235.8,899.78,954.08
2025-03-16 19:00:00,4.653,14.626,914.52,894.21,897.85,1335.45,933.55,930.82
2025-03-16 20:00:00,5.137,10.721,882.29,894.57,869.36,1208.18,886.04,913.07
2025-03-16 21:00:00,5.47,11.376,859.18,1052.65,838.23,1272.51,902.33,920.32
2025-03-16 22:00:00,4.646,14.062,935.39,921.48,845.36,1302.57,842.77,864.08
2025-03-16 23:00:00,6.598,14.19,852.92,871.14,780.26,1319.03,902.69,848.05
2025-03-17 00:00:00,6.724,14.301,853.4,858.85,873.61,1370.24,854.42,878.6
2025-03-17 01:00:00,6.514,14.079,897.28,846.19,822.51,1276.09,840.01,887.94
2025-03-17 02:00:00,5.579,16.883,927.49,950.29,987.7,1357.59,877.31,875.09
2025-03-17 03:00:00,5.676,15.694,885.21,861.88,833.06,1326.32,906.56,924.08
2025-03-17 04:00:00,6.414,14.222,852.97,854.2,812.62,1288.85,918.19,898.87
2025-03-17 05:00:00,6.835,17.821,857.1,897.09,868.09,1331.46,916.89,890.03
2025-03-17 06:00:00,5.404,16.716,833.15,917.18,839.27,1362.05,877.69,936.41
2025-03-17 07:00:00,7.166,17.765,897.68,880.49,783.13,1335.09,882.33,884.71
2025-03-17 08:00:00,7.673,16.957,817.49,854.09,857.75,1393.83,806.91,870.9
2025-03-17 09:00:00,6.906,18.865,901.42,838.7,766.24,1394.1,841.84,879.47
2025-03-17 10:00:00,5.649,15.252,891.92,973.57,876.87,1291.85,886.66,874.29
2025-03-17 11:00:00,5.258,15.204,949.9,973.08,886.88,1342.84,919.38,902.48
2025-03-17 12:00:00,5.816,15.574,905.76,872.38,905.34,1337.1,906.85,907.42
2025-03-17 13:00:00,5.137,13.872,930.51,946.3,893.36,1275.04,909.16,834.89
2025-03-17 14:00:00,5.319,14.762,876.78,904.46,990.76,1322.22,,866.91
2025-03-17 15:00:00,5.191,9.892,834.16,956.88,834.16,1243.2,905.86,854.31
2025-03-17 16:00:00,5.387,13.068,893.12,951.16,806.95,1356.88,,843.4
2025-03-17 17:00:00,3.483,12.877,873.32,1027.41,1023.05,1271.22,969.86,941.9
2025-03-17 18:00:00,4.52,12.811,894.7,905.89,886.35,1305.5,960.12,836.86
2025-03-17 19:00:00,4.089,12.039,878.07,901.09,851.46,1249.1,950.52,935.03
2025-03-17 20:00:00,4.416,14.424,891.87,877.62,826.99,1314.18,957.75,915.99
2025-03-17 21:00:00,5.373,13.095,909.33,1024.36,849.93,1262.87,838.18,899.85
2025-03-17 22:00:00,5.705,14.401,903.62,946.9,829.59,1357.33,,929.88
2025-03-17 23:00:00,6.331,14.645,862.97,941.15,816.28,,914.07,902.82
2025-03-18 00:00:00,5.86,15.854,898.47,852.7,779.48,1372.25,920.58,856.78
2025-03-18 01:00:00,5.739,17.535,879.3,944.39,,1351.09,886.68,879.58
2025-03-18 02:00:00,5.911,16.581,974.04,841.72,887.39,1326.22,896.84,872.45
2025-03-18 03:00:00,4.972,17.818,,962.57,856.53,1381.64,958.7,1023.04
2025-03-18 04:00:00,7.62,17.347,824.05,859.03,814.29,1407.44,853.11,800.61
2025-03-18 05:00:00,6.408,16.813,906.87,883.45,838.32,1381.77,913.04,877.59
2025-03-18 06:00:00,7.11,17.366,902.49,852.91,848.71,1429.66,843.77,908.61
2025-03-18 07:00:00,7.206,17.176,828.43,917.98,911.86,1342.22,894.58,865.69
2025-03-18 08:00:00,5.545,18.046,856.29,905.78,895.02,1380.35,918.4,909.38
2025-03-18 09:00:00,5.611,17.222,857.68,976.25,831.48,1386.87,864.77,958.11
2025-03-18 10:00:00,7.338,15.775,822.07,860.61,825.45,1323.57,917.23,798.3
2025-03-18 11:00:00,6.043,16.028,881.02,919.65,878.14,1338.52,961.46,909.81
2025-03-18 12:00:00,5.036,13.995,844.96,952.86,824.73,1281.1,885.24,883.16
2025-03-18 13:00:00,5.088,15.136,890.99,950.96,842.66,1305.85,893.76,920.69
2025-03-18 14:00:00,5.77,14.925,878.34,919.29,824.41,1391.84,914.09,930.35
2025-03-18 15:00:00,5.4,16.729,915.45,1013.49,,1341.74,,895.03
2025-03-18 16:00:00,3.29,15.908,,1037.6,912.75,1393.44,964.17,962.62
2025-03-18 17:00:00,5.652,12.899,893.85,805.58,784.55,1237.19,934.6,919.7
2025-03-18 18:00:00,5.078,14.364,965.19,922.28,852.72,1319.64,859.35,
2025-03-18 19:00:00,4.225,14.503,965.24,1017.74,896.86,1296.06,909.24,957.44
2025-03-18 20:00:00,3.516,14.213,953.28,947.6,958.84,1321.35,951.6,931.34
2025-03-18 21:00:00,5.505,14.657,857.84,917.98,812.82,1347.7,898.72,930.29
2025-03-18 22:00:00,5.294,14.897,875.15,928.44,836.25,1317.15,955.51,900.27
2025-03-18 23:00:00,4.039,18.101,898.35,1038.73,874.85,1451.17,988.83,941.99
2025-03-19 00:00:00,5.334,15.923,907.68,885.23,810.69,1353.96,878.6,916.92
2025-03-19 01:00:00,8.334,17.4,836.54,799.38,704.5,1352.58,835.05,878.89
2025-03-19 02:00:00,6.139,14.489,,917.23,870.95,1301.02,851.3,866.77
2025-03-19 03:00:00,5.785,18.977,912.78,935.6,890.43,1369.16,956.38,901.12
2025-03-19 04:00:00,5.766,19.778,944.43,945.69,907.62,1388.24,892.1,961.92
2025-03-19 05:00:00,8.115,17.346,868.44,855.24,831.62,1361.98,788.75,841.51
2025-03-19 06:00:00,7.421,18.113,817.73,862.12,822.8,1344.01,891.66,856.58
2025-03-19 07:00:00,7.833,19.252,829.18,879.51,810.68,1375.82,773.13,853.97
2025-03-19 08:00:00,6.791,18.585,873.1,896.66,903.57,1370.27,849.96,919.21
2025-03-19 09:00:00,7.41,18.855,832.65,859.47,872.65,1430.72,755.53,
2025-03-19 10:00:00,5.486,17.588,897.03,924.69,879.52,1377.58,926.07,886.04
2025-03-19 11:00:00,6.011,19.738,911.06,895.28,842.14,1415.5,863.12,897.48
2025-03-19 12:00:00,5.806,16.232,886.17,884.58,873.68,1320.03,940.24,930.23
2025-03-19 13:00:00,6.378,19.8,890.52,927.6,883.8,1379.97,930.76,922.86
2025-03-19 14:00:00,5.245,17.63,879.49,882.78,864.62,1344.36,892.37,841.23
2025-03-19 15:00:00,4.248,16.776,954.28,991.95,920.26,1364.7,1023.23,953.26
2025-03-19 16:00:00,4.616,14.263,930.1,934.52,911.82,1269.94,883.79,915.78
2025-03-19 17:00:00,3.111,16.455,940.25,995.68,954.01,1393.85,931.02,1009.64
2025-03-19 18:00:00,2.562,16.072,935.31,1009.13,,1382.52,967.48,1039.8
2025-03-19 19:00:00,5.133,12.924,937.49,944.64,903.63,1255.0,903.3,886.8
2025-03-19 20:00:00,4.297,14.034,,1013.82,937.42,1311.1,954.69,1014.68
2025-03-19 21:00:00,4.586,16.519,934.13,1024.93,878.17,1395.33,,875.91
2025-03-19 22:00:00,5.718,16.396,881.03,958.13,905.71,,899.55,898.68
2025-03-19 23:00:00,6.469,16.471,909.61,,875.51,1307.27,,884.37
2025-03-20 00:00:00,6.099,18.955,910.99,943.68,911.95,1428.48,890.76,931.77
2025-03-20 01:00:00,7.534,17.17,838.94,779.55,838.63,1379.08,870.48,890.68
2025-03-20 02:00:00,6.693,18.219,908.47,914.8,879.94,1410.98,835.12,926.49
2025-03-20 03:00:00,6.791,18.455,,,815.66,1348.38,844.81,912.5
2025-03-20 04:00:00,6.943,20.214,852.39,826.69,884.22,1501.86,944.03,904.39
2025-03-20 05:00:00,5.852,17.79,908.92,892.85,928.47,1383.98,864.77,902.28
2025-03-20 06:00:00,7.697,19.377,855.67,872.92,911.14,1385.05,800.31,829.89
2025-03-20 07:00:00,4.946,17.891,944.32,960.66,894.48,1391.57,986.99,924.77
2025-03-20 08:00:00,6.325,19.436,932.12,944.19,950.12,1424.83,903.68,900.36
2025-03-20 09:00:00,6.633,20.413,831.79,965.76,866.18,1461.14,930.06,
2025-03-20 10:00:00,5.746,20.073,910.79,920.37,921.68,1389.92,849.07,951.11
2025-03-20 11:00:00,5.739,17.881,966.3,874.46,883.24,1365.98,955.62,887.42
2025-03-20 12:00:00,7.274,18.928,840.62,906.89,902.86,1359.15,723.59,896.12
2025-03-20 13:00:00,6.388,17.601,855.33,949.91,872.06,1316.35,877.36,904.79
2025-03-20 14:00:00,4.679,19.026,856.16,1008.04,887.13,,1001.16,907.78
2025-03-20 15:00:00,4.617,16.875,930.23,971.72,945.67,1395.06,980.11,904.56
2025-03-20 16:00:00,3.793,13.198,953.5,1048.2,880.73,1283.55,972.12,915.18
2025-03-20 17:00:00,5.273,17.691,932.23,923.39,,1356.51,974.84,907.44
2025-03-20 18:00:00,4.482,16.051,,1018.71,829.63,1333.43,925.56,983.01
2025-03-20 19:00:00,3.163,16.393,964.89,951.55,968.99,1399.36,925.68,980.38
2025-03-20 20:00:00,4.951,17.377,,853.05,817.94,1357.43,903.55,906.9
2025-03-20 21:00:00,5.427,15.634,900.23,876.17,854.74,1271.52,850.44,930.37
2025-03-20 22:00:00,6.109,17.899,851.17,885.22,814.46,1375.71,879.65,952.85
2025-03-20 23:00:00,5.584,18.985,911.77,928.28,843.35,1383.96,853.4,906.44
2025-03-21 00:00:00,5.671,19.35,879.78,889.28,888.84,1370.92,941.35,920.72
2025-03-21 01:00:00,7.884,18.764,778.17,,805.78,1375.02,768.27,839.4
2025-03-21 02:00:00,6.605,21.207,914.33,928.13,909.1,1434.27,871.35,928.48
2025-03-21 03:00:00,7.44,19.285,863.37,883.89,837.17,1378.4,828.13,891.22
2025-03-21 04:00:00,6.639,20.101,905.27,892.33,878.26,1403.52,867.62,909.96
2025-03-21 05:00:00,7.759,20.94,838.27,912.63,814.64,1363.64,841.77,879.25
2025-03-21 06:00:00,6.1,21.577,928.22,887.51,923.69,1410.22,962.74,884.01
2025-03-21 07:00:00,6.871,20.816,917.06,882.93,877.26,1428.33,860.64,849.13
2025-03-21 08:00:00,6.171,22.531,969.99,898.12,917.92,1477.6,861.61,927.76
2025-03-21 09:00:00,6.48,21.144,922.19,932.18,912.7,1405.29,906.92,874.1
2025-03-21 10:00:00,7.733,20.517,869.26,847.07,883.55,1462.66,846.06,882.01
2025-03-21 11:00:00,5.971,20.307,855.89,935.85,905.83,1411.02,896.54,873.23
2025-03-21 12:00:00,6.743,20.408,879.3,928.1,877.72,1391.59,866.31,882.87
2025-03-21 13:00:00,7.09,19.35,818.77,,902.66,1396.29,850.73,869.4
2025-03-21 14:00:00,5.583,16.458,869.08,856.79,883.38,1361.77,902.86,825.84
2025-03-21 15:00:00,6.17,19.573,,902.28,862.21,1404.13,863.26,881.63
2025-03-21 16:00:00,5.628,18.141,868.26,892.52,923.23,,,925.61
2025-03-21 17:00:00,5.195,18.67,836.57,,941.94,1410.83,1008.97,982.83
2025-03-21 18:00:00,5.68,17.343,927.46,821.41,876.9,1406.84,874.66,960.41
2025-03-21 19:00:00,6.612,15.756,842.2,820.86,874.01,1301.29,859.99,883.44
2025-03-21 20:00:00,4.77,15.462,942.91,975.75,909.7,1315.34,938.03,933.88
2025-03-21 21:00:00,4.723,17.431,885.25,913.67,906.3,1378.42,959.69,966.78
2025-03-21 22:00:00,4.944,19.649,915.08,996.97,847.69,1439.53,951.03,910.64
2025-03-21 23:00:00,6.864,21.117,924.7,865.09,825.15,1369.93,842.25,854.79
2025-03-22 00:00:00,7.302,20.489,821.46,897.24,841.9,1414.47,,856.19
2025-03-22 01:00:00,6.3,19.43,885.1,896.55,877.39,1448.97,832.43,893.64
2025-03-22 02:00:00,5.331,20.283,932.19,966.23,854.18,1429.95,949.67,954.94
2025-03-22 03:00:00,6.77,23.32,870.21,893.18,797.86,1482.57,874.27,877.83
2025-03-22 04:00:00,7.96,20.48,857.75,865.26,837.3,1408.07,816.3,881.95
2025-03-22 05:00:00,7.609,24.823,879.19,930.2,874.26,1494.6,856.19,893.35
2025-03-22 06:00:00,7.869,24.668,889.37,891.03,903.14,1501.64,884.05,861.51
2025-03-22 07:00:00,7.287,24.958,952.75,864.15,963.56,1467.22,942.31,948.41
2025-03-22 08:00:00,8.419,22.701,940.05,773.76,785.75,1401.24,811.47,899.15
2025-03-22 09:00:00,7.714,21.564,877.27,863.49,,1443.8,814.62,893.08
2025-03-22 10:00:00,7.682,22.035,860.19,887.49,956.72,1436.45,870.72,928.25
2025-03-22 11:00:00,7.073,22.262,897.56,896.6,817.34,1500.34,888.67,902.99
2025-03-22 12:00:00,7.078,19.92,863.34,848.17,818.68,1359.82,847.42,881.41
2025-03-22 13:00:00,6.737,18.909,820.89,897.21,903.12,1414.12,900.04,881.43
2025-03-22 14:00:00,5.361,19.453,915.79,963.19,906.25,1377.8,930.03,893.34
2025-03-22 15:00:00,6.177,18.499,928.17,963.58,885.07,1389.83,850.82,899.89
2025-03-22 16:00:00,6.344,20.643,843.99,899.88,907.33,1440.68,883.47,903.45
2025-03-22 17:00:00,6.539,18.261,844.63,993.82,894.58,1376.34,918.38,871.23
2025-03-22 18:00:00,5.93,19.093,879.5,975.64,900.47,1399.25,934.82,882.19
2025-03-22 19:00:00,4.89,20.271,947.33,961.07,937.05,1421.78,942.0,973.08
2025-03-22 20:00:00,5.157,20.872,1012.73,958.06,860.71,1435.63,,963.23
2025-03-22 21:00:00,5.673,19.949,882.61,983.88,934.82,1376.91,922.75,946.99
2025-03-22 22:00:00,6.445,20.619,895.51,867.08,944.4,1391.84,901.62,881.44
2025-03-22 23:00:00,6.51,19.464,885.52,867.99,917.41,1397.25,871.33,930.48
2025-03-23 00:00:00,6.044,22.474,901.36,872.5,,1457.87,901.65,946.16
2025-03-23 01:00:00,6.374,23.324,904.81,905.79,974.56,1465.76,921.18,906.38
2025-03-23 02:00:00,5.914,20.089,888.55,886.63,896.41,1381.95,880.02,926.12
2025-03-23 03:00:00,5.371,24.907,1037.71,938.67,969.8,1534.52,965.79,896.57
2025-03-23 04:00:00,7.977,22.312,883.3,860.3,922.39,1447.03,877.9,930.17
2025-03-23 05:00:00,10.084,24.109,789.8,744.07,794.98,1461.34,739.97,833.43
2025-03-23 06:00:00,9.731,23.599,855.15,864.05,871.3,1447.94,745.51,805.36
2025-03-23 07:00:00,7.496,23.408,884.43,928.03,821.31,1430.22,857.85,927.34
2025-03-23 08:00:00,8.304,23.075,853.34,835.08,811.31,1399.64,910.49,832.07
2025-03-23 09:00:00,6.848,21.855,,955.7,834.55,1440.47,952.52,
2025-03-23 10:00:00,6.748,23.302,887.17,919.52,795.95,1445.75,742.84,931.12
2025-03-23 11:00:00,6.576,21.889,851.67,949.19,852.47,1423.82,899.55,933.62
2025-03-23 12:00:00,7.07,20.185,814.3,,864.79,1427.25,869.89,877.61
2025-03-23 13:00:00,6.82,20.037,892.18,878.42,853.67,1400.47,839.5,887.84
2025-03-23 14:00:00,6.905,19.286,866.72,912.02,806.77,1411.4,863.88,931.89
2025-03-23 15:00:00,7.012,19.833,903.62,878.56,757.23,1381.2,843.13,
2025-03-23 16:00:00,6.048,20.767,872.96,911.73,857.54,1415.38,893.25,941.25
2025-03-23 17:00:00,6.254,19.171,852.74,902.97,839.7,1390.94,882.44,874.98
2025-03-23 18:00:00,5.336,21.166,953.01,957.69,987.93,1384.06,882.49,950.33
2025-03-23 19:00:00,5.204,19.96,913.78,,904.09,1394.1,914.86,932.59
2025-03-23 20:00:00,5.227,19.994,953.56,1005.03,978.16,1458.65,913.03,882.61
2025-03-23 21:00:00,7.164,20.717,873.81,843.32,831.89,1395.48,,871.56
2025-03-23 22:00:00,6.651,22.824,962.21,909.44,930.09,1462.27,898.26,911.07
2025-03-23 23:00:00,5.741,20.024,935.81,954.51,902.6,1392.15,937.78,947.05
2025-03-24 00:00:00,7.526,24.212,892.57,832.06,838.51,1453.71,889.02,836.22
2025-03-24 01:00:00,6.916,23.931,922.04,886.74,896.43,1481.88,941.13,953.18
2025-03-24 02:00:00,9.561,23.272,807.47,820.83,809.88,1406.63,794.73,914.1
2025-03-24 03:00:00,8.046,25.168,810.47,928.15,852.51,1512.18,894.24,900.88
2025-03-24 04:00:00,9.273,23.716,839.7,829.86,758.13,1474.23,819.53,830.66
2025-03-24 05:00:00,9.748,24.681,886.09,842.44,904.54,1483.87,864.29,828.46
2025-03-24 06:00:00,8.182,23.792,777.81,,877.3,1399.12,863.63,831.53
2025-03-24 07:00:00,8.994,25.568,859.64,728.66,798.0,1488.92,796.09,855.13
2025-03-24 08:00:00,9.285,23.395,771.57,826.28,842.22,1503.04,812.75,788.84
2025-03-24 09:00:00,8.773,23.898,841.09,823.54,826.29,1403.97,824.89,859.43
2025-03-24 10:00:00,8.749,24.395,847.57,903.33,903.03,1517.13,803.91,981.27
2025-03-24 11:00:00,7.136,24.389,916.07,922.75,870.63,1406.53,865.71,936.92
2025-03-24 12:00:00,8.362,21.661,850.7,882.4,836.53,1439.91,756.34,842.62
2025-03-24 13:00:00,7.248,23.066,928.92,908.05,846.64,1407.6,852.42,839.39
2025-03-24 14:00:00,7.656,20.534,898.85,870.79,869.41,1413.89,878.39,861.34
2025-03-24 15:00:00,7.893,18.75,836.48,887.08,,1407.73,859.35,888.08
2025-03-24 16:00:00,7.531,20.147,898.09,868.59,902.55,1363.6,835.15,877.91
2025-03-24 17:00:00,7.185,21.878,866.33,937.1,,1499.98,885.87,917.93
2025-03-24 18:00:00,7.408,20.824,849.32,832.66,959.39,1381.63,909.25,937.25
2025-03-24 19:00:00,7.515,20.296,818.75,911.91,845.38,1415.64,827.77,905.81
2025-03-24 20:00:00,8.31,21.235,888.78,833.26,804.05,1384.12,,874.91
2025-03-24 21:00:00,7.307,21.543,861.84,907.98,832.66,1466.34,867.73,
2025-03-24 22:00:00,7.744,22.706,780.6,807.45,828.78,1498.34,909.34,851.47
2025-03-24 23:00:00,8.678,20.537,,844.72,790.54,1388.44,870.33,865.17
2025-03-25 00:00:00,7.88,22.895,,860.48,920.63,1495.6,847.78,920.67
2025-03-25 01:00:00,7.545,23.713,865.01,877.9,858.6,,896.81,839.98
2025-03-25 02:00:00,9.327,22.436,811.62,748.15,832.3,,809.2,878.1
2025-03-25 03:00:00,9.046,22.862,817.81,830.43,775.16,1406.34,895.42,883.6
2025-03-25 04:00:00,8.465,24.424,948.35,857.57,851.37,1448.79,864.58,830.49
2025-03-25 05:00:00,9.982,25.099,871.65,,,1499.2,742.07,836.9
2025-03-25 06:00:00,10.797,25.198,808.23,725.7,808.32,,,823.36
2025-03-25 07:00:00,8.338,24.474,865.11,862.91,832.44,1494.11,850.64,871.16
2025-03-25 08:00:00,10.37,24.25,835.58,804.11,869.73,1442.97,746.13,874.04
2025-03-25 09:00:00,7.362,24.201,891.29,884.99,911.44,1523.89,885.18,949.22
2025-03-25 10:00:00,8.853,24.644,871.56,,877.16,1452.62,813.7,852.55
2025-03-25 11:00:00,10.387,25.321,819.8,791.41,771.08,1422.5,811.59,808.67
2025-03-25 12:00:00,8.371,20.67,843.1,822.33,848.31,1366.88,793.05,870.74
2025-03-25 13:00:00,8.426,23.588,883.13,844.01,930.09,1471.43,831.53,887.95
2025-03-25 14:00:00,8.705,22.248,821.66,782.11,801.85,1429.23,873.81,830.49
2025-03-25 15:00:00,6.504,22.621,901.74,886.36,853.4,1455.59,899.08,897.55
2025-03-25 16:00:00,7.774,23.118,832.07,868.88,863.14,1473.93,867.99,845.35
2025-03-25 17:00:00,7.679,20.611,827.51,915.56,859.89,1373.57,816.17,875.26
2025-03-25 18:00:00,9.107,22.604,738.21,821.53,,1413.98,805.42,829.91
2025-03-25 19:00:00,6.7,20.055,898.64,978.24,892.65,1394.32,858.94,863.63
2025-03-25 20:00:00,7.533,21.934,893.37,951.93,869.99,1439.0,856.56,889.08
2025-03-25 21:00:00,7.317,21.828,911.34,884.12,835.16,1408.25,956.92,941.04
2025-03-25 22:00:00,7.511,22.609,832.84,860.91,948.08,,891.78,838.41
2025-03-25 23:00:00,9.561,21.869,826.1,900.3,875.02,1400.99,811.82,824.58
2025-03-26 00:00:00,9.021,24.116,835.9,863.51,856.7,1415.07,810.23,842.18
2025-03-26 01:00:00,8.897,26.032,873.85,860.95,903.21,1481.82,816.92,861.57
2025-03-26 02:00:00,9.247,23.463,803.87,795.63,826.6,1460.57,821.24,865.87
2025-03-26 03:00:00,9.49,25.289,816.32,805.1,781.74,1444.48,838.67,833.48
2025-03-26 04:00:00,9.782,26.424,770.63,776.22,869.74,1453.24,816.5,843.18
2025-03-26 05:00:00,9.3,25.258,808.16,887.69,784.17,1469.37,796.88,853.26
2025-03-26 06:00:00,10.176,27.331,,825.24,913.86,1489.14,,872.87
2025-03-26 07:00:00,10.085,25.131,816.39,789.79,770.3,1414.31,825.28,810.36
2025-03-26 08:00:00,9.677,25.323,763.99,797.41,,1420.39,857.77,865.57
2025-03-26 09:00:00,10.247,23.968,781.44,752.52,885.35,1477.18,828.68,844.19
2025-03-26 10:00:00,10.097,24.912,814.53,798.3,759.66,1443.91,,851.95
2025-03-26 11:00:00,9.201,24.296,880.99,835.29,774.1,1489.07,720.86,816.03
2025-03-26 12:00:00,9.251,24.552,801.89,736.62,856.77,1485.69,774.99,864.88
2025-03-26 13:00:00,10.813,22.521,788.27,724.44,845.28,1465.72,710.79,808.77
2025-03-26 14:00:00,10.523,21.997,760.47,747.38,817.11,1417.82,774.75,781.48
2025-03-26 15:00:00,7.765,22.969,850.34,913.84,827.93,1431.62,819.86,916.02
2025-03-26 16:00:00,7.716,23.785,840.26,852.28,933.47,1485.41,836.55,903.68
2025-03-26 17:00:00,7.511,22.675,835.19,805.91,961.55,1382.75,851.15,896.37
2025-03-26 18:00:00,9.193,24.08,814.34,784.02,794.92,1487.39,940.59,857.99
2025-03-26 19:00:00,8.1,22.609,891.63,927.61,869.11,1496.42,906.73,891.72
2025-03-26 20:00:00,8.76,22.776,810.78,823.09,864.58,1403.8,813.97,834.23
2025-03-26 21:00:00,10.387,23.296,759.27,742.71,,1427.51,848.42,797.75
2025-03-26 22:00:00,9.059,24.69,844.76,767.22,803.86,1474.57,831.82,875.93
2025-03-26 23:00:00,9.952,24.881,,807.15,776.48,1456.55,772.98,873.54
2025-03-27 00:00:00,10.144,22.62,794.58,797.54,728.81,1421.92,802.16,817.32
2025-03-27 01:00:00,9.598,25.409,834.5,836.75,868.85,1456.15,777.6,827.51
2025-03-27 02:00:00,11.235,25.256,730.86,860.6,759.82,1441.98,675.62,797.73
2025-03-27 03:00:00,9.986,25.127,782.01,756.38,891.44,1559.55,721.96,864.3
2025-03-27 04:00:00,11.958,23.557,762.23,696.42,768.42,1425.09,752.92,769.73
2025-03-27 05:00:00,10.565,24.042,782.58,790.39,794.21,1369.19,768.37,861.19
2025-03-27 06:00:00,10.723,25.527,809.06,758.57,861.55,1454.3,732.0,846.66
2025-03-27 07:00:00,10.224,24.144,843.83,711.05,806.05,1439.1,802.08,859.38
2025-03-27 08:00:00,10.265,25.294,834.28,815.88,790.55,1521.3,734.73,845.9
2025-03-27 09:00:00,10.501,26.251,752.16,762.9,842.64,1531.08,744.14,838.64
2025-03-27 10:00:00,8.678,24.286,842.22,802.6,824.77,1470.63,853.55,
2025-03-27 11:00:00,10.176,24.605,841.19,761.26,819.75,1426.64,863.42,834.49
2025-03-27 12:00:00,9.675,22.706,829.57,870.56,830.01,1437.8,749.48,849.51
2025-03-27 13:00:00,10.432,23.834,,835.88,802.45,1417.8,736.58,793.41
2025-03-27 14:00:00,9.878,23.605,752.26,761.08,830.72,1454.68,790.68,816.68
2025-03-27 15:00:00,8.754,20.875,807.26,763.24,842.74,1435.07,844.86,850.38
2025-03-27 16:00:00,8.791,21.364,832.42,868.72,835.95,1396.23,833.62,801.1
2025-03-27 17:00:00,8.879,20.547,773.95,,799.37,1404.39,798.1,881.21
2025-03-27 18:00:00,10.243,22.611,821.16,881.58,755.23,1447.08,775.46,757.09
2025-03-27 19:00:00,8.466,22.265,839.03,789.25,809.64,1448.0,843.26,822.23
2025-03-27 20:00:00,8.696,22.208,767.16,892.66,806.44,1380.33,894.05,871.98
2025-03-27 21:00:00,8.588,22.43,820.64,842.26,866.23,1433.05,865.59,913.32
2025-03-27 22:00:00,8.582,23.385,834.92,768.34,916.39,1363.5,804.38,893.96
2025-03-27 23:00:00,10.331,23.889,791.37,754.05,802.46,1455.81,725.28,857.85
2025-03-28 00:00:00,10.586,23.398,833.68,744.43,843.35,1460.32,795.14,814.07
2025-03-28 01:00:00,11.788,23.745,756.17,739.19,721.51,1440.16,670.61,754.96
2025-03-28 02:00:00,11.912,24.916,688.02,662.86,746.73,1456.33,733.52,734.04
2025-03-28 03:00:00,13.273,25.17,623.71,686.22,694.66,1442.61,681.51,716.99
2025-03-28 04:00:00,11.514,28.184,758.28,765.9,810.3,1527.72,788.55,852.28
2025-03-28 05:00:00,11.512,25.446,759.8,779.57,744.52,1434.09,696.63,740.1
2025-03-28 06:00:00,10.749,26.317,825.47,750.89,833.3,1466.34,806.24,832.11
2025-03-28 07:00:00,12.332,26.455,784.81,716.91,760.08,1472.72,745.72,763.04
2025-03-28 08:00:00,11.777,27.371,815.16,690.15,,1529.96,724.48,854.64
2025-03-28 09:00:00,12.04,24.393,712.42,736.69,721.13,1451.41,675.51,780.18
2025-03-28 10:00:00,10.386,26.553,838.56,784.58,745.66,1515.41,790.91,839.73
2025-03-28 11:00:00,11.315,24.279,773.33,739.18,752.09,1433.39,746.14,824.34
2025-03-28 12:00:00,10.914,26.932,748.7,770.27,831.15,1497.91,806.65,804.84
2025-03-28 13:00:00,10.577,23.839,720.25,707.92,719.87,1440.77,775.3,859.7
2025-03-28 14:00:00,9.656,21.439,811.15,852.92,740.83,1370.92,807.61,773.5
2025-03-28 15:00:00,10.932,22.253,712.78,760.05,760.98,1419.59,777.17,771.41
2025-03-28 16:00:00,11.456,23.766,720.42,784.22,727.32,1426.29,727.63,777.13
2025-03-28 17:00:00,8.833,22.051,807.93,878.3,964.76,1452.54,827.45,913.9
2025-03-28 18:00:00,10.283,21.803,795.96,751.67,802.09,,742.97,770.98
2025-03-28 19:00:00,7.47,22.794,918.22,868.54,849.59,1436.07,867.38,918.72
2025-03-28 20:00:00,10.453,21.706,781.94,714.6,833.67,1350.52,761.48,813.6
2025-03-28 21:00:00,8.638,22.173,819.06,889.15,832.27,1441.77,824.71,819.92
2025-03-28 22:00:00,9.988,21.694,725.58,808.47,796.36,1434.97,744.87,809.68
2025-03-28 23:00:00,9.671,25.372,839.42,824.68,904.41,1490.76,809.98,869.39
2025-03-29 00:00:00,10.885,22.335,768.38,748.1,687.3,1471.57,727.75,774.08
2025-03-29 01:00:00,12.063,24.51,708.15,669.99,703.51,1454.01,705.4,767.14
2025-03-29 02:00:00,10.221,25.35,847.34,848.73,835.56,1447.82,796.55,
2025-03-29 03:00:00,11.692,25.158,704.76,809.38,721.3,1490.28,,779.59
2025-03-29 04:00:00,11.783,23.973,713.18,773.95,710.88,1493.06,697.79,795.75
2025-03-29 05:00:00,13.603,24.463,648.77,622.14,718.61,1437.2,605.23,625.46
2025-03-29 06:00:00,12.748,26.341,685.44,695.01,699.54,1439.64,676.44,677.49
2025-03-29 07:00:00,11.444,24.694,774.18,782.63,783.4,1429.03,702.46,737.62
2025-03-29 08:00:00,11.912,22.927,743.12,715.35,730.34,1421.52,629.13,749.02
2025-03-29 09:00:00,13.366,25.543,709.98,722.42,713.97,1427.22,637.65,687.21
2025-03-29 10:00:00,12.468,23.6,722.97,735.53,719.56,1448.61,681.79,745.87
2025-03-29 11:00:00,10.895,24.904,774.48,877.79,823.63,1451.79,768.97,801.51
2025-03-29 12:00:00,11.128,23.369,,758.67,811.84,1453.9,737.38,761.48
2025-03-29 13:00:00,10.866,22.774,786.05,664.73,748.42,1441.62,727.63,819.47
2025-03-29 14:00:00,10.357,22.635,,,726.16,1382.27,788.86,820.74
2025-03-29 15:00:00,9.193,20.773,817.74,802.97,808.03,1397.82,789.87,807.59
2025-03-29 16:00:00,9.85,20.81,815.69,804.14,,1427.0,766.55,807.86
2025-03-29 17:00:00,11.405,21.269,745.95,802.72,720.31,1383.0,749.31,766.39
2025-03-29 18:00:00,9.97,20.118,802.18,769.64,718.65,1392.67,776.49,895.08
2025-03-29 19:00:00,10.255,22.395,764.31,753.88,778.57,1425.69,829.94,829.55
2025-03-29 20:00:00,10.591,21.348,821.81,743.61,780.78,1373.08,722.45,756.38
2025-03-29 21:00:00,12.465,20.273,651.82,761.93,680.4,1407.98,740.09,750.7
2025-03-29 22:00:00,10.967,21.733,776.72,735.11,766.22,1378.23,765.87,812.32
2025-03-29 23:00:00,12.145,22.985,699.94,710.49,759.62,1381.18,659.12,780.07
2025-03-30 00:00:00,11.122,22.822,797.77,823.39,828.4,1450.18,736.42,733.32
2025-03-30 01:00:00,11.724,24.331,772.24,751.61,819.88,1422.12,701.8,753.31
2025-03-30 02:00:00,12.252,24.999,,610.6,712.07,1446.17,723.48,705.96
2025-03-30 03:00:00,11.891,27.581,803.16,707.28,735.63,1507.68,707.03,818.88
2025-03-30 04:00:00,12.557,26.373,707.29,663.21,677.15,1495.34,660.49,722.84
2025-03-30 05:00:00,13.57,23.203,684.05,557.07,712.27,1331.49,648.91,601.94
2025-03-30 06:00:00,12.28,24.777,,679.63,744.76,1435.21,692.64,789.47
2025-03-30 07:00:00,12.898,24.795,705.51,558.08,772.93,1423.05,586.95,748.85
2025-03-30 08:00:00,13.364,25.578,640.82,657.86,706.88,1438.67,694.02,675.84
2025-03-30 09:00:00,11.966,23.423,727.45,710.7,718.03,1442.33,702.82,765.6
2025-03-30 10:00:00,13.272,23.464,666.43,615.09,689.28,1447.47,640.45,712.51
2025-03-30 11:00:00,12.182,22.098,742.06,623.19,716.89,1398.64,731.24,714.22
2025-03-30 12:00:00,11.699,22.323,709.87,776.05,715.04,1379.43,738.16,816.18
2025-03-30 13:00:00,9.932,21.822,907.66,774.9,805.23,1420.23,873.16,849.26
2025-03-30 14:00:00,10.968,21.613,712.38,797.02,730.85,1415.96,722.12,755.82
2025-03-30 15:00:00,11.333,20.121,747.13,726.39,804.84,1375.9,755.25,733.0
2025-03-30 16:00:00,12.259,22.376,719.26,750.92,652.33,1428.38,666.64,731.21
2025-03-30 17:00:00,11.214,21.534,769.14,764.73,809.02,1374.01,751.44,754.14
2025-03-30 18:00:00,11.636,19.131,703.64,718.24,708.91,1327.33,748.7,747.24
2025-03-30 19:00:00,9.825,20.938,807.57,,677.34,1403.57,770.06,793.5
2025-03-30 20:00:00,10.827,19.197,735.8,804.32,683.59,1391.34,836.08,796.06
2025-03-30 21:00:00,12.112,22.972,783.88,693.5,730.68,1461.0,723.89,743.95
2025-03-30 22:00:00,10.69,23.681,758.97,739.46,770.78,1455.22,754.79,784.37
2025-03-30 23:00:00,12.477,22.127,693.16,674.39,732.06,1399.16,573.33,754.84
2025-03-31 00:00:00,12.618,21.656,666.7,670.22,689.08,1350.7,674.12,709.29
2025-03-31 01:00:00,12.577,22.367,666.95,711.28,736.69,1414.27,733.4,760.03
2025-03-31 02:00:00,12.398,23.068,657.06,612.26,723.57,1373.49,701.88,703.92
2025-03-31 03:00:00,12.135,23.865,744.85,798.56,764.83,1457.38,729.1,793.39
2025-03-31 04:00:00,14.55,25.922,595.46,600.42,689.56,1435.31,586.68,653.34
2025-03-31 05:00:00,13.769,25.589,626.72,622.67,704.44,1439.05,627.64,
2025-03-31 06:00:00,13.591,25.641,629.48,650.75,678.07,1477.26,638.24,731.72
2025-03-31 07:00:00,12.961,24.578,698.15,601.79,769.39,1431.53,650.96,654.78
2025-03-31 08:00:00,13.215,22.753,668.39,649.21,686.8,1380.31,644.06,738.8
2025-03-31 09:00:00,13.139,22.86,672.52,674.58,662.69,1402.47,647.44,769.58
2025-03-31 10:00:00,13.092,23.407,649.59,640.91,,1379.09,675.61,646.77
2025-03-31 11:00:00,13.083,21.374,682.74,668.01,703.47,1375.44,644.28,717.51
2025-03-31 12:00:00,11.571,22.626,717.0,759.16,793.49,1404.93,763.13,721.16
2025-03-31 13:00:00,10.726,22.672,777.7,738.27,809.73,1400.36,843.48,799.81
2025-03-31 14:00:00,11.689,21.841,,769.28,771.09,1466.08,700.75,769.57
2025-03-31 15:00:00,9.987,21.341,737.29,792.02,782.17,1398.76,851.13,840.35
2025-03-31 16:00:00,10.947,18.139,816.99,819.94,794.84,,759.53,750.26
2025-03-31 17:00:00,10.69,21.741,792.58,818.6,778.11,1353.47,739.77,761.31
2025-03-31 18:00:00,11.461,18.153,731.05,735.63,708.18,1308.38,766.36,796.22
2025-03-31 19:00:00,12.705,19.88,689.8,629.75,613.55,1368.75,684.55,627.23
2025-03-31 20:00:00,9.694,20.966,874.75,798.23,828.08,1353.76,821.79,819.94
2025-03-31 21:00:00,13.27,20.932,696.7,676.21,652.85,1323.14,549.11,691.2
2025-03-31 22:00:00,11.523,19.343,739.68,697.56,689.67,1380.52,738.75,761.42
2025-03-31 23:00:00,12.287,20.001,672.46,701.34,656.74,1342.58,678.63,
2025-04-01 00:00:00,11.197,22.14,734.47,765.83,800.03,1391.16,755.3,731.4
2025-04-01 01:00:00,13.446,22.886,594.43,627.94,688.39,1392.69,659.53,679.53
2025-04-01 02:00:00,12.98,21.386,659.37,619.6,712.89,1405.39,669.08,684.71
2025-04-01 03:00:00,13.155,23.558,697.18,713.73,687.28,1377.82,671.29,703.08
2025-04-01 04:00:00,11.854,21.545,745.36,729.33,736.93,1445.47,737.63,769.02
2025-04-01 05:00:00,13.591,24.271,,616.81,681.23,1415.98,624.19,782.68
2025-04-01 06:00:00,14.257,22.487,599.51,555.98,597.45,1370.85,,675.21
2025-04-01 07:00:00,13.359,23.534,683.81,674.96,722.48,1422.25,666.5,734.88
2025-04-01 08:00:00,14.375,23.09,643.51,580.22,608.72,1316.56,561.76,678.78
2025-04-01 09:00:00,14.158,24.227,552.16,637.3,637.13,1413.5,618.74,713.86
2025-04-01 10:00:00,12.497,22.667,710.52,644.39,732.64,1404.46,641.98,677.92
2025-04-01 11:00:00,14.004,21.132,696.34,,692.63,1406.0,631.34,670.2
2025-04-01 12:00:00,12.46,21.721,687.09,661.17,687.35,1451.15,640.77,671.12
2025-04-01 13:00:00,12.159,23.299,629.48,770.01,765.46,1419.84,693.79,813.01
2025-04-01 14:00:00,11.915,21.089,690.04,720.66,744.29,1381.28,691.36,754.45
2025-04-01 15:00:00,11.648,19.672,660.09,674.99,723.26,1350.31,740.61,753.16
2025-04-01 16:00:00,9.303,18.38,780.01,844.83,794.24,1355.25,765.32,833.96
2025-04-01 17:00:00,11.144,18.396,696.21,784.6,739.69,1326.91,743.22,700.65
2025-04-01 18:00:00,10.166,19.838,816.26,769.65,793.91,1405.47,722.31,727.7
2025-04-01 19:00:00,12.604,17.982,701.27,629.39,735.64,1354.56,697.84,683.27
2025-04-01 20:00:00,12.696,19.202,687.37,572.58,,1370.7,656.67,674.66
2025-04-01 21:00:00,12.303,21.196,744.83,730.79,705.01,1413.92,669.78,717.65
2025-04-01 22:00:00,11.683,20.02,703.89,644.04,714.24,1376.27,717.02,729.86
2025-04-01 23:00:00,11.361,18.981,735.27,724.76,745.14,1369.81,730.49,763.54
2025-04-02 00:00:00,11.955,23.36,,,721.55,1439.66,691.24,768.97
2025-04-02 01:00:00,14.349,23.333,637.49,,572.51,1341.9,652.99,663.92
2025-04-02 02:00:00,12.533,22.255,716.82,731.6,761.63,1382.7,718.49,714.17
2025-04-02 03:00:00,11.453,23.551,722.49,747.95,755.66,1410.24,672.0,801.03
2025-04-02 04:00:00,14.355,21.971,595.99,622.63,631.9,1358.36,589.34,609.02
2025-04-02 05:00:00,14.853,23.313,557.53,552.05,682.95,1374.35,556.47,681.64
2025-04-02 06:00:00,15.023,21.956,637.12,510.86,590.21,1370.71,448.27,615.16
2025-04-02 07:00:00,14.486,20.721,544.11,502.71,645.06,1324.35,580.35,604.76
2025-04-02 08:00:00,14.498,25.21,650.28,614.26,651.19,1349.06,562.42,660.8
2025-04-02 09:00:00,13.39,20.046,667.73,586.54,682.31,1349.66,622.17,640.95
2025-04-02 10:00:00,11.438,21.628,685.21,831.95,725.88,1385.43,,732.84
2025-04-02 11:00:00,12.833,21.084,717.6,614.75,733.41,1380.08,686.91,711.7
2025-04-02 12:00:00,12.997,20.793,659.76,690.29,762.03,1323.33,661.69,665.88
2025-04-02 13:00:00,12.081,19.5,,743.91,676.17,1360.41,604.12,776.14
2025-04-02 14:00:00,11.755,18.981,728.68,653.93,756.72,1316.23,701.09,707.77
2025-04-02 15:00:00,10.879,18.779,722.82,730.75,760.15,1298.37,672.84,793.85
2025-04-02 16:00:00,10.657,18.821,753.44,749.75,778.33,1341.57,709.14,752.98
2025-04-02 17:00:00,12.808,17.994,647.14,790.56,698.91,1258.25,720.36,713.8
2025-04-02 18:00:00,12.795,17.796,633.79,641.54,626.23,1287.23,652.57,709.49
2025-04-02 19:00:00,11.332,16.312,680.28,674.51,,1302.04,643.13,666.21
2025-04-02 20:00:00,11.677,20.463,753.81,735.44,725.6,1328.24,704.41,776.57
2025-04-02 21:00:00,10.856,18.957,764.7,708.43,,1361.11,824.62,787.11
2025-04-02 22:00:00,12.401,18.929,696.49,672.53,687.51,1291.3,650.89,721.96
2025-04-02 23:00:00,13.581,18.361,618.15,593.49,670.6,,534.61,653.4
2025-04-03 00:00:00,11.257,18.373,736.07,750.52,741.91,1304.57,718.49,744.09
2025-04-03 01:00:00,13.159,21.077,636.91,,685.48,1379.61,726.75,
2025-04-03 02:00:00,13.505,20.285,616.73,593.65,670.93,1348.32,605.03,665.21
2025-04-03 03:00:00,13.741,21.585,697.79,655.98,628.06,1348.15,675.05,662.87
2025-04-03 04:00:00,14.819,19.484,607.99,559.27,,1245.14,551.41,594.97
2025-04-03 05:00:00,15.249,23.112,552.77,535.79,591.42,,636.46,571.46
2025-04-03 06:00:00,13.47,22.354,601.67,552.57,674.93,1343.88,626.11,722.45
2025-04-03 07:00:00,14.15,21.056,556.7,614.03,614.3,1309.33,584.62,652.67
2025-04-03 08:00:00,13.553,21.463,623.95,603.63,745.38,1381.21,648.17,656.56
2025-04-03 09:00:00,12.784,21.422,685.11,673.91,627.52,1346.28,638.42,651.17
2025-04-03 10:00:00,13.252,18.463,650.76,555.65,594.24,1314.54,612.8,640.21
2025-04-03 11:00:00,13.278,21.547,664.52,648.44,698.47,1340.41,633.63,674.35
2025-04-03 12:00:00,12.597,19.544,693.04,674.52,730.72,1367.32,729.03,742.71
2025-04-03 13:00:00,11.402,17.55,688.19,711.25,797.34,1335.69,640.83,
2025-04-03 14:00:00,11.439,16.545,771.18,680.15,711.97,1331.42,661.09,721.96
2025-04-03 15:00:00,11.19,18.579,731.09,780.25,743.27,1376.49,786.35,777.91
2025-04-03 16:00:00,10.683,17.278,762.98,723.3,774.58,1278.66,745.08,791.82
2025-04-03 17:00:00,11.48,17.352,697.35,752.45,784.76,1374.72,666.51,739.92
2025-04-03 18:00:00,11.515,16.685,726.74,754.23,,1228.94,723.3,758.48
2025-04-03 19:00:00,11.997,15.465,762.28,651.67,704.6,1257.44,672.87,727.02
2025-04-03 20:00:00,10.639,17.427,720.42,785.49,782.71,1313.39,722.23,798.79
2025-04-03 21:00:00,11.045,16.845,697.11,718.03,724.64,1259.09,689.12,752.07
2025-04-03 22:00:00,12.991,17.418,,665.56,687.33,1282.23,622.07,646.93
2025-04-03 23:00:00,11.896,20.727,706.02,668.35,703.48,1399.47,617.16,
2025-04-04 00:00:00,12.353,19.383,673.29,674.19,755.87,1344.91,653.65,738.44
2025-04-04 01:00:00,12.49,19.917,,676.51,628.23,1300.76,709.35,757.86
2025-04-04 02:00:00,13.816,22.5,636.79,610.35,653.35,1368.2,640.25,697.88
2025-04-04 03:00:00,14.085,20.058,669.45,604.91,663.81,1358.17,575.54,639.55
2025-04-04 04:00:00,14.219,20.006,602.99,549.9,622.1,,532.74,665.37
2025-04-04 05:00:00,13.459,19.195,636.97,598.6,696.29,1311.65,599.42,642.69
2025-04-04 06:00:00,12.77,19.483,685.28,686.27,692.04,1351.34,565.98,735.68
2025-04-04 07:00:00,14.956,17.449,583.93,517.55,602.4,1294.87,552.16,640.73
2025-04-04 08:00:00,13.969,20.602,670.8,577.66,671.35,1361.4,619.37,682.78
2025-04-04 09:00:00,12.717,17.763,676.33,621.61,,1296.72,679.47,654.57
2025-04-04 10:00:00,13.961,19.9,619.89,577.51,574.59,,636.24,613.95
2025-04-04 11:00:00,12.092,18.23,663.18,647.44,781.74,1331.72,712.35,751.31
2025-04-04 12:00:00,13.326,17.865,666.42,652.92,715.79,1255.88,,679.69
2025-04-04 13:00:00,13.057,17.091,619.87,617.62,695.13,1286.74,611.68,644.43
2025-04-04 14:00:00,10.835,18.27,720.45,705.89,738.58,1314.3,717.63,748.36
2025-04-04 15:00:00,11.776,17.592,715.52,694.19,735.19,1310.45,691.03,744.66
2025-04-04 16:00:00,11.732,15.736,756.24,643.04,635.3,1320.49,716.94,
2025-04-04 17:00:00,13.065,14.44,662.55,592.97,584.19,1251.3,583.25,666.73
2025-04-04 18:00:00,10.325,16.507,761.61,820.72,862.27,1346.09,762.34,823.34
2025-04-04 19:00:00,12.091,14.245,645.61,633.05,634.16,1229.39,627.03,700.59
2025-04-04 20:00:00,11.065,13.696,774.45,719.12,707.91,,727.72,793.69
2025-04-04 21:00:00,10.234,16.426,763.89,,769.51,1280.53,729.1,801.25
2025-04-04 22:00:00,11.365,17.653,716.37,732.46,746.22,1315.38,784.71,748.13
2025-04-04 23:00:00,11.738,16.135,723.28,,709.78,1305.55,,750.38
2025-04-05 00:00:00,11.184,17.572,718.04,651.37,722.25,1264.3,728.66,787.7
2025-04-05 01:00:00,12.576,17.054,644.73,667.08,678.96,1292.03,605.31,665.46
2025-04-05 02:00:00,13.366,18.85,620.09,593.85,709.92,1333.27,,661.58
2025-04-05 03:00:00,13.023,19.66,639.43,667.36,,1323.59,681.71,654.95
2025-04-05 04:00:00,12.574,18.297,637.31,637.19,718.79,1343.11,,645.21
2025-04-05 05:00:00,12.992,17.528,610.99,651.36,588.24,1296.27,632.19,671.05
2025-04-05 06:00:00,13.132,17.029,679.74,689.33,683.54,1246.11,590.62,680.31
2025-04-05 07:00:00,13.252,19.769,675.94,660.24,677.12,1345.57,624.52,667.6
2025-04-05 08:00:00,13.829,17.043,584.56,541.73,607.05,1281.56,627.03,644.34
2025-04-05 09:00:00,12.951,18.485,691.66,648.88,753.91,1312.33,718.74,
2025-04-05 10:00:00,11.345,18.506,742.04,764.56,675.48,1336.2,745.98,722.56
2025-04-05 11:00:00,11.71,16.439,695.07,641.31,711.06,1318.15,645.7,734.76
2025-04-05 12:00:00,11.964,16.272,651.75,,751.79,1289.51,676.68,678.22
2025-04-05 13:00:00,12.402,17.103,691.03,675.08,696.71,1317.44,691.56,694.76
2025-04-05 14:00:00,12.234,14.401,739.7,692.95,599.33,1297.25,543.46,658.79
2025-04-05 15:00:00,12.348,13.815,,648.58,734.67,1262.71,664.79,660.67
2025-04-05 16:00:00,10.823,14.257,768.45,739.58,660.64,1267.59,730.65,720.65
2025-04-05 17:00:00,11.191,15.822,718.15,689.53,677.64,1289.89,795.35,792.71
2025-04-05 18:00:00,9.356,16.103,822.75,860.79,824.62,1306.0,783.66,808.01
2025-04-05 19:00:00,10.885,14.07,724.9,806.04,688.49,1265.15,777.09,718.53
2025-04-05 20:00:00,9.782,13.484,682.6,863.3,748.65,1267.65,750.81,759.57
2025-04-05 21:00:00,10.763,15.884,717.96,674.73,702.21,1276.76,758.62,783.67
2025-04-05 22:00:00,13.465,12.969,616.65,614.85,628.92,1196.23,607.83,631.95
2025-04-05 23:00:00,11.554,15.702,747.67,724.82,764.45,1258.38,762.32,747.48
2025-04-06 00:00:00,10.91,15.821,731.67,710.22,671.45,1316.81,,768.38
2025-04-06 01:00:00,12.217,17.895,691.89,696.11,711.76,1322.99,658.33,743.24
2025-04-06 02:00:00,11.746,18.45,693.36,648.9,649.93,1331.24,641.3,682.7
2025-04-06 03:00:00,11.619,16.011,763.03,764.15,801.69,1269.82,729.19,723.26
2025-04-06 04:00:00,14.239,17.613,649.0,512.61,581.48,1302.51,639.87,568.72
2025-04-06 05:00:00,13.509,16.878,603.92,621.09,669.27,1261.68,550.45,708.81
2025-04-06 06:00:00,12.951,17.231,601.81,673.09,681.94,1273.82,704.53,667.94
2025-04-06 07:00:00,12.299,18.208,625.4,654.03,705.86,1342.66,641.19,750.7
2025-04-06 08:00:00,12.222,16.818,706.92,732.64,677.01,1284.69,723.34,726.36
2025-04-06 09:00:00,13.492,17.087,634.06,539.62,589.99,1293.16,608.86,628.96
2025-04-06 10:00:00,12.232,17.542,,678.16,760.94,1293.75,721.8,753.07
2025-04-06 11:00:00,9.209,17.682,811.23,740.89,756.61,1337.13,810.65,811.19
2025-04-06 12:00:00,13.279,15.645,589.66,588.65,643.07,1260.73,656.32,688.82
2025-04-06 13:00:00,11.155,14.876,750.6,704.41,709.41,1305.99,699.55,713.51
2025-04-06 14:00:00,10.971,12.877,707.95,,760.73,1252.33,660.66,747.39
2025-04-06 15:00:00,11.294,15.648,682.64,770.72,818.79,1301.84,,731.89
2025-04-06 16:00:00,10.583,13.976,728.87,700.83,710.09,1279.9,775.95,760.75
2025-04-06 17:00:00,10.665,13.299,721.42,679.87,738.1,1282.78,712.41,720.68
2025-04-06 18:00:00,9.664,13.124,781.25,762.89,,1307.59,779.14,727.04
2025-04-06 19:00:00,9.036,13.478,828.46,805.82,833.18,1286.38,761.84,752.87
2025-04-06 20:00:00,10.34,14.126,790.64,778.88,740.96,1243.37,690.29,807.39
2025-04-06 21:00:00,11.427,14.547,715.52,756.33,707.49,1274.56,712.96,687.96
2025-04-06 22:00:00,9.988,15.775,764.77,691.71,820.95,1343.34,788.09,770.53
2025-04-06 23:00:00,10.189,14.571,739.26,833.93,677.12,1242.21,737.1,758.69
2025-04-07 00:00:00,12.034,16.859,632.36,654.56,741.05,1349.95,729.73,743.56
2025-04-07 01:00:00,10.977,16.497,736.69,,705.56,1327.63,696.28,803.6
2025-04-07 02:00:00,11.279,15.594,691.08,721.36,729.76,1296.09,756.14,784.14
2025-04-07 03:00:00,11.532,14.036,745.83,616.75,708.41,1246.87,649.69,670.13
2025-04-07 04:00:00,11.944,16.414,,673.14,678.17,1277.33,700.56,666.55
2025-04-07 05:00:00,10.832,18.339,777.66,789.26,767.34,1371.73,744.37,737.68
2025-04-07 06:00:00,11.675,15.564,687.1,726.46,693.95,1242.31,729.35,744.11
2025-04-07 07:00:00,12.224,16.483,660.56,656.61,736.03,1357.01,685.41,717.93
2025-04-07 08:00:00,12.073,16.34,711.39,692.34,,1317.8,,747.95
2025-04-07 09:00:00,12.604,16.913,678.92,677.02,637.44,1310.06,652.5,649.32
2025-04-07 10:00:00,12.874,14.861,659.01,628.07,664.27,1265.0,653.28,637.62
2025-04-07 11:00:00,12.297,13.759,665.43,684.46,672.74,1220.53,608.02,694.15
2025-04-07 12:00:00,11.482,14.928,736.98,676.68,776.0,1278.45,608.36,699.56
2025-04-07 13:00:00,10.294,12.794,769.91,718.88,740.52,1203.69,815.87,790.98
2025-04-07 14:00:00,9.598,10.96,684.38,763.85,749.87,1188.81,692.59,716.48
2025-04-07 15:00:00,9.836,14.917,762.71,683.43,715.2,1242.2,833.06,852.27
2025-04-07 16:00:00,10.072,13.463,793.75,795.44,760.12,1264.03,724.19,763.25
2025-04-07 17:00:00,10.115,14.372,725.2,772.11,707.82,1264.32,810.66,715.48
2025-04-07 18:00:00,9.887,13.053,702.66,763.87,746.61,1250.08,809.5,839.1
2025-04-07 19:00:00,9.306,12.85,772.41,822.63,728.83,1263.35,767.93,747.28
2025-04-07 20:00:00,10.125,12.638,770.96,778.67,767.54,1283.69,742.14,788.13
2025-04-07 21:00:00,10.667,12.251,714.55,781.35,721.84,1188.12,697.12,724.41
2025-04-07 22:00:00,10.583,13.465,784.65,809.37,784.2,1299.04,,703.85
2025-04-07 23:00:00,10.115,12.631,817.55,776.75,704.04,,759.37,746.97
2025-04-08 00:00:00,9.756,12.492,695.66,746.48,756.14,1232.81,839.05,809.88
2025-04-08 01:00:00,10.02,13.857,748.29,799.85,760.88,1277.0,,787.58
2025-04-08 02:00:00,10.423,16.252,678.24,732.92,750.05,1320.34,743.62,723.37
2025-04-08 03:00:00,11.394,13.601,730.23,678.48,753.64,1284.28,725.05,737.31
2025-04-08 04:00:00,11.766,13.902,668.78,680.02,693.09,1244.86,631.46,694.98
2025-04-08 05:00:00,10.31,16.235,745.58,812.66,715.7,1270.51,798.03,807.85
2025-04-08 06:00:00,11.051,15.06,768.07,759.6,744.99,,766.39,684.76
2025-04-08 07:00:00,11.579,16.038,663.7,742.71,789.75,1312.34,730.33,660.59
2025-04-08 08:00:00,10.517,16.409,699.94,762.87,725.11,1325.31,730.36,715.9
2025-04-08 09:00:00,11.364,15.422,636.83,738.63,716.02,1336.73,738.9,765.89
2025-04-08 10:00:00,10.494,13.662,788.21,774.75,747.95,,730.62,762.82
2025-04-08 11:00:00,9.842,15.444,810.25,753.84,807.66,1313.18,752.3,868.1
2025-04-08 12:00:00,10.124,14.244,749.69,791.55,785.77,1301.24,783.61,749.61
2025-04-08 13:00:00,10.056,12.835,711.33,766.3,753.73,1259.84,731.18,
2025-04-08 14:00:00,8.744,12.262,819.53,790.76,759.48,1245.74,822.67,739.61
2025-04-08 15:00:00,8.951,12.29,881.08,786.14,752.55,,815.98,828.62
2025-04-08 16:00:00,9.3,11.117,761.39,763.67,777.67,1216.53,808.06,789.6
2025-04-08 17:00:00,8.167,9.303,751.1,805.34,744.81,1209.72,764.52,809.9
2025-04-08 18:00:00,7.38,12.061,871.1,849.71,750.84,1294.03,849.83,843.36
2025-04-08 19:00:00,7.488,12.027,784.82,873.07,796.55,1219.0,813.02,883.57
2025-04-08 20:00:00,8.473,8.607,768.65,865.05,741.92,1175.95,861.4,753.04
2025-04-08 21:00:00,7.914,12.268,721.27,856.3,781.22,1302.74,762.29,863.56
2025-04-08 22:00:00,8.909,14.148,783.59,812.04,806.16,1244.71,795.44,819.62
2025-04-08 23:00:00,10.779,11.14,676.5,650.4,720.2,1225.63,711.02,711.1
2025-04-09 00:00:00,8.625,12.894,840.59,909.45,773.91,1182.06,794.65,797.46
2025-04-09 01:00:00,9.782,13.253,731.57,748.41,708.06,1245.91,711.47,752.51
2025-04-09 02:00:00,11.974,15.918,719.94,660.46,682.75,1256.57,650.93,732.69
2025-04-09 03:00:00,10.813,15.657,736.54,792.97,,1326.98,678.02,799.45
2025-04-09 04:00:00,10.353,13.548,752.95,712.42,711.15,1225.33,687.22,790.48
2025-04-09 05:00:00,10.611,15.186,764.33,764.96,710.45,1253.67,724.37,803.69
2025-04-09 06:00:00,11.091,17.58,735.72,716.77,741.41,1298.08,814.83,753.21
2025-04-09 07:00:00,12.033,13.973,658.63,668.58,,1232.29,702.2,667.33
2025-04-09 08:00:00,10.102,14.483,733.41,771.61,746.08,1266.73,730.1,777.77
2025-04-09 09:00:00,9.699,14.77,792.7,736.19,720.45,1270.48,762.84,748.54
2025-04-09 10:00:00,8.923,12.982,722.0,798.46,704.77,1270.76,,803.08
2025-04-09 11:00:00,9.789,15.323,833.59,823.75,825.89,1264.56,667.18,802.97
2025-04-09 12:00:00,8.241,12.098,808.3,819.59,753.13,,803.21,825.43
2025-04-09 13:00:00,8.654,10.457,772.94,944.39,757.62,1196.07,774.32,738.33
2025-04-09 14:00:00,7.978,10.989,815.37,831.33,768.65,1170.82,798.04,811.94
2025-04-09 15:00:00,9.285,11.965,753.05,740.9,799.11,1236.16,753.1,737.13
2025-04-09 16:00:00,7.798,9.883,799.89,809.25,799.43,1229.01,787.26,781.9
2025-04-09 17:00:00,8.372,10.982,755.39,737.66,749.35,1201.89,812.13,806.99
2025-04-09 18:00:00,6.7,11.204,855.95,912.32,842.47,1250.54,,848.25
2025-04-09 19:00:00,8.099,9.125,791.55,882.43,718.99,1184.83,797.15,724.56
2025-04-09 20:00:00,7.12,10.079,832.54,886.1,800.3,1206.84,761.17,817.9
2025-04-09 21:00:00,7.903,11.471,862.26,797.93,667.28,1261.15,881.64,806.17
2025-04-09 22:00:00,10.23,12.289,719.26,722.95,753.99,1258.11,769.89,746.96
2025-04-09 23:00:00,9.466,11.263,761.13,810.35,736.93,,736.51,760.97
2025-04-10 00:00:00,8.897,12.59,729.73,,766.19,1225.75,770.43,847.31
2025-04-10 01:00:00,11.839,12.566,702.66,649.69,737.16,1246.44,702.24,595.47
2025-04-10 02:00:00,8.807,14.244,796.9,772.02,755.48,1253.72,828.37,793.81
2025-04-10 03:00:00,10.689,14.39,740.03,818.98,707.74,1244.3,709.83,679.47
2025-04-10 04:00:00,8.691,13.619,792.43,794.18,723.79,1266.61,772.95,792.34
2025-04-10 05:00:00,9.811,14.824,751.76,813.78,768.05,1270.12,742.25,816.88
2025-04-10 06:00:00,8.939,13.807,879.21,827.37,778.53,1261.14,814.94,
2025-04-10 07:00:00,10.151,14.766,762.71,734.55,787.44,1275.98,743.32,795.84
2025-04-10 08:00:00,9.84,14.567,780.42,780.45,762.46,1276.09,783.65,783.49
2025-04-10 09:00:00,9.328,16.514,753.25,761.01,801.0,1328.72,,834.4
2025-04-10 10:00:00,10.169,12.836,783.05,819.92,767.6,,729.6,
2025-04-10 11:00:00,8.521,12.573,793.66,778.6,799.83,1309.8,744.7,826.39
2025-04-10 12:00:00,8.896,11.434,797.98,814.25,763.88,1253.14,819.02,799.75
2025-04-10 13:00:00,8.95,10.441,807.97,775.17,785.19,1213.95,778.69,821.08
2025-04-10 14:00:00,6.787,10.637,834.2,827.73,842.71,1286.32,846.46,839.81
2025-04-10 15:00:00,7.096,11.556,809.62,900.69,855.37,1224.45,832.82,850.79
2025-04-10 16:00:00,7.517,11.313,738.97,822.55,897.57,1301.11,772.72,811.93
2025-04-10 17:00:00,7.828,10.571,794.84,758.04,748.32,1304.27,792.24,813.45
2025-04-10 18:00:00,8.389,9.782,765.23,827.85,794.19,1234.83,797.71,795.91
2025-04-10 19:00:00,7.091,9.602,784.67,823.61,801.97,1211.46,805.75,843.92
2025-04-10 20:00:00,7.1,9.283,873.84,856.96,809.09,,838.36,828.62
2025-04-10 21:00:00,6.816,10.023,868.66,896.21,843.35,1262.52,830.85,829.58
2025-04-10 22:00:00,7.996,9.542,735.0,837.01,789.9,1179.46,746.0,779.28
2025-04-10 23:00:00,7.754,13.198,827.66,877.02,761.74,1299.44,750.22,824.13
2025-04-11 00:00:00,8.053,14.283,790.18,783.22,783.38,1285.77,830.91,814.1
2025-04-11 01:00:00,8.478,10.264,801.65,857.44,797.05,1192.38,756.48,791.98
2025-04-11 02:00:00,9.254,13.409,753.24,782.2,739.08,1277.05,764.9,751.39
2025-04-11 03:00:00,8.58,13.796,782.96,759.75,743.66,1282.36,766.0,863.46
2025-04-11 04:00:00,8.575,14.031,836.75,719.52,778.62,1243.65,838.27,
2025-04-11 05:00:00,9.628,13.262,,769.35,,1303.8,712.74,831.65
2025-04-11 06:00:00,6.874,15.263,909.05,844.39,806.97,1325.48,889.66,829.27
2025-04-11 07:00:00,8.741,14.455,792.71,782.83,871.15,1315.29,742.13,870.72
2025-04-11 08:00:00,8.153,14.998,768.25,847.46,783.84,1332.66,837.06,855.24
2025-04-11 09:00:00,9.817,12.55,793.84,842.31,769.49,1226.65,749.68,
2025-04-11 10:00:00,8.224,11.357,,784.84,750.43,1304.23,802.11,816.19
2025-04-11 11:00:00,7.81,13.052,842.06,842.93,830.78,1335.66,828.77,842.9
2025-04-11 12:00:00,7.88,10.854,782.18,807.71,779.56,1203.7,800.37,863.16
2025-04-11 13:00:00,7.103,12.755,801.05,821.5,852.88,1274.35,863.89,841.47
2025-04-11 14:00:00,6.938,8.453,842.52,812.69,786.41,1203.1,809.41,856.41
2025-04-11 15:00:00,7.061,10.026,796.4,919.82,786.03,1205.36,782.39,
2025-04-11 16:00:00,6.426,9.53,832.18,873.49,811.81,1209.37,827.34,797.41
2025-04-11 17:00:00,6.272,9.67,949.63,870.71,822.85,1296.41,834.22,865.34
2025-04-11 18:00:00,5.738,10.313,940.27,869.93,848.62,1225.81,877.86,857.11
2025-04-11 19:00:00,5.635,10.544,897.41,904.0,813.57,1303.53,,875.02
2025-04-11 20:00:00,6.698,11.036,818.93,843.25,782.21,1282.38,878.34,873.31
2025-04-11 21:00:00,7.057,11.493,808.83,935.85,754.47,1264.88,884.53,888.98
2025-04-11 22:00:00,5.89,10.797,888.72,903.99,813.35,1287.99,855.34,838.69
2025-04-11 23:00:00,7.902,14.017,874.22,844.77,736.39,1317.53,840.45,
2025-04-12 00:00:00,8.188,13.671,794.36,833.68,744.93,1299.55,888.71,807.83
2025-04-12 01:00:00,8.639,12.153,776.81,,769.31,1281.59,795.64,811.3
2025-04-12 02:00:00,8.361,12.849,806.79,820.12,814.54,1250.55,752.72,
2025-04-12 03:00:00,8.851,13.031,742.19,786.79,765.03,1259.15,774.09,794.58
2025-04-12 04:00:00,10.253,14.189,707.58,769.04,834.22,1232.3,722.74,748.86
2025-04-12 05:00:00,8.356,12.791,762.42,852.63,802.55,1286.8,809.05,777.64
2025-04-12 06:00:00,7.774,13.083,840.3,887.78,813.91,1255.65,864.56,802.36
2025-04-12 07:00:00,7.316,11.367,835.83,858.6,,1202.9,,812.43
2025-04-12 08:00:00,9.801,13.295,805.2,785.44,782.33,1280.26,810.11,796.41
2025-04-12 09:00:00,9.594,14.74,716.91,826.94,795.03,1281.91,780.74,
2025-04-12 10:00:00,7.163,12.872,784.26,750.02,779.07,1325.19,863.33,904.54
2025-04-12 11:00:00,7.005,12.464,855.89,866.75,822.08,1296.07,856.12,780.6
2025-04-12 12:00:00,6.991,12.404,809.55,840.13,884.7,1310.45,815.91,830.98
2025-04-12 13:00:00,7.892,10.358,777.64,830.84,798.52,1222.29,822.97,810.17
2025-04-12 14:00:00,5.568,11.117,909.58,919.42,883.22,,916.38,885.78
2025-04-12 15:00:00,4.749,11.75,880.54,983.07,856.43,1303.67,951.17,910.83
2025-04-12 16:00:00,7.84,10.741,793.56,775.96,717.2,1157.79,850.18,808.89
2025-04-12 17:00:00,6.21,11.357,848.47,856.57,,1208.77,840.41,882.92
2025-04-12 18:00:00,6.257,11.643,850.56,849.12,827.23,1258.86,909.27,819.44
2025-04-12 19:00:00,5.745,11.0,892.61,874.88,852.75,,911.89,
2025-04-12 20:00:00,6.376,9.56,802.14,819.83,821.55,1198.22,882.16,
2025-04-12 21:00:00,4.958,10.333,,1007.85,824.85,1265.39,,865.06
2025-04-12 22:00:00,5.72,13.49,921.23,942.27,859.59,1309.1,862.3,881.73
2025-04-12 23:00:00,6.741,12.044,,839.4,797.79,1284.75,851.49,877.35
2025-04-13 00:00:00,5.126,12.415,844.86,923.83,822.02,1250.77,928.57,911.68
2025-04-13 01:00:00,6.987,11.697,848.59,844.13,849.52,1283.0,782.33,884.44
2025-04-13 02:00:00,7.202,13.116,830.7,865.12,783.78,1255.42,793.3,832.68
2025-04-13 03:00:00,7.476,14.514,832.53,823.61,814.19,1319.9,837.94,865.27
2025-04-13 04:00:00,7.444,14.005,806.97,792.9,781.06,1315.19,792.26,810.87
2025-04-13 05:00:00,7.184,13.579,866.42,837.97,883.01,1352.04,824.53,
2025-04-13 06:00:00,6.54,13.941,884.28,937.8,860.29,1352.12,855.38,880.77
2025-04-13 07:00:00,8.049,15.664,913.43,780.04,771.22,1340.42,744.57,823.15
2025-04-13 08:00:00,7.549,14.852,789.21,896.86,820.75,1298.7,,
2025-04-13 09:00:00,6.475,14.391,802.27,908.36,844.76,1312.92,856.47,910.71
2025-04-13 10:00:00,7.354,13.882,908.48,840.34,824.36,1303.75,775.94,854.66
2025-04-13 11:00:00,6.755,11.469,840.64,898.23,794.96,1235.56,820.32,889.88
2025-04-13 12:00:00,6.289,12.716,845.14,895.24,810.71,1300.07,890.99,863.63
2025-04-13 13:00:00,4.599,13.172,917.08,856.84,944.19,1324.83,900.67,942.53
2025-04-13 14:00:00,6.559,11.114,797.54,857.27,786.06,1272.06,847.08,907.94
2025-04-13 15:00:00,4.756,12.206,914.92,919.42,829.18,1249.82,915.53,928.4
2025-04-13 16:00:00,5.58,11.389,872.2,963.4,772.03,1260.58,805.53,922.83
2025-04-13 17:00:00,4.741,11.549,936.8,916.9,859.08,1299.99,956.97,944.8
2025-04-13 18:00:00,5.014,10.569,917.16,912.82,803.63,1274.23,908.23,921.41
2025-04-13 19:00:00,6.266,11.662,889.93,838.01,926.06,1256.13,873.46,868.26
2025-04-13 20:00:00,5.868,9.062,863.14,886.87,771.81,1215.77,883.7,902.6
2025-04-13 21:00:00,6.517,11.199,904.08,827.51,792.9,1238.23,845.22,863.88
2025-04-13 22:00:00,6.105,12.452,885.27,935.45,933.23,1294.12,865.11,868.7
2025-04-13 23:00:00,6.426,12.457,,864.92,879.63,1224.62,942.8,859.21
2025-04-14 00:00:00,4.974,13.957,875.21,885.05,800.62,1283.54,851.13,926.61
2025-04-14 01:00:00,6.435,12.995,833.91,932.08,837.48,1266.06,881.55,874.38
2025-04-14 02:00:00,6.779,13.033,869.46,819.94,838.94,1297.82,808.54,813.95
2025-04-14 03:00:00,8.166,12.162,759.47,835.39,749.45,1297.96,856.1,881.21
2025-04-14 04:00:00,6.953,14.144,854.39,810.44,,1310.85,850.72,857.11
2025-04-14 05:00:00,7.67,15.317,805.01,862.22,,1279.52,777.34,862.02
2025-04-14 06:00:00,7.661,15.704,792.31,894.68,750.6,1315.54,852.65,898.02
2025-04-14 07:00:00,8.346,13.07,766.92,796.21,831.3,1240.98,841.89,776.45
2025-04-14 08:00:00,7.174,15.986,850.23,821.19,859.49,1323.14,861.29,890.56
2025-04-14 09:00:00,7.734,13.116,849.2,795.91,883.56,1246.87,853.67,803.68
2025-04-14 10:00:00,5.441,13.753,865.88,914.94,860.24,1293.35,945.69,899.14
2025-04-14 11:00:00,5.206,12.761,819.0,998.82,930.37,1263.45,924.54,938.83
2025-04-14 12:00:00,4.342,13.455,1029.38,994.15,865.88,,906.99,957.95
2025-04-14 13:00:00,6.469,12.578,894.6,927.55,881.77,1287.13,907.64,844.44
2025-04-14 14:00:00,6.072,12.825,900.33,851.38,922.78,1256.44,886.7,825.19
2025-04-14 15:00:00,5.984,13.839,931.69,943.89,813.65,1300.26,857.03,808.92
2025-04-14 16:00:00,4.517,11.816,,980.38,801.0,1329.62,928.37,962.73
2025-04-14 17:00:00,4.471,10.477,897.22,950.54,879.21,1279.04,923.04,831.46
2025-04-14 18:00:00,4.768,11.684,946.53,,877.7,1267.57,908.79,899.49
2025-04-14 19:00:00,6.044,13.564,919.02,936.17,842.5,1279.26,822.1,850.8
2025-04-14 20:00:00,6.348,12.248,878.91,856.51,875.26,,903.86,804.07
2025-04-14 21:00:00,5.802,12.945,906.68,929.45,804.35,1271.22,906.33,855.06
2025-04-14 22:00:00,5.665,10.344,824.58,884.53,835.43,1275.92,848.93,856.88
2025-04-14 23:00:00,6.742,13.235,841.77,,798.13,1360.99,869.93,883.83
2025-04-15 00:00:00,5.764,12.999,936.73,888.33,921.23,1293.9,891.98,891.59
2025-04-15 01:00:00,5.952,13.055,900.26,977.43,881.11,1290.91,814.54,851.85
2025-04-15 02:00:00,6.436,14.36,813.25,840.51,814.38,1271.99,861.38,826.35
2025-04-15 03:00:00,5.99,14.966,861.04,942.89,860.09,1368.59,892.41,926.11
2025-04-15 04:00:00,6.809,14.438,908.25,909.04,828.37,1322.46,916.37,848.7
2025-04-15 05:00:00,6.161,15.647,893.85,892.43,802.48,1281.17,881.42,864.32
2025-04-15 06:00:00,7.901,15.316,834.05,821.02,880.99,1323.8,888.91,875.29
2025-04-15 07:00:00,7.462,16.334,851.99,810.29,812.41,1334.54,831.41,838.36
2025-04-15 08:00:00,8.037,15.6,822.23,891.16,942.27,1321.48,813.42,833.69
2025-04-15 09:00:00,5.386,15.495,880.57,876.55,877.19,1324.35,838.31,930.4
2025-04-15 10:00:00,7.949,15.841,799.53,731.61,868.55,1325.55,823.1,856.32
2025-04-15 11:00:00,4.868,14.886,946.05,951.21,886.08,1297.53,899.04,890.51
2025-04-15 12:00:00,4.844,13.732,914.48,882.16,892.03,1312.16,888.94,882.24
2025-04-15 13:00:00,4.983,10.754,913.62,918.42,841.92,1278.88,874.2,905.39
2025-04-15 14:00:00,6.224,13.43,885.29,837.36,768.87,1287.07,831.16,847.14
2025-04-15 15:00:00,5.098,11.343,937.59,897.63,930.03,1242.89,858.46,898.5
2025-04-15 16:00:00,4.521,12.054,923.58,944.28,852.01,1324.46,913.45,876.82
2025-04-15 17:00:00,3.95,12.441,954.2,971.77,955.03,1327.36,955.29,951.39
2025-04-15 18:00:00,3.432,13.566,950.81,1034.43,1000.02,1286.45,1003.92,995.93
2025-04-15 19:00:00,5.469,14.284,858.0,917.91,839.65,1301.86,907.83,913.73
2025-04-15 20:00:00,5.311,11.207,873.83,917.96,818.62,1261.14,825.82,900.98
2025-04-15 21:00:00,5.934,11.091,884.4,883.79,814.04,1261.8,878.37,822.3
2025-04-15 22:00:00,5.408,13.515,913.11,954.44,784.26,1319.78,942.52,833.28
2025-04-15 23:00:00,3.257,13.937,1002.32,942.36,932.95,1316.77,969.07,937.66
2025-04-16 00:00:00,4.676,12.762,890.41,921.16,,1264.86,957.48,875.41
2025-04-16 01:00:00,6.344,14.743,876.61,891.15,809.0,1323.67,856.41,880.82
2025-04-16 02:00:00,5.957,16.003,880.69,871.13,884.71,1319.28,863.69,934.76
2025-04-16 03:00:00,6.046,14.265,931.77,955.17,843.8,1326.89,855.73,800.28
2025-04-16 04:00:00,5.792,14.907,898.08,922.11,853.68,1339.36,905.83,907.23
2025-04-16 05:00:00,7.544,15.569,852.66,806.26,823.7,1374.48,801.65,851.46
2025-04-16 06:00:00,7.184,16.198,850.48,885.03,850.55,1375.08,838.13,877.2
2025-04-16 07:00:00,7.172,17.26,848.99,924.69,815.96,1374.89,869.0,918.86
2025-04-16 08:00:00,6.136,15.878,,872.48,860.49,1326.86,930.62,873.0
2025-04-16 09:00:00,6.586,16.061,823.72,941.89,824.95,1312.5,835.02,889.24
2025-04-16 10:00:00,5.119,18.319,925.35,951.41,903.21,,973.99,921.03
2025-04-16 11:00:00,5.79,14.037,882.95,914.91,819.6,1319.74,939.29,939.27
2025-04-16 12:00:00,3.554,13.927,949.61,1025.98,949.43,1299.63,908.84,940.68
2025-04-16 13:00:00,4.005,15.051,968.53,975.13,891.95,1344.54,922.24,955.7
2025-04-16 14:00:00,4.706,14.984,918.9,959.96,836.92,1328.25,897.44,908.1
2025-04-16 15:00:00,6.61,13.927,845.39,883.95,828.88,1289.62,819.86,866.76
2025-04-16 16:00:00,3.073,15.327,955.57,927.48,927.38,1356.49,978.96,985.53
2025-04-16 17:00:00,3.394,13.382,953.72,998.0,891.53,1295.84,984.74,943.2
2025-04-16 18:00:00,4.517,10.606,887.97,947.38,802.2,1219.88,909.78,873.61
2025-04-16 19:00:00,5.795,13.208,914.43,888.99,848.06,1348.34,877.12,854.22
2025-04-16 20:00:00,4.657,12.651,906.15,836.96,884.6,1285.31,972.07,970.17
2025-04-16 21:00:00,5.243,15.361,911.12,953.19,896.35,1353.56,884.81,902.55
2025-04-16 22:00:00,4.656,15.318,889.98,912.55,935.03,1292.74,926.91,981.94
2025-04-16 23:00:00,4.803,12.782,940.29,889.56,896.01,1252.16,903.41,921.64
2025-04-17 00:00:00,5.585,16.874,949.92,,892.57,1332.3,873.24,936.24
2025-04-17 01:00:00,5.3,16.945,860.14,852.87,909.86,1335.16,879.01,901.96
2025-04-17 02:00:00,6.693,15.957,878.44,902.17,823.31,1304.18,875.28,911.2
2025-04-17 03:00:00,5.074,16.714,909.36,1032.0,929.34,1332.74,975.94,949.22
2025-04-17 04:00:00,7.26,18.844,871.47,851.02,846.15,1405.34,874.76,934.81
2025-04-17 05:00:00,6.697,15.055,876.05,913.7,834.05,1295.68,,845.64
2025-04-17 06:00:00,6.533,18.071,800.17,891.41,810.2,1308.39,850.08,904.79
2025-04-17 07:00:00,5.348,18.828,941.56,946.38,913.74,1400.13,922.5,984.71
2025-04-17 08:00:00,5.758,17.258,935.38,914.87,890.87,1350.38,871.6,884.24
2025-04-17 09:00:00,7.309,17.872,898.65,901.03,874.11,1409.15,865.07,845.35
2025-04-17 10:00:00,5.934,16.852,856.63,862.35,812.1,1353.96,910.41,921.43
2025-04-17 11:00:00,6.033,15.354,879.07,906.97,889.82,,,885.39
2025-04-17 12:00:00,4.796,14.855,893.69,986.47,879.1,1321.65,831.79,928.49
2025-04-17 13:00:00,5.166,16.211,841.26,961.36,847.52,1332.53,908.51,891.32
2025-04-17 14:00:00,3.803,14.161,915.53,983.85,887.19,1342.37,,945.48
2025-04-17 15:00:00,4.733,12.729,866.83,940.65,842.13,1254.09,924.66,940.25
2025-04-17 16:00:00,4.759,14.437,923.41,926.58,899.0,1355.6,974.48,918.52
2025-04-17 17:00:00,4.601,13.524,854.94,929.24,865.68,1295.12,945.6,956.45
2025-04-17 18:00:00,3.582,12.683,902.49,911.29,900.31,1253.0,924.7,881.6
2025-04-17 19:00:00,4.074,14.326,912.22,982.74,881.4,1340.83,914.17,953.04
2025-04-17 20:00:00,4.899,15.41,939.13,994.05,881.87,1331.82,904.59,933.72
2025-04-17 21:00:00,4.493,14.881,1018.38,962.63,846.27,1295.76,909.96,927.44
2025-04-17 22:00:00,4.683,14.042,922.66,942.92,800.43,1327.49,923.35,
2025-04-17 23:00:00,6.728,16.432,829.43,907.95,960.6,1326.96,820.32,882.45
2025-04-18 00:00:00,4.758,17.664,902.49,865.99,904.5,1401.21,900.24,921.59
2025-04-18 01:00:00,6.697,19.646,903.91,874.33,991.25,1395.95,865.93,909.82
2025-04-18 02:00:00,5.202,19.254,873.87,938.33,897.85,1418.54,,884.34
2025-04-18 03:00:00,6.902,16.782,900.64,811.2,845.34,1338.15,890.25,860.4
2025-04-18 04:00:00,7.14,19.387,876.9,886.11,842.89,1346.32,846.22,856.57
2025-04-18 05:00:00,6.289,18.916,884.65,831.46,,1416.04,806.07,835.47
2025-04-18 06:00:00,5.769,17.345,837.55,945.07,880.95,1343.66,934.14,885.71
2025-04-18 07:00:00,5.131,19.051,954.28,952.0,844.96,1341.58,912.37,953.88
2025-04-18 08:00:00,6.1,20.864,876.42,909.75,843.74,1414.62,892.01,920.92
2025-04-18 09:00:00,6.828,19.731,882.98,,813.35,1379.92,,934.37
2025-04-18 10:00:00,5.302,16.717,901.26,936.36,888.92,1385.47,949.62,901.38
2025-04-18 11:00:00,5.958,17.519,836.56,930.9,879.49,1347.81,907.24,875.34
2025-04-18 12:00:00,4.395,17.626,928.17,973.57,915.62,1378.57,939.58,955.44
2025-04-18 13:00:00,5.085,14.494,860.48,896.35,847.1,1336.51,896.03,937.69
2025-04-18 14:00:00,4.072,14.105,906.63,1024.74,848.42,1322.87,895.24,943.72
2025-04-18 15:00:00,4.686,15.963,935.78,997.77,942.61,1380.23,933.13,924.95
2025-04-18 16:00:00,4.164,15.712,958.7,981.04,914.44,1381.11,893.32,965.13
2025-04-18 17:00:00,3.5,13.157,940.56,983.48,932.04,1280.76,946.19,935.88
2025-04-18 18:00:00,3.892,15.813,911.24,1002.9,953.08,1364.37,1018.74,975.57
2025-04-18 19:00:00,3.721,16.772,928.63,1031.65,836.26,1420.86,901.78,933.99
2025-04-18 20:00:00,3.545,15.457,927.03,1059.09,921.83,1324.22,971.49,949.99
2025-04-18 21:00:00,5.662,16.161,819.4,895.65,919.24,1311.1,879.83,896.07
2025-04-18 22:00:00,4.765,17.242,926.74,991.08,847.88,1392.81,897.1,986.86
2025-04-18 23:00:00,3.59,17.617,900.46,984.5,882.49,1365.74,944.46,985.64
2025-04-19 00:00:00,5.173,15.658,,867.08,832.82,1400.08,911.64,837.18
2025-04-19 01:00:00,6.723,17.144,817.82,919.81,787.87,1344.44,954.83,939.06
2025-04-19 02:00:00,5.682,18.29,861.0,981.75,907.56,1356.29,934.0,945.47
2025-04-19 03:00:00,7.747,18.199,868.37,895.6,841.13,1349.67,864.08,908.62
2025-04-19 04:00:00,6.065,21.362,907.17,913.24,838.42,1478.94,883.67,960.68
2025-04-19 05:00:00,7.283,20.615,802.86,894.28,780.44,1374.46,823.75,858.18
2025-04-19 06:00:00,7.762,18.643,827.0,885.51,799.05,1363.04,,839.7
2025-04-19 07:00:00,7.263,19.701,874.47,899.61,897.9,1388.81,908.28,847.9
2025-04-19 08:00:00,5.694,21.168,894.13,980.48,848.88,1358.63,894.45,937.89
2025-04-19 09:00:00,5.861,18.77,888.35,956.48,807.33,1376.51,908.66,855.44
2025-04-19 10:00:00,7.314,20.206,874.67,853.41,846.98,1399.47,863.2,895.48
2025-04-19 11:00:00,5.457,20.414,920.62,937.67,847.18,1397.75,923.65,939.25
2025-04-19 12:00:00,6.583,19.748,849.81,878.39,938.04,1424.5,877.59,876.16
2025-04-19 13:00:00,5.16,18.04,917.47,945.44,897.66,1407.24,936.76,990.36
2025-04-19 14:00:00,5.341,18.894,905.42,861.01,875.56,1401.58,887.54,956.47
2025-04-19 15:00:00,3.884,16.404,1005.42,,897.5,1329.39,973.41,851.78
2025-04-19 16:00:00,4.328,19.748,,939.55,,1393.72,1026.21,985.33
2025-04-19 17:00:00,4.008,16.907,948.57,951.93,891.61,1404.51,948.98,941.98
2025-04-19 18:00:00,4.862,17.978,933.86,951.66,999.21,1454.32,913.89,931.25
2025-04-19 19:00:00,4.811,16.287,907.31,889.81,930.0,1382.51,915.31,959.55
2025-04-19 20:00:00,5.241,17.573,887.15,921.61,877.19,1388.36,942.23,924.23
2025-04-19 21:00:00,4.683,17.996,945.94,960.87,911.1,1357.13,886.29,930.83
2025-04-19 22:00:00,4.595,16.695,942.86,1019.0,865.5,1366.63,975.84,898.21
2025-04-19 23:00:00,5.789,17.194,968.16,922.01,913.1,1323.93,899.74,909.83
2025-04-20 00:00:00,5.145,18.668,945.92,925.13,752.7,1411.69,934.63,917.49
2025-04-20 01:00:00,7.158,20.809,899.8,838.36,832.38,1406.03,865.22,909.95
2025-04-20 02:00:00,6.508,17.819,,980.72,810.36,1333.11,876.49,904.09
2025-04-20 03:00:00,6.603,20.047,861.16,901.9,902.49,1394.37,848.14,976.03
2025-04-20 04:00:00,7.441,22.424,828.53,,856.98,1455.85,832.4,867.45
2025-04-20 05:00:00,7.146,19.624,833.09,825.34,775.04,1401.96,817.06,861.34
2025-04-20 06:00:00,5.938,22.727,940.08,949.15,889.38,1463.04,859.24,954.39
2025-04-20 07:00:00,6.391,19.852,940.13,881.51,866.44,1416.09,934.74,880.45
2025-04-20 08:00:00,7.984,19.957,871.95,913.26,891.17,1362.51,834.79,833.68
2025-04-20 09:00:00,7.031,20.613,870.04,905.42,867.13,1384.16,886.22,854.92
2025-04-20 10:00:00,5.388,22.675,989.86,950.62,904.15,1438.24,944.63,1004.44
2025-04-20 11:00:00,6.743,19.227,862.19,839.0,856.68,1351.89,879.92,877.33
2025-04-20 12:00:00,5.721,17.449,858.14,915.34,772.82,1367.9,925.97,909.5
2025-04-20 13:00:00,5.176,17.379,922.12,927.94,847.13,1326.6,965.49,893.4
2025-04-20 14:00:00,4.689,19.747,982.79,964.12,823.42,1424.55,943.45,974.1
2025-04-20 15:00:00,6.175,16.64,852.45,823.53,938.27,1302.55,855.87,905.96
2025-04-20 16:00:00,3.63,19.423,906.09,955.72,,1442.24,1014.6,992.93
2025-04-20 17:00:00,4.432,17.932,937.92,942.14,929.65,1394.8,884.14,929.59
2025-04-20 18:00:00,5.176,17.791,942.13,957.75,840.8,1333.12,941.0,933.97
2025-04-20 19:00:00,6.403,18.304,779.33,822.8,840.55,1391.92,886.88,900.52
2025-04-20 20:00:00,5.723,17.236,931.53,973.85,853.36,1360.85,921.85,910.31
2025-04-20 21:00:00,4.813,18.73,881.68,1001.84,919.4,1432.46,889.66,
2025-04-20 22:00:00,6.982,17.596,889.06,839.59,832.6,1356.79,887.12,871.04
2025-04-20 23:00:00,4.984,21.178,865.87,1052.81,879.05,1390.96,923.85,971.58
2025-04-21 00:00:00,6.611,18.893,828.29,904.65,768.4,1373.72,856.64,869.96
2025-04-21 01:00:00,7.12,21.219,897.77,,948.96,1418.99,930.22,911.93
2025-04-21 02:00:00,6.335,19.982,935.08,930.98,845.32,1392.88,928.9,
2025-04-21 03:00:00,7.868,21.047,854.09,878.09,819.85,1431.47,865.93,
2025-04-21 04:00:00,7.11,21.604,961.96,891.97,833.12,1462.52,884.14,922.57
2025-04-21 05:00:00,8.219,25.878,830.53,821.25,913.29,1514.24,826.03,861.37
2025-04-21 06:00:00,6.253,22.4,869.46,899.6,854.53,1422.34,873.51,926.13
2025-04-21 07:00:00,7.974,21.411,842.5,873.36,815.25,1432.04,867.0,871.22
2025-04-21 08:00:00,7.278,21.711,861.67,915.59,862.75,1430.13,824.58,898.39
2025-04-21 09:00:00,8.359,20.168,846.63,900.6,870.77,1372.44,872.07,828.77
2025-04-21 10:00:00,7.178,21.412,849.37,866.26,854.21,1471.06,917.8,826.23
2025-04-21 11:00:00,7.945,23.393,882.66,869.1,,1459.9,895.63,938.08
2025-04-21 12:00:00,7.064,21.104,896.2,860.85,851.03,1399.18,896.09,
2025-04-21 13:00:00,6.268,21.314,956.87,957.11,856.44,1429.56,864.03,945.08
2025-04-21 14:00:00,6.734,18.702,858.44,878.17,928.33,,837.98,851.12
2025-04-21 15:00:00,6.514,19.182,895.73,875.59,824.5,1443.25,931.31,925.9
2025-04-21 16:00:00,6.089,19.399,918.02,915.84,886.78,1415.97,909.76,911.13
2025-04-21 17:00:00,3.781,18.13,955.47,916.48,894.79,1376.53,987.43,964.04
2025-04-21 18:00:00,4.811,19.458,925.43,976.05,926.09,1431.59,981.82,904.97
2025-04-21 19:00:00,6.769,19.83,807.46,880.48,,1407.14,954.38,895.68
2025-04-21 20:00:00,4.801,19.988,938.43,1067.03,914.47,,905.51,978.6
2025-04-21 21:00:00,6.727,19.518,900.32,868.57,859.1,1357.2,924.88,893.96
2025-04-21 22:00:00,6.859,21.467,882.53,884.23,816.6,1407.71,818.06,965.48
2025-04-21 23:00:00,6.027,20.375,875.56,958.95,874.25,1388.73,889.09,936.87
2025-04-22 00:00:00,5.347,20.828,865.25,972.67,819.3,1399.33,878.03,1000.4
2025-04-22 01:00:00,6.823,23.538,910.73,943.71,884.44,1482.62,909.44,893.34
2025-04-22 02:00:00,9.255,21.005,816.55,805.67,781.53,1432.35,874.4,797.77
2025-04-22 03:00:00,7.175,20.748,921.1,836.75,841.85,1377.17,840.85,
2025-04-22 04:00:00,7.447,22.111,820.26,,853.42,1434.06,800.34,866.51
2025-04-22 05:00:00,7.429,23.86,862.89,904.5,868.51,1506.01,835.56,886.34
2025-04-22 06:00:00,9.266,25.046,787.03,837.67,727.69,1503.04,776.55,
2025-04-22 07:00:00,8.084,22.688,891.62,891.6,824.33,1434.13,753.08,889.66
2025-04-22 08:00:00,7.684,25.5,922.97,828.49,876.23,1483.03,891.25,886.17
2025-04-22 09:00:00,9.151,23.079,894.93,808.16,882.9,1487.72,831.16,858.57
2025-04-22 10:00:00,8.261,22.535,868.35,811.53,943.85,1480.76,819.93,
2025-04-22 11:00:00,6.799,21.213,912.72,902.75,946.59,1472.48,898.92,897.09
2025-04-22 12:00:00,6.271,24.098,928.11,866.49,860.77,1477.13,933.3,916.62
2025-04-22 13:00:00,7.892,21.099,874.01,887.69,859.41,,907.52,849.52
2025-04-22 14:00:00,6.717,19.239,880.23,940.13,901.7,1359.34,,920.32
2025-04-22 15:00:00,5.242,23.412,960.23,998.36,941.32,1487.25,897.06,946.11
2025-04-22 16:00:00,4.891,20.657,1010.91,,905.27,1419.85,964.21,963.7
2025-04-22 17:00:00,5.332,20.983,932.78,950.02,910.71,1435.13,885.78,916.89
2025-04-22 18:00:00,5.219,22.014,933.76,932.3,924.12,1385.26,944.69,954.13
2025-04-22 19:00:00,4.642,20.84,950.73,981.91,889.71,1425.62,1006.97,974.97
2025-04-22 20:00:00,5.547,21.511,916.27,932.64,908.91,1482.45,928.93,974.07
2025-04-22 21:00:00,5.909,20.762,916.59,848.4,833.23,1431.12,933.38,909.59
2025-04-22 22:00:00,6.551,22.03,889.31,881.8,977.0,1361.63,834.67,878.0
2025-04-22 23:00:00,8.592,21.628,876.78,871.62,811.27,1441.03,880.1,855.93
2025-04-23 00:00:00,7.363,22.2,910.28,835.96,883.21,1478.33,766.03,843.72
2025-04-23 01:00:00,7.781,22.923,941.09,823.96,864.08,1404.65,924.5,910.52
2025-04-23 02:00:00,8.64,22.822,839.96,834.0,838.77,1448.59,911.48,858.23
2025-04-23 03:00:00,8.319,24.354,866.76,770.09,875.44,1462.78,837.05,838.31
2025-04-23 04:00:00,9.048,24.705,846.47,863.76,881.51,1486.86,810.18,846.96
2025-04-23 05:00:00,9.101,25.321,846.11,860.38,840.88,1503.93,823.19,894.03
2025-04-23 06:00:00,9.044,25.209,879.77,874.11,871.72,1476.38,874.19,832.15
2025-04-23 07:00:00,11.147,26.809,719.95,769.21,806.1,1492.12,700.74,829.25
2025-04-23 08:00:00,9.571,25.507,842.91,786.13,772.8,1536.61,807.07,907.54
2025-04-23 09:00:00,7.815,23.711,937.74,821.86,860.52,1585.64,873.59,926.01
2025-04-23 10:00:00,8.757,24.123,891.07,864.19,829.86,1488.25,894.67,881.3
2025-04-23 11:00:00,7.567,24.826,923.55,910.96,897.36,1495.42,834.97,903.39
2025-04-23 12:00:00,8.275,21.507,874.54,,865.74,1404.47,860.48,839.26
2025-04-23 13:00:00,6.537,24.579,886.72,864.53,900.28,1488.76,912.64,961.58
2025-04-23 14:00:00,6.49,20.783,865.54,903.89,891.73,1425.06,927.09,930.49
2025-04-23 15:00:00,7.433,22.411,846.77,884.85,868.5,1449.32,902.72,949.31
2025-04-23 16:00:00,7.794,21.052,816.65,901.14,821.8,1352.28,826.41,886.65
2025-04-23 17:00:00,7.308,20.815,902.18,905.09,908.53,1399.18,980.95,892.25
2025-04-23 18:00:00,7.577,19.275,905.96,862.15,866.43,1380.0,907.57,909.15
2025-04-23 19:00:00,7.264,22.027,890.94,,944.75,1428.79,828.82,932.98
2025-04-23 20:00:00,7.252,19.622,893.41,862.82,844.08,1407.28,834.09,817.31
2025-04-23 21:00:00,6.931,19.785,885.22,875.21,836.24,1455.51,899.84,933.29
2025-04-23 22:00:00,8.263,23.351,873.62,889.57,759.61,1472.95,827.41,
2025-04-23 23:00:00,8.752,24.619,771.64,882.1,,1488.25,830.86,857.96
2025-04-24 00:00:00,8.222,22.217,860.78,892.9,865.64,1458.27,907.88,878.66
2025-04-24 01:00:00,8.519,24.768,838.02,844.51,883.53,1521.04,887.2,910.78
2025-04-24 02:00:00,10.205,25.03,804.23,799.96,882.55,1556.09,779.74,874.98
2025-04-24 03:00:00,9.194,24.407,840.29,794.35,838.83,1475.89,813.42,881.01
2025-04-24 04:00:00,9.492,26.465,808.27,861.65,807.26,1509.77,743.4,874.34
2025-04-24 05:00:00,9.969,24.892,775.24,782.02,855.0,1480.49,817.96,861.86
2025-04-24 06:00:00,9.574,25.804,801.93,741.17,821.87,1500.89,734.92,878.73
2025-04-24 07:00:00,8.986,23.637,784.08,815.73,757.31,,785.74,938.68
2025-04-24 08:00:00,9.854,23.514,769.46,770.97,875.9,1448.87,752.66,881.15
2025-04-24 09:00:00,9.361,26.078,799.62,720.41,792.07,1474.52,862.87,885.31
2025-04-24 10:00:00,10.647,24.947,738.34,754.83,765.24,1494.09,787.34,789.2
2025-04-24 11:00:00,9.545,23.657,837.7,846.82,853.11,1546.3,831.39,
2025-04-24 12:00:00,8.158,25.624,835.37,882.37,780.0,1507.38,804.89,885.56
2025-04-24 13:00:00,8.937,25.117,777.57,,846.88,1508.34,881.73,863.17
2025-04-24 14:00:00,8.341,22.908,835.49,908.83,855.66,1484.46,842.9,843.09
2025-04-24 15:00:00,8.924,20.243,782.25,802.0,861.32,1363.48,765.3,845.99
2025-04-24 16:00:00,7.297,21.561,923.77,835.36,888.11,1455.21,851.65,897.86
2025-04-24 17:00:00,7.778,20.518,859.2,882.41,875.96,1421.68,915.8,924.79
2025-04-24 18:00:00,7.538,21.578,814.58,,894.77,1384.81,832.38,
2025-04-24 19:00:00,7.735,20.437,875.29,813.14,907.63,1402.42,863.04,886.38
2025-04-24 20:00:00,7.13,20.345,874.88,875.82,840.67,1331.98,870.02,920.94
2025-04-24 21:00:00,8.521,19.404,820.39,857.09,779.69,1330.41,796.27,865.46
2025-04-24 22:00:00,8.673,22.754,894.65,851.71,796.65,1402.8,852.53,865.53
2025-04-24 23:00:00,9.687,20.297,765.96,830.18,824.58,1344.92,808.97,867.83
2025-04-25 00:00:00,8.992,23.208,868.89,804.99,818.93,1488.93,,761.7
2025-04-25 01:00:00,9.012,24.962,825.67,,814.89,1441.8,823.22,920.47
2025-04-25 02:00:00,10.293,23.763,796.12,753.13,846.24,1453.58,747.18,754.3
2025-04-25 03:00:00,9.305,23.76,800.14,858.1,850.6,1450.09,755.14,891.4
2025-04-25 04:00:00,11.029,25.315,750.91,802.8,851.03,1460.7,791.98,830.34
2025-04-25 05:00:00,11.178,24.619,750.41,745.6,,1436.42,724.75,803.79
2025-04-25 06:00:00,11.389,25.921,696.2,806.65,798.78,1449.87,763.84,839.59
2025-04-25 07:00:00,10.674,24.407,797.22,768.46,775.41,1474.89,783.76,814.37
2025-04-25 08:00:00,9.894,25.337,821.0,788.9,732.35,1403.0,808.76,858.77
2025-04-25 09:00:00,10.21,24.744,751.74,739.58,786.89,1494.22,867.62,807.43
2025-04-25 10:00:00,10.209,24.747,827.32,793.06,778.66,1450.37,741.07,834.22
2025-04-25 11:00:00,9.198,26.255,891.6,,786.46,1505.51,819.37,916.33
2025-04-25 12:00:00,10.432,24.029,769.47,835.23,805.87,1468.31,778.3,840.68
2025-04-25 13:00:00,9.55,23.89,792.65,858.85,860.51,1492.82,829.65,873.95
2025-04-25 14:00:00,8.113,22.066,891.11,876.57,826.76,1410.0,840.4,
2025-04-25 15:00:00,10.115,22.682,812.39,857.58,817.75,1414.31,757.79,822.67
2025-04-25 16:00:00,8.526,21.779,834.52,803.76,810.8,1376.59,777.42,837.16
2025-04-25 17:00:00,7.483,21.956,897.79,923.81,854.48,1446.84,851.25,896.65
2025-04-25 18:00:00,7.683,22.642,876.35,883.31,834.65,1507.2,814.01,846.75
2025-04-25 19:00:00,9.609,21.342,856.99,814.97,819.24,1391.31,826.77,809.12
2025-04-25 20:00:00,10.029,21.675,796.06,737.08,822.81,1402.65,732.81,791.66
2025-04-25 21:00:00,9.597,21.897,824.75,822.24,881.93,1431.69,807.89,868.8
2025-04-25 22:00:00,10.123,22.297,834.67,838.37,774.98,1417.55,843.26,
2025-04-25 23:00:00,10.36,23.604,707.85,701.15,789.86,1465.4,827.12,855.02
2025-04-26 00:00:00,10.173,23.485,839.53,825.59,851.39,1439.69,798.38,832.62
2025-04-26 01:00:00,10.331,26.245,788.82,704.07,800.06,1518.54,786.66,870.54
2025-04-26 02:00:00,10.819,28.153,813.69,722.91,829.78,1504.13,812.42,853.14
2025-04-26 03:00:00,11.254,24.678,821.01,745.08,753.13,1453.31,811.62,761.0
2025-04-26 04:00:00,10.293,26.037,796.28,859.79,,1457.09,756.19,767.47
2025-04-26 05:00:00,11.621,27.136,742.42,733.43,799.65,1470.86,687.01,774.56
2025-04-26 06:00:00,12.273,25.645,721.36,720.44,796.82,1458.72,663.95,773.38
2025-04-26 07:00:00,10.929,24.708,725.43,727.81,753.85,1454.86,742.31,864.27
2025-04-26 08:00:00,10.753,27.793,874.16,773.75,829.49,1541.77,772.1,855.4
2025-04-26 09:00:00,11.224,26.217,,752.73,777.92,1488.53,820.98,
2025-04-26 10:00:00,10.104,25.366,868.33,867.36,747.68,1472.06,805.07,847.87
2025-04-26 11:00:00,9.31,26.245,825.77,800.94,814.67,1483.8,808.6,890.87
2025-04-26 12:00:00,11.0,24.915,775.52,735.19,753.21,1462.24,,831.65
2025-04-26 13:00:00,9.439,23.418,854.13,861.27,840.24,1474.1,804.97,842.87
2025-04-26 14:00:00,9.554,21.823,772.11,799.86,773.95,1396.09,834.6,802.45
2025-04-26 15:00:00,8.832,21.991,828.08,837.89,832.81,1508.27,787.85,888.69
2025-04-26 16:00:00,10.179,23.712,832.38,811.61,805.76,1404.34,836.0,785.23
2025-04-26 17:00:00,9.749,22.886,802.56,781.23,839.12,1409.7,791.12,854.42
2025-04-26 18:00:00,8.862,21.776,,749.66,807.03,1407.22,810.39,825.44
2025-04-26 19:00:00,8.18,24.188,898.85,903.82,794.55,1498.05,781.97,800.09
2025-04-26 20:00:00,8.994,22.079,876.55,833.06,,1469.26,796.01,848.17
2025-04-26 21:00:00,9.947,23.769,863.05,751.93,788.43,1438.27,745.97,830.7
2025-04-26 22:00:00,9.918,23.261,783.33,833.52,856.05,1413.28,802.52,806.87
2025-04-26 23:00:00,10.172,25.797,789.99,881.11,816.08,1455.48,759.06,879.82
2025-04-27 00:00:00,10.593,24.897,773.96,827.74,801.36,1490.66,712.58,763.14
2025-04-27 01:00:00,11.369,24.563,782.61,826.27,795.16,1410.21,763.67,803.85
2025-04-27 02:00:00,11.046,24.773,729.92,709.88,809.29,1463.53,728.03,822.27
2025-04-27 03:00:00,11.715,25.379,706.5,738.64,758.31,1469.13,698.48,785.2
2025-04-27 04:00:00,10.784,24.841,757.69,785.47,773.44,,864.96,805.21
2025-04-27 05:00:00,13.764,24.267,616.08,614.94,674.2,1387.4,600.7,647.85
2025-04-27 06:00:00,11.562,26.34,788.25,725.93,696.57,1439.03,777.35,783.67
2025-04-27 07:00:00,11.938,25.256,,598.89,793.76,1452.55,672.21,791.11
2025-04-27 08:00:00,12.136,25.047,709.78,774.47,707.88,1464.87,719.06,720.86
2025-04-27 09:00:00,11.19,25.26,761.28,688.99,758.3,1450.48,774.8,725.71
2025-04-27 10:00:00,11.303,25.008,673.33,783.67,757.71,1474.87,677.28,774.07
2025-04-27 11:00:00,11.031,24.464,755.03,759.2,796.8,1444.81,705.28,782.6
2025-04-27 12:00:00,10.019,26.016,860.03,806.16,817.11,1506.17,848.61,782.8
2025-04-27 13:00:00,10.817,24.199,760.58,759.64,815.02,1415.51,748.01,783.72
2025-04-27 14:00:00,8.883,25.443,807.52,850.02,868.4,1480.22,837.94,929.22
2025-04-27 15:00:00,11.382,21.963,793.37,760.22,720.57,1451.16,771.03,804.93
2025-04-27 16:00:00,10.45,23.103,748.89,819.02,759.26,1413.64,824.55,833.27
2025-04-27 17:00:00,10.233,21.493,842.84,780.31,779.98,1415.37,753.43,820.81
2025-04-27 18:00:00,8.317,21.201,943.61,799.24,867.05,1414.29,834.27,785.14
2025-04-27 19:00:00,9.139,24.506,830.57,781.49,857.97,1452.76,803.74,899.46
2025-04-27 20:00:00,11.029,21.198,799.92,790.58,789.81,1415.35,735.19,732.54
2025-04-27 21:00:00,13.455,19.748,584.6,611.71,652.76,1313.51,598.51,643.36
2025-04-27 22:00:00,11.363,21.978,686.12,694.56,797.74,1433.17,714.9,758.06
2025-04-27 23:00:00,11.551,20.888,705.32,693.52,757.39,1400.03,793.58,
2025-04-28 00:00:00,11.477,22.661,773.12,728.35,730.4,1370.09,708.7,734.87
2025-04-28 01:00:00,10.714,23.276,778.47,718.4,774.38,1455.53,662.04,772.03
2025-04-28 02:00:00,12.502,24.817,702.79,686.22,762.88,1440.67,679.42,771.39
2025-04-28 03:00:00,11.098,22.715,,800.47,832.24,1384.67,678.18,850.3
2025-04-28 04:00:00,11.226,26.912,769.57,752.18,715.02,,769.57,797.66
2025-04-28 05:00:00,11.319,23.411,731.84,671.27,776.23,1402.27,731.59,806.5
2025-04-28 06:00:00,13.183,25.561,649.46,689.07,638.95,1452.46,739.48,708.35
2025-04-28 07:00:00,12.339,25.241,683.24,,705.87,1504.99,736.85,780.15
2025-04-28 08:00:00,12.37,26.404,729.1,745.52,762.22,1467.14,620.3,772.96
2025-04-28 09:00:00,12.109,25.5,704.62,711.81,752.33,1438.46,660.75,779.78
2025-04-28 10:00:00,10.996,26.071,779.47,858.48,757.0,1477.92,751.67,780.14
2025-04-28 11:00:00,11.093,23.713,703.18,783.02,756.32,1431.42,759.35,775.66
2025-04-28 12:00:00,10.846,23.053,789.79,882.68,818.8,1442.37,793.19,798.67
2025-04-28 13:00:00,9.93,23.57,816.45,857.02,814.65,1431.69,817.72,822.75
2025-04-28 14:00:00,10.384,23.808,785.47,833.86,799.25,1357.34,800.15,839.02
2025-04-28 15:00:00,9.696,23.129,818.25,784.22,857.33,1441.55,781.97,780.26
2025-04-28 16:00:00,10.854,22.187,800.64,722.18,807.3,1401.12,740.58,844.87
2025-04-28 17:00:00,10.823,21.86,717.02,765.18,757.82,,766.72,841.54
2025-04-28 18:00:00,9.24,21.448,820.13,810.96,841.92,1404.18,820.55,855.9
2025-04-28 19:00:00,10.1,22.03,750.17,770.83,787.67,1452.48,801.72,810.15
2025-04-28 20:00:00,11.963,24.159,733.25,707.52,749.58,1406.32,678.56,748.97
2025-04-28 21:00:00,9.906,21.721,791.33,790.26,729.59,1407.97,787.09,808.53
2025-04-28 22:00:00,11.301,21.967,747.75,712.89,733.89,,770.61,786.85
2025-04-28 23:00:00,11.354,22.334,777.74,763.34,764.37,1365.52,709.94,756.77
2025-04-29 00:00:00,12.475,23.825,734.71,655.81,677.23,1427.62,705.61,720.38
2025-04-29 01:00:00,12.168,21.305,746.39,692.17,708.33,1376.58,657.26,679.13
2025-04-29 02:00:00,11.896,24.148,719.17,667.44,,1500.9,712.88,764.57
2025-04-29 03:00:00,12.563,25.756,735.42,691.17,761.08,1474.78,713.76,732.85
2025-04-29 04:00:00,12.785,24.361,712.24,679.58,773.85,1450.13,704.88,781.93
2025-04-29 05:00:00,12.786,25.391,686.11,636.11,678.63,1419.06,644.72,733.03
2025-04-29 06:00:00,11.865,27.74,,731.19,702.5,1520.39,612.62,705.69
2025-04-29 07:00:00,13.893,25.513,643.83,612.51,700.44,1448.3,675.34,696.45
2025-04-29 08:00:00,13.65,22.201,693.76,601.07,679.65,1302.78,670.94,682.27
2025-04-29 09:00:00,11.79,22.852,760.18,699.35,763.62,1444.95,640.84,735.84
2025-04-29 10:00:00,12.155,23.801,708.43,719.98,765.83,1420.24,720.64,815.97
2025-04-29 11:00:00,11.944,22.627,709.94,710.23,743.68,1378.06,710.87,760.5
2025-04-29 12:00:00,10.906,23.17,803.78,798.96,835.67,1424.22,808.36,768.89
2025-04-29 13:00:00,10.045,22.146,845.11,753.33,862.69,1399.6,835.48,866.75
2025-04-29 14:00:00,10.731,23.388,789.32,761.84,865.87,1443.43,800.06,810.06
2025-04-29 15:00:00,10.751,20.235,,734.39,854.08,1364.38,738.92,780.36
2025-04-29 16:00:00,9.709,20.949,848.01,804.56,772.16,1450.89,,802.82
2025-04-29 17:00:00,10.901,21.228,755.62,765.84,812.72,1444.09,765.32,776.19
2025-04-29 18:00:00,11.666,21.279,733.01,671.52,748.72,1391.88,671.67,705.01
2025-04-29 19:00:00,11.466,21.083,754.73,751.62,666.71,1400.3,654.38,
2025-04-29 20:00:00,10.828,18.182,735.97,835.82,775.33,1389.21,849.63,736.79
2025-04-29 21:00:00,9.663,21.461,865.47,811.98,776.09,1399.19,768.69,865.37
2025-04-29 22:00:00,11.973,21.563,,669.76,730.89,1380.33,721.78,744.65
2025-04-29 23:00:00,11.822,23.231,734.28,705.27,697.79,1435.66,748.46,809.13
2025-04-30 00:00:00,12.371,23.547,776.56,677.42,781.62,1414.69,707.52,784.38
2025-04-30 01:00:00,13.906,23.453,573.41,582.85,628.24,1402.47,506.52,638.82
2025-04-30 02:00:00,12.001,23.989,735.32,739.23,712.22,1418.92,766.84,
2025-04-30 03:00:00,10.625,25.616,769.35,707.86,849.24,1445.04,776.31,822.8
2025-04-30 04:00:00,12.287,25.657,722.71,,753.16,,720.3,759.5
2025-04-30 05:00:00,13.652,24.773,614.21,678.72,758.7,1457.31,605.16,726.61
2025-04-30 06:00:00,13.34,27.051,668.22,699.59,745.63,1478.57,623.16,714.16
2025-04-30 07:00:00,12.319,23.619,712.98,734.21,,1445.56,661.17,744.63
2025-04-30 08:00:00,12.049,22.715,728.28,677.7,690.59,1378.4,,748.59
2025-04-30 09:00:00,12.724,23.771,725.99,731.24,729.1,1429.83,651.41,725.41
2025-04-30 10:00:00,11.775,22.885,651.28,732.9,822.33,1430.19,762.5,727.76
2025-04-30 11:00:00,12.912,19.857,664.09,708.38,639.92,1323.62,633.47,673.92
2025-04-30 12:00:00,11.868,21.478,716.14,752.67,734.79,1370.95,726.6,671.99
2025-04-30 13:00:00,11.397,22.118,743.01,746.91,750.95,1446.64,707.94,783.26
2025-04-30 14:00:00,11.015,21.117,757.74,739.66,774.74,1383.08,758.56,785.08
2025-04-30 15:00:00,11.596,19.803,697.39,812.36,767.19,1380.14,710.51,756.4
2025-04-30 16:00:00,11.24,20.429,690.11,665.6,757.19,1349.33,707.12,815.3
2025-04-30 17:00:00,11.259,20.288,750.43,728.53,835.2,1414.75,675.82,786.24
2025-04-30 18:00:00,11.212,20.892,712.71,,656.13,1371.62,748.29,809.96
2025-04-30 19:00:00,11.061,19.293,760.6,746.49,638.75,1351.3,696.42,802.48
2025-04-30 20:00:00,10.423,21.272,747.87,790.88,773.62,,787.73,859.43
2025-04-30 21:00:00,10.866,19.193,778.22,724.84,811.41,1440.52,682.09,816.55
2025-04-30 22:00:00,11.394,20.272,735.21,706.27,738.56,1355.11,695.82,731.78
2025-04-30 23:00:00,13.661,23.357,650.18,569.59,657.54,1397.8,543.63,701.56
2025-05-01 00:00:00,11.25,20.567,735.85,754.83,672.11,1414.84,691.72,790.26
2025-05-01 01:00:00,12.313,21.482,688.5,668.44,704.79,1384.4,667.2,742.96
2025-05-01 02:00:00,13.026,21.21,661.24,666.47,666.37,1369.19,699.8,762.73
2025-05-01 03:00:00,12.962,22.094,717.65,634.61,688.85,1447.39,710.67,712.87
2025-05-01 04:00:00,14.263,23.529,568.28,600.3,645.84,1431.23,635.29,673.32
2025-05-01 05:00:00,13.285,24.369,649.0,675.0,724.79,1486.69,,701.79
2025-05-01 06:00:00,13.393,23.525,699.87,656.31,668.54,1386.42,647.39,687.95
2025-05-01 07:00:00,14.199,23.047,651.53,600.85,615.93,1411.49,574.41,643.16
2025-05-01 08:00:00,14.884,21.703,630.92,546.67,616.9,1353.56,548.34,584.95
2025-05-01 09:00:00,14.378,21.961,607.36,598.52,637.65,1360.17,558.32,653.95
2025-05-01 10:00:00,12.901,20.521,625.85,629.9,638.21,1357.03,693.25,753.85
2025-05-01 11:00:00,12.688,22.735,652.83,663.86,725.87,1421.57,655.87,714.53
2025-05-01 12:00:00,12.461,22.257,689.2,695.77,663.17,1395.55,723.28,737.64
2025-05-01 13:00:00,12.237,20.679,729.14,750.05,743.54,1343.47,632.21,699.67
2025-05-01 14:00:00,11.158,20.731,740.1,717.11,733.97,1358.05,793.12,713.41
2025-05-01 15:00:00,12.342,20.794,686.76,,664.98,1334.8,652.6,723.48
2025-05-01 16:00:00,11.573,19.502,739.95,729.4,850.81,1355.83,694.86,726.38
2025-05-01 17:00:00,11.257,20.808,746.22,785.41,757.41,1401.99,740.97,736.06
2025-05-01 18:00:00,10.24,17.794,756.4,806.42,815.19,1373.54,709.11,733.52
2025-05-01 19:00:00,11.352,18.627,696.39,726.9,734.48,1357.14,717.35,700.94
2025-05-01 20:00:00,9.912,18.638,819.47,837.75,839.75,1365.6,759.35,809.43
2025-05-01 21:00:00,11.156,20.248,783.58,667.81,784.42,1408.7,778.46,831.34
2025-05-01 22:00:00,11.423,18.118,689.15,761.54,720.62,1290.53,688.26,727.46
2025-05-01 23:00:00,12.397,22.013,687.34,,758.2,1406.29,736.48,745.64
2025-05-02 00:00:00,13.985,21.421,649.05,624.38,701.43,1372.06,607.12,622.71
2025-05-02 01:00:00,13.252,23.318,628.66,684.33,673.8,1367.57,616.38,675.19
2025-05-02 02:00:00,14.245,21.605,626.93,593.34,641.29,1302.43,600.4,593.82
2025-05-02 03:00:00,13.854,21.36,620.17,608.86,744.24,1357.52,614.6,648.38
2025-05-02 04:00:00,14.431,23.08,569.35,564.23,650.69,1402.53,546.05,568.37
2025-05-02 05:00:00,15.138,23.68,642.62,610.24,663.14,1342.82,534.76,
2025-05-02 06:00:00,13.11,21.607,655.37,660.14,722.25,1353.9,650.04,680.43
2025-05-02 07:00:00,13.018,19.951,682.42,,727.86,1342.96,691.76,670.53
2025-05-02 08:00:00,14.072,19.909,575.51,650.29,681.57,1360.79,643.22,654.66
2025-05-02 09:00:00,13.344,22.048,712.82,615.22,566.16,1390.95,624.77,709.58
2025-05-02 10:00:00,13.276,23.12,734.65,632.17,667.06,1410.59,678.4,690.85
2025-05-02 11:00:00,12.612,19.179,626.48,702.46,680.89,1327.57,725.63,737.18
2025-05-02 12:00:00,12.023,19.847,702.42,767.79,731.91,1400.39,675.03,671.45
2025-05-02 13:00:00,13.486,19.189,685.54,621.02,622.35,1336.52,596.29,687.1
2025-05-02 14:00:00,11.02,21.381,741.22,765.49,759.98,1378.36,737.7,775.91
2025-05-02 15:00:00,12.199,21.323,721.39,628.85,668.32,1366.45,725.55,680.06
2025-05-02 16:00:00,11.878,18.755,650.77,752.05,634.22,1332.93,719.52,
2025-05-02 17:00:00,10.074,19.074,755.83,741.13,895.63,1354.93,769.3,811.68
2025-05-02 18:00:00,10.631,18.923,772.79,738.86,746.3,1303.65,,763.56
2025-05-02 19:00:00,10.804,16.36,723.09,752.45,797.9,1290.5,678.45,793.73
2025-05-02 20:00:00,11.904,18.885,696.42,,756.51,1352.84,650.68,731.34
2025-05-02 21:00:00,11.347,17.091,671.71,644.09,711.85,1289.77,739.98,770.36
2025-05-02 22:00:00,11.818,18.473,733.79,653.44,783.76,1335.84,620.59,742.99
2025-05-02 23:00:00,11.007,20.478,707.17,751.84,722.49,1344.89,713.07,739.58
2025-05-03 00:00:00,14.342,19.675,654.8,634.41,624.21,1256.92,622.39,572.48
2025-05-03 01:00:00,12.845,21.368,654.45,716.09,722.19,1362.3,670.61,668.37
2025-05-03 02:00:00,13.473,22.036,680.49,643.73,676.8,1381.13,664.87,690.45
2025-05-03 03:00:00,12.886,18.732,689.19,655.68,673.82,1307.6,643.51,668.86
2025-05-03 04:00:00,12.983,18.494,624.64,675.55,593.29,1287.75,735.77,
2025-05-03 05:00:00,15.151,22.65,555.01,591.82,642.53,1382.24,616.56,588.51
2025-05-03 06:00:00,12.124,22.715,700.66,,770.04,1403.59,678.18,686.04
2025-05-03 07:00:00,13.834,21.461,619.35,613.49,637.66,1378.97,514.54,
2025-05-03 08:00:00,12.517,21.373,647.75,684.54,748.51,1432.34,655.36,
2025-05-03 09:00:00,12.966,21.605,692.59,694.26,703.65,1387.68,757.26,695.12
2025-05-03 10:00:00,12.525,21.116,667.54,620.46,753.94,1384.85,675.81,708.31
2025-05-03 11:00:00,11.952,19.168,704.24,699.0,751.47,1321.31,641.25,761.03
2025-05-03 12:00:00,12.452,20.111,725.62,691.96,,1352.75,684.35,733.09
2025-05-03 13:00:00,10.052,17.979,799.25,,865.53,1306.12,754.77,837.91
2025-05-03 14:00:00,11.558,18.153,698.88,751.36,690.12,1299.6,665.74,771.89
2025-05-03 15:00:00,11.483,17.634,757.93,759.82,600.35,1329.66,639.89,718.59
2025-05-03 16:00:00,10.269,15.993,785.94,689.48,649.9,1296.2,732.27,764.48
2025-05-03 17:00:00,12.44,15.881,647.19,647.32,700.71,1259.82,651.07,690.14
2025-05-03 18:00:00,10.705,19.334,743.04,743.12,668.95,1364.35,788.64,773.29
2025-05-03 19:00:00,11.024,15.598,766.45,696.94,705.95,1273.12,719.81,730.22
2025-05-03 20:00:00,10.851,17.26,773.14,715.41,794.72,1313.95,741.38,779.22
2025-05-03 21:00:00,11.442,17.778,671.26,698.26,624.13,1332.68,666.54,748.61
2025-05-03 22:00:00,12.794,17.379,627.53,674.56,666.49,1285.77,626.9,665.81
2025-05-03 23:00:00,14.006,18.68,636.71,639.72,,1278.87,592.54,600.62
2025-05-04 00:00:00,12.925,18.734,621.74,669.46,614.22,1360.01,636.23,691.5
2025-05-04 01:00:00,13.5,17.761,660.14,577.64,661.48,1355.59,625.61,633.46
2025-05-04 02:00:00,14.282,19.879,672.37,610.04,622.77,1325.01,550.4,612.97
2025-05-04 03:00:00,13.347,18.943,657.47,650.03,689.26,1315.72,651.84,640.46
2025-05-04 04:00:00,14.584,21.951,567.17,,627.75,1359.25,627.26,616.79
2025-05-04 05:00:00,14.071,20.525,623.74,641.4,622.52,1318.68,522.93,625.54
2025-05-04 06:00:00,13.583,19.185,670.74,619.41,670.59,1356.78,607.4,694.17
2025-05-04 07:00:00,13.696,20.316,637.79,618.24,710.42,1369.18,680.69,651.93
2025-05-04 08:00:00,11.827,18.543,727.76,632.92,777.71,1319.04,627.49,683.63
2025-05-04 09:00:00,13.316,19.592,620.79,694.02,693.41,1322.94,598.42,675.95
2025-05-04 10:00:00,11.587,18.545,695.84,727.93,763.11,1347.5,747.79,780.79
2025-05-04 11:00:00,11.22,17.289,762.66,759.32,707.33,1353.16,725.91,745.78
2025-05-04 12:00:00,12.352,16.704,654.61,617.86,678.87,1306.53,662.71,691.85
2025-05-04 13:00:00,10.983,20.064,662.66,768.25,778.22,1387.62,688.98,720.69
2025-05-04 14:00:00,11.566,16.717,703.08,731.22,729.64,1316.08,720.52,725.07
2025-05-04 15:00:00,11.421,15.623,726.03,707.48,744.2,1291.7,748.45,707.83
2025-05-04 16:00:00,11.253,15.045,756.53,668.3,781.97,1288.62,722.05,674.23
2025-05-04 17:00:00,10.25,16.084,821.37,765.95,756.21,1331.05,733.26,743.82
2025-05-04 18:00:00,11.637,14.632,704.35,662.03,643.07,1274.95,682.82,755.67
2025-05-04 19:00:00,10.874,14.101,753.81,707.0,692.1,1258.53,686.98,
2025-05-04 20:00:00,11.404,15.523,719.53,760.64,727.38,1354.9,689.13,772.06
2025-05-04 21:00:00,10.27,15.78,774.05,770.12,743.12,1254.14,693.51,777.0
2025-05-04 22:00:00,11.319,15.69,713.11,,671.04,1314.72,689.87,666.31
2025-05-04 23:00:00,12.613,15.551,676.16,606.96,671.73,1255.05,676.2,689.33
2025-05-05 00:00:00,12.807,16.618,633.13,645.34,640.83,1236.87,643.46,755.63
2025-05-05 01:00:00,11.688,16.989,779.11,698.8,740.92,1245.84,689.45,687.33
2025-05-05 02:00:00,12.164,17.253,606.64,642.71,763.9,1300.19,641.75,653.43
2025-05-05 03:00:00,12.042,18.678,722.07,735.77,761.5,1394.42,691.42,688.8
2025-05-05 04:00:00,12.482,21.284,705.5,,671.15,1429.37,688.67,739.95
2025-05-05 05:00:00,11.992,20.359,724.84,668.93,697.49,1347.19,666.8,664.32
2025-05-05 06:00:00,13.025,21.108,,665.14,623.44,1346.25,629.14,712.21
2025-05-05 07:00:00,13.584,17.977,570.29,536.25,695.74,1288.7,550.26,636.96
2025-05-05 08:00:00,12.313,20.417,719.17,696.66,717.59,1367.25,711.52,718.95
2025-05-05 09:00:00,12.66,18.311,719.87,691.09,754.03,1376.65,719.04,709.4
2025-05-05 10:00:00,12.291,18.757,699.19,635.16,729.08,1360.05,655.46,700.3
2025-05-05 11:00:00,13.004,17.589,682.27,640.44,,1320.87,659.92,670.4
2025-05-05 12:00:00,11.342,16.06,704.28,723.91,649.24,1302.36,746.74,737.66
2025-05-05 13:00:00,11.043,16.767,747.51,850.67,751.19,1253.54,720.75,786.22
2025-05-05 14:00:00,10.518,15.953,796.0,859.73,840.18,1244.33,761.93,763.92
2025-05-05 15:00:00,10.018,12.784,745.99,780.59,785.67,1227.18,719.21,712.3
2025-05-05 16:00:00,11.142,14.389,,696.76,716.38,1230.39,741.57,743.31
2025-05-05 17:00:00,10.472,15.335,694.89,766.46,785.29,1241.68,720.24,784.8
2025-05-05 18:00:00,10.564,14.503,723.37,795.2,772.98,1304.43,746.68,837.0
2025-05-05 19:00:00,11.561,14.752,724.29,637.35,761.98,1261.36,715.22,724.95
2025-05-05 20:00:00,11.708,13.437,759.6,609.56,660.21,1217.27,690.74,735.2
2025-05-05 21:00:00,9.496,14.915,781.73,745.04,792.4,1254.12,806.78,795.55
2025-05-05 22:00:00,11.56,14.856,669.53,735.19,646.84,1292.2,647.44,726.3
2025-05-05 23:00:00,11.491,15.161,775.8,741.76,634.84,1274.65,718.33,766.74
2025-05-06 00:00:00,11.232,15.059,716.01,738.77,751.72,1233.25,702.56,801.6
2025-05-06 01:00:00,12.153,17.44,714.9,727.49,753.9,1295.67,676.74,728.86
2025-05-06 02:00:00,10.779,17.191,736.77,741.3,749.97,1377.62,734.37,808.1
2025-05-06 03:00:00,13.557,17.435,632.81,599.33,643.07,1321.77,601.36,563.85
2025-05-06 04:00:00,12.969,19.872,646.3,663.93,698.17,1344.23,701.2,653.26
2025-05-06 05:00:00,11.963,18.131,782.08,763.1,760.93,1335.27,711.6,
2025-05-06 06:00:00,12.207,19.024,738.1,701.57,745.82,1323.64,582.86,730.72
2025-05-06 07:00:00,11.25,17.795,793.87,724.6,750.45,1318.5,748.08,714.68
2025-05-06 08:00:00,12.219,16.796,658.22,693.91,724.32,1262.65,690.99,689.28
2025-05-06 09:00:00,11.872,15.583,631.71,748.48,736.31,1258.72,654.9,715.17
2025-05-06 10:00:00,10.927,16.683,729.99,725.85,696.83,1325.06,742.58,789.93
2025-05-06 11:00:00,12.297,12.667,751.9,643.59,692.35,1264.27,649.9,680.84
2025-05-06 12:00:00,12.363,15.626,662.9,648.03,629.45,1284.31,667.33,712.68
2025-05-06 13:00:00,10.987,15.113,767.56,765.37,776.42,1310.64,690.78,
2025-05-06 14:00:00,10.452,13.945,710.75,722.22,778.46,1204.75,684.6,738.45
2025-05-06 15:00:00,10.773,13.635,703.7,763.8,733.02,1271.7,773.88,793.42
2025-05-06 16:00:00,10.195,11.88,,699.23,731.9,1242.09,721.94,760.67
2025-05-06 17:00:00,9.201,14.799,862.79,789.56,828.87,1269.54,757.84,761.4
2025-05-06 18:00:00,9.48,12.618,809.83,782.15,773.38,1249.35,785.14,773.09
2025-05-06 19:00:00,9.783,11.879,687.68,844.11,761.38,1275.57,736.89,800.22
2025-05-06 20:00:00,10.314,13.853,774.7,797.83,760.85,1278.99,752.89,718.74
2025-05-06 21:00:00,10.29,13.606,,745.08,763.38,1252.2,714.22,730.39
2025-05-06 22:00:00,10.675,13.412,711.74,721.19,781.66,1309.44,745.46,712.48
2025-05-06 23:00:00,9.551,13.723,792.18,758.56,698.67,1271.36,805.66,795.24
2025-05-07 00:00:00,11.589,14.747,752.9,658.03,702.8,1313.12,699.46,699.73
2025-05-07 01:00:00,11.346,16.842,770.92,785.61,643.0,1296.66,672.18,697.82
2025-05-07 02:00:00,13.65,16.23,629.7,571.38,653.3,1269.01,613.92,597.06
2025-05-07 03:00:00,11.521,15.996,724.59,778.84,690.07,1335.45,672.18,764.21
2025-05-07 04:00:00,12.255,17.335,733.77,681.57,703.04,1276.58,679.87,705.03
2025-05-07 05:00:00,14.354,16.502,530.85,561.04,576.96,1334.31,491.24,619.56
2025-05-07 06:00:00,12.262,16.976,748.72,680.11,660.45,1276.93,705.14,696.11
2025-05-07 07:00:00,11.986,16.565,669.28,737.24,684.71,1315.63,691.61,665.97
2025-05-07 08:00:00,11.104,16.849,742.87,698.29,740.05,1327.41,729.95,774.73
2025-05-07 09:00:00,12.9,15.249,630.94,658.58,689.58,1226.43,670.27,646.19
2025-05-07 10:00:00,10.475,13.959,705.32,750.85,711.22,1220.54,673.44,772.13
2025-05-07 11:00:00,11.429,15.891,732.08,730.28,725.56,1251.8,673.2,717.01
2025-05-07 12:00:00,10.371,16.05,767.41,755.01,774.07,1299.15,735.62,748.03
2025-05-07 13:00:00,10.261,12.375,742.97,742.36,719.74,1260.8,,768.64
2025-05-07 14:00:00,8.958,13.378,784.04,824.5,794.53,1260.69,794.2,782.64
2025-05-07 15:00:00,10.896,12.17,774.59,672.9,663.69,1213.17,671.96,792.71
2025-05-07 16:00:00,9.382,13.411,854.41,845.78,730.65,1247.14,819.21,825.64
2025-05-07 17:00:00,8.485,12.408,842.11,820.02,829.1,1249.24,761.62,760.99
2025-05-07 18:00:00,10.391,15.997,767.85,740.19,662.28,1293.68,791.43,775.5
2025-05-07 19:00:00,8.999,11.672,723.24,,753.95,1224.33,739.05,778.74
2025-05-07 20:00:00,9.763,14.04,791.77,751.93,765.83,1243.92,807.9,757.11
2025-05-07 21:00:00,10.331,14.436,776.85,763.19,759.7,1251.74,735.88,735.46
2025-05-07 22:00:00,10.258,13.491,778.78,763.68,758.4,1285.2,717.9,747.39
2025-05-07 23:00:00,8.384,13.34,765.36,872.07,782.85,1252.35,869.9,861.84
2025-05-08 00:00:00,10.98,13.889,755.27,740.56,708.74,1283.86,752.07,752.32
2025-05-08 01:00:00,10.626,14.268,796.02,701.91,703.27,1273.76,726.31,756.39
2025-05-08 02:00:00,10.704,16.062,711.95,771.79,811.07,1359.11,672.21,716.9
2025-05-08 03:00:00,11.101,14.033,745.19,753.03,753.55,,674.43,614.52
2025-05-08 04:00:00,10.062,15.168,737.83,708.72,774.0,1309.86,763.06,744.04
2025-05-08 05:00:00,11.596,15.187,702.03,656.41,706.86,1243.78,671.45,767.09
2025-05-08 06:00:00,10.363,13.487,714.71,836.25,718.12,1217.83,,
2025-05-08 07:00:00,11.156,16.486,717.7,715.67,730.68,1361.18,712.76,727.18
2025-05-08 08:00:00,11.361,16.496,709.48,706.87,684.91,1329.29,743.01,762.0
2025-05-08 09:00:00,11.876,14.107,703.18,685.51,751.09,1213.89,744.98,703.59
2025-05-08 10:00:00,10.084,15.656,798.88,748.21,726.79,1320.48,725.19,756.46
2025-05-08 11:00:00,11.582,12.004,734.48,624.13,640.26,1240.58,656.91,717.04
2025-05-08 12:00:00,10.839,13.382,706.11,689.49,851.71,1300.24,760.31,757.8
2025-05-08 13:00:00,9.398,12.651,786.37,761.65,758.03,1226.82,729.16,857.43
2025-05-08 14:00:00,8.536,12.393,758.32,793.9,746.91,,773.4,847.03
2025-05-08 15:00:00,7.99,11.94,806.12,799.35,826.08,1235.75,813.44,804.34
2025-05-08 16:00:00,9.143,11.399,776.79,731.95,707.19,1238.61,814.25,781.17
2025-05-08 17:00:00,8.186,10.795,767.07,798.28,753.75,1217.01,738.48,760.38
2025-05-08 18:00:00,9.665,11.031,778.58,818.41,782.39,1242.67,747.21,758.37
2025-05-08 19:00:00,8.174,12.834,803.44,800.07,884.46,1223.89,766.43,832.26
2025-05-08 20:00:00,8.087,10.673,,815.95,827.64,1232.58,844.81,804.51
2025-05-08 21:00:00,9.155,14.362,831.13,857.87,809.78,1243.35,797.55,760.36
2025-05-08 22:00:00,8.638,11.278,773.9,779.91,833.29,1268.96,778.02,773.11
2025-05-08 23:00:00,9.454,12.781,802.57,908.11,751.44,1246.56,758.7,757.96
2025-05-09 00:00:00,10.516,13.667,793.39,785.41,677.71,1255.79,753.42,773.84
2025-05-09 01:00:00,10.102,13.121,804.04,768.61,719.89,1280.07,721.89,783.97
2025-05-09 02:00:00,10.365,15.584,750.7,752.15,812.43,1303.07,738.09,773.87
2025-05-09 03:00:00,10.65,14.966,709.49,801.36,692.06,1282.75,717.3,772.68
2025-05-09 04:00:00,9.293,14.356,759.57,767.98,770.05,1266.12,776.46,785.18
2025-05-09 05:00:00,11.05,16.421,678.51,716.41,738.1,1298.01,762.44,721.27
2025-05-09 06:00:00,10.875,13.598,752.45,797.65,744.55,1226.34,688.84,731.79
2025-05-09 07:00:00,11.391,14.044,735.39,695.41,736.45,1227.22,723.38,725.17
2025-05-09 08:00:00,11.011,15.172,734.13,713.14,758.14,1292.48,727.85,752.32
2025-05-09 09:00:00,10.144,15.115,715.04,743.35,883.46,1250.55,747.14,756.46
2025-05-09 10:00:00,10.852,14.102,718.84,658.63,762.61,1258.28,748.73,687.01
2025-05-09 11:00:00,9.473,13.055,821.82,826.63,825.34,1266.15,768.24,788.74
2025-05-09 12:00:00,9.564,12.364,789.2,779.34,761.11,1256.38,777.0,714.37
2025-05-09 13:00:00,8.776,13.482,822.35,852.4,867.65,1203.41,833.78,791.19
2025-05-09 14:00:00,9.074,11.907,895.28,788.58,735.21,1221.81,759.15,732.96
2025-05-09 15:00:00,8.125,10.135,809.59,803.52,823.78,1242.04,778.81,837.08
2025-05-09 16:00:00,9.523,9.725,681.57,747.9,740.8,1216.23,772.57,786.22
2025-05-09 17:00:00,9.668,12.435,726.7,805.27,798.12,1247.79,756.48,
2025-05-09 18:00:00,8.682,9.667,791.09,769.0,788.18,1188.78,815.4,742.25
2025-05-09 19:00:00,9.227,10.903,771.38,802.84,812.78,1216.61,843.9,727.22
2025-05-09 20:00:00,6.852,12.376,837.83,,,1279.36,901.3,918.57
2025-05-09 21:00:00,7.106,11.703,,816.01,812.1,1242.66,797.8,841.42
2025-05-09 22:00:00,8.204,10.537,770.26,801.16,823.7,1239.16,821.17,738.43
2025-05-09 23:00:00,8.753,10.69,796.11,802.38,734.51,1250.86,711.36,773.23
2025-05-10 00:00:00,8.841,14.652,847.17,798.61,714.35,1282.76,805.42,779.05
2025-05-10 01:00:00,7.966,11.657,870.03,905.86,701.07,1262.97,798.06,838.07
2025-05-10 02:00:00,10.46,12.707,800.36,758.71,812.49,1228.35,750.28,712.51
2025-05-10 03:00:00,11.48,14.214,672.74,698.78,719.87,1248.57,693.25,702.27
2025-05-10 04:00:00,10.942,13.805,725.98,716.39,746.06,1276.07,699.46,759.95
2025-05-10 05:00:00,10.875,14.939,723.51,728.24,719.67,1337.75,730.86,
2025-05-10 06:00:00,10.198,12.54,770.42,735.62,756.99,1237.4,785.85,742.87
2025-05-10 07:00:00,9.271,13.965,780.36,762.3,745.02,1348.61,862.35,757.04
2025-05-10 08:00:00,9.853,14.815,762.88,803.09,764.51,1271.55,812.19,790.54
2025-05-10 09:00:00,11.258,14.486,767.65,779.69,642.89,1298.65,735.84,667.2
2025-05-10 10:00:00,9.013,12.553,787.56,781.2,694.05,1284.99,813.32,802.12
2025-05-10 11:00:00,8.611,11.517,795.06,826.17,,1275.96,781.42,796.66
2025-05-10 12:00:00,9.52,12.468,784.01,756.19,724.71,1237.3,761.3,765.94
2025-05-10 13:00:00,9.232,10.105,790.64,789.04,811.83,1223.56,790.31,737.16
2025-05-10 14:00:00,7.295,12.726,856.87,802.39,921.65,1276.19,768.99,850.05
2025-05-10 15:00:00,7.485,10.947,873.99,809.17,848.99,1232.74,834.58,830.66
2025-05-10 16:00:00,7.072,9.591,780.14,816.9,669.69,1214.0,820.73,796.97
2025-05-10 17:00:00,7.379,8.951,825.01,834.9,866.73,1160.83,805.47,734.19
2025-05-10 18:00:00,8.135,9.377,790.82,771.0,760.47,1201.62,752.38,797.41
2025-05-10 19:00:00,6.62,8.319,821.55,773.5,741.43,1184.5,841.98,867.81
2025-05-10 20:00:00,8.225,10.977,825.63,764.94,863.21,1224.98,770.08,792.44
2025-05-10 21:00:00,7.595,9.728,856.49,829.16,774.48,1177.94,818.76,801.1
2025-05-10 22:00:00,9.593,11.575,742.77,746.04,713.26,1222.57,761.29,777.27
2025-05-10 23:00:00,8.247,12.214,863.1,799.58,766.87,1262.46,776.88,782.19
2025-05-11 00:00:00,8.195,13.237,760.01,838.06,782.67,1245.89,848.16,808.61
2025-05-11 01:00:00,9.013,12.89,806.3,767.42,800.4,1269.63,772.52,826.68
2025-05-11 02:00:00,8.543,14.412,774.48,816.66,803.21,1294.53,821.08,821.99
2025-05-11 03:00:00,7.595,15.132,812.97,937.82,794.01,1301.35,793.41,901.06
2025-05-11 04:00:00,9.0,14.09,793.5,789.03,699.93,1299.06,776.49,806.93
2025-05-11 05:00:00,9.078,14.356,776.46,794.36,748.35,1314.9,748.58,820.53
2025-05-11 06:00:00,8.02,13.367,715.37,848.67,811.6,,813.83,805.98
2025-05-11 07:00:00,9.165,12.777,802.27,762.33,739.77,1235.71,788.35,780.14
2025-05-11 08:00:00,7.421,15.296,868.34,834.75,832.2,1334.64,850.43,856.87
2025-05-11 09:00:00,8.576,14.162,797.95,814.23,792.4,1268.34,862.46,853.23
2025-05-11 10:00:00,8.772,13.841,788.29,818.6,833.84,1242.9,826.29,800.72
2025-05-11 11:00:00,8.336,11.822,786.75,781.5,797.04,1267.19,741.49,835.09
2025-05-11 12:00:00,7.59,13.958,770.4,871.33,851.49,1274.67,858.77,879.65
2025-05-11 13:00:00,7.51,11.215,756.57,905.18,792.18,1257.22,792.54,889.03
2025-05-11 14:00:00,6.633,10.042,867.59,791.34,885.1,1187.99,870.54,846.75
2025-05-11 15:00:00,6.992,9.9,866.04,871.62,787.67,1229.5,765.82,843.52
2025-05-11 16:00:00,6.81,12.155,864.9,864.89,788.12,1264.52,837.22,831.34
2025-05-11 17:00:00,5.895,8.735,867.52,875.68,882.91,1234.37,871.17,864.4
2025-05-11 18:00:00,6.76,9.099,859.06,874.03,781.5,1157.63,797.7,848.63
2025-05-11 19:00:00,6.767,13.546,876.54,929.26,786.43,1250.79,901.24,853.82
2025-05-11 20:00:00,6.517,11.398,821.34,885.94,779.36,1289.68,925.9,808.95
2025-05-11 21:00:00,8.749,9.708,786.5,837.52,742.54,1201.83,773.4,770.19
2025-05-11 22:00:00,6.92,9.705,819.55,856.12,796.16,1184.82,860.98,748.33
2025-05-11 23:00:00,7.07,9.48,814.79,866.79,819.94,1226.16,859.55,822.26
2025-05-12 00:00:00,7.239,12.123,871.78,832.98,845.4,1245.09,807.95,
2025-05-12 01:00:00,7.082,13.401,897.11,,825.02,1263.23,816.85,862.41
2025-05-12 02:00:00,8.67,14.835,721.89,806.2,833.4,1347.3,812.66,889.68
2025-05-12 03:00:00,7.793,11.158,803.09,838.38,828.64,1224.69,866.69,847.45
2025-05-12 04:00:00,8.051,12.162,798.55,762.66,754.88,1194.69,845.54,
2025-05-12 05:00:00,8.167,13.814,854.14,785.5,759.01,1273.0,,859.05
2025-05-12 06:00:00,7.823,17.375,788.38,899.31,809.14,,880.45,863.19
2025-05-12 07:00:00,7.142,15.031,743.02,922.31,741.05,1242.12,890.09,
2025-05-12 08:00:00,8.026,14.221,848.01,766.58,809.03,1311.43,707.91,822.47
2025-05-12 09:00:00,8.877,11.992,819.11,779.23,763.47,1282.21,810.29,825.62
2025-05-12 10:00:00,8.061,10.511,739.16,793.67,852.87,1234.93,801.95,778.44
2025-05-12 11:00:00,8.836,12.626,785.07,815.28,,1250.98,835.27,736.77
2025-05-12 12:00:00,7.851,11.951,867.51,831.28,784.79,1238.23,,799.61
2025-05-12 13:00:00,7.332,11.239,787.54,876.3,846.96,1237.29,846.65,840.51
2025-05-12 14:00:00,8.103,10.63,804.48,768.53,777.22,1251.79,806.31,786.31
2025-05-12 15:00:00,6.245,9.784,866.94,893.51,843.77,1162.8,866.1,877.31
2025-05-12 16:00:00,6.157,9.2,799.05,867.24,741.8,1214.95,794.16,855.56
2025-05-12 17:00:00,5.951,11.851,846.96,865.63,818.98,1296.61,807.8,853.62
2025-05-12 18:00:00,7.129,9.062,761.99,866.73,805.74,1165.46,845.85,823.68
2025-05-12 19:00:00,5.911,9.873,853.16,880.58,,1257.43,866.96,756.13
2025-05-12 20:00:00,5.485,10.369,845.4,901.56,899.82,1290.46,901.86,894.46
2025-05-12 21:00:00,6.639,11.593,853.54,,839.58,1237.64,830.26,858.14
2025-05-12 22:00:00,5.739,10.15,887.19,899.62,863.9,1195.59,841.2,839.15
2025-05-12 23:00:00,7.084,12.841,,939.64,829.74,1255.31,820.64,877.47
2025-05-13 00:00:00,7.274,11.502,909.72,758.55,809.52,1258.86,797.63,816.74
2025-05-13 01:00:00,7.077,12.535,845.51,,857.87,1343.11,878.13,849.36
2025-05-13 02:00:00,7.946,15.197,814.81,796.85,888.0,1286.23,849.44,824.87
2025-05-13 03:00:00,6.528,12.491,840.32,841.47,744.32,1250.35,875.22,801.1
2025-05-13 04:00:00,8.015,14.852,788.65,811.86,766.97,1299.45,873.07,821.69
2025-05-13 05:00:00,7.61,15.407,851.94,889.6,824.62,1319.96,804.26,787.8
2025-05-13 06:00:00,10.287,14.658,738.66,746.3,808.71,1280.24,698.73,769.64
2025-05-13 07:00:00,8.057,14.093,835.94,788.78,837.23,1238.94,806.03,829.56
2025-05-13 08:00:00,7.312,16.601,817.3,892.2,801.6,1303.32,862.59,
2025-05-13 09:00:00,6.473,13.733,844.25,836.77,823.81,1319.53,834.32,842.83
2025-05-13 10:00:00,8.348,13.598,822.58,890.53,826.09,1316.38,762.83,781.8
2025-05-13 11:00:00,6.711,12.485,843.89,821.05,802.47,1230.97,817.18,865.28
2025-05-13 12:00:00,6.025,12.571,800.66,883.42,856.46,1314.46,,798.29
2025-05-13 13:00:00,6.594,13.047,853.55,955.11,804.95,1212.25,876.73,865.89
2025-05-13 14:00:00,6.533,11.097,818.96,861.26,844.78,1255.24,901.77,887.83
2025-05-13 15:00:00,6.249,8.503,884.63,892.47,843.52,1192.86,901.3,827.52
2025-05-13 16:00:00,5.545,11.351,,902.22,736.31,1270.36,890.39,914.78
2025-05-13 17:00:00,5.515,9.262,787.35,901.25,914.13,1181.59,,877.52
2025-05-13 18:00:00,5.511,11.399,905.04,875.11,930.55,1285.07,890.49,921.36
2025-05-13 19:00:00,5.614,10.596,884.13,920.28,758.12,1236.12,877.09,889.97
2025-05-13 20:00:00,5.783,11.951,819.91,953.89,837.35,1245.35,884.9,865.04
2025-05-13 21:00:00,6.488,10.021,874.17,794.76,750.87,1214.33,821.01,842.57
2025-05-13 22:00:00,5.885,10.954,819.7,,749.5,1271.76,822.19,846.4
2025-05-13 23:00:00,5.456,11.693,919.95,888.4,887.43,1264.47,893.0,855.63
2025-05-14 00:00:00,6.284,10.864,830.33,846.02,905.05,1254.62,797.38,870.4
2025-05-14 01:00:00,7.292,14.517,788.01,885.91,823.86,1323.3,876.53,847.04
2025-05-14 02:00:00,5.529,11.74,952.24,884.04,917.48,1244.99,827.41,856.36
2025-05-14 03:00:00,5.763,15.446,834.03,915.18,838.85,1312.55,813.55,935.27
2025-05-14 04:00:00,8.093,14.981,792.61,895.62,747.29,1382.15,832.97,846.56
2025-05-14 05:00:00,8.675,14.458,780.83,744.0,774.97,1250.19,784.32,724.84
2025-05-14 06:00:00,6.468,15.205,851.38,901.33,815.51,1257.47,793.86,895.53
2025-05-14 07:00:00,7.5,15.13,862.53,850.47,841.23,1288.24,808.39,823.49
2025-05-14 08:00:00,6.962,14.095,850.53,864.73,876.12,1288.06,873.24,890.1
2025-05-14 09:00:00,6.863,14.643,888.88,838.11,787.34,1330.17,861.57,890.43
2025-05-14 10:00:00,7.049,14.776,862.13,853.53,775.21,1289.06,832.61,896.3
2025-05-14 11:00:00,5.463,12.31,,911.8,893.52,1300.4,884.56,908.29
2025-05-14 12:00:00,5.283,13.369,911.49,913.7,852.04,1283.32,886.85,937.36
2025-05-14 13:00:00,5.599,9.313,873.32,926.66,869.57,1237.6,825.48,791.65
2025-05-14 14:00:00,5.417,9.696,850.1,862.0,808.76,1263.77,816.28,817.86
2025-05-14 15:00:00,4.366,12.304,985.69,891.32,855.26,1267.07,911.09,946.01
2025-05-14 16:00:00,5.691,10.837,890.71,820.16,886.08,1274.37,896.85,826.22
2025-05-14 17:00:00,4.588,10.144,930.14,939.26,900.17,1210.53,890.16,884.99
2025-05-14 18:00:00,4.527,11.067,937.22,968.59,930.69,1264.35,920.55,933.13
2025-05-14 19:00:00,5.115,10.755,870.47,871.65,,,931.2,970.16
2025-05-14 20:00:00,4.889,10.274,911.5,873.86,913.54,,843.47,899.71
2025-05-14 21:00:00,5.837,9.843,871.91,968.28,852.75,1237.2,891.55,864.83
2025-05-14 22:00:00,4.653,9.894,,981.88,879.76,1246.27,839.87,826.19
2025-05-14 23:00:00,4.556,13.657,871.14,998.54,849.91,1218.15,,931.82
